,Sales_id,Category,Brand,MRP,Selling price,Discount in %
24102,0,Footwear,catwalk,1995.0,599.0,70.0
24103,1,Footwear,catwalk,3095.0,1547.0,50.0
24104,2,Footwear,inc.5,2690.0,1490.0,45.0
24105,3,Footwear,crocs,2638.2167045910855,4995.0,44.84758845312988
24106,4,Footwear,reebok,4999.0,2499.0,50.0
24107,5,Footwear,haute curry,2999.0,2399.0,20.0
24108,6,Footwear,estatos,999.0,699.0,30.0
24109,7,Footwear,tresmode,2499.0,1249.0,50.0
24110,8,Footwear,lemon & pepper,2999.0,2399.0,20.0
24111,9,Footwear,skechers,2638.2167045910855,3799.0,44.84758845312988
24112,10,Footwear,crocs,2638.2167045910855,4995.0,44.84758845312988
24113,11,Footwear,puma,2638.2167045910855,3499.0,44.84758845312988
24114,12,Footwear,catwalk,2695.0,1347.0,50.0
24115,13,Footwear,catwalk,2695.0,599.0,78.0
24116,14,Footwear,inc.5,1790.0,599.0,67.0
24117,15,Footwear,estatos,1699.0,849.0,50.0
24118,16,Footwear,reebok,4999.0,2499.0,50.0
24119,17,Footwear,catwalk,2095.0,1047.0,50.0
24120,18,Footwear,skechers,2638.2167045910855,5699.0,44.84758845312988
24121,19,Footwear,skechers,2638.2167045910855,2499.0,44.84758845312988
24122,20,Footwear,estatos,1599.0,959.0,40.0
24123,21,Footwear,catwalk,2295.0,1119.0,51.0
24124,22,Footwear,vastranand,2638.2167045910855,1925.3425560842963,44.84758845312988
24125,23,Footwear,catwalk,3195.0,1597.0,50.0
24126,24,Footwear,estatos,1799.0,899.0,50.0
24127,25,Footwear,catwalk,2695.0,1347.0,50.0
24128,0,Footwear,haute curry,2999.0,2399.0,20.0
24129,1,Footwear,puma,2638.2167045910855,3799.0,44.84758845312988
24130,2,Footwear,estatos,1999.0,1299.0,35.0
24131,3,Footwear,catwalk,2795.0,1397.0,50.0
24132,4,Footwear,puma,2638.2167045910855,5999.0,44.84758845312988
24133,5,Footwear,puma,2638.2167045910855,3499.0,44.84758845312988
24134,6,Footwear,estatos,1199.0,659.0,45.0
24135,7,Footwear,catwalk,3295.0,1647.0,50.0
24136,8,Footwear,crocs,2638.2167045910855,2495.0,44.84758845312988
24137,9,Footwear,adidas,2638.2167045910855,3599.0,44.84758845312988
24138,10,Footwear,catwalk,2395.0,1119.0,53.0
24139,11,Footwear,inc.5,2390.0,1490.0,38.0
24140,12,Footwear,haute curry,2638.2167045910855,2399.0,44.84758845312988
24141,13,Footwear,catwalk,2395.0,1119.0,53.0
24142,14,Footwear,lemon & pepper,2499.0,1749.0,30.0
24143,15,Footwear,skechers,2638.2167045910855,4999.0,44.84758845312988
24144,16,Footwear,catwalk,2895.0,1447.0,50.0
24145,17,Footwear,catwalk,2495.0,1247.0,50.0
24146,18,Footwear,catwalk,2195.0,1097.0,50.0
24147,19,Footwear,adidas,2638.2167045910855,3599.0,44.84758845312988
24148,20,Footwear,inc.5,1590.0,599.0,62.0
24149,21,Footwear,inc.5,1890.0,1190.0,37.0
24151,23,Footwear,shoetopia,999.0,699.0,30.0
24152,24,Footwear,haute curry,2799.0,1959.0,30.0
24153,25,Footwear,skechers,4999.0,2999.0,40.0
24154,0,Footwear,inc.5,2490.0,1490.0,40.0
24155,1,Footwear,shoetopia,999.0,599.0,40.0
24156,2,Footwear,skechers,3999.0,1999.0,50.0
24157,3,Footwear,lemon & pepper,3499.0,2449.0,30.0
24158,4,Footwear,skechers,2638.2167045910855,3299.0,44.84758845312988
24159,5,Footwear,catwalk,2895.0,1447.0,50.0
24160,6,Footwear,shoetopia,999.0,699.0,30.0
24161,7,Footwear,puma,2638.2167045910855,4999.0,44.84758845312988
24162,8,Footwear,skechers,5699.0,4274.0,25.0
24163,9,Footwear,shoetopia,999.0,799.0,20.0
24164,10,Footwear,shoetopia,2638.2167045910855,499.0,44.84758845312988
24165,11,Footwear,estatos,999.0,699.0,30.0
24166,12,Footwear,haute curry,2799.0,2239.0,20.0
24167,13,Footwear,inc.5,2390.0,1490.0,38.0
24168,14,Footwear,shoetopia,999.0,699.0,30.0
24169,15,Footwear,inc.5,2190.0,1490.0,32.0
24170,16,Footwear,estatos,1399.0,839.0,40.0
24171,17,Footwear,catwalk,2195.0,1097.0,50.0
24172,18,Footwear,puma,2638.2167045910855,3499.0,44.84758845312988
24173,19,Footwear,skechers,6999.0,4199.0,40.0
24174,20,Footwear,catwalk,2495.0,1247.0,50.0
24175,21,Footwear,inc.5,2390.0,1490.0,38.0
24177,23,Footwear,shoetopia,999.0,599.0,40.0
24178,24,Footwear,lemon & pepper,2199.0,1759.0,20.0
24179,25,Footwear,skechers,3299.0,1979.0,40.0
24180,0,Footwear,puma,2638.2167045910855,6499.0,44.84758845312988
24181,1,Footwear,estatos,1699.0,849.0,50.0
24182,2,Footwear,puma,2638.2167045910855,6999.0,44.84758845312988
24183,3,Footwear,skechers,5999.0,3599.0,40.0
24184,4,Footwear,haute curry,2199.0,999.0,55.0
24185,5,Footwear,shoetopia,999.0,799.0,20.0
24186,6,Footwear,skechers,4999.0,2999.0,40.0
24187,7,Footwear,puma,2638.2167045910855,3499.0,44.84758845312988
24188,8,Footwear,tresmode,1499.0,749.0,50.0
24189,9,Footwear,inc.5,2190.0,1490.0,32.0
24190,10,Footwear,catwalk,2395.0,1119.0,53.0
24191,11,Footwear,shoetopia,999.0,499.0,50.0
24192,12,Footwear,w,2599.0,1039.0,60.0
24193,13,Footwear,inc.5,1790.0,1190.0,34.0
24194,14,Footwear,haute curry,3299.0,2639.0,20.0
24195,15,Footwear,new balance,8999.0,6299.0,30.0
24196,16,Footwear,lemon & pepper,2638.2167045910855,2199.0,44.84758845312988
24197,17,Footwear,haute curry,2199.0,1539.0,30.0
24198,18,Footwear,haute curry,2638.2167045910855,2799.0,44.84758845312988
24199,19,Footwear,adidas,2638.2167045910855,3799.0,44.84758845312988
24200,20,Footwear,skechers,2299.0,1149.0,50.0
24201,21,Footwear,solethreads,2638.2167045910855,999.0,44.84758845312988
24203,23,Footwear,skechers,2638.2167045910855,4999.0,44.84758845312988
24204,24,Footwear,haute curry,2199.0,1099.0,50.0
24205,25,Footwear,estatos,1799.0,989.0,45.0
24206,0,Footwear,inc.5,2490.0,1490.0,40.0
24207,1,Footwear,catwalk,3195.0,1597.0,50.0
24208,2,Footwear,catwalk,2495.0,1996.0,20.0
24209,3,Footwear,catwalk,2095.0,599.0,71.0
24210,4,Footwear,shoetopia,2638.2167045910855,499.0,44.84758845312988
24211,5,Footwear,inc.5,1990.0,1190.0,40.0
24212,6,Footwear,skechers,4999.0,2999.0,40.0
24213,7,Footwear,skechers,5499.0,3299.0,40.0
24214,8,Footwear,catwalk,1895.0,599.0,68.0
24215,9,Footwear,shoetopia,2638.2167045910855,499.0,44.84758845312988
24216,10,Footwear,inc.5,2190.0,1490.0,32.0
24217,11,Footwear,ceriz,2099.0,1259.0,40.0
24218,12,Footwear,haute curry,2999.0,2099.0,30.0
24219,13,Footwear,ceriz,2199.0,1319.0,40.0
24220,14,Footwear,skechers,2638.2167045910855,4999.0,44.84758845312988
24221,15,Footwear,estatos,999.0,649.0,35.0
24222,16,Footwear,shoetopia,999.0,699.0,30.0
24223,17,Footwear,shoetopia,999.0,699.0,30.0
24224,18,Footwear,puma,2638.2167045910855,6999.0,44.84758845312988
24225,19,Footwear,skechers,4999.0,2999.0,40.0
24226,20,Footwear,shoetopia,999.0,699.0,30.0
24227,21,Footwear,estatos,492.0,320.0,35.0
24229,23,Footwear,skechers,2638.2167045910855,3299.0,44.84758845312988
24230,24,Footwear,inc.5,2490.0,1490.0,40.0
24231,25,Footwear,w,1399.0,699.0,50.0
24232,0,Footwear,shoetopia,999.0,699.0,30.0
24233,1,Footwear,haute curry,2638.2167045910855,1899.0,44.84758845312988
24234,2,Footwear,shoetopia,999.0,699.0,30.0
24235,3,Footwear,inc.5,2490.0,1245.0,50.0
24236,4,Footwear,shoetopia,999.0,499.0,50.0
24237,5,Footwear,estatos,1099.0,714.0,35.0
24238,6,Footwear,catwalk,2295.0,1119.0,51.0
24239,7,Footwear,catwalk,2795.0,1397.0,50.0
24240,8,Footwear,inc.5,2190.0,1490.0,32.0
24241,9,Footwear,skechers,7999.0,4799.0,40.0
24242,10,Footwear,haute curry,2999.0,2399.0,20.0
24243,11,Footwear,inc.5,2638.2167045910855,2690.0,44.84758845312988
24244,12,Footwear,estatos,1599.0,879.0,45.0
24245,13,Footwear,catwalk,1995.0,1596.0,20.0
24246,14,Footwear,catwalk,3495.0,1647.0,53.0
24247,15,Footwear,haute curry,2999.0,2399.0,20.0
24248,16,Footwear,shoetopia,999.0,599.0,40.0
24249,17,Footwear,crocs,2638.2167045910855,3295.0,44.84758845312988
24250,18,Footwear,inc.5,2990.0,1495.0,50.0
24251,19,Footwear,catwalk,2895.0,1447.0,50.0
24252,20,Footwear,inc.5,1890.0,1190.0,37.0
24253,21,Footwear,puma,2638.2167045910855,1799.0,44.84758845312988
24255,23,Footwear,adidas,2638.2167045910855,2699.0,44.84758845312988
24256,24,Footwear,haute curry,2499.0,1249.0,50.0
24257,25,Footwear,inc.5,2290.0,1145.0,50.0
24258,0,Footwear,skechers,5999.0,4499.0,25.0
24259,1,Footwear,catwalk,1995.0,1596.0,20.0
24260,2,Footwear,skechers,2299.0,1149.0,50.0
24261,3,Footwear,lemon & pepper,2999.0,2399.0,20.0
24262,4,Footwear,haute curry,2999.0,2099.0,30.0
24263,5,Footwear,catwalk,3195.0,1597.0,50.0
24264,6,Footwear,skechers,4499.0,2249.0,50.0
24265,7,Footwear,estatos,492.0,295.0,40.0
24266,8,Footwear,shoetopia,999.0,499.0,50.0
24267,9,Footwear,skechers,3999.0,2399.0,40.0
24268,10,Footwear,lemon & pepper,3499.0,2799.0,20.0
24269,11,Footwear,haute curry,2638.2167045910855,2499.0,44.84758845312988
24270,12,Footwear,haute curry,2638.2167045910855,1899.0,44.84758845312988
24271,13,Footwear,lemon & pepper,3499.0,2449.0,30.0
24272,14,Footwear,haute curry,2999.0,2099.0,30.0
24273,15,Footwear,catwalk,2395.0,1119.0,53.0
24274,16,Footwear,catwalk,2495.0,1247.0,50.0
24275,17,Footwear,solethreads,2638.2167045910855,599.0,44.84758845312988
24276,18,Footwear,inc.5,2290.0,1490.0,35.0
24277,19,Footwear,puma,2638.2167045910855,7499.0,44.84758845312988
24278,20,Footwear,inc.5,2590.0,1490.0,42.0
24279,21,Footwear,catwalk,1995.0,997.0,50.0
24281,23,Footwear,new balance,9999.0,6999.0,30.0
24282,24,Footwear,skechers,4999.0,2999.0,40.0
24283,25,Footwear,skechers,2638.2167045910855,4999.0,44.84758845312988
24284,0,Footwear,puma,2638.2167045910855,6999.0,44.84758845312988
24285,1,Footwear,skechers,5999.0,3599.0,40.0
24286,2,Footwear,shoetopia,2638.2167045910855,499.0,44.84758845312988
24287,3,Footwear,estatos,1199.0,779.0,35.0
24288,4,Footwear,haute curry,2199.0,1539.0,30.0
24289,5,Footwear,estatos,1599.0,799.0,50.0
24290,6,Footwear,puma,2638.2167045910855,3499.0,44.84758845312988
24291,7,Footwear,crocs,2638.2167045910855,2495.0,44.84758845312988
24292,8,Footwear,shoetopia,999.0,599.0,40.0
24293,9,Footwear,estatos,1099.0,714.0,35.0
24294,10,Footwear,puma,2638.2167045910855,5999.0,44.84758845312988
24295,11,Footwear,skechers,3499.0,2099.0,40.0
24296,12,Footwear,catwalk,2495.0,1996.0,20.0
24297,13,Footwear,haute curry,3299.0,2639.0,20.0
24298,14,Footwear,shoetopia,999.0,799.0,20.0
24299,15,Footwear,haute curry,1999.0,999.0,50.0
24300,16,Footwear,inc.5,1990.0,1490.0,25.0
24301,17,Footwear,shoetopia,999.0,799.0,20.0
24302,18,Footwear,skechers,4999.0,2999.0,40.0
24303,19,Footwear,skechers,4299.0,2149.0,50.0
24304,20,Footwear,inc.5,1990.0,1490.0,25.0
24305,21,Footwear,lemon & pepper,2638.2167045910855,1699.0,44.84758845312988
24307,23,Footwear,ceriz,2638.2167045910855,2299.0,44.84758845312988
24308,24,Footwear,skechers,2638.2167045910855,3999.0,44.84758845312988
24309,25,Footwear,haute curry,2999.0,2399.0,20.0
24310,0,Footwear,catwalk,2595.0,1297.0,50.0
24311,1,Footwear,catwalk,2095.0,1047.0,50.0
24312,2,Footwear,haute curry,4999.0,3499.0,30.0
24313,3,Footwear,catwalk,2095.0,1047.0,50.0
24314,4,Footwear,inc.5,2190.0,1095.0,50.0
24315,5,Footwear,haute curry,2999.0,2399.0,20.0
24316,6,Footwear,shoetopia,999.0,599.0,40.0
24317,7,Footwear,puma,2638.2167045910855,3499.0,44.84758845312988
24318,8,Footwear,skechers,5999.0,3599.0,40.0
24319,9,Footwear,crocs,2638.2167045910855,3495.0,44.84758845312988
24320,10,Footwear,inc.5,2638.2167045910855,2490.0,44.84758845312988
24321,11,Footwear,skechers,4999.0,2999.0,40.0
24322,12,Footwear,haute curry,2638.2167045910855,2499.0,44.84758845312988
24323,13,Footwear,crocs,2638.2167045910855,4995.0,44.84758845312988
24324,14,Footwear,skechers,2638.2167045910855,3799.0,44.84758845312988
24325,15,Footwear,ceriz,2099.0,1259.0,40.0
24326,16,Footwear,lemon & pepper,3499.0,2799.0,20.0
24327,17,Footwear,puma,2638.2167045910855,9999.0,44.84758845312988
24328,18,Footwear,modare,2638.2167045910855,3299.0,44.84758845312988
24329,19,Footwear,estatos,1699.0,849.0,50.0
24330,20,Footwear,crocs,2638.2167045910855,2795.0,44.84758845312988
24331,21,Footwear,lemon & pepper,3299.0,2309.0,30.0
24333,23,Footwear,shoetopia,999.0,799.0,20.0
24334,24,Footwear,puma,2638.2167045910855,3999.0,44.84758845312988
24335,25,Footwear,shoetopia,999.0,699.0,30.0
24336,0,Footwear,puma,2638.2167045910855,6999.0,44.84758845312988
24337,1,Footwear,inc.5,2290.0,1490.0,35.0
24338,2,Footwear,inc.5,1890.0,945.0,50.0
24339,3,Footwear,haute curry,2499.0,1749.0,30.0
24340,4,Footwear,crocs,2638.2167045910855,2495.0,44.84758845312988
24341,5,Footwear,inc.5,1890.0,1190.0,37.0
24342,6,Footwear,crocs,2638.2167045910855,2495.0,44.84758845312988
24343,7,Footwear,skechers,2638.2167045910855,2499.0,44.84758845312988
24344,8,Footwear,crocs,2638.2167045910855,4995.0,44.84758845312988
24345,9,Footwear,ceriz,2638.2167045910855,1899.0,44.84758845312988
24346,10,Footwear,catwalk,2295.0,1119.0,51.0
24347,11,Footwear,puma,2638.2167045910855,3999.0,44.84758845312988
24348,12,Footwear,lemon & pepper,2638.2167045910855,2199.0,44.84758845312988
24349,13,Footwear,shoetopia,999.0,499.0,50.0
24350,14,Footwear,skechers,5999.0,3599.0,40.0
24351,15,Footwear,catwalk,2895.0,2316.0,20.0
24352,16,Footwear,inc.5,1890.0,945.0,50.0
24353,17,Footwear,estatos,1799.0,989.0,45.0
24354,18,Footwear,catwalk,2495.0,1247.0,50.0
24355,19,Footwear,puma,2638.2167045910855,3999.0,44.84758845312988
24356,20,Footwear,inc.5,2390.0,1490.0,38.0
24357,21,Footwear,inc.5,2590.0,1295.0,50.0
24359,23,Footwear,catwalk,2095.0,1676.0,20.0
24360,24,Footwear,skechers,5499.0,2749.0,50.0
24361,25,Footwear,inc.5,1790.0,895.0,50.0
24362,0,Footwear,catwalk,1995.0,1596.0,20.0
24363,1,Footwear,skechers,2638.2167045910855,3499.0,44.84758845312988
24364,2,Footwear,catwalk,2895.0,1447.0,50.0
24365,3,Footwear,puma,2638.2167045910855,4499.0,44.84758845312988
24366,4,Footwear,tresmode,3695.0,1847.0,50.0
24367,5,Footwear,puma,2638.2167045910855,6999.0,44.84758845312988
24368,6,Footwear,estatos,894.0,536.0,40.0
24369,7,Footwear,estatos,1499.0,824.0,45.0
24370,8,Footwear,shoetopia,999.0,799.0,20.0
24371,9,Footwear,adidas,2638.2167045910855,2299.0,44.84758845312988
24372,10,Footwear,skechers,5999.0,3599.0,40.0
24373,11,Footwear,skechers,2638.2167045910855,3499.0,44.84758845312988
24374,12,Footwear,haute curry,2799.0,2239.0,20.0
24375,13,Footwear,inc.5,2638.2167045910855,2190.0,44.84758845312988
24376,14,Footwear,catwalk,2495.0,1247.0,50.0
24377,15,Footwear,inc.5,2638.2167045910855,2190.0,44.84758845312988
24378,16,Footwear,inc.5,2590.0,1490.0,42.0
24379,17,Footwear,catwalk,1895.0,599.0,68.0
24380,18,Footwear,new balance,8999.0,6299.0,30.0
24381,19,Footwear,shoetopia,999.0,499.0,50.0
24382,20,Footwear,shoetopia,999.0,699.0,30.0
24383,21,Footwear,catwalk,2595.0,1297.0,50.0
24385,23,Footwear,skechers,5299.0,3179.0,40.0
24386,24,Footwear,inc.5,2190.0,1095.0,50.0
24387,25,Footwear,lemon & pepper,3499.0,2449.0,30.0
24388,0,Footwear,inc.5,2638.2167045910855,1890.0,44.84758845312988
24389,1,Footwear,skechers,4499.0,2249.0,50.0
24390,2,Footwear,catwalk,2895.0,2316.0,20.0
24391,3,Footwear,inc.5,1990.0,995.0,50.0
24392,4,Footwear,inc.5,2190.0,1095.0,50.0
24393,5,Footwear,modare,2638.2167045910855,3299.0,44.84758845312988
24394,6,Footwear,crocs,2638.2167045910855,2495.0,44.84758845312988
24395,7,Footwear,shoetopia,2638.2167045910855,499.0,44.84758845312988
24396,8,Footwear,shoetopia,999.0,799.0,20.0
24397,9,Footwear,estatos,1599.0,799.0,50.0
24398,10,Footwear,lemon & pepper,4799.0,3359.0,30.0
24399,11,Footwear,catwalk,1895.0,1516.0,20.0
24400,12,Footwear,puma,2638.2167045910855,2499.0,44.84758845312988
24401,13,Footwear,estatos,1799.0,899.0,50.0
24402,14,Footwear,skechers,3499.0,2099.0,40.0
24403,15,Footwear,clarks,3999.0,1999.0,50.0
24404,16,Footwear,crocs,2638.2167045910855,1995.0,44.84758845312988
24405,17,Footwear,ceriz,2638.2167045910855,2299.0,44.84758845312988
24406,18,Footwear,inc.5,2190.0,1095.0,50.0
24407,19,Footwear,catwalk,1995.0,599.0,70.0
24408,20,Footwear,haute curry,2799.0,1959.0,30.0
24409,21,Footwear,inc.5,2638.2167045910855,2690.0,44.84758845312988
24411,23,Footwear,solethreads,2638.2167045910855,599.0,44.84758845312988
24412,24,Footwear,shoetopia,999.0,699.0,30.0
24413,25,Footwear,inc.5,2190.0,1095.0,50.0
24414,0,Footwear,skechers,5299.0,3179.0,40.0
24415,1,Footwear,w,1799.0,1079.0,40.0
24416,2,Footwear,skechers,5999.0,3599.0,40.0
24417,3,Footwear,inc.5,2190.0,1490.0,32.0
24418,4,Footwear,skechers,3299.0,1649.0,50.0
24419,5,Footwear,puma,2638.2167045910855,8999.0,44.84758845312988
24420,6,Footwear,doubleu,2638.2167045910855,1119.0,44.84758845312988
24421,7,Footwear,inc.5,2690.0,1345.0,50.0
24422,8,Footwear,modare,2638.2167045910855,2799.0,44.84758845312988
24423,9,Footwear,skechers,2638.2167045910855,5799.0,44.84758845312988
24424,10,Footwear,modare,2638.2167045910855,2799.0,44.84758845312988
24425,11,Footwear,lemon & pepper,3299.0,2639.0,20.0
24426,12,Footwear,puma,2638.2167045910855,9999.0,44.84758845312988
24427,13,Footwear,guess,2999.0,1499.0,50.0
24428,14,Footwear,adidas,2638.2167045910855,2699.0,44.84758845312988
24429,15,Footwear,monrow,1899.0,892.0,53.0
24430,16,Footwear,inc.5,2638.2167045910855,2690.0,44.84758845312988
24431,17,Footwear,inc.5,1990.0,1190.0,40.0
24432,18,Footwear,shoetopia,999.0,599.0,40.0
24433,19,Footwear,lemon & pepper,2999.0,1499.0,50.0
24434,20,Footwear,estatos,1799.0,899.0,50.0
24435,21,Footwear,estatos,1199.0,779.0,35.0
24437,23,Footwear,skechers,4299.0,2149.0,50.0
24438,24,Footwear,catwalk,1995.0,1596.0,20.0
24439,25,Footwear,adidas,2638.2167045910855,4999.0,44.84758845312988
24440,0,Footwear,catwalk,1695.0,847.0,50.0
24441,1,Footwear,shoetopia,999.0,499.0,50.0
24442,2,Footwear,skechers,5499.0,4124.0,25.0
24443,3,Footwear,catwalk,3395.0,1697.0,50.0
24444,4,Footwear,ceriz,2399.0,1439.0,40.0
24445,5,Footwear,estatos,1099.0,714.0,35.0
24446,6,Footwear,skechers,2638.2167045910855,5499.0,44.84758845312988
24447,7,Footwear,inc.5,1990.0,995.0,50.0
24448,8,Footwear,estatos,1599.0,799.0,50.0
24449,9,Footwear,estatos,1499.0,749.0,50.0
24450,10,Footwear,lemon & pepper,2999.0,2699.0,10.0
24451,11,Footwear,haute curry,3299.0,2309.0,30.0
24452,12,Footwear,tresmode,5495.0,2747.0,50.0
24453,13,Footwear,monrow,3299.0,2012.0,39.0
24454,14,Footwear,inc.5,2990.0,1495.0,50.0
24455,15,Footwear,haute curry,2638.2167045910855,2799.0,44.84758845312988
24456,16,Footwear,skechers,2638.2167045910855,5499.0,44.84758845312988
24457,17,Footwear,shoetopia,999.0,499.0,50.0
24458,18,Footwear,catwalk,2995.0,1996.0,33.0
24459,19,Footwear,lemon & pepper,2399.0,1199.0,50.0
24460,20,Footwear,shoetopia,999.0,799.0,20.0
24461,21,Footwear,haute curry,3799.0,2659.0,30.0
24463,23,Footwear,inc.5,2490.0,1490.0,40.0
24464,24,Footwear,shoetopia,999.0,699.0,30.0
24465,25,Footwear,skechers,2638.2167045910855,7499.0,44.84758845312988
24466,0,Footwear,inc.5,1990.0,995.0,50.0
24467,1,Footwear,shoetopia,999.0,699.0,30.0
24468,2,Footwear,puma,2638.2167045910855,8999.0,44.84758845312988
24469,3,Footwear,inc.5,2290.0,1145.0,50.0
24470,4,Footwear,crocs,2638.2167045910855,3495.0,44.84758845312988
24471,5,Footwear,catwalk,3195.0,1597.0,50.0
24472,6,Footwear,skechers,4499.0,3374.0,25.0
24473,7,Footwear,lemon & pepper,3499.0,2449.0,30.0
24474,8,Footwear,shoetopia,999.0,699.0,30.0
24475,9,Footwear,catwalk,1495.0,599.0,60.0
24476,10,Footwear,lemon & pepper,2638.2167045910855,2499.0,44.84758845312988
24477,11,Footwear,catwalk,2495.0,599.0,76.0
24478,12,Footwear,catwalk,2295.0,1836.0,20.0
24479,13,Footwear,catwalk,2695.0,2156.0,20.0
24480,14,Footwear,catwalk,1695.0,847.0,50.0
24481,15,Footwear,skechers,3299.0,1979.0,40.0
24482,16,Footwear,lemon & pepper,4999.0,3499.0,30.0
24483,17,Footwear,crocs,2638.2167045910855,2495.0,44.84758845312988
24484,18,Footwear,inc.5,2490.0,1245.0,50.0
24485,19,Footwear,lemon & pepper,3499.0,1749.0,50.0
24486,20,Footwear,inc.5,2638.2167045910855,2490.0,44.84758845312988
24487,21,Footwear,adidas,2638.2167045910855,4299.0,44.84758845312988
24489,23,Footwear,estatos,1399.0,699.0,50.0
24490,24,Footwear,catwalk,2295.0,599.0,74.0
24491,25,Footwear,inc.5,2190.0,1095.0,50.0
24492,0,Footwear,skechers,2638.2167045910855,3999.0,44.84758845312988
24493,1,Footwear,catwalk,2995.0,1497.0,50.0
24494,2,Footwear,catwalk,4095.0,2047.0,50.0
24495,3,Footwear,inc.5,1990.0,1490.0,25.0
24496,4,Footwear,skechers,4299.0,2579.0,40.0
24497,5,Footwear,skechers,4999.0,3749.0,25.0
24498,6,Footwear,puma,2638.2167045910855,3499.0,44.84758845312988
24499,7,Footwear,shoetopia,999.0,399.0,60.0
24500,8,Footwear,estatos,1799.0,899.0,50.0
24501,9,Footwear,catwalk,2995.0,1497.0,50.0
24502,10,Footwear,lemon & pepper,2999.0,2699.0,10.0
24503,11,Footwear,catwalk,2195.0,1756.0,20.0
24504,12,Footwear,crocs,2638.2167045910855,3295.0,44.84758845312988
24505,13,Footwear,estatos,1999.0,1299.0,35.0
24506,14,Footwear,estatos,1599.0,799.0,50.0
24507,15,Footwear,catwalk,2495.0,1247.0,50.0
24508,16,Footwear,inc.5,2638.2167045910855,2690.0,44.84758845312988
24509,17,Footwear,puma,2638.2167045910855,6999.0,44.84758845312988
24510,18,Footwear,inc.5,2190.0,1490.0,32.0
24511,19,Footwear,clarks,2638.2167045910855,3499.0,44.84758845312988
24512,20,Footwear,solethreads,2638.2167045910855,599.0,44.84758845312988
24513,21,Footwear,shoetopia,999.0,699.0,30.0
24515,23,Footwear,monrow,3499.0,1994.0,43.0
24516,24,Footwear,ceriz,1999.0,1199.0,40.0
24517,25,Footwear,catwalk,2395.0,1119.0,53.0
24518,0,Footwear,puma,2638.2167045910855,3999.0,44.84758845312988
24519,1,Footwear,shoetopia,999.0,699.0,30.0
24520,2,Footwear,shoetopia,999.0,599.0,40.0
24521,3,Footwear,haute curry,1699.0,749.0,56.0
24522,4,Footwear,inc.5,1890.0,945.0,50.0
24523,5,Footwear,haute curry,3299.0,2309.0,30.0
24524,6,Footwear,puma,2638.2167045910855,3499.0,44.84758845312988
24525,7,Footwear,haute curry,2638.2167045910855,2499.0,44.84758845312988
24526,8,Footwear,catwalk,2595.0,2076.0,20.0
24527,9,Footwear,reebok,4999.0,2499.0,50.0
24528,10,Footwear,estatos,1399.0,699.0,50.0
24529,11,Footwear,inc.5,1590.0,795.0,50.0
24530,12,Footwear,inc.5,1990.0,995.0,50.0
24531,13,Footwear,skechers,5499.0,3299.0,40.0
24532,14,Footwear,shoetopia,1995.0,899.0,55.0
24533,15,Footwear,tresmode,1499.0,749.0,50.0
24534,16,Footwear,catwalk,2495.0,1247.0,50.0
24535,17,Footwear,inc.5,1890.0,1190.0,37.0
24536,18,Footwear,puma,2638.2167045910855,8999.0,44.84758845312988
24537,19,Footwear,inc.5,2490.0,1245.0,50.0
24538,20,Footwear,puma,2638.2167045910855,7999.0,44.84758845312988
24539,21,Footwear,inc.5,1890.0,945.0,50.0
24541,23,Footwear,estatos,1099.0,769.0,30.0
24542,24,Footwear,skechers,4499.0,3374.0,25.0
24543,25,Footwear,puma,2638.2167045910855,799.0,44.84758845312988
24544,0,Footwear,inc.5,2290.0,1145.0,50.0
24545,1,Footwear,lemon & pepper,2638.2167045910855,2799.0,44.84758845312988
24546,2,Footwear,reebok,6599.0,3299.0,50.0
24547,3,Footwear,haute curry,2638.2167045910855,2499.0,44.84758845312988
24548,4,Footwear,skechers,3499.0,2099.0,40.0
24549,5,Footwear,inc.5,2638.2167045910855,2690.0,44.84758845312988
24550,6,Footwear,inc.5,2638.2167045910855,2890.0,44.84758845312988
24551,7,Footwear,inc.5,2638.2167045910855,2690.0,44.84758845312988
24552,8,Footwear,haute curry,2199.0,1099.0,50.0
24553,9,Footwear,catwalk,1895.0,1516.0,20.0
24554,10,Footwear,skechers,4299.0,2149.0,50.0
24555,11,Footwear,solethreads,2638.2167045910855,999.0,44.84758845312988
24556,12,Footwear,estatos,1199.0,719.0,40.0
24557,13,Footwear,solethreads,2638.2167045910855,999.0,44.84758845312988
24558,14,Footwear,catwalk,2295.0,1836.0,20.0
24559,15,Footwear,inc.5,1890.0,1190.0,37.0
24560,16,Footwear,solethreads,2638.2167045910855,999.0,44.84758845312988
24561,17,Footwear,new balance,6499.0,4549.0,30.0
24562,18,Footwear,catwalk,3095.0,1547.0,50.0
24563,19,Footwear,shoetopia,1995.0,899.0,55.0
24564,20,Footwear,catwalk,2995.0,2396.0,20.0
24565,21,Footwear,shoetopia,999.0,599.0,40.0
24567,23,Footwear,shoetopia,999.0,399.0,60.0
24568,24,Footwear,catwalk,1995.0,997.0,50.0
24569,25,Footwear,reebok,4599.0,2299.0,50.0
24570,0,Footwear,shoetopia,999.0,799.0,20.0
24571,1,Footwear,estatos,1699.0,849.0,50.0
24572,2,Footwear,shoetopia,999.0,699.0,30.0
24573,3,Footwear,shoetopia,999.0,699.0,30.0
24574,4,Footwear,inc.5,2638.2167045910855,1890.0,44.84758845312988
24575,5,Footwear,adidas,2638.2167045910855,2699.0,44.84758845312988
24576,6,Footwear,puma,2638.2167045910855,4999.0,44.84758845312988
24577,7,Footwear,inc.5,2090.0,1045.0,50.0
24578,8,Footwear,puma,2638.2167045910855,2499.0,44.84758845312988
24579,9,Footwear,catwalk,2695.0,2156.0,20.0
24580,10,Footwear,ceriz,2638.2167045910855,1899.0,44.84758845312988
24581,11,Footwear,skechers,5499.0,4124.0,25.0
24582,12,Footwear,estatos,1599.0,799.0,50.0
24583,13,Footwear,lemon & pepper,2638.2167045910855,2799.0,44.84758845312988
24584,14,Footwear,lemon & pepper,2799.0,1959.0,30.0
24585,15,Footwear,tresmode,5000.0,2500.0,50.0
24586,16,Footwear,shoetopia,1995.0,899.0,55.0
24587,17,Footwear,estatos,1199.0,659.0,45.0
24588,18,Footwear,w,1399.0,699.0,50.0
24589,19,Footwear,inc.5,2390.0,1195.0,50.0
24590,20,Footwear,inc.5,2990.0,1495.0,50.0
24591,21,Footwear,skechers,3499.0,2099.0,40.0
24593,23,Footwear,skechers,5499.0,3299.0,40.0
24594,24,Footwear,adidas,2638.2167045910855,4599.0,44.84758845312988
24595,25,Footwear,skechers,5999.0,3599.0,40.0
24596,0,Footwear,skechers,4999.0,2999.0,40.0
24597,1,Footwear,catwalk,2595.0,1297.0,50.0
24598,2,Footwear,ceriz,2638.2167045910855,2299.0,44.84758845312988
24599,3,Footwear,reebok,4599.0,2299.0,50.0
24600,4,Footwear,modare,2638.2167045910855,3299.0,44.84758845312988
24601,5,Footwear,inc.5,2190.0,1490.0,32.0
24602,6,Footwear,skechers,5499.0,3299.0,40.0
24603,7,Footwear,tresmode,3990.0,2992.0,25.0
24604,8,Footwear,shoetopia,999.0,799.0,20.0
24605,9,Footwear,catwalk,2095.0,1047.0,50.0
24606,10,Footwear,lemon & pepper,3299.0,2309.0,30.0
24607,11,Footwear,inc.5,1990.0,1190.0,40.0
24608,12,Footwear,estatos,1699.0,1019.0,40.0
24609,13,Footwear,catwalk,2195.0,1097.0,50.0
24610,14,Footwear,lemon & pepper,3499.0,2799.0,20.0
24611,15,Footwear,lemon & pepper,2799.0,1399.0,50.0
24612,16,Footwear,inc.5,2638.2167045910855,2690.0,44.84758845312988
24613,17,Footwear,tresmode,3900.0,2925.0,25.0
24614,18,Footwear,lemon & pepper,2799.0,1399.0,50.0
24615,19,Footwear,shoetopia,999.0,799.0,20.0
24616,20,Footwear,inc.5,2290.0,1145.0,50.0
24617,21,Footwear,inc.5,2390.0,1195.0,50.0
24619,23,Footwear,haute curry,2399.0,1099.0,54.0
24620,24,Footwear,puma,2638.2167045910855,1799.0,44.84758845312988
24621,25,Footwear,catwalk,1895.0,1516.0,20.0
24622,0,Footwear,inc.5,2690.0,1345.0,50.0
24623,1,Footwear,crocs,2638.2167045910855,4995.0,44.84758845312988
24624,2,Footwear,inc.5,2690.0,1345.0,50.0
24625,3,Footwear,estatos,1799.0,989.0,45.0
24626,4,Footwear,catwalk,2595.0,1297.0,50.0
24627,5,Footwear,ceriz,2638.2167045910855,1599.0,44.84758845312988
24628,6,Footwear,inc.5,1890.0,1190.0,37.0
24629,7,Footwear,shoetopia,999.0,699.0,30.0
24630,8,Footwear,catwalk,2095.0,599.0,71.0
24631,9,Footwear,haute curry,2638.2167045910855,2499.0,44.84758845312988
24632,10,Footwear,tresmode,3600.0,1800.0,50.0
24633,11,Footwear,puma,2638.2167045910855,4499.0,44.84758845312988
24634,12,Footwear,shoetopia,2638.2167045910855,499.0,44.84758845312988
24635,13,Footwear,lemon & pepper,2199.0,1759.0,20.0
24636,14,Footwear,haute curry,2638.2167045910855,2399.0,44.84758845312988
24637,15,Footwear,estatos,1499.0,749.0,50.0
24638,16,Footwear,reebok,5599.0,2799.0,50.0
24639,17,Footwear,skechers,2638.2167045910855,3799.0,44.84758845312988
24640,18,Footwear,puma,2638.2167045910855,6499.0,44.84758845312988
24641,19,Footwear,new balance,9999.0,6999.0,30.0
24642,20,Footwear,inc.5,2590.0,1295.0,50.0
24643,21,Footwear,shoetopia,999.0,599.0,40.0
24645,23,Footwear,inc.5,2190.0,1095.0,50.0
24646,24,Footwear,haute curry,2199.0,1099.0,50.0
24647,25,Footwear,haute curry,3799.0,2659.0,30.0
24648,0,Footwear,ceriz,2638.2167045910855,2299.0,44.84758845312988
24649,1,Footwear,lemon & pepper,2499.0,1249.0,50.0
24650,2,Footwear,catwalk,2695.0,2156.0,20.0
24651,3,Footwear,adidas,2638.2167045910855,6599.0,44.84758845312988
24652,4,Footwear,estatos,1799.0,899.0,50.0
24653,5,Footwear,inc.5,1990.0,995.0,50.0
24654,6,Footwear,inc.5,2390.0,1195.0,50.0
24655,7,Footwear,skechers,5999.0,3599.0,40.0
24656,8,Footwear,skechers,3999.0,2399.0,40.0
24657,9,Footwear,shoetopia,1995.0,899.0,55.0
24658,10,Footwear,shoetopia,999.0,699.0,30.0
24659,11,Footwear,inc.5,1990.0,995.0,50.0
24660,12,Footwear,tresmode,3990.0,1995.0,50.0
24661,13,Footwear,skechers,4999.0,3749.0,25.0
24662,14,Footwear,lemon & pepper,2638.2167045910855,3799.0,44.84758845312988
24663,15,Footwear,adidas,2638.2167045910855,4999.0,44.84758845312988
24664,16,Footwear,reebok,5599.0,2799.0,50.0
24665,17,Footwear,inc.5,2490.0,1490.0,40.0
24666,18,Footwear,lemon & pepper,2999.0,2399.0,20.0
24667,19,Footwear,ceriz,2299.0,1609.0,30.0
24668,20,Footwear,skechers,5999.0,3599.0,40.0
24669,21,Footwear,lemon & pepper,4799.0,3359.0,30.0
24671,23,Footwear,catwalk,2495.0,1247.0,50.0
24672,24,Footwear,inc.5,2490.0,1245.0,50.0
24673,25,Footwear,estatos,2199.0,1099.0,50.0
24674,0,Footwear,estatos,1499.0,899.0,40.0
24675,1,Footwear,estatos,1399.0,839.0,40.0
24676,2,Footwear,tresmode,3695.0,1847.0,50.0
24677,3,Footwear,tresmode,3900.0,1950.0,50.0
24678,4,Footwear,catwalk,2995.0,1497.0,50.0
24679,5,Footwear,inc.5,2290.0,1145.0,50.0
24680,6,Footwear,lemon & pepper,3299.0,1649.0,50.0
24681,7,Footwear,inc.5,1990.0,995.0,50.0
24682,8,Footwear,puma,2638.2167045910855,9999.0,44.84758845312988
24683,9,Footwear,lemon & pepper,2638.2167045910855,3799.0,44.84758845312988
24684,10,Footwear,skechers,5999.0,4499.0,25.0
24685,11,Footwear,puma,2638.2167045910855,6999.0,44.84758845312988
24686,12,Footwear,estatos,1649.0,824.0,50.0
24687,13,Footwear,clarks,5999.0,2999.0,50.0
24688,14,Footwear,catwalk,2595.0,1297.0,50.0
24689,15,Footwear,estatos,999.0,649.0,35.0
24690,16,Footwear,puma,2638.2167045910855,4999.0,44.84758845312988
24691,17,Footwear,tresmode,3990.0,1995.0,50.0
24692,18,Footwear,inc.5,2390.0,1195.0,50.0
24693,19,Footwear,haute curry,1999.0,949.0,53.0
24694,20,Footwear,modare,2638.2167045910855,3499.0,44.84758845312988
24695,21,Footwear,haute curry,1699.0,749.0,56.0
24697,23,Footwear,shoetopia,999.0,599.0,40.0
24698,24,Footwear,estatos,1699.0,849.0,50.0
24699,25,Footwear,inc.5,1890.0,945.0,50.0
24700,0,Footwear,reebok,3599.0,1799.0,50.0
24701,1,Footwear,puma,2638.2167045910855,7999.0,44.84758845312988
24702,2,Footwear,shoetopia,2638.2167045910855,499.0,44.84758845312988
24703,3,Footwear,estatos,1399.0,839.0,40.0
24704,4,Footwear,haute curry,2638.2167045910855,1899.0,44.84758845312988
24705,5,Footwear,inc.5,1690.0,845.0,50.0
24706,6,Footwear,catwalk,1795.0,1436.0,20.0
24707,7,Footwear,lemon & pepper,4799.0,3359.0,30.0
24708,8,Footwear,shoetopia,999.0,599.0,40.0
24709,9,Footwear,inc.5,2690.0,1345.0,50.0
24710,10,Footwear,doubleu,2638.2167045910855,1119.0,44.84758845312988
24711,11,Footwear,crocs,2638.2167045910855,3495.0,44.84758845312988
24712,12,Footwear,catwalk,2195.0,1097.0,50.0
24713,13,Footwear,puma,2638.2167045910855,3499.0,44.84758845312988
24714,14,Footwear,inc.5,2638.2167045910855,2290.0,44.84758845312988
24715,15,Footwear,reebok,2799.0,1399.0,50.0
24716,16,Footwear,puma,2638.2167045910855,10999.0,44.84758845312988
24717,17,Footwear,crocs,2638.2167045910855,2795.0,44.84758845312988
24718,18,Footwear,shoetopia,999.0,399.0,60.0
24719,19,Footwear,ceriz,2638.2167045910855,2299.0,44.84758845312988
24720,20,Footwear,catwalk,2095.0,1047.0,50.0
24721,21,Footwear,ceriz,2638.2167045910855,2299.0,44.84758845312988
24723,23,Footwear,tresmode,2499.0,1874.0,25.0
24724,24,Footwear,skechers,2638.2167045910855,5499.0,44.84758845312988
24725,25,Footwear,modare,3299.0,1649.0,50.0
24726,0,Footwear,tresmode,5495.0,2747.0,50.0
24727,1,Footwear,guess,8999.0,6299.0,30.0
24728,2,Footwear,estatos,1399.0,839.0,40.0
24729,3,Footwear,shoetopia,999.0,699.0,30.0
24730,4,Footwear,shoetopia,999.0,599.0,40.0
24731,5,Footwear,shoetopia,999.0,699.0,30.0
24732,6,Footwear,estatos,1799.0,899.0,50.0
24733,7,Footwear,inc.5,2190.0,1095.0,50.0
24734,8,Footwear,inc.5,1690.0,845.0,50.0
24735,9,Footwear,tresmode,3600.0,1800.0,50.0
24736,10,Footwear,skechers,4999.0,2999.0,40.0
24737,11,Footwear,monrow,2399.0,1199.0,50.0
24738,12,Footwear,estatos,1599.0,959.0,40.0
24739,13,Footwear,estatos,999.0,699.0,30.0
24740,14,Footwear,catwalk,2095.0,1676.0,20.0
24741,15,Footwear,puma,2638.2167045910855,6999.0,44.84758845312988
24742,16,Footwear,new balance,9999.0,6999.0,30.0
24743,17,Footwear,inc.5,2190.0,1095.0,50.0
24744,18,Footwear,inc.5,2390.0,1195.0,50.0
24745,19,Footwear,clarks,3999.0,1999.0,50.0
24746,20,Footwear,inc.5,2690.0,1345.0,50.0
24747,21,Footwear,crocs,2638.2167045910855,2495.0,44.84758845312988
24749,23,Footwear,shoetopia,999.0,599.0,40.0
24750,24,Footwear,solethreads,2638.2167045910855,699.0,44.84758845312988
24751,25,Footwear,tresmode,3965.0,2973.0,25.0
24752,0,Footwear,w,1799.0,899.0,50.0
24753,1,Footwear,shoetopia,999.0,699.0,30.0
24754,2,Footwear,inc.5,2638.2167045910855,2490.0,44.84758845312988
24755,3,Footwear,inc.5,2490.0,1245.0,50.0
24756,4,Footwear,lemon & pepper,2638.2167045910855,2499.0,44.84758845312988
24757,5,Footwear,shoetopia,999.0,649.0,35.0
24758,6,Footwear,inc.5,1690.0,845.0,50.0
24759,7,Footwear,skechers,2638.2167045910855,5499.0,44.84758845312988
24760,8,Footwear,shoetopia,999.0,499.0,50.0
24761,9,Footwear,estatos,1149.0,746.0,35.0
24762,10,Footwear,skechers,3799.0,3229.0,15.0
24763,11,Footwear,tresmode,3990.0,1995.0,50.0
24764,12,Footwear,adidas,2638.2167045910855,4999.0,44.84758845312988
24765,13,Footwear,haute curry,2999.0,2399.0,20.0
24766,14,Footwear,skechers,2638.2167045910855,5799.0,44.84758845312988
24767,15,Footwear,ceriz,2638.2167045910855,2199.0,44.84758845312988
24768,16,Footwear,tresmode,3999.0,1999.0,50.0
24769,17,Footwear,catwalk,2495.0,1996.0,20.0
24770,18,Footwear,puma,2638.2167045910855,4999.0,44.84758845312988
24771,19,Footwear,tresmode,3965.0,2973.0,25.0
24772,20,Footwear,skechers,2638.2167045910855,2499.0,44.84758845312988
24773,21,Footwear,catwalk,2895.0,2316.0,20.0
24775,23,Footwear,estatos,1799.0,989.0,45.0
24776,24,Footwear,shoetopia,2638.2167045910855,499.0,44.84758845312988
24777,25,Footwear,estatos,1599.0,799.0,50.0
24778,0,Footwear,monrow,1899.0,892.0,53.0
24779,1,Footwear,haute curry,2799.0,1959.0,30.0
24780,2,Footwear,catwalk,2295.0,1047.0,54.0
24781,3,Footwear,shoetopia,999.0,899.0,10.0
24782,4,Footwear,inc.5,2490.0,1245.0,50.0
24783,5,Footwear,estatos,1799.0,989.0,45.0
24784,6,Footwear,shoetopia,999.0,799.0,20.0
24785,7,Footwear,catwalk,3295.0,1647.0,50.0
24786,8,Footwear,lemon & pepper,2999.0,2399.0,20.0
24787,9,Footwear,skechers,2638.2167045910855,3999.0,44.84758845312988
24788,10,Footwear,shoetopia,1995.0,899.0,55.0
24789,11,Footwear,skechers,5499.0,3299.0,40.0
24790,12,Footwear,clarks,5999.0,2999.0,50.0
24791,13,Footwear,tresmode,3990.0,2992.0,25.0
24792,14,Footwear,puma,2638.2167045910855,3499.0,44.84758845312988
24793,15,Footwear,catwalk,1995.0,997.0,50.0
24795,17,Footwear,shoetopia,999.0,699.0,30.0
24796,18,Footwear,catwalk,2995.0,1497.0,50.0
24797,19,Footwear,puma,2638.2167045910855,4999.0,44.84758845312988
24798,20,Footwear,skechers,2638.2167045910855,5999.0,44.84758845312988
24799,21,Footwear,inc.5,1790.0,1190.0,34.0
24801,23,Footwear,skechers,4999.0,2999.0,40.0
24802,24,Footwear,lemon & pepper,4999.0,3499.0,30.0
24803,25,Footwear,puma,2638.2167045910855,7499.0,44.84758845312988
24804,0,Footwear,puma,2638.2167045910855,6999.0,44.84758845312988
24805,1,Footwear,puma,2638.2167045910855,7499.0,44.84758845312988
24806,2,Footwear,puma,2638.2167045910855,6999.0,44.84758845312988
24807,3,Footwear,reebok,5599.0,2799.0,50.0
24808,4,Footwear,catwalk,2995.0,1497.0,50.0
24809,5,Footwear,inc.5,2190.0,1095.0,50.0
24810,6,Footwear,shoetopia,999.0,699.0,30.0
24811,7,Footwear,inc.5,2638.2167045910855,1990.0,44.84758845312988
24812,8,Footwear,puma,2638.2167045910855,1999.0,44.84758845312988
24813,9,Footwear,adidas,2638.2167045910855,1999.0,44.84758845312988
24814,10,Footwear,w,2299.0,919.0,60.0
24815,11,Footwear,catwalk,2195.0,1756.0,20.0
24816,12,Footwear,puma,2638.2167045910855,6999.0,44.84758845312988
24817,13,Footwear,tresmode,3695.0,1847.0,50.0
24818,14,Footwear,shoetopia,999.0,499.0,50.0
24819,15,Footwear,shoetopia,999.0,799.0,20.0
24820,16,Footwear,monrow,3499.0,1994.0,43.0
24821,17,Footwear,inc.5,1990.0,995.0,50.0
24822,18,Footwear,skechers,5999.0,3599.0,40.0
24823,19,Footwear,lemon & pepper,2799.0,1399.0,50.0
24824,20,Footwear,inc.5,2638.2167045910855,2290.0,44.84758845312988
24825,21,Footwear,lemon & pepper,2638.2167045910855,2499.0,44.84758845312988
24827,23,Footwear,shoetopia,999.0,599.0,40.0
24828,24,Footwear,shoetopia,999.0,499.0,50.0
24829,25,Footwear,inc.5,2638.2167045910855,2190.0,44.84758845312988
24830,0,Footwear,adidas,2638.2167045910855,3999.0,44.84758845312988
24831,1,Footwear,skechers,4999.0,3749.0,25.0
24832,2,Footwear,inc.5,1990.0,995.0,50.0
24833,3,Footwear,catwalk,2395.0,1916.0,20.0
24834,4,Footwear,catwalk,2095.0,1047.0,50.0
24835,5,Footwear,reebok,4599.0,2299.0,50.0
24836,6,Footwear,haute curry,2638.2167045910855,2199.0,44.84758845312988
24837,7,Footwear,guess,4999.0,2499.0,50.0
24838,8,Footwear,lemon & pepper,5499.0,3849.0,30.0
24839,9,Footwear,catwalk,2595.0,2076.0,20.0
24840,10,Footwear,skechers,5499.0,3299.0,40.0
24841,11,Footwear,catwalk,2295.0,1119.0,51.0
24842,12,Footwear,inc.5,2490.0,1245.0,50.0
24843,13,Footwear,modare,2638.2167045910855,2499.0,44.84758845312988
24844,14,Footwear,inc.5,1990.0,995.0,50.0
24845,15,Footwear,catwalk,2395.0,1119.0,53.0
24846,16,Footwear,adidas,2638.2167045910855,2999.0,44.84758845312988
24847,17,Footwear,catwalk,1995.0,947.0,53.0
24848,18,Footwear,inc.5,2638.2167045910855,2490.0,44.84758845312988
24849,19,Footwear,estatos,2199.0,1099.0,50.0
24850,20,Footwear,estatos,1699.0,934.0,45.0
24851,21,Footwear,catwalk,2795.0,2236.0,20.0
24853,23,Footwear,catwalk,2695.0,1347.0,50.0
24854,24,Footwear,haute curry,1899.0,949.0,50.0
24855,25,Footwear,lemon & pepper,2638.2167045910855,2499.0,44.84758845312988
24856,0,Footwear,inc.5,2638.2167045910855,1990.0,44.84758845312988
24857,1,Footwear,haute curry,1899.0,949.0,50.0
24858,2,Footwear,skechers,2638.2167045910855,5799.0,44.84758845312988
24859,3,Footwear,puma,2638.2167045910855,3999.0,44.84758845312988
24860,4,Footwear,puma,2638.2167045910855,4999.0,44.84758845312988
24861,5,Footwear,inc.5,2190.0,1490.0,32.0
24862,6,Footwear,inc.5,2290.0,1145.0,50.0
24863,7,Footwear,estatos,1199.0,779.0,35.0
24864,8,Footwear,haute curry,1699.0,849.0,50.0
24865,9,Footwear,inc.5,2638.2167045910855,2590.0,44.84758845312988
24866,10,Footwear,solethreads,2638.2167045910855,699.0,44.84758845312988
24867,11,Footwear,modare,2638.2167045910855,2799.0,44.84758845312988
24868,12,Footwear,skechers,2638.2167045910855,3799.0,44.84758845312988
24869,13,Footwear,lemon & pepper,5499.0,3849.0,30.0
24870,14,Footwear,tresmode,4500.0,2250.0,50.0
24871,15,Footwear,haute curry,3799.0,2659.0,30.0
24872,16,Footwear,ceriz,1999.0,1399.0,30.0
24873,17,Footwear,shoetopia,999.0,699.0,30.0
24874,18,Footwear,lemon & pepper,2799.0,1959.0,30.0
24875,19,Footwear,catwalk,2595.0,2076.0,20.0
24876,20,Footwear,puma,2638.2167045910855,1999.0,44.84758845312988
24877,21,Footwear,estatos,1999.0,999.0,50.0
24879,23,Footwear,inc.5,1990.0,995.0,50.0
24880,24,Footwear,inc.5,2290.0,1190.0,48.0
24881,25,Footwear,puma,2638.2167045910855,5999.0,44.84758845312988
24882,0,Footwear,haute curry,2499.0,1249.0,50.0
24883,1,Footwear,estatos,1699.0,849.0,50.0
24884,2,Footwear,skechers,2638.2167045910855,5799.0,44.84758845312988
24885,3,Footwear,skechers,2638.2167045910855,5999.0,44.84758845312988
24886,4,Footwear,tresmode,3900.0,2925.0,25.0
24887,5,Footwear,inc.5,2638.2167045910855,1890.0,44.84758845312988
24888,6,Footwear,ceriz,2638.2167045910855,2299.0,44.84758845312988
24889,7,Footwear,catwalk,1995.0,1596.0,20.0
24890,8,Footwear,catwalk,1895.0,1516.0,20.0
24891,9,Footwear,catwalk,1995.0,1596.0,20.0
24892,10,Footwear,shoetopia,999.0,599.0,40.0
24893,11,Footwear,shoetopia,999.0,699.0,30.0
24894,12,Footwear,inc.5,2290.0,1145.0,50.0
24895,13,Footwear,inc.5,2638.2167045910855,2490.0,44.84758845312988
24896,14,Footwear,estatos,849.0,552.0,35.0
24897,15,Footwear,shoetopia,999.0,699.0,30.0
24899,17,Footwear,reebok,2299.0,1149.0,50.0
24900,18,Footwear,estatos,1599.0,959.0,40.0
24901,19,Footwear,skechers,4999.0,2499.0,50.0
24902,20,Footwear,catwalk,2195.0,1756.0,20.0
24903,21,Footwear,lemon & pepper,3299.0,1649.0,50.0
24905,23,Footwear,lemon & pepper,3799.0,2659.0,30.0
24906,24,Footwear,clarks,4999.0,3499.0,30.0
24907,25,Footwear,inc.5,1890.0,945.0,50.0
24908,0,Footwear,haute curry,1999.0,999.0,50.0
24909,1,Footwear,estatos,1799.0,899.0,50.0
24910,2,Footwear,inc.5,1890.0,945.0,50.0
24911,3,Footwear,guess,9599.0,4799.0,50.0
24912,4,Footwear,puma,2638.2167045910855,5999.0,44.84758845312988
24913,5,Footwear,modare,3299.0,1649.0,50.0
24914,6,Footwear,shoetopia,999.0,799.0,20.0
24915,7,Footwear,estatos,1799.0,989.0,45.0
24916,8,Footwear,adidas,2638.2167045910855,4599.0,44.84758845312988
24917,9,Footwear,inc.5,2890.0,1445.0,50.0
24918,10,Footwear,haute curry,1699.0,849.0,50.0
24919,11,Footwear,guess,4999.0,2499.0,50.0
24920,12,Footwear,lemon & pepper,3299.0,2969.0,10.0
24921,13,Footwear,modare,2638.2167045910855,2499.0,44.84758845312988
24922,14,Footwear,puma,2638.2167045910855,4499.0,44.84758845312988
24923,15,Footwear,inc.5,2638.2167045910855,2190.0,44.84758845312988
24924,16,Footwear,haute curry,2638.2167045910855,1999.0,44.84758845312988
24925,17,Footwear,crocs,2638.2167045910855,2495.0,44.84758845312988
24926,18,Footwear,inc.5,2990.0,1495.0,50.0
24927,19,Footwear,ceriz,2638.2167045910855,2299.0,44.84758845312988
24928,20,Footwear,puma,2638.2167045910855,5499.0,44.84758845312988
24929,21,Footwear,reebok,5599.0,2799.0,50.0
24931,23,Footwear,inc.5,1890.0,945.0,50.0
24932,24,Footwear,solethreads,2638.2167045910855,599.0,44.84758845312988
24933,25,Footwear,estatos,999.0,649.0,35.0
24934,0,Footwear,lemon & pepper,3999.0,3199.0,20.0
24935,1,Footwear,inc.5,1890.0,945.0,50.0
24936,2,Footwear,haute curry,3799.0,2659.0,30.0
24937,3,Footwear,puma,2638.2167045910855,3799.0,44.84758845312988
24938,4,Footwear,adidas,2638.2167045910855,3599.0,44.84758845312988
24939,5,Footwear,shoetopia,999.0,699.0,30.0
24940,6,Footwear,shoetopia,999.0,799.0,20.0
24941,7,Footwear,tresmode,3600.0,1800.0,50.0
24942,8,Footwear,inc.5,2390.0,1195.0,50.0
24943,9,Footwear,tresmode,2638.2167045910855,2499.0,44.84758845312988
24944,10,Footwear,inc.5,1890.0,945.0,50.0
24945,11,Footwear,estatos,1499.0,899.0,40.0
24946,12,Footwear,estatos,1599.0,799.0,50.0
24947,13,Footwear,shoetopia,1995.0,899.0,55.0
24948,14,Footwear,clarks,4999.0,2499.0,50.0
24949,15,Footwear,lazera shoes,2638.2167045910855,1995.0,44.84758845312988
24950,16,Footwear,ceriz,1899.0,1329.0,30.0
24951,17,Footwear,haute curry,2199.0,1099.0,50.0
24952,18,Footwear,lemon & pepper,2199.0,1099.0,50.0
24953,19,Footwear,skechers,5499.0,3299.0,40.0
24954,20,Footwear,shoetopia,999.0,799.0,20.0
24955,21,Footwear,inc.5,1990.0,995.0,50.0
24957,23,Footwear,inc.5,2490.0,1245.0,50.0
24958,24,Footwear,estatos,1399.0,839.0,40.0
24959,25,Footwear,clarks,2638.2167045910855,6499.0,44.84758845312988
24960,0,Footwear,lemon & pepper,2638.2167045910855,4999.0,44.84758845312988
24961,1,Footwear,inc.5,2390.0,1195.0,50.0
24962,2,Footwear,inc.5,2290.0,1145.0,50.0
24963,3,Footwear,catwalk,2495.0,1996.0,20.0
24964,4,Footwear,lemon & pepper,2638.2167045910855,3799.0,44.84758845312988
24965,5,Footwear,inc.5,2638.2167045910855,2490.0,44.84758845312988
24966,6,Footwear,lemon & pepper,3999.0,3199.0,20.0
24967,7,Footwear,skechers,4999.0,2999.0,40.0
24968,8,Footwear,haute curry,1999.0,999.0,50.0
24969,9,Footwear,inc.5,2638.2167045910855,2190.0,44.84758845312988
24970,10,Footwear,shoetopia,999.0,799.0,20.0
24971,11,Footwear,estatos,1699.0,934.0,45.0
24972,12,Footwear,shoetopia,999.0,699.0,30.0
24973,13,Footwear,new balance,8999.0,6299.0,30.0
24974,14,Footwear,catwalk,2895.0,2316.0,20.0
24975,15,Footwear,inc.5,2990.0,1495.0,50.0
24976,16,Footwear,guess,6599.0,3299.0,50.0
24977,17,Footwear,lazera shoes,2638.2167045910855,1795.0,44.84758845312988
24978,18,Footwear,tresmode,3695.0,1847.0,50.0
24979,19,Footwear,skechers,4999.0,2999.0,40.0
24980,20,Footwear,inc.5,2638.2167045910855,1890.0,44.84758845312988
24981,21,Footwear,lemon & pepper,1899.0,949.0,50.0
24983,23,Footwear,inc.5,2638.2167045910855,2290.0,44.84758845312988
24984,24,Footwear,lemon & pepper,2499.0,1249.0,50.0
24985,25,Footwear,lemon & pepper,2638.2167045910855,2499.0,44.84758845312988
24986,0,Footwear,skechers,2638.2167045910855,5799.0,44.84758845312988
24987,1,Footwear,catwalk,2695.0,1347.0,50.0
24988,2,Footwear,shoetopia,999.0,899.0,10.0
24989,3,Footwear,crocs,2638.2167045910855,3295.0,44.84758845312988
24990,4,Footwear,puma,2638.2167045910855,6999.0,44.84758845312988
24991,5,Footwear,puma,2638.2167045910855,5499.0,44.84758845312988
24992,6,Footwear,inc.5,2190.0,1095.0,50.0
24993,7,Footwear,catwalk,2295.0,1836.0,20.0
24994,8,Footwear,shoetopia,999.0,995.0,0.0
24995,9,Footwear,inc.5,1890.0,945.0,50.0
24996,10,Footwear,monrow,3299.0,2012.0,39.0
24997,11,Footwear,catwalk,2095.0,1047.0,50.0
24998,12,Footwear,lemon & pepper,2499.0,1749.0,30.0
24999,13,Footwear,inc.5,2638.2167045910855,1890.0,44.84758845312988
25000,14,Footwear,shoetopia,999.0,699.0,30.0
25001,15,Footwear,shoetopia,999.0,799.0,20.0
25002,16,Footwear,inc.5,2390.0,1195.0,50.0
25003,17,Footwear,skechers,5499.0,3299.0,40.0
25004,18,Footwear,shoetopia,999.0,699.0,30.0
25005,19,Footwear,shoetopia,999.0,799.0,20.0
25006,20,Footwear,estatos,1899.0,1044.0,45.0
25007,21,Footwear,catwalk,2095.0,1047.0,50.0
25009,23,Footwear,ceriz,2638.2167045910855,1599.0,44.84758845312988
25010,24,Footwear,puma,2638.2167045910855,7999.0,44.84758845312988
25011,25,Footwear,solethreads,2638.2167045910855,599.0,44.84758845312988
25012,0,Footwear,ceriz,2299.0,1609.0,30.0
25013,1,Footwear,shoetopia,999.0,699.0,30.0
25014,2,Footwear,estatos,1699.0,934.0,45.0
25015,3,Footwear,puma,2638.2167045910855,3299.0,44.84758845312988
25016,4,Footwear,ceriz,2638.2167045910855,2199.0,44.84758845312988
25017,5,Footwear,tresmode,2799.0,1399.0,50.0
25018,6,Footwear,inc.5,1990.0,995.0,50.0
25019,7,Footwear,catwalk,1795.0,1436.0,20.0
25020,8,Footwear,haute curry,1999.0,849.0,58.0
25021,9,Footwear,estatos,1399.0,699.0,50.0
25022,10,Footwear,inc.5,1890.0,945.0,50.0
25023,11,Footwear,reebok,2599.0,1299.0,50.0
25024,12,Footwear,crocs,2638.2167045910855,2295.0,44.84758845312988
25025,13,Footwear,adidas,2638.2167045910855,1999.0,44.84758845312988
25026,14,Footwear,ceriz,2638.2167045910855,2499.0,44.84758845312988
25027,15,Footwear,puma,2638.2167045910855,4499.0,44.84758845312988
25028,16,Footwear,skechers,5499.0,3299.0,40.0
25029,17,Footwear,puma,2638.2167045910855,6999.0,44.84758845312988
25030,18,Footwear,skechers,5499.0,3299.0,40.0
25031,19,Footwear,tresmode,2499.0,1249.0,50.0
25032,20,Footwear,estatos,2899.0,1159.0,60.0
25033,21,Footwear,crocs,2638.2167045910855,3495.0,44.84758845312988
25035,23,Footwear,skechers,2638.2167045910855,2499.0,44.84758845312988
25036,24,Footwear,inc.5,2690.0,1345.0,50.0
25037,25,Footwear,guess,9599.0,4799.0,50.0
25038,0,Footwear,lemon & pepper,3299.0,2309.0,30.0
25039,1,Footwear,inc.5,1790.0,895.0,50.0
25040,2,Footwear,inc.5,2890.0,1445.0,50.0
25041,3,Footwear,reebok,4999.0,2499.0,50.0
25042,4,Footwear,tresmode,2499.0,1249.0,50.0
25043,5,Footwear,haute curry,2399.0,1199.0,50.0
25044,6,Footwear,shoetopia,999.0,699.0,30.0
25045,7,Footwear,shoetopia,999.0,699.0,30.0
25046,8,Footwear,inc.5,2290.0,1145.0,50.0
25047,9,Footwear,shoetopia,999.0,799.0,20.0
25048,10,Footwear,inc.5,2638.2167045910855,2390.0,44.84758845312988
25049,11,Footwear,inc.5,2638.2167045910855,2190.0,44.84758845312988
25050,12,Footwear,tresmode,3900.0,2925.0,25.0
25051,13,Footwear,lemon & pepper,3999.0,3199.0,20.0
25052,14,Footwear,inc.5,1990.0,1490.0,25.0
25053,15,Footwear,catwalk,2195.0,1097.0,50.0
25054,16,Footwear,haute curry,1999.0,999.0,50.0
25055,17,Footwear,lemon & pepper,2638.2167045910855,2799.0,44.84758845312988
25056,18,Footwear,inc.5,1890.0,945.0,50.0
25057,19,Footwear,shoetopia,999.0,599.0,40.0
25058,20,Footwear,shoetopia,2638.2167045910855,499.0,44.84758845312988
25059,21,Footwear,clarks,4999.0,2499.0,50.0
25061,23,Footwear,skechers,2638.2167045910855,3999.0,44.84758845312988
25062,24,Footwear,solethreads,2638.2167045910855,699.0,44.84758845312988
25063,25,Footwear,tresmode,3600.0,1800.0,50.0
25064,0,Footwear,adidas,2638.2167045910855,5999.0,44.84758845312988
25065,1,Footwear,solethreads,2638.2167045910855,599.0,44.84758845312988
25066,2,Footwear,haute curry,2638.2167045910855,2499.0,44.84758845312988
25067,3,Footwear,puma,2638.2167045910855,3999.0,44.84758845312988
25068,4,Footwear,haute curry,2199.0,1099.0,50.0
25069,5,Footwear,shoetopia,999.0,599.0,40.0
25070,6,Footwear,lemon & pepper,2638.2167045910855,3799.0,44.84758845312988
25071,7,Footwear,puma,2638.2167045910855,1999.0,44.84758845312988
25072,8,Footwear,catwalk,2295.0,1836.0,20.0
25073,9,Footwear,inc.5,1990.0,1490.0,25.0
25074,10,Footwear,puma,2638.2167045910855,5499.0,44.84758845312988
25075,11,Footwear,modare,4999.0,3499.0,30.0
25076,12,Footwear,w,2638.2167045910855,1049.0,44.84758845312988
25077,13,Footwear,tresmode,2638.2167045910855,4595.0,44.84758845312988
25078,14,Footwear,crocs,2638.2167045910855,3495.0,44.84758845312988
25079,15,Footwear,modare,3999.0,2799.0,30.0
25080,16,Footwear,ceriz,2199.0,1539.0,30.0
25081,17,Footwear,modare,4499.0,3149.0,30.0
25082,18,Footwear,haute curry,2399.0,1199.0,50.0
25083,19,Footwear,skechers,4999.0,3749.0,25.0
25084,20,Footwear,new balance,8499.0,5949.0,30.0
25085,21,Footwear,lemon & pepper,3299.0,2474.0,25.0
25087,23,Footwear,skechers,5499.0,3299.0,40.0
25088,24,Footwear,crocs,2638.2167045910855,3495.0,44.84758845312988
25089,25,Footwear,catwalk,1995.0,1596.0,20.0
25090,0,Footwear,estatos,1499.0,749.0,50.0
25091,1,Footwear,estatos,999.0,649.0,35.0
25092,2,Footwear,inc.5,2638.2167045910855,1890.0,44.84758845312988
25093,3,Footwear,solethreads,2638.2167045910855,499.0,44.84758845312988
25094,4,Footwear,skechers,6499.0,4874.0,25.0
25095,5,Footwear,w,2638.2167045910855,3599.0,44.84758845312988
25096,6,Footwear,tresmode,4500.0,2250.0,50.0
25097,7,Footwear,catwalk,2095.0,1676.0,20.0
25098,8,Footwear,estatos,1799.0,989.0,45.0
25099,9,Footwear,shoetopia,999.0,799.0,20.0
25100,10,Footwear,inc.5,1890.0,1190.0,37.0
25101,11,Footwear,solethreads,2638.2167045910855,499.0,44.84758845312988
25102,12,Footwear,inc.5,2638.2167045910855,1790.0,44.84758845312988
25103,13,Footwear,tresmode,4990.0,3742.0,25.0
25104,14,Footwear,catwalk,3495.0,2796.0,20.0
25105,15,Footwear,shoetopia,999.0,699.0,30.0
25106,16,Footwear,estatos,1249.0,811.0,35.0
25107,17,Footwear,estatos,2199.0,1099.0,50.0
25108,18,Footwear,inc.5,1990.0,995.0,50.0
25109,19,Footwear,catwalk,1895.0,599.0,68.0
25110,20,Footwear,shoetopia,2638.2167045910855,499.0,44.84758845312988
25111,21,Footwear,ceriz,2638.2167045910855,2199.0,44.84758845312988
25113,23,Footwear,modare,2638.2167045910855,2799.0,44.84758845312988
25114,24,Footwear,skechers,5499.0,3299.0,40.0
25115,25,Footwear,clarks,2638.2167045910855,4499.0,44.84758845312988
25116,0,Footwear,shoetopia,999.0,699.0,30.0
25117,1,Footwear,puma,2638.2167045910855,4799.0,44.84758845312988
25118,2,Footwear,inc.5,2890.0,1445.0,50.0
25119,3,Footwear,inc.5,2690.0,1345.0,50.0
25120,4,Footwear,haute curry,1999.0,999.0,50.0
25121,5,Footwear,inc.5,2690.0,1345.0,50.0
25122,6,Footwear,crocs,2638.2167045910855,3495.0,44.84758845312988
25123,7,Footwear,clarks,2638.2167045910855,4999.0,44.84758845312988
25124,8,Footwear,inc.5,1890.0,945.0,50.0
25125,9,Footwear,monrow,2638.2167045910855,3499.0,44.84758845312988
25126,10,Footwear,skechers,3499.0,1749.0,50.0
25127,11,Footwear,inc.5,2690.0,1345.0,50.0
25128,12,Footwear,shoetopia,499.0,399.0,20.0
25129,13,Footwear,modare,2199.0,799.0,64.0
25130,14,Footwear,w,1799.0,1259.0,30.0
25131,15,Footwear,puma,2638.2167045910855,6999.0,44.84758845312988
25132,16,Footwear,puma,2638.2167045910855,5499.0,44.84758845312988
25133,17,Footwear,w,2299.0,1609.0,30.0
25134,18,Footwear,lemon & pepper,4799.0,3359.0,30.0
25135,19,Footwear,solethreads,2638.2167045910855,599.0,44.84758845312988
25136,20,Footwear,skechers,4999.0,3749.0,25.0
25137,21,Footwear,shoetopia,999.0,699.0,30.0
25139,23,Footwear,estatos,1699.0,1019.0,40.0
25140,24,Footwear,crocs,2638.2167045910855,3495.0,44.84758845312988
25141,25,Footwear,w,2638.2167045910855,1599.0,44.84758845312988
25142,0,Footwear,inc.5,2390.0,1195.0,50.0
25143,1,Footwear,skechers,3499.0,2099.0,40.0
25144,2,Footwear,skechers,6499.0,4874.0,25.0
25145,3,Footwear,catwalk,2495.0,1996.0,20.0
25146,4,Footwear,solethreads,2638.2167045910855,599.0,44.84758845312988
25147,5,Footwear,crocs,2638.2167045910855,1995.0,44.84758845312988
25148,6,Footwear,inc.5,2638.2167045910855,2890.0,44.84758845312988
25149,7,Footwear,skechers,4299.0,3224.0,25.0
25150,8,Footwear,shoetopia,2638.2167045910855,499.0,44.84758845312988
25151,9,Footwear,estatos,1499.0,824.0,45.0
25152,10,Footwear,shoetopia,999.0,699.0,30.0
25153,11,Footwear,estatos,1999.0,1099.0,45.0
25154,12,Footwear,haute curry,1699.0,849.0,50.0
25155,13,Footwear,estatos,1699.0,1104.0,35.0
25156,14,Footwear,inc.5,2590.0,1295.0,50.0
25157,15,Footwear,inc.5,1690.0,1190.0,30.0
25158,16,Footwear,clarks,2638.2167045910855,3999.0,44.84758845312988
25159,17,Footwear,clarks,6499.0,5199.0,20.0
25160,18,Footwear,lemon & pepper,3799.0,3039.0,20.0
25161,19,Footwear,lemon & pepper,5499.0,3849.0,30.0
25162,20,Footwear,skechers,3999.0,2399.0,40.0
25163,21,Footwear,haute curry,2999.0,1499.0,50.0
25165,23,Footwear,lemon & pepper,2199.0,1099.0,50.0
25166,24,Footwear,puma,2638.2167045910855,4499.0,44.84758845312988
25167,25,Footwear,estatos,1999.0,1099.0,45.0
25168,0,Footwear,shoetopia,999.0,699.0,30.0
25169,1,Footwear,tresmode,5495.0,2747.0,50.0
25170,2,Footwear,ceriz,2638.2167045910855,2299.0,44.84758845312988
25171,3,Footwear,ceriz,2638.2167045910855,2099.0,44.84758845312988
25172,4,Footwear,catwalk,2295.0,1836.0,20.0
25173,5,Footwear,inc.5,2190.0,1490.0,32.0
25174,6,Footwear,adidas,2638.2167045910855,5599.0,44.84758845312988
25175,7,Footwear,shoetopia,499.0,399.0,20.0
25176,8,Footwear,shoetopia,2638.2167045910855,499.0,44.84758845312988
25177,9,Footwear,estatos,999.0,599.0,40.0
25178,10,Footwear,estatos,2199.0,1099.0,50.0
25179,11,Footwear,inc.5,2890.0,1445.0,50.0
25180,12,Footwear,reebok,6599.0,3299.0,50.0
25181,13,Footwear,haute curry,3499.0,2449.0,30.0
25182,14,Footwear,lemon & pepper,2199.0,1099.0,50.0
25183,15,Footwear,lemon & pepper,2799.0,1399.0,50.0
25184,16,Footwear,inc.5,2638.2167045910855,2590.0,44.84758845312988
25185,17,Footwear,ceriz,1999.0,1399.0,30.0
25186,18,Footwear,shoetopia,999.0,599.0,40.0
25187,19,Footwear,catwalk,2795.0,1397.0,50.0
25188,20,Footwear,inc.5,1890.0,945.0,50.0
25189,21,Footwear,tresmode,2799.0,1399.0,50.0
25191,23,Footwear,estatos,1299.0,844.0,35.0
25192,24,Footwear,crocs,2638.2167045910855,2495.0,44.84758845312988
25193,25,Footwear,catwalk,2195.0,1756.0,20.0
25194,0,Footwear,ceriz,2638.2167045910855,2199.0,44.84758845312988
25195,1,Footwear,w,1399.0,979.0,30.0
25196,2,Footwear,skechers,3799.0,3229.0,15.0
25197,3,Footwear,inc.5,2638.2167045910855,2390.0,44.84758845312988
25198,4,Footwear,inc.5,2638.2167045910855,1990.0,44.84758845312988
25199,5,Footwear,lazera shoes,2638.2167045910855,2299.0,44.84758845312988
25200,6,Footwear,tresmode,2638.2167045910855,5000.0,44.84758845312988
25201,7,Footwear,lemon & pepper,2638.2167045910855,2499.0,44.84758845312988
25202,8,Footwear,shoetopia,999.0,699.0,30.0
25203,9,Footwear,shoetopia,499.0,399.0,20.0
25204,10,Footwear,adidas,2638.2167045910855,5999.0,44.84758845312988
25205,11,Footwear,puma,2638.2167045910855,3499.0,44.84758845312988
25206,12,Footwear,clarks,6499.0,5199.0,20.0
25207,13,Footwear,clarks,5499.0,3849.0,30.0
25208,14,Footwear,catwalk,1995.0,1596.0,20.0
25209,15,Footwear,ceriz,2499.0,1749.0,30.0
25210,16,Footwear,shoetopia,999.0,499.0,50.0
25211,17,Footwear,inc.5,2990.0,1495.0,50.0
25212,18,Footwear,catwalk,2295.0,1836.0,20.0
25213,19,Footwear,clarks,2638.2167045910855,4499.0,44.84758845312988
25214,20,Footwear,clarks,5499.0,3299.0,40.0
25215,21,Footwear,inc.5,2638.2167045910855,2690.0,44.84758845312988
25217,23,Footwear,haute curry,2799.0,1399.0,50.0
25218,24,Footwear,doubleu,2638.2167045910855,1119.0,44.84758845312988
25219,25,Footwear,inc.5,1890.0,945.0,50.0
25220,0,Footwear,puma,2638.2167045910855,3499.0,44.84758845312988
25221,1,Footwear,inc.5,1790.0,895.0,50.0
25222,2,Footwear,puma,2638.2167045910855,4299.0,44.84758845312988
25223,3,Footwear,adidas,2638.2167045910855,4999.0,44.84758845312988
25224,4,Footwear,inc.5,1990.0,995.0,50.0
25225,5,Footwear,catwalk,2295.0,1836.0,20.0
25226,6,Footwear,puma,2638.2167045910855,3999.0,44.84758845312988
25227,7,Footwear,inc.5,2638.2167045910855,2490.0,44.84758845312988
25229,9,Footwear,solethreads,2638.2167045910855,999.0,44.84758845312988
25230,10,Footwear,estatos,999.0,649.0,35.0
25231,11,Footwear,estatos,1599.0,799.0,50.0
25232,12,Footwear,flipside,2638.2167045910855,399.0,44.84758845312988
25233,13,Footwear,reebok,2299.0,1149.0,50.0
25234,14,Footwear,tresmode,2638.2167045910855,4990.0,44.84758845312988
25235,15,Footwear,ceriz,2638.2167045910855,1999.0,44.84758845312988
25236,16,Footwear,lemon & pepper,5499.0,3849.0,30.0
25237,17,Footwear,skechers,5499.0,3299.0,40.0
25238,18,Footwear,skechers,3999.0,2399.0,40.0
25239,19,Footwear,monrow,1899.0,892.0,53.0
25240,20,Footwear,solethreads,2638.2167045910855,699.0,44.84758845312988
25241,21,Footwear,haute curry,1999.0,999.0,50.0
25243,23,Footwear,crocs,2638.2167045910855,4995.0,44.84758845312988
25244,24,Footwear,inc.5,2638.2167045910855,1890.0,44.84758845312988
25245,25,Footwear,modare,3999.0,2799.0,30.0
25246,0,Footwear,puma,2638.2167045910855,5499.0,44.84758845312988
25247,1,Footwear,ceriz,2638.2167045910855,2099.0,44.84758845312988
25248,2,Footwear,shoetopia,999.0,799.0,20.0
25249,3,Footwear,inc.5,2590.0,1295.0,50.0
25250,4,Footwear,inc.5,1990.0,995.0,50.0
25251,5,Footwear,inc.5,2390.0,1195.0,50.0
25252,6,Footwear,ceriz,2199.0,1539.0,30.0
25253,7,Footwear,puma,2638.2167045910855,3799.0,44.84758845312988
25254,8,Footwear,tresmode,2638.2167045910855,6500.0,44.84758845312988
25255,9,Footwear,inc.5,1990.0,995.0,50.0
25256,10,Footwear,adidas,2638.2167045910855,4599.0,44.84758845312988
25257,11,Footwear,haute curry,1999.0,999.0,50.0
25258,12,Footwear,adidas,2638.2167045910855,2699.0,44.84758845312988
25259,13,Footwear,crocs,2638.2167045910855,3495.0,44.84758845312988
25260,14,Footwear,skechers,4999.0,2999.0,40.0
25261,15,Footwear,catwalk,2895.0,1447.0,50.0
25262,16,Footwear,puma,2638.2167045910855,4999.0,44.84758845312988
25263,17,Footwear,adidas,2638.2167045910855,2999.0,44.84758845312988
25264,18,Footwear,shoetopia,999.0,699.0,30.0
25265,19,Footwear,shoetopia,1995.0,899.0,55.0
25266,20,Footwear,shoetopia,999.0,799.0,20.0
25267,21,Footwear,estatos,1299.0,649.0,50.0
25269,23,Footwear,tresmode,5000.0,2500.0,50.0
25270,24,Footwear,inc.5,1990.0,995.0,50.0
25271,25,Footwear,haute curry,2638.2167045910855,2999.0,44.84758845312988
25272,0,Footwear,haute curry,2199.0,1099.0,50.0
25273,1,Footwear,inc.5,2190.0,1490.0,32.0
25274,2,Footwear,inc.5,2290.0,1490.0,35.0
25275,3,Footwear,lemon & pepper,4799.0,3359.0,30.0
25276,4,Footwear,ceriz,2299.0,1379.0,40.0
25277,5,Footwear,catwalk,2795.0,2236.0,20.0
25278,6,Footwear,shoetopia,999.0,799.0,20.0
25279,7,Footwear,inc.5,1890.0,945.0,50.0
25280,8,Footwear,inc.5,2690.0,1345.0,50.0
25281,9,Footwear,catwalk,2795.0,1397.0,50.0
25282,10,Footwear,inc.5,2990.0,1490.0,50.0
25283,11,Footwear,puma,2638.2167045910855,5499.0,44.84758845312988
25284,12,Footwear,catwalk,1895.0,1516.0,20.0
25285,13,Footwear,ceriz,2638.2167045910855,1799.0,44.84758845312988
25286,14,Footwear,solethreads,2638.2167045910855,599.0,44.84758845312988
25287,15,Footwear,catwalk,2595.0,2076.0,20.0
25288,16,Footwear,catwalk,2995.0,1497.0,50.0
25289,17,Footwear,haute curry,2638.2167045910855,2499.0,44.84758845312988
25290,18,Footwear,adidas,2638.2167045910855,5599.0,44.84758845312988
25291,19,Footwear,lemon & pepper,2199.0,1539.0,30.0
25292,20,Footwear,adidas,2638.2167045910855,5599.0,44.84758845312988
25293,21,Footwear,solethreads,2638.2167045910855,1299.0,44.84758845312988
25295,23,Footwear,estatos,1199.0,779.0,35.0
25296,24,Footwear,estatos,1999.0,1099.0,45.0
25297,25,Footwear,haute curry,1999.0,999.0,50.0
25298,0,Footwear,inc.5,1890.0,945.0,50.0
25299,1,Footwear,tresmode,2799.0,1399.0,50.0
25300,2,Footwear,inc.5,2290.0,1145.0,50.0
25301,3,Footwear,puma,2638.2167045910855,999.0,44.84758845312988
25302,4,Footwear,puma,2638.2167045910855,5999.0,44.84758845312988
25303,5,Footwear,catwalk,2095.0,1676.0,20.0
25304,6,Footwear,tresmode,3900.0,2925.0,25.0
25305,7,Footwear,lemon & pepper,2199.0,1099.0,50.0
25306,8,Footwear,tresmode,3900.0,2925.0,25.0
25307,9,Footwear,ceriz,1899.0,1329.0,30.0
25308,10,Footwear,modare,2638.2167045910855,2799.0,44.84758845312988
25309,11,Footwear,tresmode,5495.0,2747.0,50.0
25310,12,Footwear,tresmode,2638.2167045910855,4999.0,44.84758845312988
25311,13,Footwear,clarks,6499.0,3899.0,40.0
25312,14,Footwear,modare,2999.0,1499.0,50.0
25313,15,Footwear,flipside,2638.2167045910855,499.0,44.84758845312988
25314,16,Footwear,catwalk,2095.0,1676.0,20.0
25315,17,Footwear,clarks,4999.0,2999.0,40.0
25316,18,Footwear,estatos,1999.0,999.0,50.0
25317,19,Footwear,haute curry,1999.0,999.0,50.0
25318,20,Footwear,estatos,999.0,599.0,40.0
25319,21,Footwear,inc.5,2690.0,1345.0,50.0
25321,23,Footwear,tresmode,4595.0,3446.0,25.0
25322,24,Footwear,inc.5,2638.2167045910855,2590.0,44.84758845312988
25323,25,Footwear,tresmode,5000.0,2500.0,50.0
25324,0,Footwear,haute curry,2638.2167045910855,2499.0,44.84758845312988
25325,1,Footwear,flipside,2638.2167045910855,499.0,44.84758845312988
25326,2,Footwear,adidas,2638.2167045910855,4999.0,44.84758845312988
25327,3,Footwear,catwalk,2095.0,1047.0,50.0
25328,4,Footwear,adidas,2638.2167045910855,4599.0,44.84758845312988
25329,5,Footwear,modare,3999.0,3199.0,20.0
25330,6,Footwear,guess,2999.0,1499.0,50.0
25331,7,Footwear,inc.5,2638.2167045910855,2190.0,44.84758845312988
25332,8,Footwear,shoetopia,999.0,699.0,30.0
25333,9,Footwear,shoetopia,999.0,899.0,10.0
25334,10,Footwear,clarks,2638.2167045910855,4499.0,44.84758845312988
25335,11,Footwear,shoetopia,999.0,499.0,50.0
25336,12,Footwear,puma,2638.2167045910855,5999.0,44.84758845312988
25337,13,Footwear,inc.5,2390.0,1195.0,50.0
25338,14,Footwear,catwalk,2995.0,1497.0,50.0
25339,15,Footwear,adidas,2638.2167045910855,3599.0,44.84758845312988
25340,16,Footwear,haute curry,2399.0,1099.0,54.0
25341,17,Footwear,modare,2999.0,2399.0,20.0
25342,18,Footwear,lemon & pepper,2638.2167045910855,3499.0,44.84758845312988
25343,19,Footwear,puma,2638.2167045910855,4299.0,44.84758845312988
25344,20,Footwear,lazera shoes,2638.2167045910855,2299.0,44.84758845312988
25345,21,Footwear,inc.5,2190.0,1095.0,50.0
25347,23,Footwear,puma,2638.2167045910855,2999.0,44.84758845312988
25348,24,Footwear,skechers,2638.2167045910855,3499.0,44.84758845312988
25349,25,Footwear,crocs,2638.2167045910855,3495.0,44.84758845312988
25350,0,Footwear,inc.5,1990.0,995.0,50.0
25351,1,Footwear,skechers,5999.0,3599.0,40.0
25352,2,Footwear,catwalk,2795.0,1397.0,50.0
25353,3,Footwear,lemon & pepper,3299.0,2804.0,15.0
25354,4,Footwear,ceriz,1999.0,1399.0,30.0
25355,5,Footwear,estatos,1799.0,899.0,50.0
25356,6,Footwear,inc.5,1990.0,995.0,50.0
25357,7,Footwear,inc.5,1890.0,945.0,50.0
25358,8,Footwear,catwalk,2895.0,2316.0,20.0
25359,9,Footwear,inc.5,2290.0,1145.0,50.0
25360,10,Footwear,shoetopia,999.0,699.0,30.0
25361,11,Footwear,estatos,999.0,649.0,35.0
25362,12,Footwear,tresmode,2638.2167045910855,3600.0,44.84758845312988
25363,13,Footwear,lemon & pepper,2999.0,2099.0,30.0
25364,14,Footwear,inc.5,2490.0,1490.0,40.0
25365,15,Footwear,haute curry,1999.0,999.0,50.0
25366,16,Footwear,skechers,2638.2167045910855,4299.0,44.84758845312988
25367,17,Footwear,inc.5,1990.0,995.0,50.0
25368,18,Footwear,catwalk,2195.0,1756.0,20.0
25369,19,Footwear,shoetopia,999.0,799.0,20.0
25370,20,Footwear,shoetopia,999.0,995.0,0.0
25371,21,Footwear,shoetopia,999.0,699.0,30.0
25373,23,Footwear,shoetopia,1995.0,899.0,55.0
25374,24,Footwear,haute curry,1999.0,999.0,50.0
25375,25,Footwear,clarks,4999.0,2499.0,50.0
25376,0,Footwear,tresmode,3900.0,1950.0,50.0
25377,1,Footwear,tresmode,5495.0,2747.0,50.0
25378,2,Footwear,estatos,1599.0,879.0,45.0
25379,3,Footwear,doubleu,2638.2167045910855,1119.0,44.84758845312988
25380,4,Footwear,haute curry,2499.0,1249.0,50.0
25381,5,Footwear,ceriz,2199.0,1319.0,40.0
25382,6,Footwear,ceriz,2199.0,1539.0,30.0
25383,7,Footwear,skechers,5999.0,2999.0,50.0
25384,8,Footwear,flipside,2638.2167045910855,499.0,44.84758845312988
25385,9,Footwear,catwalk,2695.0,2156.0,20.0
25386,10,Footwear,modare,2638.2167045910855,2499.0,44.84758845312988
25387,11,Footwear,reebok,5999.0,2999.0,50.0
25388,12,Footwear,haute curry,2999.0,1499.0,50.0
25389,13,Footwear,catwalk,2495.0,1247.0,50.0
25390,14,Footwear,estatos,999.0,649.0,35.0
25391,15,Footwear,estatos,2699.0,1079.0,60.0
25392,16,Footwear,inc.5,2290.0,1145.0,50.0
25393,17,Footwear,tresmode,3695.0,1847.0,50.0
25394,18,Footwear,tresmode,3600.0,1800.0,50.0
25395,19,Footwear,estatos,1799.0,989.0,45.0
25396,20,Footwear,shoetopia,1995.0,899.0,55.0
25397,21,Footwear,haute curry,2638.2167045910855,2499.0,44.84758845312988
25399,23,Footwear,lemon & pepper,3799.0,1899.0,50.0
25400,24,Footwear,inc.5,2490.0,1490.0,40.0
25401,25,Footwear,solethreads,2638.2167045910855,499.0,44.84758845312988
25402,0,Footwear,monrow,3499.0,1994.0,43.0
25403,1,Footwear,puma,2638.2167045910855,3499.0,44.84758845312988
25404,2,Footwear,lemon & pepper,2199.0,1099.0,50.0
25405,3,Footwear,modare,2638.2167045910855,2999.0,44.84758845312988
25406,4,Footwear,haute curry,1999.0,999.0,50.0
25407,5,Footwear,tresmode,4595.0,3446.0,25.0
25408,6,Footwear,modare,2638.2167045910855,2499.0,44.84758845312988
25409,7,Footwear,ceriz,2199.0,1539.0,30.0
25410,8,Footwear,catwalk,2795.0,2236.0,20.0
25411,9,Footwear,shoetopia,999.0,699.0,30.0
25413,11,Footwear,estatos,1799.0,989.0,45.0
25414,12,Footwear,solethreads,2638.2167045910855,599.0,44.84758845312988
25415,13,Footwear,inc.5,2638.2167045910855,1590.0,44.84758845312988
25416,14,Footwear,lemon & pepper,2638.2167045910855,1699.0,44.84758845312988
25417,15,Footwear,estatos,1399.0,839.0,40.0
25418,16,Footwear,estatos,1699.0,1019.0,40.0
25419,17,Footwear,clarks,4999.0,2499.0,50.0
25420,18,Footwear,inc.5,1990.0,995.0,50.0
25421,19,Footwear,lemon & pepper,5299.0,3709.0,30.0
25422,20,Footwear,lemon & pepper,2799.0,1399.0,50.0
25423,21,Footwear,lazera shoes,2638.2167045910855,2499.0,44.84758845312988
25425,23,Footwear,lemon & pepper,2638.2167045910855,3499.0,44.84758845312988
25426,24,Footwear,catwalk,2195.0,1097.0,50.0
25427,25,Footwear,lemon & pepper,2638.2167045910855,3499.0,44.84758845312988
25428,0,Footwear,inc.5,2638.2167045910855,1990.0,44.84758845312988
25429,1,Footwear,ceriz,2499.0,1499.0,40.0
25430,2,Footwear,catwalk,1795.0,1436.0,20.0
25431,3,Footwear,shoetopia,999.0,499.0,50.0
25432,4,Footwear,tresmode,3600.0,1800.0,50.0
25433,5,Footwear,puma,2638.2167045910855,5999.0,44.84758845312988
25434,6,Footwear,monrow,2499.0,1199.0,52.0
25435,7,Footwear,monrow,2299.0,988.0,57.0
25436,8,Footwear,lemon & pepper,3799.0,1899.0,50.0
25437,9,Footwear,ceriz,2638.2167045910855,2199.0,44.84758845312988
25438,10,Footwear,catwalk,4295.0,3436.0,20.0
25439,11,Footwear,haute curry,1999.0,999.0,50.0
25440,12,Footwear,clarks,2638.2167045910855,4999.0,44.84758845312988
25441,13,Footwear,haute curry,2638.2167045910855,2499.0,44.84758845312988
25442,14,Footwear,catwalk,2195.0,1756.0,20.0
25443,15,Footwear,new balance,6499.0,4549.0,30.0
25444,16,Footwear,estatos,1499.0,749.0,50.0
25445,17,Footwear,inc.5,2690.0,1345.0,50.0
25446,18,Footwear,inc.5,1890.0,945.0,50.0
25447,19,Footwear,monrow,2299.0,1195.0,48.0
25448,20,Footwear,clarks,5999.0,4199.0,30.0
25449,21,Footwear,solethreads,2638.2167045910855,699.0,44.84758845312988
25451,23,Footwear,ceriz,2299.0,1609.0,30.0
25452,24,Footwear,puma,2638.2167045910855,6999.0,44.84758845312988
25453,25,Footwear,guess,9599.0,4799.0,50.0
25454,0,Footwear,lemon & pepper,2499.0,1249.0,50.0
25455,1,Footwear,clarks,8999.0,6299.0,30.0
25456,2,Footwear,inc.5,2290.0,1145.0,50.0
25457,3,Footwear,w,1599.0,639.0,60.0
25458,4,Footwear,ceriz,2638.2167045910855,2299.0,44.84758845312988
25459,5,Footwear,catwalk,3895.0,3116.0,20.0
25460,6,Footwear,inc.5,2190.0,1095.0,50.0
25461,7,Footwear,catwalk,1995.0,1596.0,20.0
25462,8,Footwear,inc.5,2290.0,1145.0,50.0
25463,9,Footwear,clarks,2638.2167045910855,3499.0,44.84758845312988
25464,10,Footwear,haute curry,2499.0,1249.0,50.0
25465,11,Footwear,lemon & pepper,2638.2167045910855,2499.0,44.84758845312988
25466,12,Footwear,doubleu,2638.2167045910855,1119.0,44.84758845312988
25467,13,Footwear,lemon & pepper,2999.0,2099.0,30.0
25468,14,Footwear,catwalk,1995.0,1596.0,20.0
25469,15,Footwear,clarks,4999.0,2499.0,50.0
25470,16,Footwear,estatos,999.0,499.0,50.0
25472,18,Footwear,shoetopia,999.0,699.0,30.0
25473,19,Footwear,shoetopia,999.0,799.0,20.0
25474,20,Footwear,shoetopia,2638.2167045910855,499.0,44.84758845312988
25475,21,Footwear,shoetopia,2638.2167045910855,499.0,44.84758845312988
25477,23,Footwear,catwalk,4095.0,2047.0,50.0
25478,24,Footwear,inc.5,2290.0,1145.0,50.0
25479,25,Footwear,puma,2638.2167045910855,3499.0,44.84758845312988
25480,0,Footwear,puma,2638.2167045910855,5999.0,44.84758845312988
25481,1,Footwear,catwalk,1795.0,1436.0,20.0
25482,2,Footwear,adidas,2638.2167045910855,4999.0,44.84758845312988
25483,3,Footwear,lemon & pepper,2638.2167045910855,5499.0,44.84758845312988
25484,4,Footwear,modare,2638.2167045910855,3499.0,44.84758845312988
25485,5,Footwear,ceriz,2499.0,1499.0,40.0
25486,6,Footwear,crocs,2638.2167045910855,3495.0,44.84758845312988
25487,7,Footwear,haute curry,2638.2167045910855,2199.0,44.84758845312988
25488,8,Footwear,monrow,2399.0,1199.0,50.0
25489,9,Footwear,modare,2499.0,1249.0,50.0
25490,10,Footwear,reebok,4599.0,2299.0,50.0
25491,11,Footwear,shoetopia,2638.2167045910855,499.0,44.84758845312988
25492,12,Footwear,solethreads,2638.2167045910855,699.0,44.84758845312988
25493,13,Footwear,shoetopia,999.0,699.0,30.0
25494,14,Footwear,shoetopia,999.0,599.0,40.0
25495,15,Footwear,shoetopia,999.0,499.0,50.0
25496,16,Footwear,estatos,1599.0,1039.0,35.0
25497,17,Footwear,estatos,1999.0,1099.0,45.0
25498,18,Footwear,von wellx,2638.2167045910855,2599.0,44.84758845312988
25499,19,Footwear,ceriz,2638.2167045910855,2299.0,44.84758845312988
25500,20,Footwear,haute curry,3799.0,2659.0,30.0
25501,21,Footwear,modare,2638.2167045910855,3499.0,44.84758845312988
25503,23,Footwear,tresmode,4500.0,2250.0,50.0
25504,24,Footwear,puma,2638.2167045910855,6999.0,44.84758845312988
25505,25,Footwear,haute curry,2799.0,1959.0,30.0
25506,0,Footwear,catwalk,2595.0,2076.0,20.0
25507,1,Footwear,inc.5,2390.0,1195.0,50.0
25508,2,Footwear,skechers,2638.2167045910855,4999.0,44.84758845312988
25509,3,Footwear,adidas,2638.2167045910855,3799.0,44.84758845312988
25510,4,Footwear,signature sole,2200.0,1430.0,35.0
25511,5,Footwear,puma,2638.2167045910855,9999.0,44.84758845312988
25512,6,Footwear,shoetopia,999.0,499.0,50.0
25513,7,Footwear,shoetopia,999.0,499.0,50.0
25514,8,Footwear,estatos,1799.0,989.0,45.0
25515,9,Footwear,inc.5,1990.0,995.0,50.0
25516,10,Footwear,w,2299.0,1379.0,40.0
25517,11,Footwear,catwalk,2595.0,1297.0,50.0
25518,12,Footwear,puma,2638.2167045910855,3999.0,44.84758845312988
25519,13,Footwear,w,2638.2167045910855,3299.0,44.84758845312988
25520,14,Footwear,reebok,4999.0,2499.0,50.0
25521,15,Footwear,inc.5,1790.0,895.0,50.0
25522,16,Footwear,modare,4999.0,3499.0,30.0
25523,17,Footwear,haute curry,1999.0,949.0,53.0
25524,18,Footwear,lemon & pepper,2799.0,1399.0,50.0
25525,19,Footwear,puma,2638.2167045910855,3499.0,44.84758845312988
25526,20,Footwear,modare,4999.0,3499.0,30.0
25527,21,Footwear,inc.5,2290.0,1145.0,50.0
25529,23,Footwear,inc.5,1890.0,945.0,50.0
25530,24,Footwear,crocs,2638.2167045910855,4995.0,44.84758845312988
25531,25,Footwear,inc.5,2690.0,1345.0,50.0
25532,0,Footwear,lemon & pepper,2499.0,1249.0,50.0
25533,1,Footwear,catwalk,2295.0,1119.0,51.0
25534,2,Footwear,inc.5,2638.2167045910855,2190.0,44.84758845312988
25535,3,Footwear,catwalk,1995.0,1596.0,20.0
25536,4,Footwear,lemon & pepper,3299.0,2969.0,10.0
25537,5,Footwear,tresmode,5495.0,2747.0,50.0
25538,6,Footwear,catwalk,2195.0,1756.0,20.0
25539,7,Footwear,ceriz,2199.0,1099.0,50.0
25540,8,Footwear,ceriz,2638.2167045910855,2299.0,44.84758845312988
25541,9,Footwear,skechers,5999.0,3599.0,40.0
25542,10,Footwear,tresmode,5000.0,2500.0,50.0
25543,11,Footwear,lemon & pepper,3499.0,2449.0,30.0
25544,12,Footwear,clarks,4999.0,2499.0,50.0
25545,13,Footwear,catwalk,2595.0,2076.0,20.0
25546,14,Footwear,clarks,7999.0,5599.0,30.0
25547,15,Footwear,catwalk,2495.0,1247.0,50.0
25548,16,Footwear,modare,4999.0,3499.0,30.0
25550,18,Footwear,catwalk,1695.0,847.0,50.0
25551,19,Footwear,estatos,1499.0,824.0,45.0
25552,20,Footwear,estatos,999.0,499.0,50.0
25553,21,Footwear,solethreads,2638.2167045910855,1299.0,44.84758845312988
25555,23,Footwear,estatos,999.0,499.0,50.0
25556,24,Footwear,estatos,1499.0,974.0,35.0
25557,25,Footwear,estatos,1199.0,779.0,35.0
25558,0,Footwear,estatos,1799.0,1079.0,40.0
25559,1,Footwear,adidas,2638.2167045910855,3999.0,44.84758845312988
25560,2,Footwear,von wellx,2638.2167045910855,2599.0,44.84758845312988
25561,3,Footwear,flipside,2638.2167045910855,499.0,44.84758845312988
25562,4,Footwear,adidas,2638.2167045910855,7999.0,44.84758845312988
25563,5,Footwear,clarks,4499.0,3149.0,30.0
25564,6,Footwear,haute curry,2199.0,1099.0,50.0
25565,7,Footwear,ceriz,2638.2167045910855,1799.0,44.84758845312988
25566,8,Footwear,lemon & pepper,2638.2167045910855,3499.0,44.84758845312988
25567,9,Footwear,haute curry,1999.0,999.0,50.0
25568,10,Footwear,haute curry,2999.0,1499.0,50.0
25569,11,Footwear,tresmode,2638.2167045910855,3999.0,44.84758845312988
25570,12,Footwear,w,2799.0,1679.0,40.0
25571,13,Footwear,haute curry,2399.0,1199.0,50.0
25572,14,Footwear,haute curry,2799.0,1959.0,30.0
25573,15,Footwear,lazera shoes,2638.2167045910855,3695.0,44.84758845312988
25574,16,Footwear,flipside,2638.2167045910855,499.0,44.84758845312988
25575,17,Footwear,shoetopia,2638.2167045910855,499.0,44.84758845312988
25576,18,Footwear,shoetopia,999.0,699.0,30.0
25577,19,Footwear,von wellx,2638.2167045910855,2899.0,44.84758845312988
25578,20,Footwear,lemon & pepper,2499.0,1249.0,50.0
25579,21,Footwear,puma,2638.2167045910855,3499.0,44.84758845312988
25581,23,Footwear,estatos,1499.0,749.0,50.0
25582,24,Footwear,catwalk,2295.0,1119.0,51.0
25583,25,Footwear,flipside,2638.2167045910855,399.0,44.84758845312988
25584,0,Footwear,inc.5,2290.0,1145.0,50.0
25585,1,Footwear,inc.5,1890.0,945.0,50.0
25586,2,Footwear,tresmode,2638.2167045910855,6990.0,44.84758845312988
25587,3,Footwear,skechers,2638.2167045910855,3499.0,44.84758845312988
25588,4,Footwear,ceriz,1699.0,1189.0,30.0
25589,5,Footwear,tresmode,2638.2167045910855,3200.0,44.84758845312988
25590,6,Footwear,catwalk,4095.0,3276.0,20.0
25591,7,Footwear,inc.5,2638.2167045910855,2190.0,44.84758845312988
25592,8,Footwear,lemon & pepper,3999.0,3399.0,15.0
25593,9,Footwear,monrow,2499.0,999.0,60.0
25594,10,Footwear,catwalk,2095.0,1047.0,50.0
25595,11,Footwear,lemon & pepper,2999.0,1499.0,50.0
25596,12,Footwear,shoetopia,999.0,699.0,30.0
25597,13,Footwear,shoetopia,999.0,799.0,20.0
25598,14,Footwear,shoetopia,799.0,499.0,38.0
25599,15,Footwear,puma,2638.2167045910855,1999.0,44.84758845312988
25600,16,Footwear,inc.5,2390.0,1195.0,50.0
25601,17,Footwear,shoetopia,999.0,499.0,50.0
25602,18,Footwear,lazera shoes,2638.2167045910855,2499.0,44.84758845312988
25603,19,Footwear,catwalk,2895.0,2316.0,20.0
25604,20,Footwear,lemon & pepper,2799.0,1399.0,50.0
25605,21,Footwear,lemon & pepper,2199.0,1539.0,30.0
25607,23,Footwear,reebok,5599.0,2799.0,50.0
25608,24,Footwear,tresmode,2638.2167045910855,4500.0,44.84758845312988
25609,25,Footwear,tresmode,2499.0,1249.0,50.0
25610,0,Footwear,catwalk,2595.0,2076.0,20.0
25611,1,Footwear,catwalk,2295.0,1836.0,20.0
25612,2,Footwear,lemon & pepper,2999.0,1499.0,50.0
25613,3,Footwear,lemon & pepper,2399.0,1199.0,50.0
25614,4,Footwear,puma,2638.2167045910855,5999.0,44.84758845312988
25615,5,Footwear,ceriz,1699.0,1189.0,30.0
25616,6,Footwear,modare,2638.2167045910855,3499.0,44.84758845312988
25617,7,Footwear,skechers,2638.2167045910855,2799.0,44.84758845312988
25618,8,Footwear,von wellx,2638.2167045910855,2799.0,44.84758845312988
25619,9,Footwear,estatos,1349.0,876.0,35.0
25620,10,Footwear,crocs,2638.2167045910855,2495.0,44.84758845312988
25621,11,Footwear,lemon & pepper,3299.0,1649.0,50.0
25622,12,Footwear,inc.5,1890.0,945.0,50.0
25623,13,Footwear,flipside,2638.2167045910855,499.0,44.84758845312988
25624,14,Footwear,tresmode,2799.0,2099.0,25.0
25625,15,Footwear,catwalk,2495.0,1996.0,20.0
25626,16,Footwear,lemon & pepper,2638.2167045910855,4999.0,44.84758845312988
25627,17,Footwear,catwalk,2295.0,1836.0,20.0
25628,18,Footwear,puma,2638.2167045910855,5999.0,44.84758845312988
25629,19,Footwear,skechers,5299.0,3179.0,40.0
25630,20,Footwear,inc.5,2638.2167045910855,2290.0,44.84758845312988
25631,21,Footwear,modare,3999.0,2799.0,30.0
25633,23,Footwear,lemon & pepper,2799.0,1399.0,50.0
25634,24,Footwear,inc.5,2090.0,1490.0,29.0
25635,25,Footwear,new balance,9999.0,6999.0,30.0
25636,0,Footwear,ceriz,1999.0,1399.0,30.0
25637,1,Footwear,inc.5,1790.0,1190.0,34.0
25638,2,Footwear,ceriz,2299.0,1379.0,40.0
25639,3,Footwear,estatos,1999.0,1099.0,45.0
25640,4,Footwear,shoetopia,2638.2167045910855,499.0,44.84758845312988
25641,5,Footwear,shoetopia,2638.2167045910855,499.0,44.84758845312988
25642,6,Footwear,shoetopia,2638.2167045910855,499.0,44.84758845312988
25643,7,Footwear,estatos,1199.0,719.0,40.0
25644,8,Footwear,estatos,1299.0,779.0,40.0
25645,9,Footwear,estatos,1299.0,649.0,50.0
25646,10,Footwear,tresmode,3600.0,1800.0,50.0
25647,11,Footwear,tresmode,5495.0,2747.0,50.0
25648,12,Footwear,clarks,4999.0,3499.0,30.0
25649,13,Footwear,ceriz,2199.0,1099.0,50.0
25650,14,Footwear,shoetopia,999.0,499.0,50.0
25651,15,Footwear,tresmode,4500.0,2250.0,50.0
25652,16,Footwear,catwalk,3095.0,2476.0,20.0
25653,17,Footwear,modare,3999.0,2799.0,30.0
25654,18,Footwear,haute curry,1999.0,999.0,50.0
25655,19,Footwear,modare,3499.0,2799.0,20.0
25656,20,Footwear,ceriz,2299.0,1609.0,30.0
25657,21,Footwear,puma,2638.2167045910855,1799.0,44.84758845312988
25659,23,Footwear,inc.5,2638.2167045910855,2290.0,44.84758845312988
25660,24,Footwear,haute curry,2799.0,1399.0,50.0
25661,25,Footwear,tresmode,4990.0,3742.0,25.0
25662,0,Footwear,von wellx,2638.2167045910855,2699.0,44.84758845312988
25663,1,Footwear,shoetopia,999.0,699.0,30.0
25664,2,Footwear,shoetopia,999.0,799.0,20.0
25665,3,Footwear,estatos,1899.0,1139.0,40.0
25666,4,Footwear,catwalk,3795.0,3036.0,20.0
25667,5,Footwear,modare,4799.0,3359.0,30.0
25668,6,Footwear,catwalk,1995.0,1596.0,20.0
25669,7,Footwear,monrow,2399.0,1199.0,50.0
25670,8,Footwear,solethreads,2638.2167045910855,699.0,44.84758845312988
25671,9,Footwear,lazera shoes,2638.2167045910855,2499.0,44.84758845312988
25672,10,Footwear,w,2638.2167045910855,2999.0,44.84758845312988
25673,11,Footwear,lemon & pepper,2999.0,1499.0,50.0
25674,12,Footwear,lemon & pepper,3299.0,1649.0,50.0
25675,13,Footwear,w,2299.0,1379.0,40.0
25676,14,Footwear,clarks,2638.2167045910855,4999.0,44.84758845312988
25677,15,Footwear,ceriz,2199.0,1539.0,30.0
25678,16,Footwear,von wellx,2638.2167045910855,2899.0,44.84758845312988
25679,17,Footwear,lemon & pepper,2638.2167045910855,3499.0,44.84758845312988
25680,18,Footwear,tresmode,3695.0,1847.0,50.0
25681,19,Footwear,modare,4499.0,3149.0,30.0
25682,20,Footwear,haute curry,2638.2167045910855,2399.0,44.84758845312988
25683,21,Footwear,lemon & pepper,3799.0,1899.0,50.0
25685,23,Footwear,estatos,999.0,649.0,35.0
25686,24,Footwear,guess,6999.0,3499.0,50.0
25687,25,Footwear,ceriz,1999.0,1199.0,40.0
25688,0,Footwear,catwalk,2395.0,1119.0,53.0
25689,1,Footwear,tresmode,2638.2167045910855,4595.0,44.84758845312988
25690,2,Footwear,catwalk,2695.0,2156.0,20.0
25691,3,Footwear,lemon & pepper,2399.0,1199.0,50.0
25693,5,Footwear,guess,6999.0,3499.0,50.0
25694,6,Footwear,flipside,2638.2167045910855,299.0,44.84758845312988
25695,7,Footwear,monrow,1999.0,999.0,50.0
25696,8,Footwear,lemon & pepper,2638.2167045910855,3499.0,44.84758845312988
25697,9,Footwear,tresmode,2638.2167045910855,6990.0,44.84758845312988
25698,10,Footwear,lemon & pepper,3499.0,1749.0,50.0
25699,11,Footwear,monrow,2299.0,1195.0,48.0
25700,12,Footwear,w,2638.2167045910855,3599.0,44.84758845312988
25701,13,Footwear,modare,2499.0,1249.0,50.0
25702,14,Footwear,skechers,5299.0,3179.0,40.0
25703,15,Footwear,modare,3799.0,2659.0,30.0
25704,16,Footwear,puma,2638.2167045910855,9999.0,44.84758845312988
25705,17,Footwear,estatos,999.0,499.0,50.0
25706,18,Footwear,estatos,2199.0,1319.0,40.0
25707,19,Footwear,shoetopia,2638.2167045910855,499.0,44.84758845312988
25708,20,Footwear,inc.5,1890.0,945.0,50.0
25709,21,Footwear,clarks,5499.0,2749.0,50.0
25711,23,Footwear,shoetopia,999.0,499.0,50.0
25712,24,Footwear,shoetopia,999.0,799.0,20.0
25713,25,Footwear,shoetopia,999.0,499.0,50.0
25714,0,Footwear,haute curry,2499.0,1249.0,50.0
25715,1,Footwear,modare,3799.0,2659.0,30.0
25716,2,Footwear,tresmode,2638.2167045910855,4595.0,44.84758845312988
25717,3,Footwear,modare,1999.0,799.0,60.0
25718,4,Footwear,reebok,3999.0,1999.0,50.0
25719,5,Footwear,adidas,2638.2167045910855,6599.0,44.84758845312988
25720,6,Footwear,flipside,2638.2167045910855,599.0,44.84758845312988
25721,7,Footwear,puma,2638.2167045910855,5499.0,44.84758845312988
25722,8,Footwear,monrow,2199.0,989.0,55.0
25724,10,Footwear,signature sole,2600.0,1820.0,30.0
25725,11,Footwear,lemon & pepper,3799.0,2659.0,30.0
25726,12,Footwear,inc.5,2190.0,1095.0,50.0
25727,13,Footwear,adidas,2638.2167045910855,6599.0,44.84758845312988
25728,14,Footwear,catwalk,2495.0,1996.0,20.0
25729,15,Footwear,catwalk,2695.0,1347.0,50.0
25730,16,Footwear,tresmode,2638.2167045910855,3900.0,44.84758845312988
25731,17,Footwear,catwalk,3495.0,2796.0,20.0
25732,18,Footwear,shoetopia,999.0,799.0,20.0
25733,19,Footwear,shoetopia,999.0,699.0,30.0
25734,20,Footwear,von wellx,2638.2167045910855,2699.0,44.84758845312988
25735,21,Footwear,shoetopia,999.0,699.0,30.0
25737,23,Footwear,shoetopia,999.0,499.0,50.0
25738,24,Footwear,lemon & pepper,3499.0,2799.0,20.0
25739,25,Footwear,inc.5,2190.0,1095.0,50.0
25740,0,Footwear,inc.5,2290.0,1145.0,50.0
25741,1,Footwear,puma,2638.2167045910855,5499.0,44.84758845312988
25742,2,Footwear,tresmode,2638.2167045910855,6500.0,44.84758845312988
25743,3,Footwear,lemon & pepper,2638.2167045910855,3799.0,44.84758845312988
25744,4,Footwear,haute curry,2199.0,1099.0,50.0
25745,5,Footwear,havaianas,2638.2167045910855,999.0,44.84758845312988
25746,6,Footwear,ceriz,1499.0,1049.0,30.0
25747,7,Footwear,signature sole,1500.0,1125.0,25.0
25748,8,Footwear,tresmode,2638.2167045910855,3600.0,44.84758845312988
25749,9,Footwear,puma,2638.2167045910855,1799.0,44.84758845312988
25750,10,Footwear,haute curry,1999.0,999.0,50.0
25751,11,Footwear,haute curry,1999.0,999.0,50.0
25752,12,Footwear,puma,2638.2167045910855,2799.0,44.84758845312988
25753,13,Footwear,catwalk,4095.0,3276.0,20.0
25754,14,Footwear,skechers,5499.0,3299.0,40.0
25755,15,Footwear,catwalk,2095.0,1676.0,20.0
25756,16,Footwear,catwalk,2395.0,1916.0,20.0
25757,17,Footwear,catwalk,2495.0,1996.0,20.0
25758,18,Footwear,haute curry,1999.0,999.0,50.0
25759,19,Footwear,estatos,1299.0,649.0,50.0
25760,20,Footwear,estatos,999.0,649.0,35.0
25761,21,Footwear,estatos,1499.0,974.0,35.0
25763,23,Footwear,estatos,1499.0,899.0,40.0
25764,24,Footwear,catwalk,2895.0,1447.0,50.0
25765,25,Footwear,shoetopia,999.0,499.0,50.0
25766,0,Footwear,catwalk,2595.0,2076.0,20.0
25767,1,Footwear,tresmode,3990.0,1995.0,50.0
25768,2,Footwear,haute curry,2499.0,1249.0,50.0
25769,3,Footwear,inc.5,1890.0,945.0,50.0
25770,4,Footwear,monrow,1899.0,892.0,53.0
25771,5,Footwear,haute curry,2999.0,2099.0,30.0
25772,6,Footwear,adidas,2638.2167045910855,3999.0,44.84758845312988
25773,7,Footwear,ceriz,2199.0,1099.0,50.0
25774,8,Footwear,inc.5,2638.2167045910855,1790.0,44.84758845312988
25775,9,Footwear,ceriz,1999.0,999.0,50.0
25777,11,Footwear,clarks,2638.2167045910855,3499.0,44.84758845312988
25778,12,Footwear,adidas,2638.2167045910855,9999.0,44.84758845312988
25779,13,Footwear,w,1799.0,1259.0,30.0
25780,14,Footwear,modare,4999.0,3499.0,30.0
25781,15,Footwear,catwalk,2895.0,1447.0,50.0
25782,16,Footwear,solethreads,2638.2167045910855,1299.0,44.84758845312988
25783,17,Footwear,shoetopia,2638.2167045910855,499.0,44.84758845312988
25784,18,Footwear,shoetopia,499.0,399.0,20.0
25785,19,Footwear,solethreads,2638.2167045910855,999.0,44.84758845312988
25786,20,Footwear,shoetopia,2638.2167045910855,499.0,44.84758845312988
25787,21,Footwear,estatos,1999.0,1099.0,45.0
25789,23,Footwear,lemon & pepper,3499.0,1749.0,50.0
25790,24,Footwear,estatos,1249.0,811.0,35.0
25791,25,Footwear,estatos,1599.0,1039.0,35.0
25792,0,Footwear,inc.5,1890.0,945.0,50.0
25793,1,Footwear,monrow,1899.0,892.0,53.0
25794,2,Footwear,shoetopia,999.0,699.0,30.0
25795,3,Footwear,inc.5,2638.2167045910855,1990.0,44.84758845312988
25796,4,Footwear,lemon & pepper,3999.0,1999.0,50.0
25797,5,Footwear,flipside,2638.2167045910855,699.0,44.84758845312988
25798,6,Footwear,clarks,4999.0,2999.0,40.0
25799,7,Footwear,adidas,2638.2167045910855,4599.0,44.84758845312988
25800,8,Footwear,lemon & pepper,2199.0,1539.0,30.0
25801,9,Footwear,adidas,2638.2167045910855,5999.0,44.84758845312988
25802,10,Footwear,lemon & pepper,3999.0,1999.0,50.0
25803,11,Footwear,lazera shoes,2638.2167045910855,1899.0,44.84758845312988
25804,12,Footwear,monrow,2399.0,1199.0,50.0
25805,13,Footwear,shoetopia,999.0,699.0,30.0
25806,14,Footwear,inc.5,2690.0,1345.0,50.0
25807,15,Footwear,catwalk,2695.0,1347.0,50.0
25808,16,Footwear,modare,4799.0,3359.0,30.0
25809,17,Footwear,inc.5,2690.0,1345.0,50.0
25810,18,Footwear,tresmode,5000.0,2500.0,50.0
25811,19,Footwear,shoetopia,999.0,499.0,50.0
25812,20,Footwear,shoetopia,999.0,899.0,10.0
25813,21,Footwear,w,1799.0,1079.0,40.0
25815,23,Footwear,lemon & pepper,2638.2167045910855,4999.0,44.84758845312988
25816,24,Footwear,catwalk,2795.0,2236.0,20.0
25817,25,Footwear,haute curry,2799.0,1399.0,50.0
25818,0,Footwear,catwalk,2595.0,2076.0,20.0
25819,1,Footwear,inc.5,1890.0,945.0,50.0
25820,2,Footwear,lazera shoes,2638.2167045910855,2495.0,44.84758845312988
25821,3,Footwear,catwalk,2495.0,1996.0,20.0
25822,4,Footwear,flipside,2638.2167045910855,499.0,44.84758845312988
25823,5,Footwear,inc.5,2638.2167045910855,2490.0,44.84758845312988
25824,6,Footwear,monrow,1699.0,798.0,53.0
25825,7,Footwear,catwalk,2695.0,1347.0,50.0
25826,8,Footwear,new balance,4999.0,3749.0,25.0
25827,9,Footwear,clarks,4999.0,3499.0,30.0
25828,10,Footwear,adidas,2638.2167045910855,2499.0,44.84758845312988
25829,11,Footwear,puma,2638.2167045910855,6499.0,44.84758845312988
25830,12,Footwear,inc.5,1690.0,845.0,50.0
25831,13,Footwear,catwalk,3995.0,3196.0,20.0
25832,14,Footwear,reebok,2099.0,1049.0,50.0
25833,15,Footwear,vento,2638.2167045910855,999.0,44.84758845312988
25834,16,Footwear,reebok,5599.0,2799.0,50.0
25835,17,Footwear,von wellx,2638.2167045910855,2499.0,44.84758845312988
25836,18,Footwear,haute curry,2638.2167045910855,1899.0,44.84758845312988
25837,19,Footwear,ceriz,2199.0,1539.0,30.0
25838,20,Footwear,haute curry,1999.0,999.0,50.0
25839,21,Footwear,w,1799.0,899.0,50.0
25841,23,Footwear,modare,3999.0,2799.0,30.0
25842,24,Footwear,lazera shoes,2638.2167045910855,2299.0,44.84758845312988
25843,25,Footwear,puma,2638.2167045910855,6999.0,44.84758845312988
25844,0,Footwear,solethreads,2638.2167045910855,699.0,44.84758845312988
25845,1,Footwear,estatos,1499.0,899.0,40.0
25846,2,Footwear,estatos,1499.0,974.0,35.0
25847,3,Footwear,inc.5,1890.0,945.0,50.0
25848,4,Footwear,catwalk,5495.0,4396.0,20.0
25849,5,Footwear,shoetopia,2638.2167045910855,499.0,44.84758845312988
25850,6,Footwear,shoetopia,999.0,799.0,20.0
25851,7,Footwear,estatos,1499.0,749.0,50.0
25852,8,Footwear,adidas,2638.2167045910855,5599.0,44.84758845312988
25853,9,Footwear,adidas,2638.2167045910855,3999.0,44.84758845312988
25854,10,Footwear,adidas,2638.2167045910855,6999.0,44.84758845312988
25855,11,Footwear,lemon & pepper,2999.0,2699.0,10.0
25856,12,Footwear,modare,2638.2167045910855,3499.0,44.84758845312988
25857,13,Footwear,doubleu,2638.2167045910855,1119.0,44.84758845312988
25858,14,Footwear,haute curry,2999.0,2099.0,30.0
25859,15,Footwear,modare,2638.2167045910855,3499.0,44.84758845312988
25860,16,Footwear,lemon & pepper,2638.2167045910855,2799.0,44.84758845312988
25861,17,Footwear,solethreads,2638.2167045910855,999.0,44.84758845312988
25862,18,Footwear,adidas,2638.2167045910855,7999.0,44.84758845312988
25863,19,Footwear,signature sole,2200.0,1430.0,35.0
25864,20,Footwear,crocs,2638.2167045910855,2495.0,44.84758845312988
25865,21,Footwear,catwalk,2895.0,2316.0,20.0
25867,23,Footwear,modare,3499.0,2449.0,30.0
25868,24,Footwear,inc.5,2638.2167045910855,2490.0,44.84758845312988
25869,25,Footwear,lemon & pepper,2499.0,1249.0,50.0
25870,0,Footwear,shoetopia,999.0,699.0,30.0
25871,1,Footwear,shoetopia,2638.2167045910855,499.0,44.84758845312988
25872,2,Footwear,reebok,2199.0,1099.0,50.0
25873,3,Footwear,estatos,2199.0,1099.0,50.0
25874,4,Footwear,estatos,1349.0,876.0,35.0
25875,5,Footwear,estatos,2199.0,1319.0,40.0
25876,6,Footwear,tresmode,5000.0,2500.0,50.0
25877,7,Footwear,inc.5,2638.2167045910855,2190.0,44.84758845312988
25878,8,Footwear,inc.5,1890.0,945.0,50.0
25879,9,Footwear,flipside,2638.2167045910855,499.0,44.84758845312988
25880,10,Footwear,monrow,1799.0,1295.0,28.0
25881,11,Footwear,solethreads,2638.2167045910855,599.0,44.84758845312988
25882,12,Footwear,lemon & pepper,3299.0,1649.0,50.0
25883,13,Footwear,w,2299.0,1379.0,40.0
25884,14,Footwear,modare,2638.2167045910855,2799.0,44.84758845312988
25885,15,Footwear,crocs,2638.2167045910855,2295.0,44.84758845312988
25886,16,Footwear,haute curry,4999.0,3499.0,30.0
25887,17,Footwear,clarks,8499.0,5949.0,30.0
25888,18,Footwear,inc.5,2638.2167045910855,1990.0,44.84758845312988
25889,19,Footwear,ceriz,1299.0,649.0,50.0
25890,20,Footwear,ceriz,2399.0,1439.0,40.0
25891,21,Footwear,catwalk,1995.0,1596.0,20.0
25893,23,Footwear,lemon & pepper,3999.0,1999.0,50.0
25894,24,Footwear,flipside,2638.2167045910855,599.0,44.84758845312988
25895,25,Footwear,stop,2638.2167045910855,5000.0,44.84758845312988
25896,0,Footwear,new balance,6499.0,4549.0,30.0
25897,1,Footwear,adidas,2638.2167045910855,5599.0,44.84758845312988
25898,2,Footwear,adidas,2638.2167045910855,3299.0,44.84758845312988
25899,3,Footwear,modare,4499.0,3149.0,30.0
25900,4,Footwear,catwalk,2895.0,2316.0,20.0
25901,5,Footwear,inc.5,2638.2167045910855,2690.0,44.84758845312988
25902,6,Footwear,estatos,1399.0,909.0,35.0
25903,7,Footwear,shoetopia,999.0,699.0,30.0
25904,8,Footwear,shoetopia,2638.2167045910855,499.0,44.84758845312988
25905,9,Footwear,shoetopia,999.0,899.0,10.0
25906,10,Footwear,shoetopia,999.0,499.0,50.0
25907,11,Footwear,inc.5,1890.0,945.0,50.0
25908,12,Footwear,signature sole,2400.0,1560.0,35.0
25909,13,Footwear,puma,2638.2167045910855,3999.0,44.84758845312988
25910,14,Footwear,shoetopia,2638.2167045910855,499.0,44.84758845312988
25911,15,Footwear,shoetopia,2638.2167045910855,499.0,44.84758845312988
25912,16,Footwear,lazera shoes,2638.2167045910855,1795.0,44.84758845312988
25913,17,Footwear,catwalk,4295.0,3436.0,20.0
25914,18,Footwear,crocs,2638.2167045910855,3495.0,44.84758845312988
25915,19,Footwear,haute curry,2638.2167045910855,2399.0,44.84758845312988
25916,20,Footwear,modare,3499.0,2799.0,20.0
25917,21,Footwear,lemon & pepper,2638.2167045910855,3499.0,44.84758845312988
25919,23,Footwear,stop,2638.2167045910855,5000.0,44.84758845312988
25920,24,Footwear,puma,2638.2167045910855,1799.0,44.84758845312988
25921,25,Footwear,clarks,2638.2167045910855,8499.0,44.84758845312988
25922,0,Footwear,lemon & pepper,3299.0,1649.0,50.0
25923,1,Footwear,tresmode,2638.2167045910855,3900.0,44.84758845312988
25924,2,Footwear,adidas,2638.2167045910855,4299.0,44.84758845312988
25925,3,Footwear,w,2638.2167045910855,1049.0,44.84758845312988
25926,4,Footwear,skechers,2638.2167045910855,5999.0,44.84758845312988
25927,5,Footwear,haute curry,2638.2167045910855,2199.0,44.84758845312988
25928,6,Footwear,tresmode,2638.2167045910855,6990.0,44.84758845312988
25929,7,Footwear,clarks,2638.2167045910855,4999.0,44.84758845312988
25930,8,Footwear,adidas,2638.2167045910855,6999.0,44.84758845312988
25931,9,Footwear,reebok,4599.0,2299.0,50.0
25932,10,Footwear,adidas,2638.2167045910855,4599.0,44.84758845312988
25933,11,Footwear,shoetopia,2638.2167045910855,499.0,44.84758845312988
25934,12,Footwear,estatos,1299.0,649.0,50.0
25935,13,Footwear,lazera shoes,2638.2167045910855,999.0,44.84758845312988
25936,14,Footwear,von wellx,2638.2167045910855,2999.0,44.84758845312988
25937,15,Footwear,tresmode,3900.0,2925.0,25.0
25938,16,Footwear,w,2638.2167045910855,3299.0,44.84758845312988
25939,17,Footwear,adidas,2638.2167045910855,5599.0,44.84758845312988
25940,18,Footwear,monrow,1999.0,999.0,50.0
25941,19,Footwear,lemon & pepper,2638.2167045910855,2499.0,44.84758845312988
25942,20,Footwear,inc.5,2638.2167045910855,2290.0,44.84758845312988
25943,21,Footwear,lemon & pepper,2499.0,1749.0,30.0
25945,23,Footwear,modare,4999.0,3499.0,30.0
25946,24,Footwear,w,1799.0,1259.0,30.0
25947,25,Footwear,inc.5,1890.0,945.0,50.0
25948,0,Footwear,clarks,8499.0,5949.0,30.0
25949,1,Footwear,lemon & pepper,2999.0,1499.0,50.0
25950,2,Footwear,ceriz,2699.0,1619.0,40.0
25951,3,Footwear,new balance,8499.0,5949.0,30.0
25952,4,Footwear,lemon & pepper,2638.2167045910855,3499.0,44.84758845312988
25953,5,Footwear,lemon & pepper,2638.2167045910855,2499.0,44.84758845312988
25954,6,Footwear,lemon & pepper,2999.0,1499.0,50.0
25955,7,Footwear,modare,3499.0,2449.0,30.0
25956,8,Footwear,skechers,2638.2167045910855,4999.0,44.84758845312988
25957,9,Footwear,ceriz,2299.0,1609.0,30.0
25958,10,Footwear,catwalk,3695.0,2956.0,20.0
25959,11,Footwear,adidas,2638.2167045910855,1299.0,44.84758845312988
25960,12,Footwear,ceriz,1999.0,1399.0,30.0
25961,13,Footwear,ceriz,1499.0,1049.0,30.0
25962,14,Footwear,modare,3999.0,2799.0,30.0
25963,15,Footwear,tresmode,2638.2167045910855,3600.0,44.84758845312988
25964,16,Footwear,inc.5,1890.0,1190.0,37.0
25965,17,Footwear,shoetopia,999.0,899.0,10.0
25966,18,Footwear,shoetopia,1995.0,899.0,55.0
25967,19,Footwear,lemon & pepper,3299.0,1649.0,50.0
25968,20,Footwear,estatos,1799.0,1079.0,40.0
25969,21,Footwear,monrow,1899.0,892.0,53.0
25971,23,Footwear,haute curry,1999.0,999.0,50.0
25972,24,Footwear,ceriz,2699.0,1619.0,40.0
25973,25,Footwear,shoetopia,699.0,499.0,29.0
25974,0,Footwear,lazera shoes,2638.2167045910855,1995.0,44.84758845312988
25975,1,Footwear,ceriz,2638.2167045910855,1899.0,44.84758845312988
25976,2,Footwear,inc.5,2590.0,1295.0,50.0
25977,3,Footwear,adidas,2638.2167045910855,6599.0,44.84758845312988
25978,4,Footwear,inc.5,2638.2167045910855,1990.0,44.84758845312988
25979,5,Footwear,lazera shoes,2638.2167045910855,2599.0,44.84758845312988
25980,6,Footwear,clarks,5999.0,4199.0,30.0
25981,7,Footwear,skechers,2638.2167045910855,4299.0,44.84758845312988
25982,8,Footwear,crocs,2638.2167045910855,2495.0,44.84758845312988
25983,9,Footwear,doubleu,2638.2167045910855,1119.0,44.84758845312988
25984,10,Footwear,catwalk,1695.0,1356.0,20.0
25985,11,Footwear,flipside,2638.2167045910855,249.0,44.84758845312988
25986,12,Footwear,w,2638.2167045910855,2299.0,44.84758845312988
25987,13,Footwear,modare,3499.0,2449.0,30.0
25988,14,Footwear,shoetopia,1995.0,899.0,55.0
25989,15,Footwear,shoetopia,2638.2167045910855,499.0,44.84758845312988
25990,16,Footwear,estatos,1899.0,1234.0,35.0
25991,17,Footwear,puma,2638.2167045910855,3999.0,44.84758845312988
25992,18,Footwear,von wellx,2638.2167045910855,2499.0,44.84758845312988
25993,19,Footwear,catwalk,2095.0,599.0,71.0
25994,20,Footwear,inc.5,2290.0,1145.0,50.0
25995,21,Footwear,puma,2638.2167045910855,6999.0,44.84758845312988
25997,23,Footwear,monrow,2638.2167045910855,3999.0,44.84758845312988
25998,24,Footwear,w,2999.0,1499.0,50.0
25999,25,Footwear,shoetopia,999.0,499.0,50.0
26000,0,Footwear,shoetopia,999.0,799.0,20.0
26001,1,Footwear,adidas,2638.2167045910855,5599.0,44.84758845312988
26002,2,Footwear,ceriz,2638.2167045910855,2199.0,44.84758845312988
26003,3,Footwear,ceriz,2499.0,1249.0,50.0
26004,4,Footwear,catwalk,2595.0,1297.0,50.0
26005,5,Footwear,ceriz,1899.0,949.0,50.0
26006,6,Footwear,signature sole,2800.0,1680.0,40.0
26007,7,Footwear,haute curry,1999.0,999.0,50.0
26008,8,Footwear,lazera shoes,2638.2167045910855,1899.0,44.84758845312988
26009,9,Footwear,lazera shoes,2638.2167045910855,2995.0,44.84758845312988
26010,10,Footwear,inc.5,2590.0,1490.0,42.0
26011,11,Footwear,tresmode,2638.2167045910855,2300.0,44.84758845312988
26012,12,Footwear,havaianas,2638.2167045910855,1499.0,44.84758845312988
26013,13,Footwear,catwalk,2695.0,2156.0,20.0
26014,14,Footwear,lemon & pepper,3999.0,3399.0,15.0
26015,15,Footwear,monrow,2638.2167045910855,2799.0,44.84758845312988
26016,16,Footwear,new balance,9499.0,6649.0,30.0
26017,17,Footwear,monrow,2638.2167045910855,2199.0,44.84758845312988
26018,18,Footwear,shoetopia,999.0,699.0,30.0
26019,19,Footwear,solethreads,2638.2167045910855,999.0,44.84758845312988
26020,20,Footwear,w,2638.2167045910855,2299.0,44.84758845312988
26021,21,Footwear,tresmode,2638.2167045910855,5495.0,44.84758845312988
26023,23,Footwear,catwalk,2495.0,1996.0,20.0
26024,24,Footwear,shoetopia,999.0,799.0,20.0
26025,25,Footwear,flipside,2638.2167045910855,399.0,44.84758845312988
26026,0,Footwear,puma,2638.2167045910855,3799.0,44.84758845312988
26027,1,Footwear,flipside,2638.2167045910855,399.0,44.84758845312988
26028,2,Footwear,lemon & pepper,2499.0,1749.0,30.0
26029,3,Footwear,modare,6999.0,4899.0,30.0
26030,4,Footwear,clarks,6999.0,5599.0,20.0
26031,5,Footwear,lemon & pepper,2638.2167045910855,3799.0,44.84758845312988
26032,6,Footwear,tresmode,2799.0,2099.0,25.0
26033,7,Footwear,tresmode,3990.0,1995.0,50.0
26034,8,Footwear,w,2799.0,1399.0,50.0
26035,9,Footwear,solethreads,2638.2167045910855,999.0,44.84758845312988
26036,10,Footwear,catwalk,2895.0,2316.0,20.0
26037,11,Footwear,inc.5,1890.0,945.0,50.0
26038,12,Footwear,ceriz,1999.0,999.0,50.0
26039,13,Footwear,reebok,2799.0,1399.0,50.0
26040,14,Footwear,signature sole,2100.0,1680.0,20.0
26041,15,Footwear,shoetopia,2638.2167045910855,499.0,44.84758845312988
26042,16,Footwear,estatos,1399.0,909.0,35.0
26043,17,Footwear,lemon & pepper,2799.0,2379.0,15.0
26044,18,Footwear,modare,2999.0,2399.0,20.0
26045,19,Footwear,modare,3799.0,2659.0,30.0
26046,20,Footwear,lemon & pepper,2638.2167045910855,2499.0,44.84758845312988
26047,21,Footwear,puma,2638.2167045910855,5499.0,44.84758845312988
26049,23,Footwear,tresmode,5000.0,2500.0,50.0
26050,24,Footwear,lemon & pepper,3299.0,2474.0,25.0
26051,25,Footwear,signature sole,1700.0,1275.0,25.0
26052,0,Footwear,catwalk,3895.0,3116.0,20.0
26053,1,Footwear,signature sole,3000.0,2250.0,25.0
26054,2,Footwear,skechers,6999.0,4199.0,40.0
26055,3,Footwear,modare,2638.2167045910855,3499.0,44.84758845312988
26056,4,Footwear,w,2638.2167045910855,2599.0,44.84758845312988
26057,5,Footwear,w,2299.0,1379.0,40.0
26058,6,Footwear,guess,4999.0,2499.0,50.0
26059,7,Footwear,monrow,2299.0,1310.0,43.0
26060,8,Footwear,modare,2999.0,2399.0,20.0
26061,9,Footwear,puma,2638.2167045910855,2999.0,44.84758845312988
26062,10,Footwear,modare,2638.2167045910855,3499.0,44.84758845312988
26063,11,Footwear,haute curry,2499.0,1249.0,50.0
26064,12,Footwear,reebok,3999.0,1999.0,50.0
26065,13,Footwear,flipside,2638.2167045910855,399.0,44.84758845312988
26066,14,Footwear,reebok,4599.0,2299.0,50.0
26067,15,Footwear,estatos,1599.0,799.0,50.0
26068,16,Footwear,haute curry,2638.2167045910855,1699.0,44.84758845312988
26069,17,Footwear,shoetopia,1995.0,899.0,55.0
26070,18,Footwear,shoetopia,999.0,799.0,20.0
26071,19,Footwear,shoetopia,2638.2167045910855,499.0,44.84758845312988
26072,20,Footwear,estatos,1499.0,974.0,35.0
26073,21,Footwear,inc.5,1890.0,945.0,50.0
26075,23,Footwear,monrow,2999.0,989.0,67.0
26076,24,Footwear,puma,2638.2167045910855,5999.0,44.84758845312988
26077,25,Footwear,von wellx,2638.2167045910855,2999.0,44.84758845312988
26078,0,Footwear,catwalk,2495.0,1996.0,20.0
26079,1,Footwear,puma,2638.2167045910855,3499.0,44.84758845312988
26080,2,Footwear,shoetopia,799.0,499.0,38.0
26081,3,Footwear,modare,3999.0,2799.0,30.0
26082,4,Footwear,skechers,5999.0,2999.0,50.0
26083,5,Footwear,lemon & pepper,3299.0,2969.0,10.0
26084,6,Footwear,puma,2638.2167045910855,9999.0,44.84758845312988
26085,7,Footwear,modare,3999.0,2799.0,30.0
26086,8,Footwear,tresmode,2638.2167045910855,5000.0,44.84758845312988
26087,9,Footwear,lemon & pepper,2638.2167045910855,3799.0,44.84758845312988
26088,10,Footwear,catwalk,2695.0,1347.0,50.0
26089,11,Footwear,clarks,6999.0,5599.0,20.0
26090,12,Footwear,haute curry,1699.0,849.0,50.0
26091,13,Footwear,solethreads,2638.2167045910855,499.0,44.84758845312988
26092,14,Footwear,puma,2638.2167045910855,2499.0,44.84758845312988
26093,15,Footwear,puma,2638.2167045910855,3999.0,44.84758845312988
26094,16,Footwear,w,2638.2167045910855,1049.0,44.84758845312988
26095,17,Footwear,puma,2638.2167045910855,5499.0,44.84758845312988
26096,18,Footwear,puma,2638.2167045910855,5499.0,44.84758845312988
26097,19,Footwear,estatos,1299.0,649.0,50.0
26098,20,Footwear,estatos,1499.0,974.0,35.0
26099,21,Footwear,estatos,2699.0,1349.0,50.0
26101,23,Footwear,estatos,1599.0,1039.0,35.0
26102,24,Footwear,estatos,1699.0,1019.0,40.0
26103,25,Footwear,reebok,4999.0,2499.0,50.0
26104,0,Footwear,von wellx,2638.2167045910855,2999.0,44.84758845312988
26105,1,Footwear,shoetopia,999.0,699.0,30.0
26106,2,Footwear,shoetopia,699.0,499.0,29.0
26107,3,Footwear,shoetopia,999.0,799.0,20.0
26108,4,Footwear,puma,2638.2167045910855,3999.0,44.84758845312988
26109,5,Footwear,clarks,2638.2167045910855,5499.0,44.84758845312988
26110,6,Footwear,tresmode,2638.2167045910855,4500.0,44.84758845312988
26111,7,Footwear,von wellx,2638.2167045910855,2599.0,44.84758845312988
26112,8,Footwear,catwalk,3095.0,2476.0,20.0
26113,9,Footwear,clarks,2638.2167045910855,5999.0,44.84758845312988
26114,10,Footwear,lazera shoes,2638.2167045910855,3695.0,44.84758845312988
26115,11,Footwear,signature sole,3100.0,2170.0,30.0
26116,12,Footwear,modare,1999.0,799.0,60.0
26117,13,Footwear,modare,2638.2167045910855,3499.0,44.84758845312988
26118,14,Footwear,skechers,5999.0,3599.0,40.0
26119,15,Footwear,puma,2638.2167045910855,799.0,44.84758845312988
26120,16,Footwear,w,2638.2167045910855,2999.0,44.84758845312988
26121,17,Footwear,lemon & pepper,3999.0,1999.0,50.0
26122,18,Footwear,guess,2999.0,1499.0,50.0
26123,19,Footwear,modare,3499.0,2799.0,20.0
26124,20,Footwear,ceriz,2499.0,1749.0,30.0
26125,21,Footwear,ceriz,2299.0,1149.0,50.0
26127,23,Footwear,tresmode,2638.2167045910855,4595.0,44.84758845312988
26128,24,Footwear,tresmode,2638.2167045910855,3200.0,44.84758845312988
26129,25,Footwear,reebok,2799.0,1399.0,50.0
26130,0,Footwear,solethreads,2638.2167045910855,999.0,44.84758845312988
26131,1,Footwear,shoetopia,999.0,499.0,50.0
26132,2,Footwear,von wellx,2638.2167045910855,3199.0,44.84758845312988
26133,3,Footwear,shoetopia,999.0,499.0,50.0
26134,4,Footwear,shoetopia,999.0,499.0,50.0
26135,5,Footwear,shoetopia,999.0,699.0,30.0
26136,6,Footwear,estatos,1499.0,749.0,50.0
26137,7,Footwear,haute curry,2499.0,1249.0,50.0
26138,8,Footwear,estatos,999.0,599.0,40.0
26139,9,Footwear,modare,4999.0,3499.0,30.0
26140,10,Footwear,ceriz,1799.0,899.0,50.0
26141,11,Footwear,shoetopia,999.0,799.0,20.0
26142,12,Footwear,modare,4999.0,3499.0,30.0
26143,13,Footwear,tresmode,2799.0,1399.0,50.0
26144,14,Footwear,tresmode,2638.2167045910855,6900.0,44.84758845312988
26145,15,Footwear,lazera shoes,2638.2167045910855,1695.0,44.84758845312988
26146,16,Footwear,lemon & pepper,3999.0,1999.0,50.0
26147,17,Footwear,lemon & pepper,3499.0,1749.0,50.0
26148,18,Footwear,haute curry,2638.2167045910855,2999.0,44.84758845312988
26149,19,Footwear,clarks,8499.0,5099.0,40.0
26150,20,Footwear,adidas,2638.2167045910855,3599.0,44.84758845312988
26151,21,Footwear,skechers,5499.0,3299.0,40.0
26153,23,Footwear,lazera shoes,2638.2167045910855,2599.0,44.84758845312988
26154,24,Footwear,catwalk,2795.0,2236.0,20.0
26155,25,Footwear,puma,2638.2167045910855,5999.0,44.84758845312988
26156,0,Footwear,doubleu,2638.2167045910855,1119.0,44.84758845312988
26157,1,Footwear,lazera shoes,2638.2167045910855,2499.0,44.84758845312988
26158,2,Footwear,ceriz,1499.0,749.0,50.0
26159,3,Footwear,lemon & pepper,2799.0,1959.0,30.0
26160,4,Footwear,catwalk,2795.0,2236.0,20.0
26161,5,Footwear,lemon & pepper,2499.0,1249.0,50.0
26162,6,Footwear,inc.5,1890.0,661.0,65.0
26163,7,Footwear,catwalk,2295.0,1836.0,20.0
26164,8,Footwear,monrow,2638.2167045910855,2899.0,44.84758845312988
26165,9,Footwear,monrow,2638.2167045910855,2799.0,44.84758845312988
26166,10,Footwear,ceriz,1799.0,899.0,50.0
26167,11,Footwear,shoetopia,2638.2167045910855,499.0,44.84758845312988
26168,12,Footwear,shoetopia,999.0,599.0,40.0
26169,13,Footwear,shoetopia,2638.2167045910855,499.0,44.84758845312988
26170,14,Footwear,shoetopia,999.0,499.0,50.0
26171,15,Footwear,catwalk,2395.0,1916.0,20.0
26172,16,Footwear,adidas,2638.2167045910855,4999.0,44.84758845312988
26173,17,Footwear,adidas,2638.2167045910855,3799.0,44.84758845312988
26174,18,Footwear,w,2638.2167045910855,1599.0,44.84758845312988
26175,19,Footwear,lazera shoes,2638.2167045910855,1895.0,44.84758845312988
26176,20,Footwear,lazera shoes,2638.2167045910855,1795.0,44.84758845312988
26177,21,Footwear,modare,2638.2167045910855,3499.0,44.84758845312988
26179,23,Footwear,modare,4499.0,3149.0,30.0
26180,24,Footwear,adidas,2638.2167045910855,3999.0,44.84758845312988
26181,25,Footwear,lemon & pepper,3799.0,1899.0,50.0
26182,0,Footwear,lemon & pepper,2638.2167045910855,3499.0,44.84758845312988
26183,1,Footwear,lemon & pepper,2799.0,1399.0,50.0
26184,2,Footwear,puma,2638.2167045910855,5499.0,44.84758845312988
26185,3,Footwear,skechers,2638.2167045910855,6499.0,44.84758845312988
26186,4,Footwear,puma,2638.2167045910855,6499.0,44.84758845312988
26187,5,Footwear,ceriz,2399.0,1199.0,50.0
26188,6,Footwear,catwalk,3095.0,1547.0,50.0
26189,7,Footwear,puma,2638.2167045910855,1799.0,44.84758845312988
26190,8,Footwear,adidas,2638.2167045910855,5999.0,44.84758845312988
26191,9,Footwear,lemon & pepper,2638.2167045910855,3299.0,44.84758845312988
26192,10,Footwear,lazera shoes,2638.2167045910855,1999.0,44.84758845312988
26193,11,Footwear,flipside,2638.2167045910855,399.0,44.84758845312988
26194,12,Footwear,catwalk,2895.0,2316.0,20.0
26195,13,Footwear,lemon & pepper,3499.0,1749.0,50.0
26196,14,Footwear,catwalk,3295.0,1647.0,50.0
26197,15,Footwear,inc.5,1890.0,1190.0,37.0
26198,16,Footwear,estatos,1799.0,899.0,50.0
26200,18,Footwear,solethreads,2638.2167045910855,999.0,44.84758845312988
26201,19,Footwear,shoetopia,2638.2167045910855,499.0,44.84758845312988
26202,20,Footwear,shoetopia,999.0,799.0,20.0
26203,21,Footwear,shoetopia,2638.2167045910855,499.0,44.84758845312988
26205,23,Footwear,estatos,1449.0,869.0,40.0
26206,24,Footwear,estatos,1399.0,909.0,35.0
26207,25,Footwear,estatos,1599.0,799.0,50.0
26208,0,Footwear,inc.5,2490.0,1245.0,50.0
26209,1,Footwear,shoetopia,999.0,899.0,10.0
26210,2,Footwear,shoetopia,2638.2167045910855,499.0,44.84758845312988
26211,3,Footwear,shoetopia,999.0,599.0,40.0
26212,4,Footwear,shoetopia,2638.2167045910855,499.0,44.84758845312988
26213,5,Footwear,modare,2638.2167045910855,3499.0,44.84758845312988
26214,6,Footwear,modare,3499.0,2449.0,30.0
26215,7,Footwear,adidas,2638.2167045910855,5599.0,44.84758845312988
26216,8,Footwear,lemon & pepper,2999.0,1499.0,50.0
26217,9,Footwear,modare,3999.0,2799.0,30.0
26218,10,Footwear,inc.5,2638.2167045910855,2490.0,44.84758845312988
26219,11,Footwear,haute curry,1999.0,999.0,50.0
26220,12,Footwear,clarks,2638.2167045910855,5999.0,44.84758845312988
26221,13,Footwear,lemon & pepper,2999.0,1499.0,50.0
26222,14,Footwear,tresmode,2638.2167045910855,6990.0,44.84758845312988
26223,15,Footwear,lazera shoes,2638.2167045910855,2195.0,44.84758845312988
26224,16,Footwear,lemon & pepper,2999.0,1499.0,50.0
26225,17,Footwear,ceriz,1999.0,999.0,50.0
26226,18,Footwear,tresmode,2638.2167045910855,3900.0,44.84758845312988
26227,19,Footwear,monrow,2299.0,1310.0,43.0
26228,20,Footwear,guess,6999.0,3499.0,50.0
26229,21,Footwear,monrow,2299.0,1149.0,50.0
26231,23,Footwear,adidas,2638.2167045910855,4599.0,44.84758845312988
26232,24,Footwear,modare,2799.0,1399.0,50.0
26233,25,Footwear,inc.5,2638.2167045910855,1890.0,44.84758845312988
26234,0,Footwear,guess,2999.0,1499.0,50.0
26235,1,Footwear,modare,3999.0,2799.0,30.0
26236,2,Footwear,shoetopia,2638.2167045910855,499.0,44.84758845312988
26237,3,Footwear,shoetopia,2638.2167045910855,499.0,44.84758845312988
26238,4,Footwear,modare,2299.0,1149.0,50.0
26239,5,Footwear,ceriz,1599.0,1119.0,30.0
26240,6,Footwear,lemon & pepper,2638.2167045910855,4499.0,44.84758845312988
26241,7,Footwear,signature sole,2400.0,1560.0,35.0
26242,8,Footwear,tresmode,2638.2167045910855,3200.0,44.84758845312988
26243,9,Footwear,w,2638.2167045910855,1049.0,44.84758845312988
26244,10,Footwear,signature sole,1500.0,1125.0,25.0
26245,11,Footwear,modare,2999.0,2099.0,30.0
26246,12,Footwear,clarks,2638.2167045910855,4499.0,44.84758845312988
26247,13,Footwear,monrow,2638.2167045910855,1699.0,44.84758845312988
26248,14,Footwear,lemon & pepper,2799.0,1959.0,30.0
26249,15,Footwear,ceriz,2299.0,1609.0,30.0
26250,16,Footwear,skechers,4999.0,2999.0,40.0
26251,17,Footwear,modare,4499.0,3149.0,30.0
26252,18,Footwear,tresmode,2638.2167045910855,3000.0,44.84758845312988
26253,19,Footwear,haute curry,2199.0,1099.0,50.0
26254,20,Footwear,w,2638.2167045910855,2999.0,44.84758845312988
26255,21,Footwear,lemon & pepper,4499.0,3599.0,20.0
26257,23,Footwear,clarks,8999.0,5399.0,40.0
26258,24,Footwear,adidas,2638.2167045910855,5999.0,44.84758845312988
26259,25,Footwear,monrow,2599.0,1299.0,50.0
26260,0,Footwear,w,2638.2167045910855,1799.0,44.84758845312988
26261,1,Footwear,modare,4999.0,3499.0,30.0
26262,2,Footwear,modare,2499.0,1249.0,50.0
26263,3,Footwear,signature sole,1400.0,910.0,35.0
26264,4,Footwear,monrow,2466.0,1183.0,52.0
26265,5,Footwear,shoetopia,2638.2167045910855,499.0,44.84758845312988
26266,6,Footwear,shoetopia,999.0,899.0,10.0
26267,7,Footwear,shoetopia,1995.0,1495.0,25.0
26268,8,Footwear,shoetopia,2638.2167045910855,499.0,44.84758845312988
26269,9,Footwear,shoetopia,999.0,499.0,50.0
26270,10,Footwear,vento,2638.2167045910855,999.0,44.84758845312988
26271,11,Footwear,lemon & pepper,3999.0,3199.0,20.0
26272,12,Footwear,flipside,2638.2167045910855,399.0,44.84758845312988
26273,13,Footwear,lemon & pepper,2638.2167045910855,4499.0,44.84758845312988
26274,14,Footwear,inc.5,1990.0,995.0,50.0
26275,15,Footwear,modare,4999.0,3499.0,30.0
26276,16,Footwear,ceriz,1999.0,999.0,50.0
26277,17,Footwear,havaianas,2638.2167045910855,999.0,44.84758845312988
26278,18,Footwear,shoetopia,999.0,899.0,10.0
26279,19,Footwear,shoetopia,2638.2167045910855,499.0,44.84758845312988
26280,20,Footwear,catwalk,4295.0,3436.0,20.0
26281,21,Footwear,skechers,5999.0,3599.0,40.0
26283,23,Footwear,modare,2999.0,2399.0,20.0
26284,24,Footwear,clarks,2638.2167045910855,4499.0,44.84758845312988
26285,25,Footwear,catwalk,2095.0,1676.0,20.0
26286,0,Footwear,ceriz,2199.0,1319.0,40.0
26287,1,Footwear,tresmode,2638.2167045910855,3900.0,44.84758845312988
26288,2,Footwear,tresmode,2638.2167045910855,3900.0,44.84758845312988
26289,3,Footwear,flipside,2638.2167045910855,599.0,44.84758845312988
26290,4,Footwear,clarks,5499.0,4399.0,20.0
26291,5,Footwear,modare,4999.0,3499.0,30.0
26292,6,Footwear,adidas,2638.2167045910855,9999.0,44.84758845312988
26293,7,Footwear,lemon & pepper,2638.2167045910855,3799.0,44.84758845312988
26294,8,Footwear,tresmode,2638.2167045910855,3900.0,44.84758845312988
26295,9,Footwear,skechers,4999.0,2999.0,40.0
26296,10,Footwear,modare,2999.0,2099.0,30.0
26297,11,Footwear,tresmode,2638.2167045910855,6990.0,44.84758845312988
26298,12,Footwear,signature sole,2400.0,1560.0,35.0
26299,13,Footwear,vento,2638.2167045910855,999.0,44.84758845312988
26300,14,Footwear,signature sole,1500.0,1125.0,25.0
26301,15,Footwear,tresmode,2638.2167045910855,2300.0,44.84758845312988
26302,16,Footwear,reebok,4599.0,2299.0,50.0
26303,17,Footwear,puma,2638.2167045910855,5999.0,44.84758845312988
26304,18,Footwear,signature sole,1500.0,1125.0,25.0
26305,19,Footwear,catwalk,1995.0,1596.0,20.0
26306,20,Footwear,lemon & pepper,3499.0,1749.0,50.0
26307,21,Footwear,estatos,1499.0,974.0,35.0
26309,23,Footwear,monrow,1899.0,1196.0,37.0
26310,24,Footwear,w,2638.2167045910855,3999.0,44.84758845312988
26311,25,Footwear,haute curry,2499.0,1249.0,50.0
26312,0,Footwear,tresmode,2638.2167045910855,3900.0,44.84758845312988
26313,1,Footwear,shoetopia,2638.2167045910855,499.0,44.84758845312988
26314,2,Footwear,shoetopia,2638.2167045910855,499.0,44.84758845312988
26315,3,Footwear,shoetopia,699.0,499.0,29.0
26316,4,Footwear,modare,4999.0,3499.0,30.0
26317,5,Footwear,adidas,2638.2167045910855,6999.0,44.84758845312988
26318,6,Footwear,lemon & pepper,2799.0,1959.0,30.0
26319,7,Footwear,von wellx,2638.2167045910855,2999.0,44.84758845312988
26320,8,Footwear,tresmode,3900.0,2925.0,25.0
26321,9,Footwear,signature sole,2400.0,1320.0,45.0
26322,10,Footwear,inc.5,1890.0,945.0,50.0
26323,11,Footwear,ceriz,1799.0,1259.0,30.0
26324,12,Footwear,von wellx,2638.2167045910855,2599.0,44.84758845312988
26325,13,Footwear,clarks,2638.2167045910855,8999.0,44.84758845312988
26326,14,Footwear,doubleu,2638.2167045910855,1119.0,44.84758845312988
26327,15,Footwear,guess,2999.0,1499.0,50.0
26328,16,Footwear,monrow,2499.0,999.0,60.0
26329,17,Footwear,haute curry,2199.0,1099.0,50.0
26330,18,Footwear,signature sole,1500.0,1125.0,25.0
26331,19,Footwear,monrow,1899.0,949.0,50.0
26332,20,Footwear,lemon & pepper,3999.0,3399.0,15.0
26333,21,Footwear,modare,3999.0,2799.0,30.0
26335,23,Footwear,monrow,1899.0,949.0,50.0
26336,24,Footwear,haute curry,2499.0,1249.0,50.0
26337,25,Footwear,reebok,6599.0,3299.0,50.0
26338,0,Footwear,puma,2638.2167045910855,6499.0,44.84758845312988
26339,1,Footwear,haute curry,2499.0,1249.0,50.0
26340,2,Footwear,puma,2638.2167045910855,5499.0,44.84758845312988
26341,3,Footwear,reebok,5599.0,2799.0,50.0
26342,4,Footwear,lemon & pepper,3299.0,2474.0,25.0
26343,5,Footwear,lemon & pepper,1999.0,999.0,50.0
26344,6,Footwear,modare,3499.0,2799.0,20.0
26345,7,Footwear,inc.5,2990.0,1490.0,50.0
26346,8,Footwear,clarks,2638.2167045910855,8499.0,44.84758845312988
26347,9,Footwear,haute curry,2799.0,1399.0,50.0
26348,10,Footwear,lemon & pepper,2638.2167045910855,2499.0,44.84758845312988
26349,11,Footwear,solethreads,2638.2167045910855,599.0,44.84758845312988
26350,12,Footwear,catwalk,2895.0,1447.0,50.0
26351,13,Footwear,clarks,2638.2167045910855,4499.0,44.84758845312988
26352,14,Footwear,shoetopia,999.0,699.0,30.0
26353,15,Footwear,shoetopia,999.0,699.0,30.0
26354,16,Footwear,estatos,999.0,499.0,50.0
26355,17,Footwear,shoetopia,1995.0,1495.0,25.0
26356,18,Footwear,solethreads,2638.2167045910855,999.0,44.84758845312988
26357,19,Footwear,lemon & pepper,3299.0,2804.0,15.0
26358,20,Footwear,signature sole,1500.0,1125.0,25.0
26359,21,Footwear,ceriz,2199.0,1099.0,50.0
26361,23,Footwear,catwalk,2795.0,1397.0,50.0
26362,24,Footwear,ceriz,1899.0,949.0,50.0
26363,25,Footwear,lemon & pepper,3299.0,1649.0,50.0
26364,0,Footwear,monrow,2638.2167045910855,3699.0,44.84758845312988
26365,1,Footwear,von wellx,2638.2167045910855,2099.0,44.84758845312988
26366,2,Footwear,monrow,2638.2167045910855,2799.0,44.84758845312988
26367,3,Footwear,monrow,1699.0,951.0,44.0
26368,4,Footwear,catwalk,1895.0,1516.0,20.0
26369,5,Footwear,shoetopia,1995.0,1495.0,25.0
26370,6,Footwear,ceriz,1599.0,1119.0,30.0
26371,7,Footwear,skechers,5499.0,3299.0,40.0
26372,8,Footwear,modare,3799.0,2659.0,30.0
26373,9,Footwear,lemon & pepper,3799.0,1899.0,50.0
26374,10,Footwear,monrow,2638.2167045910855,1699.0,44.84758845312988
26375,11,Footwear,adidas,2638.2167045910855,6599.0,44.84758845312988
26376,12,Footwear,lazera shoes,2638.2167045910855,2499.0,44.84758845312988
26377,13,Footwear,lemon & pepper,2999.0,2399.0,20.0
26378,14,Footwear,clarks,2638.2167045910855,6499.0,44.84758845312988
26379,15,Footwear,lemon & pepper,3499.0,3149.0,10.0
26380,16,Footwear,adidas,2638.2167045910855,6999.0,44.84758845312988
26381,17,Footwear,lazera shoes,2638.2167045910855,2599.0,44.84758845312988
26382,18,Footwear,modare,4999.0,3499.0,30.0
26383,19,Footwear,lemon & pepper,2199.0,1539.0,30.0
26384,20,Footwear,lazera shoes,2638.2167045910855,2095.0,44.84758845312988
26385,21,Footwear,haute curry,2499.0,1249.0,50.0
26387,23,Footwear,adidas,2638.2167045910855,4999.0,44.84758845312988
26388,24,Footwear,ceriz,2638.2167045910855,2299.0,44.84758845312988
26389,25,Footwear,flipside,2638.2167045910855,499.0,44.84758845312988
26390,0,Footwear,shoetopia,1995.0,899.0,55.0
26391,1,Footwear,shoetopia,999.0,699.0,30.0
26392,2,Footwear,estatos,1649.0,824.0,50.0
26393,3,Footwear,von wellx,2638.2167045910855,2999.0,44.84758845312988
26394,4,Footwear,ceriz,1799.0,1259.0,30.0
26395,5,Footwear,monrow,1899.0,892.0,53.0
26396,6,Footwear,crocs,2638.2167045910855,2495.0,44.84758845312988
26397,7,Footwear,monrow,3299.0,2012.0,39.0
26398,8,Footwear,puma,2638.2167045910855,3499.0,44.84758845312988
26399,9,Footwear,catwalk,2595.0,2076.0,20.0
26400,10,Footwear,modare,4499.0,3149.0,30.0
26401,11,Footwear,shoetopia,999.0,699.0,30.0
26402,12,Footwear,lemon & pepper,2499.0,1249.0,50.0
26403,13,Footwear,monrow,1699.0,951.0,44.0
26404,14,Footwear,lemon & pepper,3499.0,1749.0,50.0
26405,15,Footwear,catwalk,2895.0,1447.0,50.0
26406,16,Footwear,monrow,2638.2167045910855,3999.0,44.84758845312988
26407,17,Footwear,modare,4999.0,3499.0,30.0
26408,18,Footwear,lazera shoes,2638.2167045910855,2095.0,44.84758845312988
26409,19,Footwear,w,2799.0,1679.0,40.0
26410,20,Footwear,adidas,2638.2167045910855,4299.0,44.84758845312988
26411,21,Footwear,modare,3999.0,2799.0,30.0
26413,23,Footwear,lemon & pepper,2999.0,2099.0,30.0
26414,24,Footwear,tresmode,2638.2167045910855,3600.0,44.84758845312988
26415,25,Footwear,catwalk,1995.0,1596.0,20.0
26416,0,Footwear,catwalk,2195.0,1756.0,20.0
26417,1,Footwear,catwalk,2095.0,1676.0,20.0
26418,2,Footwear,puma,2638.2167045910855,4499.0,44.84758845312988
26419,3,Footwear,catwalk,2895.0,2316.0,20.0
26420,4,Footwear,signature sole,1500.0,1125.0,25.0
26421,5,Footwear,haute curry,2999.0,1499.0,50.0
26422,6,Footwear,monrow,2999.0,1289.0,57.0
26423,7,Footwear,modare,2638.2167045910855,2499.0,44.84758845312988
26424,8,Footwear,monrow,1899.0,892.0,53.0
26425,9,Footwear,lemon & pepper,3499.0,3149.0,10.0
26426,10,Footwear,tresmode,2638.2167045910855,6900.0,44.84758845312988
26427,11,Footwear,lemon & pepper,2799.0,1399.0,50.0
26428,12,Footwear,flipside,2638.2167045910855,499.0,44.84758845312988
26429,13,Footwear,lemon & pepper,2199.0,1099.0,50.0
26430,14,Footwear,modare,6999.0,4899.0,30.0
26431,15,Footwear,lazera shoes,2638.2167045910855,1995.0,44.84758845312988
26432,16,Footwear,puma,2638.2167045910855,1799.0,44.84758845312988
26433,17,Footwear,lazera shoes,2638.2167045910855,1795.0,44.84758845312988
26434,18,Footwear,lemon & pepper,3499.0,1749.0,50.0
26435,19,Footwear,lazera shoes,2638.2167045910855,2499.0,44.84758845312988
26436,20,Footwear,estatos,1399.0,909.0,35.0
26437,21,Footwear,shoetopia,2638.2167045910855,499.0,44.84758845312988
26439,23,Footwear,shoetopia,999.0,699.0,30.0
26440,24,Footwear,shoetopia,999.0,699.0,30.0
26441,25,Footwear,shoetopia,999.0,799.0,20.0
26442,0,Footwear,von wellx,2638.2167045910855,2999.0,44.84758845312988
26443,1,Footwear,estatos,1199.0,719.0,40.0
26444,2,Footwear,estatos,1499.0,974.0,35.0
26445,3,Footwear,estatos,1699.0,1104.0,35.0
26446,4,Footwear,ceriz,2899.0,1449.0,50.0
26447,5,Footwear,monrow,1699.0,951.0,44.0
26448,6,Footwear,ceriz,1999.0,999.0,50.0
26449,7,Footwear,monrow,1899.0,949.0,50.0
26450,8,Footwear,tresmode,3990.0,1995.0,50.0
26451,9,Footwear,catwalk,2795.0,2236.0,20.0
26452,10,Footwear,shoetopia,2638.2167045910855,499.0,44.84758845312988
26453,11,Footwear,shoetopia,999.0,899.0,10.0
26454,12,Footwear,lemon & pepper,3499.0,1749.0,50.0
26455,13,Footwear,adidas,2638.2167045910855,8999.0,44.84758845312988
26456,14,Footwear,lemon & pepper,2799.0,1399.0,50.0
26457,15,Footwear,lemon & pepper,2638.2167045910855,5499.0,44.84758845312988
26458,16,Footwear,tresmode,5000.0,2500.0,50.0
26459,17,Footwear,adidas,2638.2167045910855,4999.0,44.84758845312988
26460,18,Footwear,lemon & pepper,2999.0,2099.0,30.0
26461,19,Footwear,adidas,2638.2167045910855,3999.0,44.84758845312988
26462,20,Footwear,monrow,2399.0,1199.0,50.0
26463,21,Footwear,modare,2999.0,2399.0,20.0
26465,23,Footwear,clarks,7999.0,5599.0,30.0
26466,24,Footwear,adidas,2638.2167045910855,8999.0,44.84758845312988
26467,25,Footwear,modare,4999.0,3499.0,30.0
26468,0,Footwear,modare,4999.0,2499.0,50.0
26469,1,Footwear,lemon & pepper,3299.0,2804.0,15.0
26470,2,Footwear,lemon & pepper,2999.0,1499.0,50.0
26471,3,Footwear,lazera shoes,2638.2167045910855,2299.0,44.84758845312988
26472,4,Footwear,catwalk,4295.0,3436.0,20.0
26473,5,Footwear,haute curry,2999.0,1499.0,50.0
26474,6,Footwear,clarks,2638.2167045910855,4499.0,44.84758845312988
26475,7,Footwear,estatos,1299.0,779.0,40.0
26476,8,Footwear,estatos,1399.0,909.0,35.0
26477,9,Footwear,estatos,1999.0,1199.0,40.0
26478,10,Footwear,estatos,1899.0,1139.0,40.0
26479,11,Footwear,catwalk,2395.0,1916.0,20.0
26480,12,Footwear,skechers,4999.0,2999.0,40.0
26481,13,Footwear,monrow,1899.0,892.0,53.0
26482,14,Footwear,inc.5,2390.0,1195.0,50.0
26483,15,Footwear,clarks,4999.0,2499.0,50.0
26484,16,Footwear,reebok,3999.0,1999.0,50.0
26485,17,Footwear,shoetopia,2638.2167045910855,499.0,44.84758845312988
26486,18,Footwear,shoetopia,999.0,699.0,30.0
26487,19,Footwear,lemon & pepper,3299.0,1649.0,50.0
26488,20,Footwear,estatos,2199.0,1099.0,50.0
26489,21,Footwear,lemon & pepper,2799.0,1399.0,50.0
26491,23,Footwear,w,1999.0,1399.0,30.0
26492,24,Footwear,monrow,2638.2167045910855,3699.0,44.84758845312988
26493,25,Footwear,modare,2999.0,2399.0,20.0
26494,0,Footwear,modare,6999.0,4899.0,30.0
26495,1,Footwear,lazera shoes,2638.2167045910855,2295.0,44.84758845312988
26496,2,Footwear,modare,2199.0,1099.0,50.0
26497,3,Footwear,puma,2638.2167045910855,1299.0,44.84758845312988
26498,4,Footwear,lemon & pepper,3799.0,3039.0,20.0
26499,5,Footwear,lazera shoes,2638.2167045910855,1695.0,44.84758845312988
26500,6,Footwear,monrow,2638.2167045910855,2799.0,44.84758845312988
26501,7,Footwear,monrow,2638.2167045910855,2399.0,44.84758845312988
26502,8,Footwear,lemon & pepper,3999.0,1999.0,50.0
26503,9,Footwear,signature sole,2400.0,1560.0,35.0
26504,10,Footwear,signature sole,3200.0,2720.0,15.0
26505,11,Footwear,adidas,2638.2167045910855,7999.0,44.84758845312988
26506,12,Footwear,signature sole,2400.0,1560.0,35.0
26507,13,Footwear,sole head,2638.2167045910855,999.0,44.84758845312988
26508,14,Footwear,flipside,2638.2167045910855,249.0,44.84758845312988
26509,15,Footwear,modare,4499.0,3149.0,30.0
26510,16,Footwear,puma,2638.2167045910855,799.0,44.84758845312988
26511,17,Footwear,monrow,1699.0,951.0,44.0
26512,18,Footwear,lemon & pepper,2999.0,1499.0,50.0
26513,19,Footwear,modare,3499.0,2449.0,30.0
26514,20,Footwear,haute curry,2799.0,1399.0,50.0
26515,21,Footwear,lazera shoes,2638.2167045910855,2499.0,44.84758845312988
26517,23,Footwear,modare,3799.0,2659.0,30.0
26518,24,Footwear,modare,6999.0,4899.0,30.0
26519,25,Footwear,lazera shoes,2638.2167045910855,1695.0,44.84758845312988
26520,0,Footwear,lazera shoes,2638.2167045910855,2599.0,44.84758845312988
26521,1,Footwear,monrow,2638.2167045910855,3699.0,44.84758845312988
26522,2,Footwear,modare,2638.2167045910855,3499.0,44.84758845312988
26523,3,Footwear,lemon & pepper,2799.0,1399.0,50.0
26524,4,Footwear,shoetopia,699.0,499.0,29.0
26525,5,Footwear,shoetopia,699.0,499.0,29.0
26526,6,Footwear,estatos,1599.0,799.0,50.0
26527,7,Footwear,von wellx,2638.2167045910855,2699.0,44.84758845312988
26528,8,Footwear,shoetopia,999.0,899.0,10.0
26529,9,Footwear,catwalk,2695.0,1347.0,50.0
26530,10,Footwear,ceriz,2199.0,1099.0,50.0
26531,11,Footwear,lemon & pepper,2999.0,1499.0,50.0
26532,12,Footwear,signature sole,1500.0,1125.0,25.0
26533,13,Footwear,reebok,4599.0,2299.0,50.0
26534,14,Footwear,solethreads,2638.2167045910855,699.0,44.84758845312988
26535,15,Footwear,signature sole,2400.0,1440.0,40.0
26536,16,Footwear,monrow,2199.0,1297.0,41.0
26537,17,Footwear,shoetopia,2638.2167045910855,499.0,44.84758845312988
26538,18,Footwear,shoetopia,999.0,499.0,50.0
26539,19,Footwear,lemon & pepper,4799.0,2399.0,50.0
26540,20,Footwear,signature sole,2700.0,1890.0,30.0
26541,21,Footwear,lemon & pepper,3299.0,2309.0,30.0
26543,23,Footwear,modare,6999.0,4899.0,30.0
26544,24,Footwear,lemon & pepper,3299.0,2969.0,10.0
26545,25,Footwear,adidas,2638.2167045910855,999.0,44.84758845312988
26546,0,Footwear,monrow,1899.0,892.0,53.0
26547,1,Footwear,lemon & pepper,2638.2167045910855,4999.0,44.84758845312988
26548,2,Footwear,lazera shoes,2638.2167045910855,1795.0,44.84758845312988
26549,3,Footwear,catwalk,2595.0,1297.0,50.0
26550,4,Footwear,modare,4499.0,3149.0,30.0
26551,5,Footwear,flipside,2638.2167045910855,599.0,44.84758845312988
26552,6,Footwear,monrow,2638.2167045910855,2399.0,44.84758845312988
26553,7,Footwear,tresmode,3900.0,1950.0,50.0
26554,8,Footwear,monrow,2638.2167045910855,4299.0,44.84758845312988
26555,9,Footwear,monrow,2638.2167045910855,2899.0,44.84758845312988
26556,10,Footwear,catwalk,2095.0,1676.0,20.0
26557,11,Footwear,lazera shoes,2638.2167045910855,2699.0,44.84758845312988
26558,12,Footwear,signature sole,2200.0,1430.0,35.0
26559,13,Footwear,von wellx,2638.2167045910855,2499.0,44.84758845312988
26560,14,Footwear,catwalk,2395.0,1916.0,20.0
26561,15,Footwear,inc.5,2638.2167045910855,2690.0,44.84758845312988
26562,16,Footwear,adidas,2638.2167045910855,1799.0,44.84758845312988
26563,17,Footwear,estatos,1299.0,779.0,40.0
26564,18,Footwear,von wellx,2638.2167045910855,2899.0,44.84758845312988
26565,19,Footwear,von wellx,2638.2167045910855,2299.0,44.84758845312988
26566,20,Footwear,solethreads,2638.2167045910855,699.0,44.84758845312988
26567,21,Footwear,tresmode,3990.0,1995.0,50.0
26569,23,Footwear,catwalk,1895.0,1516.0,20.0
26570,24,Footwear,ceriz,2199.0,1099.0,50.0
26571,25,Footwear,adidas,2638.2167045910855,3999.0,44.84758845312988
26572,0,Footwear,monrow,1899.0,1006.0,47.0
26573,1,Footwear,flipside,2638.2167045910855,499.0,44.84758845312988
26574,2,Footwear,modare,4499.0,3149.0,30.0
26575,3,Footwear,shoetopia,999.0,499.0,50.0
26576,4,Footwear,shoetopia,2638.2167045910855,499.0,44.84758845312988
26577,5,Footwear,lemon & pepper,2499.0,1249.0,50.0
26578,6,Footwear,monrow,2199.0,1407.0,36.0
26579,7,Footwear,solethreads,2638.2167045910855,499.0,44.84758845312988
26580,8,Footwear,adidas,2638.2167045910855,4299.0,44.84758845312988
26581,9,Footwear,lemon & pepper,2638.2167045910855,2499.0,44.84758845312988
26582,10,Footwear,adidas,2638.2167045910855,9999.0,44.84758845312988
26583,11,Footwear,lazera shoes,2638.2167045910855,2499.0,44.84758845312988
26584,12,Footwear,lazera shoes,2638.2167045910855,1995.0,44.84758845312988
26585,13,Footwear,monrow,2638.2167045910855,4299.0,44.84758845312988
26586,14,Footwear,lemon & pepper,3799.0,3039.0,20.0
26587,15,Footwear,flipside,2638.2167045910855,249.0,44.84758845312988
26588,16,Footwear,lazera shoes,2638.2167045910855,2699.0,44.84758845312988
26589,17,Footwear,catwalk,2295.0,1836.0,20.0
26590,18,Footwear,monrow,1899.0,892.0,53.0
26591,19,Footwear,lemon & pepper,2638.2167045910855,4999.0,44.84758845312988
26592,20,Footwear,clarks,8999.0,6299.0,30.0
26593,21,Footwear,lazera shoes,2638.2167045910855,2495.0,44.84758845312988
26595,23,Footwear,adidas,2638.2167045910855,4599.0,44.84758845312988
26596,24,Footwear,clarks,5999.0,3599.0,40.0
26597,25,Footwear,catwalk,3095.0,1547.0,50.0
26598,0,Footwear,modare,2999.0,2099.0,30.0
26599,1,Footwear,signature sole,1500.0,1125.0,25.0
26600,2,Footwear,signature sole,2700.0,1890.0,30.0
26601,3,Footwear,lazera shoes,2638.2167045910855,2399.0,44.84758845312988
26602,4,Footwear,lemon & pepper,2638.2167045910855,2799.0,44.84758845312988
26603,5,Footwear,lemon & pepper,3299.0,1649.0,50.0
26604,6,Footwear,clarks,4499.0,3149.0,30.0
26605,7,Footwear,vento,2638.2167045910855,849.0,44.84758845312988
26606,8,Footwear,adidas,2638.2167045910855,5999.0,44.84758845312988
26607,9,Footwear,lazera shoes,2638.2167045910855,1895.0,44.84758845312988
26608,10,Footwear,ceriz,1799.0,899.0,50.0
26609,11,Footwear,von wellx,2638.2167045910855,2999.0,44.84758845312988
26610,12,Footwear,shoetopia,2638.2167045910855,499.0,44.84758845312988
26611,13,Footwear,shoetopia,999.0,499.0,50.0
26612,14,Footwear,lemon & pepper,3299.0,1649.0,50.0
26613,15,Footwear,estatos,1199.0,719.0,40.0
26614,16,Footwear,estatos,1299.0,844.0,35.0
26615,17,Footwear,tresmode,3990.0,1995.0,50.0
26616,18,Footwear,modare,4499.0,3149.0,30.0
26617,19,Footwear,janasya,1890.0,945.0,50.0
26618,20,Footwear,modare,4799.0,3359.0,30.0
26619,21,Footwear,signature sole,1500.0,1125.0,25.0
26621,23,Footwear,shoetopia,999.0,499.0,50.0
26622,24,Footwear,shoetopia,999.0,499.0,50.0
26623,25,Footwear,shoetopia,699.0,499.0,29.0
26624,0,Footwear,doubleu,2638.2167045910855,1799.0,44.84758845312988
26625,1,Footwear,lazera shoes,2638.2167045910855,2295.0,44.84758845312988
26626,2,Footwear,lazera shoes,2638.2167045910855,2399.0,44.84758845312988
26627,3,Footwear,modare,3999.0,3199.0,20.0
26628,4,Footwear,lazera shoes,2638.2167045910855,2799.0,44.84758845312988
26629,5,Footwear,lemon & pepper,2999.0,2699.0,10.0
26630,6,Footwear,lazera shoes,2638.2167045910855,2399.0,44.84758845312988
26631,7,Footwear,adidas,2638.2167045910855,5999.0,44.84758845312988
26632,8,Footwear,lazera shoes,2638.2167045910855,2499.0,44.84758845312988
26633,9,Footwear,adidas,2638.2167045910855,4599.0,44.84758845312988
26634,10,Footwear,inc.5,1990.0,995.0,50.0
26635,11,Footwear,lazera shoes,2638.2167045910855,1795.0,44.84758845312988
26636,12,Footwear,adidas,2638.2167045910855,5599.0,44.84758845312988
26637,13,Footwear,lemon & pepper,2799.0,1959.0,30.0
26638,14,Footwear,w,2638.2167045910855,2999.0,44.84758845312988
26639,15,Footwear,catwalk,2495.0,1996.0,20.0
26640,16,Footwear,modare,6999.0,4899.0,30.0
26641,17,Footwear,inc.5,2638.2167045910855,2890.0,44.84758845312988
26642,18,Footwear,puma,2638.2167045910855,2499.0,44.84758845312988
26643,19,Footwear,inc.5,1690.0,1190.0,30.0
26644,20,Footwear,von wellx,2638.2167045910855,2699.0,44.84758845312988
26645,21,Footwear,von wellx,2638.2167045910855,2999.0,44.84758845312988
26647,23,Footwear,tresmode,3990.0,1995.0,50.0
26648,24,Footwear,adidas,2638.2167045910855,2999.0,44.84758845312988
26649,25,Footwear,tresmode,5000.0,2500.0,50.0
26650,0,Footwear,haute curry,1999.0,999.0,50.0
26651,1,Footwear,haute curry,1999.0,849.0,58.0
26652,2,Footwear,lemon & pepper,3799.0,1899.0,50.0
26653,3,Footwear,flipside,2638.2167045910855,499.0,44.84758845312988
26654,4,Footwear,haute curry,2199.0,1099.0,50.0
26655,5,Footwear,doubleu,2638.2167045910855,1119.0,44.84758845312988
26656,6,Footwear,monrow,2638.2167045910855,3499.0,44.84758845312988
26657,7,Footwear,shoetopia,2638.2167045910855,499.0,44.84758845312988
26658,8,Footwear,shoetopia,2638.2167045910855,499.0,44.84758845312988
26659,9,Footwear,modare,3799.0,2659.0,30.0
26660,10,Footwear,von wellx,2638.2167045910855,2699.0,44.84758845312988
26661,11,Footwear,flipside,2638.2167045910855,499.0,44.84758845312988
26662,12,Footwear,tresmode,2638.2167045910855,4990.0,44.84758845312988
26663,13,Footwear,flipside,2638.2167045910855,599.0,44.84758845312988
26664,14,Footwear,lemon & pepper,2799.0,1959.0,30.0
26665,15,Footwear,adidas,2638.2167045910855,5599.0,44.84758845312988
26666,16,Footwear,lemon & pepper,2799.0,1959.0,30.0
26667,17,Footwear,havaianas,2638.2167045910855,1299.0,44.84758845312988
26668,18,Footwear,flipside,2638.2167045910855,499.0,44.84758845312988
26669,19,Footwear,signature sole,1500.0,975.0,35.0
26670,20,Footwear,havaianas,2638.2167045910855,999.0,44.84758845312988
26671,21,Footwear,von wellx,2638.2167045910855,2499.0,44.84758845312988
26673,23,Footwear,lemon & pepper,2999.0,1499.0,50.0
26674,24,Footwear,haute curry,2199.0,1099.0,50.0
26675,25,Footwear,lemon & pepper,2638.2167045910855,4499.0,44.84758845312988
