,Sales_id,Category,Brand,MRP,Selling price,Discount in %
10374,0,Indianwear,stop,999.0,499.0,50.0
10375,1,Indianwear,infuse,1199.0,479.0,60.0
10376,2,Indianwear,kashish,799.0,399.0,50.0
10377,3,Indianwear,juniper,2999.0,899.0,70.0
10378,4,Indianwear,kashish,3499.0,1749.0,50.0
10379,5,Indianwear,juniper,1599.0,479.0,70.0
10380,6,Indianwear,kashish,2499.0,1249.0,50.0
10381,7,Indianwear,kashish,2799.0,1399.0,50.0
10382,8,Indianwear,stop,1199.0,599.0,50.0
10383,9,Indianwear,infuse,1299.0,649.0,50.0
10384,10,Indianwear,kashish,1599.0,799.0,50.0
10385,11,Indianwear,juniper,2499.0,999.0,60.0
10386,12,Indianwear,infuse,699.0,349.0,50.0
10387,13,Indianwear,kashish,1599.0,799.0,50.0
10388,14,Indianwear,kashish,1599.0,799.0,50.0
10389,15,Indianwear,stop,1199.0,599.0,50.0
10390,16,Indianwear,infuse,1099.0,549.0,50.0
10391,17,Indianwear,sanaa,1599.0,799.0,50.0
10392,18,Indianwear,infuse,699.0,349.0,50.0
10393,19,Indianwear,kashish,1599.0,799.0,50.0
10394,20,Indianwear,stop,1499.0,749.0,50.0
10395,21,Indianwear,varanga,2999.0,749.0,75.0
10396,22,Indianwear,vastranand,2638.2167045910855,1925.3425560842963,44.84758845312988
10397,23,Indianwear,infuse,1999.0,599.0,70.0
10398,24,Indianwear,stop,1199.0,599.0,50.0
10399,25,Indianwear,kashish,2799.0,1399.0,50.0
10400,0,Indianwear,myshka,2999.0,749.0,75.0
10401,1,Indianwear,ziyaa,1982.0,792.0,60.0
10402,2,Indianwear,stop,1099.0,549.0,50.0
10403,3,Indianwear,stop,1499.0,749.0,50.0
10404,4,Indianwear,kashish,799.0,399.0,50.0
10405,5,Indianwear,infuse,1299.0,649.0,50.0
10406,6,Indianwear,stop,1199.0,599.0,50.0
10407,7,Indianwear,infuse,1099.0,549.0,50.0
10408,8,Indianwear,haute curry,999.0,499.0,50.0
10409,9,Indianwear,myshka,4299.0,644.0,85.0
10410,10,Indianwear,infuse,1499.0,749.0,50.0
10411,11,Indianwear,kashish,2499.0,1249.0,50.0
10412,12,Indianwear,stop,1499.0,749.0,50.0
10413,13,Indianwear,stop,1199.0,599.0,50.0
10414,14,Indianwear,stop,1199.0,599.0,50.0
10415,15,Indianwear,stop,1199.0,599.0,50.0
10416,16,Indianwear,juniper,1299.0,584.0,55.0
10417,17,Indianwear,juniper,2499.0,999.0,60.0
10418,18,Indianwear,kashish,1599.0,799.0,50.0
10419,19,Indianwear,kashish,1599.0,799.0,50.0
10420,20,Indianwear,juniper,4299.0,2149.0,50.0
10421,21,Indianwear,ziyaa,2437.0,852.0,65.0
10423,23,Indianwear,juniper,4199.0,2099.0,50.0
10424,24,Indianwear,varanga,7999.0,2399.0,70.0
10425,25,Indianwear,myshka,3999.0,1399.0,65.0
10426,0,Indianwear,infuse,1199.0,479.0,60.0
10427,1,Indianwear,juniper,2999.0,899.0,70.0
10428,2,Indianwear,infuse,1299.0,649.0,50.0
10429,3,Indianwear,kashish,3299.0,1649.0,50.0
10430,4,Indianwear,varanga,2999.0,749.0,75.0
10431,5,Indianwear,stop,1499.0,749.0,50.0
10432,6,Indianwear,stop,1199.0,599.0,50.0
10433,7,Indianwear,stop,999.0,399.0,60.0
10434,8,Indianwear,stop,899.0,359.0,60.0
10435,9,Indianwear,stop,799.0,559.0,30.0
10436,10,Indianwear,ziyaa,2213.0,885.0,60.0
10437,11,Indianwear,sanaa,1599.0,799.0,50.0
10438,12,Indianwear,juniper,3299.0,989.0,70.0
10439,13,Indianwear,indya,3400.0,2720.0,20.0
10440,14,Indianwear,stop,1199.0,599.0,50.0
10441,15,Indianwear,kashish,2499.0,1249.0,50.0
10442,16,Indianwear,biba,1799.0,1079.0,40.0
10443,17,Indianwear,kashish,1599.0,799.0,50.0
10444,18,Indianwear,indya,3400.0,1700.0,50.0
10445,19,Indianwear,juniper,1499.0,749.0,50.0
10446,20,Indianwear,varanga,2999.0,899.0,70.0
10447,21,Indianwear,kashish,2499.0,1249.0,50.0
10449,23,Indianwear,kashish,3499.0,1749.0,50.0
10450,24,Indianwear,juniper,1299.0,649.0,50.0
10451,25,Indianwear,kashish,1599.0,799.0,50.0
10452,0,Indianwear,juniper,3099.0,1239.0,60.0
10453,1,Indianwear,stop,1199.0,599.0,50.0
10454,2,Indianwear,ziyaa,2468.0,863.0,65.0
10455,3,Indianwear,myshka,2999.0,749.0,75.0
10456,4,Indianwear,stop,1199.0,599.0,50.0
10457,5,Indianwear,infuse,1199.0,599.0,50.0
10458,6,Indianwear,varanga,2638.2167045910855,1799.0,44.84758845312988
10459,7,Indianwear,ziyaa,2195.0,878.0,60.0
10460,8,Indianwear,stop,899.0,449.0,50.0
10461,9,Indianwear,juniper,1699.0,849.0,50.0
10462,10,Indianwear,juniper,1899.0,1329.0,30.0
10463,11,Indianwear,stop,1199.0,479.0,60.0
10464,12,Indianwear,stop,1499.0,749.0,50.0
10465,13,Indianwear,juniper,2999.0,899.0,70.0
10466,14,Indianwear,juniper,3099.0,929.0,70.0
10467,15,Indianwear,myshka,3999.0,1199.0,70.0
10468,16,Indianwear,infuse,1099.0,549.0,50.0
10469,17,Indianwear,varanga,1999.0,599.0,70.0
10470,18,Indianwear,yuris,3499.0,1399.0,60.0
10471,19,Indianwear,varanga,6999.0,2099.0,70.0
10472,20,Indianwear,infuse,999.0,399.0,60.0
10473,21,Indianwear,juniper,3499.0,1399.0,60.0
10475,23,Indianwear,juniper,4499.0,1349.0,70.0
10476,24,Indianwear,stop,799.0,399.0,50.0
10477,25,Indianwear,haute curry,1499.0,749.0,50.0
10478,0,Indianwear,kashish,3499.0,1749.0,50.0
10479,1,Indianwear,kashish,1999.0,999.0,50.0
10480,2,Indianwear,kashish,1999.0,999.0,50.0
10481,3,Indianwear,kashish,1599.0,799.0,50.0
10482,4,Indianwear,juniper,2499.0,999.0,60.0
10483,5,Indianwear,biba,1299.0,779.0,40.0
10484,6,Indianwear,juniper,2799.0,979.0,65.0
10485,7,Indianwear,yuris,1399.0,629.0,55.0
10486,8,Indianwear,kashish,799.0,399.0,50.0
10487,9,Indianwear,haute curry,899.0,449.0,50.0
10488,10,Indianwear,infuse,1299.0,649.0,50.0
10489,11,Indianwear,yuris,4299.0,1504.0,65.0
10490,12,Indianwear,haute curry,899.0,449.0,50.0
10491,13,Indianwear,juniper,1899.0,1044.0,45.0
10492,14,Indianwear,stop,899.0,629.0,30.0
10493,15,Indianwear,myshka,5999.0,1499.0,75.0
10494,16,Indianwear,juniper,2999.0,899.0,70.0
10495,17,Indianwear,juniper,4199.0,1679.0,60.0
10496,18,Indianwear,yuris,2799.0,1259.0,55.0
10497,19,Indianwear,juniper,3099.0,1394.0,55.0
10498,20,Indianwear,mothercare,1399.0,699.0,50.0
10499,21,Indianwear,kashish,2799.0,1399.0,50.0
10501,23,Indianwear,kashish,1599.0,799.0,50.0
10502,24,Indianwear,juniper,2499.0,999.0,60.0
10503,25,Indianwear,kashish,3299.0,1649.0,50.0
10504,0,Indianwear,juniper,2999.0,899.0,70.0
10505,1,Indianwear,jack and jones,1499.0,1049.0,30.0
10506,2,Indianwear,kashish,2799.0,1399.0,50.0
10507,3,Indianwear,myshka,5999.0,1499.0,75.0
10508,4,Indianwear,indya,1800.0,1440.0,20.0
10509,5,Indianwear,infuse,1299.0,649.0,50.0
10510,6,Indianwear,stop,799.0,399.0,50.0
10511,7,Indianwear,myshka,4999.0,749.0,85.0
10512,8,Indianwear,varanga,2799.0,839.0,70.0
10513,9,Indianwear,haute curry,1299.0,649.0,50.0
10514,10,Indianwear,varanga,2999.0,899.0,70.0
10515,11,Indianwear,infuse,1199.0,479.0,60.0
10516,12,Indianwear,aurelia,1399.0,979.0,30.0
10517,13,Indianwear,stop,1199.0,479.0,60.0
10518,14,Indianwear,haute curry,1499.0,749.0,50.0
10519,15,Indianwear,haute curry,899.0,449.0,50.0
10520,16,Indianwear,kashish,1999.0,999.0,50.0
10521,17,Indianwear,stop,799.0,399.0,50.0
10522,18,Indianwear,stop,799.0,319.0,60.0
10523,19,Indianwear,juniper,3099.0,1549.0,50.0
10524,20,Indianwear,stop,899.0,629.0,30.0
10525,21,Indianwear,stop,1099.0,549.0,50.0
10527,23,Indianwear,infuse,1799.0,899.0,50.0
10528,24,Indianwear,stop,999.0,499.0,50.0
10529,25,Indianwear,infuse,1299.0,649.0,50.0
10530,0,Indianwear,infuse,999.0,399.0,60.0
10531,1,Indianwear,kashish,2499.0,1249.0,50.0
10532,2,Indianwear,infuse,999.0,399.0,60.0
10533,3,Indianwear,infuse,1299.0,649.0,50.0
10534,4,Indianwear,stop,799.0,559.0,30.0
10535,5,Indianwear,kashish,1999.0,999.0,50.0
10536,6,Indianwear,kashish,3499.0,1749.0,50.0
10537,7,Indianwear,ziyaa,2010.0,703.0,65.0
10538,8,Indianwear,juniper,2499.0,874.0,65.0
10539,9,Indianwear,juniper,2599.0,779.0,70.0
10540,10,Indianwear,yuris,3999.0,1399.0,65.0
10541,11,Indianwear,stop,799.0,399.0,50.0
10542,12,Indianwear,biba,3999.0,2799.0,30.0
10543,13,Indianwear,infuse,999.0,399.0,60.0
10544,14,Indianwear,biba,3599.0,2519.0,30.0
10545,15,Indianwear,myshka,2999.0,749.0,75.0
10546,16,Indianwear,varanga,2638.2167045910855,1979.0,44.84758845312988
10547,17,Indianwear,infuse,1299.0,649.0,50.0
10548,18,Indianwear,kashish,2999.0,1499.0,50.0
10549,19,Indianwear,juniper,4499.0,2249.0,50.0
10550,20,Indianwear,stop,999.0,399.0,60.0
10551,21,Indianwear,kashish,1599.0,799.0,50.0
10553,23,Indianwear,ziyaa,2847.0,996.0,65.0
10554,24,Indianwear,infuse,1099.0,549.0,50.0
10556,0,Indianwear,juniper,2599.0,1299.0,50.0
10557,1,Indianwear,ziyaa,2990.0,1196.0,60.0
10558,2,Indianwear,myshka,3999.0,999.0,75.0
10559,3,Indianwear,ziyaa,4377.0,1750.0,60.0
10560,4,Indianwear,juniper,1299.0,649.0,50.0
10561,5,Indianwear,infuse,1499.0,749.0,50.0
10562,6,Indianwear,kashish,1599.0,799.0,50.0
10563,7,Indianwear,kashish,3499.0,1749.0,50.0
10564,8,Indianwear,ziyaa,1987.0,794.0,60.0
10565,9,Indianwear,stop,1499.0,749.0,50.0
10566,10,Indianwear,infuse,1299.0,649.0,50.0
10567,11,Indianwear,stop,899.0,629.0,30.0
10568,12,Indianwear,yuris,1399.0,629.0,55.0
10569,13,Indianwear,stop,999.0,499.0,50.0
10570,14,Indianwear,kashish,1999.0,999.0,50.0
10571,15,Indianwear,infuse,999.0,399.0,60.0
10572,16,Indianwear,juniper,2799.0,979.0,65.0
10573,17,Indianwear,myshka,1999.0,599.0,70.0
10574,18,Indianwear,biba,1999.0,1199.0,40.0
10575,19,Indianwear,stop,999.0,499.0,50.0
10576,20,Indianwear,varanga,2199.0,659.0,70.0
10577,21,Indianwear,stop,1199.0,599.0,50.0
10579,23,Indianwear,ziyaa,2430.0,972.0,60.0
10580,24,Indianwear,stop,899.0,359.0,60.0
10581,25,Indianwear,biba,1799.0,1439.0,20.0
10582,0,Indianwear,infuse,999.0,499.0,50.0
10583,1,Indianwear,yuris,1699.0,594.0,65.0
10584,2,Indianwear,stop,999.0,499.0,50.0
10585,3,Indianwear,juniper,3699.0,1479.0,60.0
10586,4,Indianwear,juniper,1499.0,674.0,55.0
10587,5,Indianwear,myshka,5499.0,1099.0,80.0
10588,6,Indianwear,myshka,1599.0,479.0,70.0
10589,7,Indianwear,stop,799.0,319.0,60.0
10590,8,Indianwear,indya,3400.0,2720.0,20.0
10591,9,Indianwear,infuse,999.0,399.0,60.0
10592,10,Indianwear,kashish,1599.0,799.0,50.0
10593,11,Indianwear,stop,1099.0,549.0,50.0
10594,12,Indianwear,juniper,2499.0,999.0,60.0
10595,13,Indianwear,kashish,1599.0,799.0,50.0
10596,14,Indianwear,juniper,1699.0,849.0,50.0
10597,15,Indianwear,ziyaa,2077.0,934.0,55.0
10598,16,Indianwear,myshka,2999.0,899.0,70.0
10599,17,Indianwear,varanga,7999.0,2399.0,70.0
10600,18,Indianwear,varanga,2999.0,899.0,70.0
10601,19,Indianwear,myshka,1499.0,449.0,70.0
10602,20,Indianwear,yuris,3999.0,1399.0,65.0
10603,21,Indianwear,infuse,1299.0,649.0,50.0
10605,23,Indianwear,infuse,1199.0,479.0,60.0
10606,24,Indianwear,infuse,999.0,399.0,60.0
10607,25,Indianwear,myshka,2999.0,749.0,75.0
10608,0,Indianwear,infuse,1199.0,359.0,70.0
10609,1,Indianwear,stop,999.0,399.0,60.0
10610,2,Indianwear,infuse,1299.0,649.0,50.0
10611,3,Indianwear,stop,799.0,399.0,50.0
10612,4,Indianwear,stop,999.0,499.0,50.0
10613,5,Indianwear,sanaa,1049.0,524.0,50.0
10614,6,Indianwear,infuse,699.0,349.0,50.0
10615,7,Indianwear,haute curry,1499.0,749.0,50.0
10616,8,Indianwear,ziyaa,2536.0,887.0,65.0
10617,9,Indianwear,yuris,3499.0,1399.0,60.0
10618,10,Indianwear,haute curry,999.0,499.0,50.0
10619,11,Indianwear,haute curry,699.0,349.0,50.0
10620,12,Indianwear,indya,2950.0,2360.0,20.0
10621,13,Indianwear,biba,1599.0,959.0,40.0
10622,14,Indianwear,stop,799.0,399.0,50.0
10623,15,Indianwear,kashish,2638.2167045910855,3499.0,44.84758845312988
10624,16,Indianwear,infuse,999.0,399.0,60.0
10625,17,Indianwear,ziyaa,3233.0,1131.0,65.0
10626,18,Indianwear,juniper,3499.0,874.0,75.0
10627,19,Indianwear,indya,3200.0,1600.0,50.0
10628,20,Indianwear,biba,4995.0,3496.0,30.0
10629,21,Indianwear,ziyaa,1523.0,533.0,65.0
10631,23,Indianwear,janasya,1398.0,699.0,50.0
10632,24,Indianwear,juniper,2098.0,1049.0,50.0
10633,25,Indianwear,biba,3799.0,2659.0,30.0
10634,0,Indianwear,stop,1499.0,749.0,50.0
10635,1,Indianwear,ziyaa,3621.0,1448.0,60.0
10636,2,Indianwear,stop,999.0,399.0,60.0
10637,3,Indianwear,kashish,1599.0,799.0,50.0
10638,4,Indianwear,juniper,2299.0,689.0,70.0
10639,5,Indianwear,haute curry,1199.0,599.0,50.0
10640,6,Indianwear,janasya,2949.0,1327.0,55.0
10641,7,Indianwear,varanga,3999.0,1399.0,65.0
10642,8,Indianwear,stop,1499.0,749.0,50.0
10643,9,Indianwear,varanga,6999.0,1749.0,75.0
10644,10,Indianwear,ziyaa,1458.0,656.0,55.0
10645,11,Indianwear,varanga,3599.0,1079.0,70.0
10646,12,Indianwear,kashish,1999.0,999.0,50.0
10647,13,Indianwear,stop,999.0,399.0,60.0
10648,14,Indianwear,juniper,3399.0,1529.0,55.0
10649,15,Indianwear,juniper,4799.0,1919.0,60.0
10650,16,Indianwear,varanga,2999.0,899.0,70.0
10651,17,Indianwear,ziyaa,2435.0,974.0,60.0
10652,18,Indianwear,yuris,1599.0,799.0,50.0
10653,19,Indianwear,stop,799.0,319.0,60.0
10654,20,Indianwear,aurelia,1049.0,629.0,40.0
10655,21,Indianwear,kashish,2638.2167045910855,3299.0,44.84758845312988
10657,23,Indianwear,myshka,3999.0,599.0,85.0
10658,24,Indianwear,juniper,2599.0,1299.0,50.0
10659,25,Indianwear,sanaa,1699.0,849.0,50.0
10660,0,Indianwear,stop,999.0,399.0,60.0
10661,1,Indianwear,biba,2599.0,1559.0,40.0
10662,2,Indianwear,stop,1199.0,479.0,60.0
10663,3,Indianwear,indya,1950.0,975.0,50.0
10664,4,Indianwear,juniper,1699.0,679.0,60.0
10665,5,Indianwear,juniper,2299.0,1034.0,55.0
10666,6,Indianwear,janasya,1649.0,659.0,60.0
10667,7,Indianwear,juniper,1699.0,764.0,55.0
10668,8,Indianwear,haute curry,699.0,349.0,50.0
10669,9,Indianwear,stop,1199.0,479.0,60.0
10670,10,Indianwear,haute curry,1299.0,649.0,50.0
10671,11,Indianwear,kashish,2638.2167045910855,2799.0,44.84758845312988
10672,12,Indianwear,myshka,2999.0,749.0,75.0
10673,13,Indianwear,stop,799.0,559.0,30.0
10674,14,Indianwear,myshka,3299.0,824.0,75.0
10675,15,Indianwear,infuse,799.0,319.0,60.0
10676,16,Indianwear,indya,3200.0,1600.0,50.0
10677,17,Indianwear,haute curry,1499.0,749.0,50.0
10678,18,Indianwear,stop,1199.0,599.0,50.0
10679,19,Indianwear,juniper,4199.0,1679.0,60.0
10680,20,Indianwear,stop,999.0,399.0,60.0
10681,21,Indianwear,juniper,3646.0,2187.0,40.0
10683,23,Indianwear,myshka,1099.0,494.0,55.0
10684,24,Indianwear,biba,1299.0,649.0,50.0
10685,25,Indianwear,juniper,3899.0,1559.0,60.0
10686,0,Indianwear,myshka,3999.0,799.0,80.0
10687,1,Indianwear,stop,799.0,319.0,60.0
10688,2,Indianwear,stop,899.0,449.0,50.0
10689,3,Indianwear,juniper,2098.0,1678.0,20.0
10690,4,Indianwear,biba,2599.0,1299.0,50.0
10691,5,Indianwear,ziyaa,1970.0,788.0,60.0
10692,6,Indianwear,myshka,2499.0,749.0,70.0
10693,7,Indianwear,haute curry,1299.0,649.0,50.0
10694,8,Indianwear,sanaa,999.0,499.0,50.0
10695,9,Indianwear,stop,799.0,559.0,30.0
10696,10,Indianwear,myshka,4999.0,1249.0,75.0
10697,11,Indianwear,juniper,2499.0,999.0,60.0
10698,12,Indianwear,stop,1199.0,599.0,50.0
10699,13,Indianwear,stop,1099.0,549.0,50.0
10700,14,Indianwear,biba,2638.2167045910855,2999.0,44.84758845312988
10701,15,Indianwear,varanga,2999.0,899.0,70.0
10702,16,Indianwear,haute curry,799.0,399.0,50.0
10703,17,Indianwear,stop,2638.2167045910855,699.0,44.84758845312988
10704,18,Indianwear,juniper,1299.0,714.0,45.0
10705,19,Indianwear,infuse,999.0,399.0,60.0
10706,20,Indianwear,sanaa,1049.0,524.0,50.0
10707,21,Indianwear,biba,3999.0,2799.0,30.0
10709,23,Indianwear,juniper,4799.0,2399.0,50.0
10710,24,Indianwear,myshka,1599.0,479.0,70.0
10711,25,Indianwear,haute curry,999.0,499.0,50.0
10712,0,Indianwear,varanga,3299.0,824.0,75.0
10713,1,Indianwear,juniper,1499.0,674.0,55.0
10714,2,Indianwear,varanga,8999.0,2699.0,70.0
10715,3,Indianwear,biba,1799.0,1259.0,30.0
10716,4,Indianwear,juniper,2799.0,979.0,65.0
10717,5,Indianwear,juniper,4799.0,1919.0,60.0
10718,6,Indianwear,stop,799.0,319.0,60.0
10719,7,Indianwear,myshka,2999.0,899.0,70.0
10720,8,Indianwear,stop,799.0,319.0,60.0
10721,9,Indianwear,stop,1199.0,479.0,60.0
10722,10,Indianwear,varanga,6999.0,2099.0,70.0
10723,11,Indianwear,juniper,2799.0,979.0,65.0
10724,12,Indianwear,stop,999.0,499.0,50.0
10725,13,Indianwear,varanga,2999.0,899.0,70.0
10726,14,Indianwear,stop,799.0,399.0,50.0
10727,15,Indianwear,stop,1499.0,749.0,50.0
10728,16,Indianwear,juniper,1699.0,679.0,60.0
10729,17,Indianwear,stop,899.0,449.0,50.0
10730,18,Indianwear,juniper,1999.0,999.0,50.0
10731,19,Indianwear,stop,999.0,499.0,50.0
10732,20,Indianwear,yuris,3499.0,1399.0,60.0
10733,21,Indianwear,jack and jones,3999.0,2399.0,40.0
10735,23,Indianwear,kashish,1999.0,999.0,50.0
10736,24,Indianwear,juniper,3499.0,1924.0,45.0
10737,25,Indianwear,juniper,2499.0,999.0,60.0
10738,0,Indianwear,stop,1199.0,599.0,50.0
10739,1,Indianwear,yuris,3499.0,1399.0,60.0
10740,2,Indianwear,haute curry,999.0,499.0,50.0
10741,3,Indianwear,myshka,5999.0,1499.0,75.0
10742,4,Indianwear,haute curry,499.0,249.0,50.0
10743,5,Indianwear,juniper,2599.0,1039.0,60.0
10744,6,Indianwear,biba,3599.0,2159.0,40.0
10745,7,Indianwear,infuse,799.0,399.0,50.0
10746,8,Indianwear,ziyaa,2258.0,790.0,65.0
10747,9,Indianwear,kashish,1599.0,799.0,50.0
10748,10,Indianwear,stop,1299.0,649.0,50.0
10749,11,Indianwear,juniper,899.0,269.0,70.0
10750,12,Indianwear,haute curry,1499.0,749.0,50.0
10751,13,Indianwear,sanaa,1299.0,649.0,50.0
10752,14,Indianwear,stop,1199.0,479.0,60.0
10753,15,Indianwear,juniper,2399.0,959.0,60.0
10754,16,Indianwear,juniper,2299.0,919.0,60.0
10755,17,Indianwear,juniper,3299.0,1484.0,55.0
10756,18,Indianwear,stop,899.0,629.0,30.0
10757,19,Indianwear,myshka,3999.0,1199.0,70.0
10758,20,Indianwear,juniper,1599.0,639.0,60.0
10759,21,Indianwear,myshka,2999.0,749.0,75.0
10761,23,Indianwear,kashish,3499.0,1749.0,50.0
10762,24,Indianwear,stop,999.0,499.0,50.0
10763,25,Indianwear,myshka,1899.0,569.0,70.0
10764,0,Indianwear,stop,899.0,629.0,30.0
10765,1,Indianwear,juniper,2299.0,919.0,60.0
10766,2,Indianwear,biba,1999.0,999.0,50.0
10767,3,Indianwear,juniper,2599.0,779.0,70.0
10768,4,Indianwear,myshka,3999.0,1199.0,70.0
10769,5,Indianwear,stop,799.0,399.0,50.0
10770,6,Indianwear,stop,999.0,499.0,50.0
10771,7,Indianwear,juniper,3499.0,1574.0,55.0
10772,8,Indianwear,kashish,2499.0,1249.0,50.0
10773,9,Indianwear,juniper,3299.0,1484.0,55.0
10774,10,Indianwear,ziyaa,1785.0,803.0,55.0
10775,11,Indianwear,stop,1499.0,749.0,50.0
10776,12,Indianwear,biba,2999.0,2099.0,30.0
10777,13,Indianwear,kashish,2499.0,1249.0,50.0
10778,14,Indianwear,kashish,2638.2167045910855,1599.0,44.84758845312988
10779,15,Indianwear,stop,799.0,399.0,50.0
10780,16,Indianwear,juniper,2499.0,999.0,60.0
10781,17,Indianwear,juniper,999.0,649.0,35.0
10782,18,Indianwear,infuse,1999.0,999.0,50.0
10783,19,Indianwear,stop,1299.0,649.0,50.0
10784,20,Indianwear,stop,899.0,629.0,30.0
10785,21,Indianwear,varanga,3299.0,824.0,75.0
10787,23,Indianwear,kashish,1599.0,799.0,50.0
10788,24,Indianwear,myshka,6499.0,1299.0,80.0
10789,25,Indianwear,haute curry,1299.0,649.0,50.0
10790,0,Indianwear,juniper,3299.0,1484.0,55.0
10791,1,Indianwear,myshka,2499.0,749.0,70.0
10792,2,Indianwear,biba,2599.0,1559.0,40.0
10793,3,Indianwear,juniper,2999.0,899.0,70.0
10794,4,Indianwear,kashish,1699.0,849.0,50.0
10795,5,Indianwear,myshka,2999.0,749.0,75.0
10796,6,Indianwear,juniper,2799.0,979.0,65.0
10797,7,Indianwear,infuse,999.0,399.0,60.0
10798,8,Indianwear,janasya,1579.0,552.0,65.0
10799,9,Indianwear,varanga,7999.0,2399.0,70.0
10800,10,Indianwear,infuse,1799.0,899.0,50.0
10801,11,Indianwear,indya,2638.2167045910855,1800.0,44.84758845312988
10802,12,Indianwear,kashish,1599.0,799.0,50.0
10803,13,Indianwear,yuris,3499.0,1399.0,60.0
10804,14,Indianwear,varanga,3299.0,989.0,70.0
10805,15,Indianwear,sanaa,999.0,499.0,50.0
10806,16,Indianwear,aurelia,2638.2167045910855,1599.0,44.84758845312988
10807,17,Indianwear,ziyaa,2842.0,994.0,65.0
10808,18,Indianwear,ziyaa,2007.0,802.0,60.0
10809,19,Indianwear,zink london,1799.0,1079.0,40.0
10810,20,Indianwear,stop,899.0,359.0,60.0
10811,21,Indianwear,stop,799.0,399.0,50.0
10813,23,Indianwear,janasya,2599.0,1299.0,50.0
10814,24,Indianwear,biba,1299.0,779.0,40.0
10815,25,Indianwear,indya,2450.0,1960.0,20.0
10816,0,Indianwear,kashish,2638.2167045910855,4499.0,44.84758845312988
10817,1,Indianwear,juniper,1599.0,719.0,55.0
10818,2,Indianwear,janasya,2329.0,1048.0,55.0
10819,3,Indianwear,stop,999.0,399.0,60.0
10820,4,Indianwear,kashish,1599.0,799.0,50.0
10821,5,Indianwear,biba,2799.0,1679.0,40.0
10822,6,Indianwear,yuris,4299.0,1504.0,65.0
10823,7,Indianwear,myshka,3999.0,799.0,80.0
10824,8,Indianwear,juniper,1999.0,799.0,60.0
10825,9,Indianwear,sanaa,1699.0,849.0,50.0
10826,10,Indianwear,varanga,5999.0,2099.0,65.0
10827,11,Indianwear,indya,2450.0,1960.0,20.0
10828,12,Indianwear,juniper,4847.0,1938.0,60.0
10829,13,Indianwear,biba,2299.0,1379.0,40.0
10830,14,Indianwear,biba,1999.0,1199.0,40.0
10831,15,Indianwear,kashish,1599.0,799.0,50.0
10832,16,Indianwear,haute curry,699.0,349.0,50.0
10833,17,Indianwear,infuse,999.0,399.0,60.0
10834,18,Indianwear,ziyaa,1893.0,851.0,55.0
10835,19,Indianwear,kashish,1599.0,799.0,50.0
10836,20,Indianwear,stop,799.0,319.0,60.0
10837,21,Indianwear,infuse,799.0,319.0,60.0
10839,23,Indianwear,kashish,1999.0,999.0,50.0
10840,24,Indianwear,kashish,2638.2167045910855,3499.0,44.84758845312988
10841,25,Indianwear,biba,2799.0,2239.0,20.0
10842,0,Indianwear,myshka,5999.0,1499.0,75.0
10843,1,Indianwear,stop,899.0,629.0,30.0
10844,2,Indianwear,infuse,799.0,319.0,60.0
10845,3,Indianwear,myshka,2999.0,449.0,85.0
10846,4,Indianwear,indya,3400.0,1700.0,50.0
10847,5,Indianwear,infuse,999.0,399.0,60.0
10848,6,Indianwear,sanaa,1399.0,699.0,50.0
10849,7,Indianwear,biba,2299.0,1149.0,50.0
10850,8,Indianwear,stop,799.0,399.0,50.0
10851,9,Indianwear,kashish,1599.0,799.0,50.0
10852,10,Indianwear,myshka,2999.0,749.0,75.0
10853,11,Indianwear,juniper,4799.0,1679.0,65.0
10854,12,Indianwear,stop,799.0,399.0,50.0
10855,13,Indianwear,janasya,2999.0,1499.0,50.0
10856,14,Indianwear,w,3799.0,2849.0,25.0
10857,15,Indianwear,ziyaa,3621.0,1448.0,60.0
10858,16,Indianwear,juniper,4299.0,2579.0,40.0
10859,17,Indianwear,ziyaa,2553.0,1021.0,60.0
10860,18,Indianwear,sanaa,1049.0,734.0,30.0
10861,19,Indianwear,juniper,2098.0,1678.0,20.0
10862,20,Indianwear,kashish,2999.0,1499.0,50.0
10863,21,Indianwear,stop,999.0,499.0,50.0
10865,23,Indianwear,biba,3799.0,2659.0,30.0
10866,24,Indianwear,aurelia,999.0,499.0,50.0
10867,25,Indianwear,ziyaa,1712.0,599.0,65.0
10868,0,Indianwear,kashish,1599.0,799.0,50.0
10869,1,Indianwear,myshka,2499.0,624.0,75.0
10870,2,Indianwear,kashish,2999.0,1499.0,50.0
10871,3,Indianwear,stop,799.0,319.0,60.0
10872,4,Indianwear,yuris,3499.0,1399.0,60.0
10873,5,Indianwear,stop,799.0,559.0,30.0
10874,6,Indianwear,stop,899.0,449.0,50.0
10875,7,Indianwear,kashish,1599.0,799.0,50.0
10876,8,Indianwear,myshka,3999.0,999.0,75.0
10877,9,Indianwear,myshka,2499.0,749.0,70.0
10878,10,Indianwear,stop,1199.0,599.0,50.0
10879,11,Indianwear,myshka,3999.0,1199.0,70.0
10880,12,Indianwear,myshka,1999.0,599.0,70.0
10881,13,Indianwear,ziyaa,3059.0,1376.0,55.0
10882,14,Indianwear,kashish,1599.0,799.0,50.0
10883,15,Indianwear,stop,1199.0,479.0,60.0
10884,16,Indianwear,juniper,1499.0,749.0,50.0
10885,17,Indianwear,ziyaa,1690.0,676.0,60.0
10886,18,Indianwear,juniper,3499.0,1574.0,55.0
10887,19,Indianwear,myshka,1499.0,599.0,60.0
10888,20,Indianwear,stop,1299.0,649.0,50.0
10889,21,Indianwear,varanga,2799.0,839.0,70.0
10891,23,Indianwear,ziyaa,2151.0,752.0,65.0
10892,24,Indianwear,juniper,2499.0,999.0,60.0
10893,25,Indianwear,kashish,2499.0,1249.0,50.0
10894,0,Indianwear,ziyaa,2485.0,869.0,65.0
10895,1,Indianwear,infuse,1499.0,749.0,50.0
10896,2,Indianwear,myshka,5999.0,1199.0,80.0
10897,3,Indianwear,biba,2599.0,1559.0,40.0
10898,4,Indianwear,biba,4995.0,3496.0,30.0
10899,5,Indianwear,indya,2800.0,1400.0,50.0
10900,6,Indianwear,stop,799.0,399.0,50.0
10901,7,Indianwear,juniper,2499.0,999.0,60.0
10902,8,Indianwear,kashish,2638.2167045910855,4499.0,44.84758845312988
10903,9,Indianwear,varanga,2499.0,749.0,70.0
10904,10,Indianwear,jack and jones,1499.0,1049.0,30.0
10905,11,Indianwear,biba,2299.0,1379.0,40.0
10906,12,Indianwear,biba,3999.0,2399.0,40.0
10907,13,Indianwear,kashish,2999.0,1499.0,50.0
10908,14,Indianwear,stop,1199.0,599.0,50.0
10909,15,Indianwear,janasya,2499.0,874.0,65.0
10910,16,Indianwear,stop,1199.0,599.0,50.0
10911,17,Indianwear,myshka,2499.0,624.0,75.0
10912,18,Indianwear,stop,999.0,399.0,60.0
10913,19,Indianwear,w,2638.2167045910855,1799.0,44.84758845312988
10914,20,Indianwear,biba,3999.0,2399.0,40.0
10915,21,Indianwear,kashish,1999.0,999.0,50.0
10917,23,Indianwear,juniper,2799.0,979.0,65.0
10918,24,Indianwear,biba,2799.0,1679.0,40.0
10919,25,Indianwear,juniper,4598.0,2299.0,50.0
10920,0,Indianwear,stop,799.0,399.0,50.0
10921,1,Indianwear,stop,899.0,359.0,60.0
10922,2,Indianwear,haute curry,1299.0,649.0,50.0
10923,3,Indianwear,biba,799.0,479.0,40.0
10924,4,Indianwear,w,2638.2167045910855,6999.0,44.84758845312988
10925,5,Indianwear,haute curry,699.0,349.0,50.0
10926,6,Indianwear,indya,2500.0,1250.0,50.0
10927,7,Indianwear,kashish,2999.0,1499.0,50.0
10928,8,Indianwear,janasya,2599.0,1299.0,50.0
10929,9,Indianwear,biba,2599.0,1299.0,50.0
10930,10,Indianwear,indya,1600.0,800.0,50.0
10931,11,Indianwear,stop,799.0,399.0,50.0
10932,12,Indianwear,stop,1199.0,479.0,60.0
10933,13,Indianwear,juniper,2299.0,1034.0,55.0
10934,14,Indianwear,juniper,2099.0,839.0,60.0
10935,15,Indianwear,infuse,1299.0,649.0,50.0
10936,16,Indianwear,infuse,1299.0,649.0,50.0
10937,17,Indianwear,stop,899.0,449.0,50.0
10938,18,Indianwear,yuris,3999.0,1399.0,65.0
10939,19,Indianwear,kashish,1599.0,799.0,50.0
10940,20,Indianwear,kashish,4299.0,2149.0,50.0
10941,21,Indianwear,indya,3000.0,2400.0,20.0
10943,23,Indianwear,ziyaa,1737.0,781.0,55.0
10944,24,Indianwear,shaya by caratlane,2100.0,1995.0,5.0
10945,25,Indianwear,juniper,4199.0,2099.0,50.0
10946,0,Indianwear,kashish,1599.0,799.0,50.0
10947,1,Indianwear,varanga,2638.2167045910855,2279.0,44.84758845312988
10948,2,Indianwear,infuse,1499.0,749.0,50.0
10949,3,Indianwear,haute curry,1499.0,749.0,50.0
10950,4,Indianwear,myshka,3999.0,1199.0,70.0
10951,5,Indianwear,haute curry,1199.0,599.0,50.0
10952,6,Indianwear,haute curry,899.0,449.0,50.0
10953,7,Indianwear,janasya,1719.0,687.0,60.0
10954,8,Indianwear,varanga,5999.0,1799.0,70.0
10955,9,Indianwear,ziyaa,1602.0,640.0,60.0
10956,10,Indianwear,haute curry,799.0,399.0,50.0
10957,11,Indianwear,varanga,1499.0,599.0,60.0
10958,12,Indianwear,infuse,1499.0,449.0,70.0
10959,13,Indianwear,ziyaa,2367.0,946.0,60.0
10960,14,Indianwear,stop,799.0,559.0,30.0
10961,15,Indianwear,haute curry,799.0,399.0,50.0
10962,16,Indianwear,ziyaa,1607.0,642.0,60.0
10963,17,Indianwear,janasya,3379.0,1351.0,60.0
10964,18,Indianwear,biba,3299.0,2309.0,30.0
10965,19,Indianwear,juniper,3299.0,989.0,70.0
10966,20,Indianwear,indya,2800.0,1400.0,50.0
10967,21,Indianwear,kashish,1599.0,799.0,50.0
10969,23,Indianwear,kashish,2638.2167045910855,3999.0,44.84758845312988
10970,24,Indianwear,varanga,1999.0,599.0,70.0
10971,25,Indianwear,stop,799.0,319.0,60.0
10972,0,Indianwear,yuris,1499.0,599.0,60.0
10973,1,Indianwear,infuse,999.0,399.0,60.0
10974,2,Indianwear,juniper,2098.0,1258.0,40.0
10975,3,Indianwear,stop,799.0,559.0,30.0
10976,4,Indianwear,juniper,3299.0,1484.0,55.0
10977,5,Indianwear,ziyaa,2471.0,864.0,65.0
10978,6,Indianwear,kashish,3999.0,1999.0,50.0
10979,7,Indianwear,biba,1499.0,749.0,50.0
10980,8,Indianwear,haute curry,799.0,399.0,50.0
10981,9,Indianwear,kashish,3999.0,1999.0,50.0
10982,10,Indianwear,juniper,4799.0,2399.0,50.0
10983,11,Indianwear,infuse,1799.0,899.0,50.0
10984,12,Indianwear,aurelia,1049.0,524.0,50.0
10985,13,Indianwear,infuse,799.0,319.0,60.0
10986,14,Indianwear,kashish,2999.0,1499.0,50.0
10987,15,Indianwear,infuse,799.0,319.0,60.0
10988,16,Indianwear,stop,999.0,499.0,50.0
10989,17,Indianwear,infuse,799.0,319.0,60.0
10990,18,Indianwear,juniper,1899.0,854.0,55.0
10991,19,Indianwear,yuris,3999.0,1399.0,65.0
10992,20,Indianwear,juniper,2899.0,869.0,70.0
10993,21,Indianwear,kashish,1599.0,799.0,50.0
10995,23,Indianwear,infuse,999.0,399.0,60.0
10996,24,Indianwear,juniper,2299.0,919.0,60.0
10997,25,Indianwear,stop,1199.0,479.0,60.0
10998,0,Indianwear,myshka,3999.0,799.0,80.0
10999,1,Indianwear,ziyaa,2576.0,901.0,65.0
11000,2,Indianwear,juniper,2799.0,839.0,70.0
11001,3,Indianwear,stop,2638.2167045910855,1199.0,44.84758845312988
11002,4,Indianwear,juniper,1499.0,674.0,55.0
11003,5,Indianwear,janasya,2299.0,804.0,65.0
11004,6,Indianwear,haute curry,799.0,399.0,50.0
11005,7,Indianwear,infuse,999.0,399.0,60.0
11006,8,Indianwear,myshka,1999.0,599.0,70.0
11007,9,Indianwear,indya,1800.0,900.0,50.0
11008,10,Indianwear,stop,999.0,399.0,60.0
11009,11,Indianwear,juniper,2699.0,1349.0,50.0
11010,12,Indianwear,stop,1199.0,599.0,50.0
11011,13,Indianwear,haute curry,499.0,249.0,50.0
11012,14,Indianwear,ziyaa,2138.0,855.0,60.0
11013,15,Indianwear,varanga,5999.0,1799.0,70.0
11014,16,Indianwear,stop,1499.0,749.0,50.0
11015,17,Indianwear,biba,2638.2167045910855,3599.0,44.84758845312988
11016,18,Indianwear,juniper,2299.0,1034.0,55.0
11017,19,Indianwear,haute curry,899.0,449.0,50.0
11018,20,Indianwear,stop,799.0,319.0,60.0
11019,21,Indianwear,ziyaa,2358.0,943.0,60.0
11021,23,Indianwear,juniper,2499.0,1374.0,45.0
11022,24,Indianwear,haute curry,1499.0,749.0,50.0
11023,25,Indianwear,stop,799.0,399.0,50.0
11024,0,Indianwear,shaya by caratlane,1500.0,1350.0,10.0
11025,1,Indianwear,indya,3600.0,2880.0,20.0
11026,2,Indianwear,juniper,2999.0,1499.0,50.0
11027,3,Indianwear,w,2638.2167045910855,2399.0,44.84758845312988
11028,4,Indianwear,kami kubi,1199.0,479.0,60.0
11029,5,Indianwear,infuse,1499.0,749.0,50.0
11030,6,Indianwear,ziyaa,1867.0,746.0,60.0
11031,7,Indianwear,janasya,4199.0,1469.0,65.0
11032,8,Indianwear,ziyaa,1993.0,797.0,60.0
11033,9,Indianwear,stop,799.0,559.0,30.0
11034,10,Indianwear,kashish,1599.0,799.0,50.0
11035,11,Indianwear,kashish,3799.0,1899.0,50.0
11036,12,Indianwear,stop,799.0,399.0,50.0
11037,13,Indianwear,biba,2299.0,1379.0,40.0
11038,14,Indianwear,juniper,3299.0,1484.0,55.0
11039,15,Indianwear,haute curry,4999.0,1249.0,75.0
11040,16,Indianwear,stop,799.0,399.0,50.0
11041,17,Indianwear,biba,3799.0,2659.0,30.0
11042,18,Indianwear,stop,999.0,399.0,60.0
11043,19,Indianwear,juniper,1999.0,999.0,50.0
11044,20,Indianwear,myshka,5999.0,1499.0,75.0
11045,21,Indianwear,ziyaa,3002.0,1050.0,65.0
11047,23,Indianwear,biba,3799.0,2659.0,30.0
11048,24,Indianwear,janasya,2089.0,940.0,55.0
11049,25,Indianwear,stop,1299.0,649.0,50.0
11050,0,Indianwear,stop,799.0,399.0,50.0
11051,1,Indianwear,stop,799.0,559.0,30.0
11052,2,Indianwear,yuris,3999.0,1399.0,65.0
11053,3,Indianwear,juniper,3399.0,1359.0,60.0
11054,4,Indianwear,stop,799.0,399.0,50.0
11055,5,Indianwear,juniper,2638.2167045910855,1999.0,44.84758845312988
11056,6,Indianwear,infuse,999.0,399.0,60.0
11057,7,Indianwear,stop,799.0,319.0,60.0
11058,8,Indianwear,biba,2638.2167045910855,1999.0,44.84758845312988
11059,9,Indianwear,sanaa,1049.0,524.0,50.0
11060,10,Indianwear,infuse,999.0,399.0,60.0
11061,11,Indianwear,biba,1999.0,1399.0,30.0
11062,12,Indianwear,juniper,3499.0,2449.0,30.0
11063,13,Indianwear,myshka,3999.0,999.0,75.0
11064,14,Indianwear,juniper,4499.0,1349.0,70.0
11065,15,Indianwear,haute curry,1199.0,599.0,50.0
11066,16,Indianwear,haute curry,999.0,499.0,50.0
11067,17,Indianwear,infuse,1699.0,849.0,50.0
11068,18,Indianwear,kashish,1999.0,999.0,50.0
11069,19,Indianwear,juniper,3299.0,1649.0,50.0
11070,20,Indianwear,aurelia,2638.2167045910855,3999.0,44.84758845312988
11071,21,Indianwear,biba,2599.0,1559.0,40.0
11073,23,Indianwear,myshka,5999.0,1199.0,80.0
11074,24,Indianwear,ziyaa,2553.0,1021.0,60.0
11075,25,Indianwear,myshka,2499.0,749.0,70.0
11076,0,Indianwear,janasya,1339.0,669.0,50.0
11077,1,Indianwear,kashish,1999.0,999.0,50.0
11078,2,Indianwear,biba,5995.0,3597.0,40.0
11079,3,Indianwear,kashish,1999.0,999.0,50.0
11080,4,Indianwear,biba,1999.0,1599.0,20.0
11081,5,Indianwear,yuris,4299.0,1719.0,60.0
11082,6,Indianwear,infuse,499.0,249.0,50.0
11083,7,Indianwear,biba,1199.0,719.0,40.0
11084,8,Indianwear,indya,2450.0,1960.0,20.0
11085,9,Indianwear,infuse,1499.0,749.0,50.0
11086,10,Indianwear,yuris,3999.0,1399.0,65.0
11087,11,Indianwear,haute curry,799.0,399.0,50.0
11088,12,Indianwear,biba,2799.0,1679.0,40.0
11089,13,Indianwear,jack and jones,2999.0,2099.0,30.0
11090,14,Indianwear,janasya,1699.0,679.0,60.0
11091,15,Indianwear,varanga,4999.0,1749.0,65.0
11092,16,Indianwear,juniper,2099.0,839.0,60.0
11093,17,Indianwear,biba,1499.0,749.0,50.0
11094,18,Indianwear,ziyaa,1752.0,700.0,60.0
11095,19,Indianwear,indya,2950.0,2360.0,20.0
11096,20,Indianwear,kami kubi,1499.0,674.0,55.0
11097,21,Indianwear,aurelia,2638.2167045910855,999.0,44.84758845312988
11099,23,Indianwear,myshka,2499.0,749.0,70.0
11100,24,Indianwear,kashish,1599.0,799.0,50.0
11101,25,Indianwear,janasya,1198.0,599.0,50.0
11102,0,Indianwear,stop,799.0,399.0,50.0
11103,1,Indianwear,biba,2599.0,1299.0,50.0
11104,2,Indianwear,infuse,1799.0,899.0,50.0
11105,3,Indianwear,stop,799.0,399.0,50.0
11106,4,Indianwear,biba,2599.0,1299.0,50.0
11107,5,Indianwear,stop,899.0,449.0,50.0
11108,6,Indianwear,janasya,1799.0,989.0,45.0
11109,7,Indianwear,kashish,2638.2167045910855,3999.0,44.84758845312988
11110,8,Indianwear,kami kubi,1499.0,449.0,70.0
11111,9,Indianwear,kashish,1599.0,799.0,50.0
11112,10,Indianwear,kashish,1599.0,799.0,50.0
11113,11,Indianwear,myshka,6499.0,1949.0,70.0
11114,12,Indianwear,varanga,2199.0,879.0,60.0
11115,13,Indianwear,janasya,3859.0,1350.0,65.0
11116,14,Indianwear,janasya,1649.0,659.0,60.0
11117,15,Indianwear,indya,1200.0,600.0,50.0
11118,16,Indianwear,biba,3999.0,2799.0,30.0
11119,17,Indianwear,stop,899.0,629.0,30.0
11120,18,Indianwear,stop,1199.0,599.0,50.0
11121,19,Indianwear,sanaa,1299.0,649.0,50.0
11122,20,Indianwear,juniper,4299.0,1719.0,60.0
11123,21,Indianwear,global desi,2399.0,719.0,70.0
11125,23,Indianwear,janasya,1579.0,552.0,65.0
11126,24,Indianwear,kashish,3799.0,1899.0,50.0
11127,25,Indianwear,infuse,799.0,319.0,60.0
11128,0,Indianwear,sanaa,1049.0,524.0,50.0
11129,1,Indianwear,stop,799.0,399.0,50.0
11130,2,Indianwear,juniper,2499.0,1499.0,40.0
11131,3,Indianwear,biba,5995.0,4196.0,30.0
11132,4,Indianwear,haute curry,1499.0,749.0,50.0
11133,5,Indianwear,juniper,2499.0,749.0,70.0
11134,6,Indianwear,myshka,1999.0,599.0,70.0
11135,7,Indianwear,biba,3799.0,3039.0,20.0
11136,8,Indianwear,myshka,2999.0,599.0,80.0
11137,9,Indianwear,juniper,3599.0,1439.0,60.0
11138,10,Indianwear,myshka,2499.0,749.0,70.0
11139,11,Indianwear,yuris,1699.0,594.0,65.0
11140,12,Indianwear,stop,999.0,499.0,50.0
11141,13,Indianwear,infuse,799.0,319.0,60.0
11142,14,Indianwear,janasya,2179.0,871.0,60.0
11143,15,Indianwear,stop,1199.0,599.0,50.0
11144,16,Indianwear,jack and jones,3999.0,2799.0,30.0
11145,17,Indianwear,juniper,2999.0,1949.0,35.0
11146,18,Indianwear,kashish,1599.0,799.0,50.0
11147,19,Indianwear,myshka,1499.0,599.0,60.0
11148,20,Indianwear,juniper,4847.0,1938.0,60.0
11149,21,Indianwear,juniper,1599.0,1039.0,35.0
11151,23,Indianwear,stop,1199.0,479.0,60.0
11152,24,Indianwear,juniper,2499.0,999.0,60.0
11153,25,Indianwear,haute curry,899.0,449.0,50.0
11154,0,Indianwear,haute curry,699.0,349.0,50.0
11155,1,Indianwear,stop,899.0,449.0,50.0
11156,2,Indianwear,w,4999.0,2499.0,50.0
11157,3,Indianwear,indya,1950.0,975.0,50.0
11158,4,Indianwear,stop,1299.0,649.0,50.0
11159,5,Indianwear,infuse,499.0,299.0,40.0
11160,6,Indianwear,yuris,1499.0,599.0,60.0
11161,7,Indianwear,aurelia,1049.0,524.0,50.0
11162,8,Indianwear,myshka,5499.0,1099.0,80.0
11163,9,Indianwear,stop,999.0,499.0,50.0
11164,10,Indianwear,w,1999.0,1499.0,25.0
11165,11,Indianwear,stop,799.0,319.0,60.0
11166,12,Indianwear,myshka,2999.0,749.0,75.0
11167,13,Indianwear,janasya,2398.0,1438.0,40.0
11168,14,Indianwear,varanga,3299.0,824.0,75.0
11169,15,Indianwear,yuris,3999.0,1399.0,65.0
11170,16,Indianwear,stop,799.0,399.0,50.0
11171,17,Indianwear,biba,3999.0,2399.0,40.0
11172,18,Indianwear,jack and jones,2999.0,2099.0,30.0
11173,19,Indianwear,haute curry,799.0,399.0,50.0
11174,20,Indianwear,haute curry,799.0,399.0,50.0
11175,21,Indianwear,global desi,1699.0,509.0,70.0
11177,23,Indianwear,w,4299.0,2149.0,50.0
11178,24,Indianwear,stop,1299.0,649.0,50.0
11179,25,Indianwear,biba,1299.0,649.0,50.0
11180,0,Indianwear,juniper,2499.0,999.0,60.0
11181,1,Indianwear,myshka,2999.0,899.0,70.0
11182,2,Indianwear,stop,999.0,399.0,60.0
11183,3,Indianwear,biba,1299.0,779.0,40.0
11184,4,Indianwear,myshka,4999.0,999.0,80.0
11185,5,Indianwear,haute curry,1499.0,749.0,50.0
11186,6,Indianwear,infuse,999.0,399.0,60.0
11187,7,Indianwear,stop,899.0,629.0,30.0
11188,8,Indianwear,ziyaa,2565.0,897.0,65.0
11189,9,Indianwear,biba,3999.0,3199.0,20.0
11190,10,Indianwear,w,1999.0,999.0,50.0
11191,11,Indianwear,infuse,1199.0,359.0,70.0
11192,12,Indianwear,juniper,2999.0,1949.0,35.0
11193,13,Indianwear,kashish,1599.0,799.0,50.0
11194,14,Indianwear,w,2638.2167045910855,999.0,44.84758845312988
11195,15,Indianwear,haute curry,799.0,399.0,50.0
11196,16,Indianwear,juniper,1499.0,674.0,55.0
11197,17,Indianwear,myshka,4999.0,749.0,85.0
11198,18,Indianwear,yuris,1999.0,999.0,50.0
11199,19,Indianwear,juniper,3646.0,2187.0,40.0
11200,20,Indianwear,biba,2799.0,1679.0,40.0
11201,21,Indianwear,kami kubi,1999.0,899.0,55.0
11203,23,Indianwear,myshka,2999.0,749.0,75.0
11204,24,Indianwear,myshka,3999.0,799.0,80.0
11205,25,Indianwear,infuse,1599.0,479.0,70.0
11206,0,Indianwear,juniper,2299.0,804.0,65.0
11207,1,Indianwear,aurelia,1899.0,1329.0,30.0
11208,2,Indianwear,indya,3400.0,2720.0,20.0
11209,3,Indianwear,myshka,3999.0,799.0,80.0
11210,4,Indianwear,stop,799.0,399.0,50.0
11211,5,Indianwear,varanga,2638.2167045910855,2099.0,44.84758845312988
11212,6,Indianwear,myshka,1999.0,599.0,70.0
11213,7,Indianwear,w,4299.0,2149.0,50.0
11214,8,Indianwear,kashish,1499.0,749.0,50.0
11215,9,Indianwear,stop,999.0,499.0,50.0
11216,10,Indianwear,haute curry,1499.0,749.0,50.0
11217,11,Indianwear,stop,799.0,399.0,50.0
11218,12,Indianwear,haute curry,499.0,249.0,50.0
11219,13,Indianwear,janasya,2199.0,879.0,60.0
11220,14,Indianwear,janasya,3298.0,989.0,70.0
11221,15,Indianwear,myshka,1799.0,539.0,70.0
11222,16,Indianwear,indya,2638.2167045910855,3600.0,44.84758845312988
11223,17,Indianwear,stop,1299.0,649.0,50.0
11224,18,Indianwear,haute curry,799.0,399.0,50.0
11225,19,Indianwear,ziyaa,1727.0,690.0,60.0
11226,20,Indianwear,ziyaa,3877.0,1356.0,65.0
11227,21,Indianwear,janasya,2269.0,794.0,65.0
11229,23,Indianwear,kashish,1999.0,999.0,50.0
11230,24,Indianwear,w,2638.2167045910855,1899.0,44.84758845312988
11231,25,Indianwear,myshka,2999.0,599.0,80.0
11232,0,Indianwear,juniper,2499.0,999.0,60.0
11233,1,Indianwear,juniper,3998.0,2198.0,45.0
11234,2,Indianwear,haute curry,2638.2167045910855,1499.0,44.84758845312988
11235,3,Indianwear,janasya,2499.0,1249.0,50.0
11236,4,Indianwear,w,2638.2167045910855,1999.0,44.84758845312988
11237,5,Indianwear,myshka,2499.0,749.0,70.0
11238,6,Indianwear,juniper,3699.0,1479.0,60.0
11239,7,Indianwear,indya,3200.0,2560.0,20.0
11240,8,Indianwear,infuse,1499.0,599.0,60.0
11241,9,Indianwear,indya,2638.2167045910855,1500.0,44.84758845312988
11242,10,Indianwear,myshka,2499.0,749.0,70.0
11243,11,Indianwear,varanga,2638.2167045910855,1979.0,44.84758845312988
11244,12,Indianwear,w,2638.2167045910855,2299.0,44.84758845312988
11245,13,Indianwear,myshka,4999.0,1249.0,75.0
11246,14,Indianwear,biba,1599.0,799.0,50.0
11247,15,Indianwear,stop,899.0,449.0,50.0
11248,16,Indianwear,stop,499.0,349.0,30.0
11249,17,Indianwear,juniper,2899.0,1304.0,55.0
11250,18,Indianwear,stop,799.0,319.0,60.0
11251,19,Indianwear,ziyaa,2839.0,1135.0,60.0
11252,20,Indianwear,w,3599.0,1799.0,50.0
11253,21,Indianwear,janasya,2329.0,815.0,65.0
11255,23,Indianwear,stop,2753.0,1101.0,60.0
11256,24,Indianwear,stop,799.0,399.0,50.0
11257,25,Indianwear,yuris,3999.0,1399.0,65.0
11258,0,Indianwear,janasya,4798.0,1439.0,70.0
11259,1,Indianwear,stop,799.0,399.0,50.0
11260,2,Indianwear,haute curry,999.0,499.0,50.0
11261,3,Indianwear,infuse,1799.0,899.0,50.0
11262,4,Indianwear,biba,2999.0,2099.0,30.0
11263,5,Indianwear,haute curry,799.0,399.0,50.0
11264,6,Indianwear,stop,999.0,499.0,50.0
11265,7,Indianwear,juniper,2799.0,979.0,65.0
11266,8,Indianwear,biba,2638.2167045910855,3599.0,44.84758845312988
11267,9,Indianwear,stop,799.0,399.0,50.0
11268,10,Indianwear,biba,3999.0,2799.0,30.0
11269,11,Indianwear,myshka,5999.0,1199.0,80.0
11270,12,Indianwear,stop,799.0,399.0,50.0
11271,13,Indianwear,stop,1199.0,479.0,60.0
11272,14,Indianwear,varanga,2638.2167045910855,1979.0,44.84758845312988
11273,15,Indianwear,myshka,3999.0,799.0,80.0
11274,16,Indianwear,ziyaa,2302.0,805.0,65.0
11275,17,Indianwear,myshka,2999.0,899.0,70.0
11276,18,Indianwear,indya,2950.0,1475.0,50.0
11277,19,Indianwear,haute curry,999.0,499.0,50.0
11278,20,Indianwear,stop,799.0,399.0,50.0
11279,21,Indianwear,indya,1800.0,900.0,50.0
11281,23,Indianwear,janasya,3379.0,1351.0,60.0
11282,24,Indianwear,kashish,2638.2167045910855,3499.0,44.84758845312988
11283,25,Indianwear,yuris,3499.0,1399.0,60.0
11284,0,Indianwear,juniper,4799.0,1919.0,60.0
11285,1,Indianwear,juniper,3299.0,1484.0,55.0
11286,2,Indianwear,biba,2599.0,1559.0,40.0
11287,3,Indianwear,ziyaa,2583.0,904.0,65.0
11288,4,Indianwear,haute curry,1499.0,749.0,50.0
11289,5,Indianwear,w,2638.2167045910855,4999.0,44.84758845312988
11290,6,Indianwear,stop,799.0,559.0,30.0
11291,7,Indianwear,haute curry,499.0,249.0,50.0
11292,8,Indianwear,biba,3599.0,2519.0,30.0
11293,9,Indianwear,stop,2638.2167045910855,599.0,44.84758845312988
11294,10,Indianwear,ziyaa,3903.0,1561.0,60.0
11295,11,Indianwear,myshka,1999.0,399.0,80.0
11296,12,Indianwear,stop,999.0,399.0,60.0
11297,13,Indianwear,kashish,1799.0,899.0,50.0
11298,14,Indianwear,yuris,4299.0,1504.0,65.0
11299,15,Indianwear,juniper,1499.0,599.0,60.0
11300,16,Indianwear,myshka,2999.0,749.0,75.0
11301,17,Indianwear,haute curry,1199.0,599.0,50.0
11302,18,Indianwear,juniper,5048.0,2524.0,50.0
11303,19,Indianwear,varanga,2199.0,769.0,65.0
11304,20,Indianwear,juniper,2299.0,689.0,70.0
11305,21,Indianwear,haute curry,1299.0,649.0,50.0
11307,23,Indianwear,haute curry,1499.0,749.0,50.0
11308,24,Indianwear,juniper,2999.0,1349.0,55.0
11309,25,Indianwear,varanga,1799.0,719.0,60.0
11310,0,Indianwear,stop,799.0,319.0,60.0
11311,1,Indianwear,stop,999.0,499.0,50.0
11312,2,Indianwear,infuse,999.0,499.0,50.0
11313,3,Indianwear,infuse,499.0,249.0,50.0
11314,4,Indianwear,indya,2900.0,2320.0,20.0
11315,5,Indianwear,stop,999.0,399.0,60.0
11316,6,Indianwear,kashish,2999.0,1499.0,50.0
11317,7,Indianwear,kashish,3499.0,1749.0,50.0
11318,8,Indianwear,ziyaa,2511.0,878.0,65.0
11319,9,Indianwear,infuse,699.0,349.0,50.0
11320,10,Indianwear,juniper,4799.0,1919.0,60.0
11321,11,Indianwear,w,1799.0,899.0,50.0
11322,12,Indianwear,juniper,2299.0,804.0,65.0
11323,13,Indianwear,myshka,1599.0,479.0,70.0
11324,14,Indianwear,infuse,1199.0,599.0,50.0
11325,15,Indianwear,aurelia,1999.0,1399.0,30.0
11326,16,Indianwear,biba,2638.2167045910855,4595.0,44.84758845312988
11327,17,Indianwear,biba,2999.0,1799.0,40.0
11328,18,Indianwear,infuse,999.0,399.0,60.0
11329,19,Indianwear,infuse,999.0,399.0,60.0
11330,20,Indianwear,stop,1199.0,479.0,60.0
11331,21,Indianwear,stop,799.0,399.0,50.0
11333,23,Indianwear,kashish,3499.0,1749.0,50.0
11334,24,Indianwear,yuris,4299.0,1504.0,65.0
11335,25,Indianwear,ziyaa,4020.0,1608.0,60.0
11336,0,Indianwear,kashish,1599.0,799.0,50.0
11337,1,Indianwear,stop,799.0,399.0,50.0
11338,2,Indianwear,juniper,1299.0,649.0,50.0
11339,3,Indianwear,stop,2638.2167045910855,1199.0,44.84758845312988
11340,4,Indianwear,myshka,1299.0,584.0,55.0
11341,5,Indianwear,biba,4595.0,2757.0,40.0
11342,6,Indianwear,stop,499.0,349.0,30.0
11343,7,Indianwear,aurelia,999.0,499.0,50.0
11344,8,Indianwear,biba,2799.0,1679.0,40.0
11345,9,Indianwear,myshka,1299.0,454.0,65.0
11346,10,Indianwear,janasya,2699.0,1214.0,55.0
11347,11,Indianwear,stop,799.0,559.0,30.0
11348,12,Indianwear,varanga,3599.0,1079.0,70.0
11349,13,Indianwear,biba,1499.0,749.0,50.0
11350,14,Indianwear,aurelia,1499.0,1049.0,30.0
11351,15,Indianwear,myshka,5499.0,1099.0,80.0
11352,16,Indianwear,yuris,3499.0,1399.0,60.0
11353,17,Indianwear,infuse,999.0,499.0,50.0
11354,18,Indianwear,ziyaa,1868.0,747.0,60.0
11355,19,Indianwear,stop,999.0,399.0,60.0
11356,20,Indianwear,juniper,4899.0,1469.0,70.0
11357,21,Indianwear,indya,2400.0,1200.0,50.0
11359,23,Indianwear,aurelia,999.0,699.0,30.0
11360,24,Indianwear,yuris,3499.0,1399.0,60.0
11361,25,Indianwear,infuse,799.0,319.0,60.0
11362,0,Indianwear,stop,2638.2167045910855,1299.0,44.84758845312988
11363,1,Indianwear,myshka,3999.0,799.0,80.0
11364,2,Indianwear,juniper,2699.0,944.0,65.0
11365,3,Indianwear,stop,1199.0,479.0,60.0
11366,4,Indianwear,stop,899.0,359.0,60.0
11367,5,Indianwear,juniper,2098.0,524.0,75.0
11368,6,Indianwear,yuris,3999.0,1599.0,60.0
11369,7,Indianwear,janasya,2499.0,874.0,65.0
11370,8,Indianwear,juniper,1699.0,764.0,55.0
11371,9,Indianwear,biba,2799.0,1679.0,40.0
11372,10,Indianwear,infuse,1799.0,899.0,50.0
11373,11,Indianwear,biba,999.0,499.0,50.0
11374,12,Indianwear,ziyaa,1837.0,826.0,55.0
11375,13,Indianwear,stop,799.0,399.0,50.0
11376,14,Indianwear,indya,3800.0,3040.0,20.0
11377,15,Indianwear,haute curry,999.0,499.0,50.0
11378,16,Indianwear,haute curry,999.0,499.0,50.0
11379,17,Indianwear,haute curry,1199.0,599.0,50.0
11380,18,Indianwear,juniper,3499.0,1574.0,55.0
11381,19,Indianwear,indya,1500.0,1200.0,20.0
11382,20,Indianwear,haute curry,999.0,499.0,50.0
11383,21,Indianwear,infuse,999.0,399.0,60.0
11385,23,Indianwear,yuris,1699.0,594.0,65.0
11386,24,Indianwear,kashish,1999.0,999.0,50.0
11387,25,Indianwear,varanga,2799.0,979.0,65.0
11388,0,Indianwear,kashish,2799.0,1399.0,50.0
11389,1,Indianwear,yuris,1499.0,599.0,60.0
11390,2,Indianwear,indya,2638.2167045910855,2400.0,44.84758845312988
11391,3,Indianwear,haute curry,1499.0,749.0,50.0
11392,4,Indianwear,juniper,1699.0,849.0,50.0
11393,5,Indianwear,global desi,2399.0,1199.0,50.0
11394,6,Indianwear,w,2638.2167045910855,1999.0,44.84758845312988
11395,7,Indianwear,yuris,3999.0,1399.0,65.0
11396,8,Indianwear,haute curry,2638.2167045910855,999.0,44.84758845312988
11397,9,Indianwear,ira soleil,2638.2167045910855,1399.0,44.84758845312988
11398,10,Indianwear,aurelia,999.0,499.0,50.0
11399,11,Indianwear,haute curry,1499.0,749.0,50.0
11400,12,Indianwear,juniper,1699.0,849.0,50.0
11401,13,Indianwear,haute curry,1299.0,649.0,50.0
11402,14,Indianwear,janasya,2389.0,1075.0,55.0
11403,15,Indianwear,juniper,1699.0,764.0,55.0
11404,16,Indianwear,biba,1299.0,649.0,50.0
11405,17,Indianwear,janasya,1299.0,454.0,65.0
11406,18,Indianwear,haute curry,799.0,399.0,50.0
11407,19,Indianwear,jack and jones,2499.0,1499.0,40.0
11408,20,Indianwear,infuse,999.0,399.0,60.0
11409,21,Indianwear,juniper,5999.0,1799.0,70.0
11411,23,Indianwear,stop,799.0,399.0,50.0
11412,24,Indianwear,indya,2400.0,1200.0,50.0
11413,25,Indianwear,infuse,799.0,319.0,60.0
11414,0,Indianwear,aurelia,2499.0,1249.0,50.0
11415,1,Indianwear,juniper,2499.0,999.0,60.0
11416,2,Indianwear,janasya,2179.0,871.0,60.0
11417,3,Indianwear,kashish,3499.0,1749.0,50.0
11418,4,Indianwear,juniper,1299.0,909.0,30.0
11419,5,Indianwear,haute curry,1199.0,599.0,50.0
11420,6,Indianwear,varanga,6999.0,2449.0,65.0
11421,7,Indianwear,biba,3599.0,2519.0,30.0
11422,8,Indianwear,juniper,2899.0,1304.0,55.0
11423,9,Indianwear,myshka,3999.0,999.0,75.0
11424,10,Indianwear,haute curry,1499.0,749.0,50.0
11425,11,Indianwear,indya,3600.0,1800.0,50.0
11426,12,Indianwear,biba,6995.0,4896.0,30.0
11427,13,Indianwear,stop,799.0,399.0,50.0
11428,14,Indianwear,biba,1999.0,1599.0,20.0
11429,15,Indianwear,juniper,1049.0,786.0,25.0
11430,16,Indianwear,juniper,2499.0,749.0,70.0
11431,17,Indianwear,juniper,3399.0,1359.0,60.0
11432,18,Indianwear,infuse,799.0,319.0,60.0
11433,19,Indianwear,kashish,2638.2167045910855,3499.0,44.84758845312988
11434,20,Indianwear,zink london,1999.0,1199.0,40.0
11435,21,Indianwear,janasya,2179.0,871.0,60.0
11437,23,Indianwear,biba,4995.0,3496.0,30.0
11438,24,Indianwear,stop,1299.0,649.0,50.0
11439,25,Indianwear,global desi,1799.0,539.0,70.0
11440,0,Indianwear,stop,1299.0,649.0,50.0
11441,1,Indianwear,juniper,7299.0,2189.0,70.0
11442,2,Indianwear,sanaa,1049.0,734.0,30.0
11443,3,Indianwear,infuse,999.0,399.0,60.0
11444,4,Indianwear,biba,2638.2167045910855,1599.0,44.84758845312988
11445,5,Indianwear,biba,2799.0,2239.0,20.0
11446,6,Indianwear,yuris,3999.0,1399.0,65.0
11447,7,Indianwear,stop,799.0,399.0,50.0
11448,8,Indianwear,stop,1499.0,749.0,50.0
11449,9,Indianwear,juniper,4099.0,1434.0,65.0
11450,10,Indianwear,juniper,2299.0,1034.0,55.0
11451,11,Indianwear,myshka,5999.0,1199.0,80.0
11452,12,Indianwear,ziyaa,2197.0,878.0,60.0
11453,13,Indianwear,infuse,799.0,319.0,60.0
11454,14,Indianwear,infuse,1299.0,649.0,50.0
11455,15,Indianwear,juniper,3299.0,1484.0,55.0
11456,16,Indianwear,juniper,1899.0,949.0,50.0
11457,17,Indianwear,biba,1999.0,999.0,50.0
11458,18,Indianwear,myshka,1099.0,439.0,60.0
11459,19,Indianwear,kashish,1699.0,849.0,50.0
11460,20,Indianwear,biba,2999.0,1799.0,40.0
11461,21,Indianwear,stop,799.0,399.0,50.0
11463,23,Indianwear,janasya,1459.0,510.0,65.0
11464,24,Indianwear,haute curry,1499.0,749.0,50.0
11465,25,Indianwear,juniper,1699.0,1019.0,40.0
11466,0,Indianwear,biba,799.0,399.0,50.0
11467,1,Indianwear,kami kubi,1999.0,799.0,60.0
11468,2,Indianwear,indya,3200.0,2560.0,20.0
11469,3,Indianwear,juniper,849.0,339.0,60.0
11470,4,Indianwear,haute curry,1499.0,749.0,50.0
11471,5,Indianwear,w,1899.0,949.0,50.0
11472,6,Indianwear,ziyaa,3277.0,1310.0,60.0
11473,7,Indianwear,myshka,3999.0,999.0,75.0
11474,8,Indianwear,haute curry,1299.0,649.0,50.0
11475,9,Indianwear,kashish,2638.2167045910855,4499.0,44.84758845312988
11476,10,Indianwear,infuse,1399.0,419.0,70.0
11477,11,Indianwear,haute curry,699.0,349.0,50.0
11478,12,Indianwear,haute curry,799.0,399.0,50.0
11479,13,Indianwear,infuse,799.0,319.0,60.0
11480,14,Indianwear,infuse,999.0,399.0,60.0
11481,15,Indianwear,myshka,3499.0,874.0,75.0
11482,16,Indianwear,w,2638.2167045910855,1899.0,44.84758845312988
11483,17,Indianwear,yuris,3999.0,1399.0,65.0
11484,18,Indianwear,stop,999.0,399.0,60.0
11485,19,Indianwear,w,2638.2167045910855,1999.0,44.84758845312988
11486,20,Indianwear,ziyaa,2127.0,850.0,60.0
11487,21,Indianwear,juniper,2499.0,1499.0,40.0
11489,23,Indianwear,haute curry,1499.0,749.0,50.0
11490,24,Indianwear,biba,2799.0,1679.0,40.0
11491,25,Indianwear,varanga,6999.0,2449.0,65.0
11492,0,Indianwear,w,1999.0,1499.0,25.0
11493,1,Indianwear,haute curry,2638.2167045910855,1499.0,44.84758845312988
11494,2,Indianwear,indya,3200.0,2560.0,20.0
11495,3,Indianwear,stop,899.0,449.0,50.0
11496,4,Indianwear,infuse,1399.0,419.0,70.0
11497,5,Indianwear,juniper,1049.0,314.0,70.0
11498,6,Indianwear,aurelia,2199.0,1539.0,30.0
11499,7,Indianwear,stop,999.0,399.0,60.0
11500,8,Indianwear,biba,4995.0,3496.0,30.0
11501,9,Indianwear,biba,2799.0,2239.0,20.0
11502,10,Indianwear,aurelia,2638.2167045910855,499.0,44.84758845312988
11503,11,Indianwear,stop,1299.0,649.0,50.0
11504,12,Indianwear,ziyaa,2519.0,881.0,65.0
11505,13,Indianwear,kashish,2499.0,1249.0,50.0
11506,14,Indianwear,indya,2600.0,1300.0,50.0
11507,15,Indianwear,infuse,499.0,299.0,40.0
11508,16,Indianwear,juniper,3299.0,1649.0,50.0
11509,17,Indianwear,stop,1299.0,649.0,50.0
11510,18,Indianwear,varanga,6999.0,2099.0,70.0
11511,19,Indianwear,biba,6500.0,3900.0,40.0
11512,20,Indianwear,biba,2638.2167045910855,4599.0,44.84758845312988
11513,21,Indianwear,ziyaa,2333.0,933.0,60.0
11515,23,Indianwear,indya,4500.0,2250.0,50.0
11516,24,Indianwear,myshka,2999.0,899.0,70.0
11517,25,Indianwear,neerus,2999.0,1499.0,50.0
11518,0,Indianwear,haute curry,799.0,399.0,50.0
11519,1,Indianwear,stop,2638.2167045910855,599.0,44.84758845312988
11520,2,Indianwear,global desi,2199.0,659.0,70.0
11521,3,Indianwear,stop,999.0,499.0,50.0
11522,4,Indianwear,w,2638.2167045910855,4999.0,44.84758845312988
11523,5,Indianwear,myshka,4999.0,749.0,85.0
11524,6,Indianwear,biba,5995.0,3597.0,40.0
11525,7,Indianwear,varanga,1999.0,599.0,70.0
11526,8,Indianwear,varanga,3299.0,824.0,75.0
11527,9,Indianwear,aurelia,999.0,499.0,50.0
11528,10,Indianwear,stop,2638.2167045910855,899.0,44.84758845312988
11529,11,Indianwear,biba,1999.0,1199.0,40.0
11530,12,Indianwear,sanaa,1049.0,524.0,50.0
11531,13,Indianwear,kami kubi,1499.0,674.0,55.0
11532,14,Indianwear,janasya,2089.0,940.0,55.0
11533,15,Indianwear,kami kubi,2999.0,899.0,70.0
11534,16,Indianwear,juniper,2499.0,749.0,70.0
11535,17,Indianwear,janasya,1399.0,769.0,45.0
11536,18,Indianwear,biba,2799.0,1679.0,40.0
11537,19,Indianwear,kashish,1599.0,799.0,50.0
11538,20,Indianwear,haute curry,799.0,399.0,50.0
11539,21,Indianwear,ziyaa,3857.0,1542.0,60.0
11541,23,Indianwear,biba,2799.0,1679.0,40.0
11542,24,Indianwear,global desi,2299.0,1839.0,20.0
11543,25,Indianwear,stop,1499.0,749.0,50.0
11544,0,Indianwear,indya,2950.0,2360.0,20.0
11545,1,Indianwear,sanaa,1399.0,699.0,50.0
11546,2,Indianwear,myshka,1499.0,449.0,70.0
11547,3,Indianwear,kashish,3999.0,1999.0,50.0
11548,4,Indianwear,varanga,7999.0,2399.0,70.0
11549,5,Indianwear,juniper,3699.0,1479.0,60.0
11550,6,Indianwear,shaya by caratlane,1800.0,1710.0,5.0
11551,7,Indianwear,w,1799.0,1349.0,25.0
11552,8,Indianwear,biba,1999.0,999.0,50.0
11553,9,Indianwear,myshka,2999.0,749.0,75.0
11554,10,Indianwear,fratini,1299.0,649.0,50.0
11555,11,Indianwear,haute curry,899.0,449.0,50.0
11556,12,Indianwear,kashish,1799.0,899.0,50.0
11557,13,Indianwear,stop,799.0,399.0,50.0
11558,14,Indianwear,haute curry,499.0,249.0,50.0
11559,15,Indianwear,varanga,1999.0,599.0,70.0
11560,16,Indianwear,ziyaa,4327.0,1730.0,60.0
11561,17,Indianwear,myshka,4999.0,999.0,80.0
11562,18,Indianwear,w,1699.0,1274.0,25.0
11563,19,Indianwear,kashish,2638.2167045910855,3299.0,44.84758845312988
11564,20,Indianwear,w,2299.0,1724.0,25.0
11565,21,Indianwear,aurelia,999.0,499.0,50.0
11567,23,Indianwear,aurelia,2638.2167045910855,1599.0,44.84758845312988
11568,24,Indianwear,kashish,2638.2167045910855,2499.0,44.84758845312988
11569,25,Indianwear,haute curry,1499.0,749.0,50.0
11570,0,Indianwear,sanaa,1049.0,734.0,30.0
11571,1,Indianwear,kashish,3799.0,1899.0,50.0
11572,2,Indianwear,juniper,2299.0,1034.0,55.0
11573,3,Indianwear,juniper,4099.0,1844.0,55.0
11574,4,Indianwear,stop,1199.0,479.0,60.0
11575,5,Indianwear,haute curry,1499.0,749.0,50.0
11576,6,Indianwear,haute curry,1499.0,749.0,50.0
11577,7,Indianwear,stop,999.0,399.0,60.0
11578,8,Indianwear,yuris,1699.0,849.0,50.0
11579,9,Indianwear,yuris,1099.0,604.0,45.0
11580,10,Indianwear,janasya,1199.0,599.0,50.0
11581,11,Indianwear,stop,999.0,499.0,50.0
11582,12,Indianwear,stop,799.0,399.0,50.0
11583,13,Indianwear,juniper,2799.0,979.0,65.0
11584,14,Indianwear,jack and jones,1499.0,1049.0,30.0
11585,15,Indianwear,infuse,1699.0,849.0,50.0
11586,16,Indianwear,janasya,2699.0,1484.0,45.0
11587,17,Indianwear,juniper,3099.0,1549.0,50.0
11588,18,Indianwear,myshka,5999.0,1499.0,75.0
11589,19,Indianwear,infuse,999.0,399.0,60.0
11590,20,Indianwear,haute curry,1499.0,749.0,50.0
11591,21,Indianwear,indya,1800.0,900.0,50.0
11593,23,Indianwear,stop,799.0,399.0,50.0
11594,24,Indianwear,biba,1999.0,999.0,50.0
11595,25,Indianwear,varanga,1999.0,599.0,70.0
11596,0,Indianwear,haute curry,699.0,349.0,50.0
11597,1,Indianwear,stop,799.0,399.0,50.0
11598,2,Indianwear,juniper,1699.0,764.0,55.0
11599,3,Indianwear,ziyaa,2217.0,775.0,65.0
11600,4,Indianwear,w,3599.0,2159.0,40.0
11601,5,Indianwear,biba,3599.0,2159.0,40.0
11602,6,Indianwear,myshka,4999.0,749.0,85.0
11603,7,Indianwear,stop,1299.0,649.0,50.0
11604,8,Indianwear,indya,3400.0,2720.0,20.0
11605,9,Indianwear,indya,2450.0,1960.0,20.0
11606,10,Indianwear,myshka,5999.0,1499.0,75.0
11607,11,Indianwear,janasya,4998.0,1499.0,70.0
11608,12,Indianwear,haute curry,799.0,399.0,50.0
11609,13,Indianwear,myshka,1699.0,509.0,70.0
11610,14,Indianwear,stop,799.0,399.0,50.0
11611,15,Indianwear,infuse,999.0,399.0,60.0
11612,16,Indianwear,ziyaa,3087.0,1080.0,65.0
11613,17,Indianwear,varanga,2999.0,899.0,70.0
11614,18,Indianwear,w,1799.0,899.0,50.0
11615,19,Indianwear,haute curry,1499.0,749.0,50.0
11616,20,Indianwear,varanga,4199.0,1469.0,65.0
11617,21,Indianwear,juniper,1699.0,849.0,50.0
11619,23,Indianwear,janasya,3859.0,1350.0,65.0
11620,24,Indianwear,kashish,1499.0,749.0,50.0
11621,25,Indianwear,haute curry,899.0,449.0,50.0
11622,0,Indianwear,infuse,1699.0,849.0,50.0
11623,1,Indianwear,w,2638.2167045910855,2599.0,44.84758845312988
11624,2,Indianwear,w,2638.2167045910855,1399.0,44.84758845312988
11625,3,Indianwear,w,1999.0,1499.0,25.0
11626,4,Indianwear,myshka,2499.0,499.0,80.0
11627,5,Indianwear,infuse,1599.0,479.0,70.0
11628,6,Indianwear,myshka,3999.0,599.0,85.0
11629,7,Indianwear,janasya,1299.0,519.0,60.0
11630,8,Indianwear,stop,1199.0,479.0,60.0
11631,9,Indianwear,juniper,1299.0,649.0,50.0
11632,10,Indianwear,varanga,3599.0,1259.0,65.0
11633,11,Indianwear,haute curry,2638.2167045910855,1299.0,44.84758845312988
11634,12,Indianwear,ziyaa,2383.0,953.0,60.0
11635,13,Indianwear,biba,1999.0,999.0,50.0
11636,14,Indianwear,stop,999.0,499.0,50.0
11637,15,Indianwear,stop,899.0,629.0,30.0
11638,16,Indianwear,juniper,3849.0,1347.0,65.0
11639,17,Indianwear,juniper,1899.0,949.0,50.0
11640,18,Indianwear,varanga,5999.0,2099.0,65.0
11641,19,Indianwear,shaya by caratlane,3300.0,2970.0,10.0
11642,20,Indianwear,w,1999.0,1499.0,25.0
11643,21,Indianwear,infuse,499.0,249.0,50.0
11645,23,Indianwear,w,4999.0,3749.0,25.0
11646,24,Indianwear,varanga,1999.0,799.0,60.0
11647,25,Indianwear,kashish,1299.0,649.0,50.0
11648,0,Indianwear,ziyaa,2139.0,748.0,65.0
11649,1,Indianwear,juniper,2399.0,959.0,60.0
11650,2,Indianwear,biba,2638.2167045910855,3599.0,44.84758845312988
11651,3,Indianwear,janasya,2649.0,1456.0,45.0
11652,4,Indianwear,suti,1299.0,1039.0,20.0
11653,5,Indianwear,haute curry,2638.2167045910855,1799.0,44.84758845312988
11654,6,Indianwear,haute curry,799.0,399.0,50.0
11655,7,Indianwear,haute curry,1299.0,649.0,50.0
11656,8,Indianwear,stop,799.0,559.0,30.0
11657,9,Indianwear,juniper,2499.0,999.0,60.0
11658,10,Indianwear,w,2638.2167045910855,1999.0,44.84758845312988
11659,11,Indianwear,myshka,3999.0,1199.0,70.0
11660,12,Indianwear,infuse,999.0,399.0,60.0
11661,13,Indianwear,yuris,1999.0,599.0,70.0
11662,14,Indianwear,stop,1299.0,649.0,50.0
11663,15,Indianwear,aurelia,1049.0,524.0,50.0
11664,16,Indianwear,aurelia,999.0,499.0,50.0
11665,17,Indianwear,ziyaa,3552.0,1243.0,65.0
11666,18,Indianwear,stop,2638.2167045910855,899.0,44.84758845312988
11667,19,Indianwear,biba,2638.2167045910855,3799.0,44.84758845312988
11668,20,Indianwear,juniper,2799.0,979.0,65.0
11669,21,Indianwear,aurelia,2638.2167045910855,2999.0,44.84758845312988
11671,23,Indianwear,biba,3999.0,2399.0,40.0
11672,24,Indianwear,juniper,2999.0,1499.0,50.0
11673,25,Indianwear,myshka,2999.0,899.0,70.0
11674,0,Indianwear,haute curry,899.0,449.0,50.0
11675,1,Indianwear,janasya,2749.0,962.0,65.0
11676,2,Indianwear,myshka,4999.0,1249.0,75.0
11677,3,Indianwear,aurelia,4699.0,3289.0,30.0
11678,4,Indianwear,juniper,3799.0,1519.0,60.0
11679,5,Indianwear,biba,699.0,349.0,50.0
11680,6,Indianwear,haute curry,699.0,349.0,50.0
11681,7,Indianwear,infuse,499.0,249.0,50.0
11682,8,Indianwear,biba,2638.2167045910855,3299.0,44.84758845312988
11683,9,Indianwear,infuse,1399.0,419.0,70.0
11684,10,Indianwear,varanga,3299.0,989.0,70.0
11685,11,Indianwear,biba,4995.0,3496.0,30.0
11686,12,Indianwear,biba,2638.2167045910855,5995.0,44.84758845312988
11687,13,Indianwear,infuse,499.0,249.0,50.0
11688,14,Indianwear,biba,2999.0,2099.0,30.0
11689,15,Indianwear,ira soleil,2638.2167045910855,1399.0,44.84758845312988
11690,16,Indianwear,haute curry,799.0,399.0,50.0
11691,17,Indianwear,haute curry,899.0,449.0,50.0
11692,18,Indianwear,juniper,2899.0,1739.0,40.0
11693,19,Indianwear,stop,799.0,399.0,50.0
11694,20,Indianwear,kashish,1799.0,899.0,50.0
11695,21,Indianwear,juniper,2899.0,1449.0,50.0
11697,23,Indianwear,juniper,1299.0,649.0,50.0
11698,24,Indianwear,yuris,1499.0,599.0,60.0
11699,25,Indianwear,suti,1899.0,1519.0,20.0
11700,0,Indianwear,janasya,1299.0,519.0,60.0
11701,1,Indianwear,stop,899.0,359.0,60.0
11702,2,Indianwear,varanga,6799.0,2039.0,70.0
11703,3,Indianwear,ziyaa,2138.0,855.0,60.0
11704,4,Indianwear,haute curry,1499.0,749.0,50.0
11705,5,Indianwear,juniper,3799.0,1709.0,55.0
11706,6,Indianwear,varanga,2999.0,899.0,70.0
11707,7,Indianwear,infuse,999.0,399.0,60.0
11708,8,Indianwear,haute curry,899.0,449.0,50.0
11709,9,Indianwear,aurelia,2638.2167045910855,999.0,44.84758845312988
11710,10,Indianwear,stop,1299.0,649.0,50.0
11711,11,Indianwear,myshka,4999.0,1249.0,75.0
11712,12,Indianwear,biba,4595.0,3216.0,30.0
11713,13,Indianwear,juniper,4199.0,1469.0,65.0
11714,14,Indianwear,stop,999.0,499.0,50.0
11715,15,Indianwear,ziyaa,2212.0,884.0,60.0
11716,16,Indianwear,myshka,6499.0,1624.0,75.0
11717,17,Indianwear,juniper,1999.0,999.0,50.0
11718,18,Indianwear,infuse,899.0,449.0,50.0
11719,19,Indianwear,ziyaa,2912.0,1310.0,55.0
11720,20,Indianwear,varanga,1799.0,809.0,55.0
11721,21,Indianwear,biba,1799.0,899.0,50.0
11723,23,Indianwear,yuris,4299.0,1504.0,65.0
11724,24,Indianwear,haute curry,1299.0,649.0,50.0
11725,25,Indianwear,jack and jones,2999.0,2399.0,20.0
11726,0,Indianwear,juniper,2999.0,1499.0,50.0
11727,1,Indianwear,kashish,1599.0,799.0,50.0
11728,2,Indianwear,stop,799.0,319.0,60.0
11729,3,Indianwear,ziyaa,2178.0,871.0,60.0
11730,4,Indianwear,janasya,1499.0,749.0,50.0
11731,5,Indianwear,sanaa,1699.0,849.0,50.0
11732,6,Indianwear,kashish,2499.0,1249.0,50.0
11733,7,Indianwear,stop,1199.0,479.0,60.0
11734,8,Indianwear,w,2638.2167045910855,6999.0,44.84758845312988
11735,9,Indianwear,biba,2599.0,2079.0,20.0
11736,10,Indianwear,juniper,4847.0,1938.0,60.0
11737,11,Indianwear,juniper,1899.0,759.0,60.0
11738,12,Indianwear,amukti,699.0,489.0,30.0
11739,13,Indianwear,aurelia,1099.0,769.0,30.0
11740,14,Indianwear,biba,2999.0,1799.0,40.0
11741,15,Indianwear,stop,799.0,559.0,30.0
11742,16,Indianwear,myshka,2999.0,899.0,70.0
11743,17,Indianwear,stop,899.0,359.0,60.0
11744,18,Indianwear,stop,799.0,399.0,50.0
11745,19,Indianwear,kashish,3799.0,1899.0,50.0
11746,20,Indianwear,biba,2638.2167045910855,6500.0,44.84758845312988
11747,21,Indianwear,varanga,2638.2167045910855,1799.0,44.84758845312988
11749,23,Indianwear,biba,3999.0,2399.0,40.0
11750,24,Indianwear,varanga,1399.0,699.0,50.0
11751,25,Indianwear,infuse,899.0,449.0,50.0
11752,0,Indianwear,infuse,1699.0,849.0,50.0
11753,1,Indianwear,global desi,1999.0,999.0,50.0
11754,2,Indianwear,biba,3999.0,2399.0,40.0
11755,3,Indianwear,biba,2999.0,1799.0,40.0
11756,4,Indianwear,janasya,2179.0,871.0,60.0
11757,5,Indianwear,infuse,799.0,319.0,60.0
11758,6,Indianwear,biba,2599.0,1819.0,30.0
11759,7,Indianwear,myshka,6499.0,1624.0,75.0
11760,8,Indianwear,biba,1999.0,999.0,50.0
11761,9,Indianwear,juniper,5048.0,2524.0,50.0
11762,10,Indianwear,juniper,3499.0,1574.0,55.0
11763,11,Indianwear,myshka,4999.0,749.0,85.0
11764,12,Indianwear,kashish,1999.0,999.0,50.0
11765,13,Indianwear,infuse,1999.0,999.0,50.0
11766,14,Indianwear,stop,799.0,399.0,50.0
11767,15,Indianwear,haute curry,999.0,499.0,50.0
11768,16,Indianwear,juniper,1499.0,449.0,70.0
11769,17,Indianwear,juniper,3646.0,2187.0,40.0
11770,18,Indianwear,sanaa,1399.0,699.0,50.0
11771,19,Indianwear,juniper,1699.0,764.0,55.0
11772,20,Indianwear,ziyaa,4137.0,1447.0,65.0
11773,21,Indianwear,indya,2200.0,1100.0,50.0
11775,23,Indianwear,myshka,1899.0,569.0,70.0
11776,24,Indianwear,infuse,799.0,319.0,60.0
11777,25,Indianwear,kashish,1599.0,799.0,50.0
11778,0,Indianwear,vastranand,3475.0,1563.0,55.0
11779,1,Indianwear,juniper,2098.0,629.0,70.0
11780,2,Indianwear,varanga,5999.0,2099.0,65.0
11781,3,Indianwear,stop,799.0,399.0,50.0
11782,4,Indianwear,indya,1700.0,850.0,50.0
11783,5,Indianwear,indya,1577.0,788.0,50.0
11784,6,Indianwear,varanga,8999.0,3149.0,65.0
11785,7,Indianwear,w,1799.0,1079.0,40.0
11786,8,Indianwear,haute curry,899.0,449.0,50.0
11787,9,Indianwear,stop,1199.0,599.0,50.0
11788,10,Indianwear,varanga,8999.0,3149.0,65.0
11789,11,Indianwear,aurelia,1999.0,1399.0,30.0
11790,12,Indianwear,janasya,1199.0,659.0,45.0
11791,13,Indianwear,vastranand,3675.0,2021.0,45.0
11792,14,Indianwear,stop,799.0,399.0,50.0
11793,15,Indianwear,janasya,2049.0,819.0,60.0
11794,16,Indianwear,aurelia,2999.0,2099.0,30.0
11795,17,Indianwear,infuse,1499.0,749.0,50.0
11796,18,Indianwear,haute curry,699.0,349.0,50.0
11797,19,Indianwear,global desi,1699.0,1359.0,20.0
11798,20,Indianwear,global desi,2099.0,1679.0,20.0
11799,21,Indianwear,ziyaa,3500.0,1400.0,60.0
11801,23,Indianwear,ziyaa,2943.0,1030.0,65.0
11802,24,Indianwear,indya,3400.0,1700.0,50.0
11803,25,Indianwear,ziyaa,2448.0,856.0,65.0
11804,0,Indianwear,kashish,2638.2167045910855,3299.0,44.84758845312988
11805,1,Indianwear,yuris,3999.0,1399.0,65.0
11806,2,Indianwear,stop,499.0,349.0,30.0
11807,3,Indianwear,myshka,2999.0,749.0,75.0
11808,4,Indianwear,janasya,1599.0,559.0,65.0
11809,5,Indianwear,kami kubi,1999.0,899.0,55.0
11810,6,Indianwear,infuse,499.0,299.0,40.0
11811,7,Indianwear,juniper,1999.0,799.0,60.0
11812,8,Indianwear,juniper,3099.0,929.0,70.0
11813,9,Indianwear,varanga,1499.0,824.0,45.0
11814,10,Indianwear,juniper,4048.0,1821.0,55.0
11815,11,Indianwear,janasya,2089.0,940.0,55.0
11816,12,Indianwear,haute curry,699.0,349.0,50.0
11817,13,Indianwear,myshka,3999.0,1199.0,70.0
11818,14,Indianwear,w,2638.2167045910855,1399.0,44.84758845312988
11819,15,Indianwear,myshka,1999.0,599.0,70.0
11820,16,Indianwear,biba,3999.0,2799.0,30.0
11821,17,Indianwear,stop,2638.2167045910855,599.0,44.84758845312988
11822,18,Indianwear,juniper,2098.0,944.0,55.0
11823,19,Indianwear,juniper,2299.0,804.0,65.0
11824,20,Indianwear,juniper,2999.0,1949.0,35.0
11825,21,Indianwear,juniper,2499.0,999.0,60.0
11827,23,Indianwear,global desi,2499.0,1999.0,20.0
11828,24,Indianwear,w,4299.0,2149.0,50.0
11829,25,Indianwear,ziyaa,4027.0,1409.0,65.0
11830,0,Indianwear,stop,799.0,399.0,50.0
11831,1,Indianwear,ziyaa,2528.0,1011.0,60.0
11832,2,Indianwear,stop,1499.0,749.0,50.0
11833,3,Indianwear,juniper,4499.0,2699.0,40.0
11834,4,Indianwear,ziyaa,4001.0,1600.0,60.0
11835,5,Indianwear,suti,1899.0,1519.0,20.0
11836,6,Indianwear,w,4999.0,3749.0,25.0
11837,7,Indianwear,myshka,1499.0,449.0,70.0
11838,8,Indianwear,biba,4595.0,3216.0,30.0
11839,9,Indianwear,varanga,2638.2167045910855,2099.0,44.84758845312988
11840,10,Indianwear,global desi,1599.0,1039.0,35.0
11841,11,Indianwear,stop,1299.0,649.0,50.0
11842,12,Indianwear,stop,799.0,399.0,50.0
11843,13,Indianwear,infuse,999.0,399.0,60.0
11844,14,Indianwear,w,2299.0,1149.0,50.0
11845,15,Indianwear,janasya,1599.0,879.0,45.0
11846,16,Indianwear,biba,4899.0,3429.0,30.0
11847,17,Indianwear,w,2638.2167045910855,1799.0,44.84758845312988
11848,18,Indianwear,janasya,1269.0,634.0,50.0
11849,19,Indianwear,biba,3999.0,2799.0,30.0
11850,20,Indianwear,stop,799.0,399.0,50.0
11851,21,Indianwear,juniper,1599.0,719.0,55.0
11853,23,Indianwear,juniper,4200.0,2100.0,50.0
11854,24,Indianwear,stop,799.0,399.0,50.0
11855,25,Indianwear,infuse,1499.0,749.0,50.0
11856,0,Indianwear,suti,1399.0,1119.0,20.0
11857,1,Indianwear,varanga,1999.0,899.0,55.0
11858,2,Indianwear,varanga,2799.0,839.0,70.0
11859,3,Indianwear,stop,499.0,349.0,30.0
11860,4,Indianwear,biba,5995.0,4196.0,30.0
11861,5,Indianwear,myshka,2199.0,659.0,70.0
11862,6,Indianwear,ziyaa,2663.0,1065.0,60.0
11863,7,Indianwear,haute curry,799.0,399.0,50.0
11864,8,Indianwear,biba,1299.0,1039.0,20.0
11865,9,Indianwear,haute curry,899.0,449.0,50.0
11866,10,Indianwear,w,2638.2167045910855,1999.0,44.84758845312988
11867,11,Indianwear,janasya,2799.0,1399.0,50.0
11868,12,Indianwear,infuse,1599.0,479.0,70.0
11869,13,Indianwear,yuris,1349.0,674.0,50.0
11870,14,Indianwear,w,1699.0,849.0,50.0
11871,15,Indianwear,janasya,1199.0,479.0,60.0
11872,16,Indianwear,myshka,2499.0,749.0,70.0
11873,17,Indianwear,kashish,1599.0,799.0,50.0
11874,18,Indianwear,w,3999.0,2999.0,25.0
11875,19,Indianwear,kashish,1799.0,899.0,50.0
11876,20,Indianwear,sanaa,1299.0,649.0,50.0
11877,21,Indianwear,biba,3599.0,2879.0,20.0
11879,23,Indianwear,sanaa,1599.0,799.0,50.0
11880,24,Indianwear,myshka,5999.0,1199.0,80.0
11881,25,Indianwear,varanga,4999.0,1749.0,65.0
11882,0,Indianwear,janasya,2999.0,1049.0,65.0
11883,1,Indianwear,haute curry,999.0,499.0,50.0
11884,2,Indianwear,kashish,1599.0,799.0,50.0
11885,3,Indianwear,biba,2638.2167045910855,2599.0,44.84758845312988
11886,4,Indianwear,jack and jones,2499.0,1499.0,40.0
11887,5,Indianwear,myshka,1599.0,559.0,65.0
11888,6,Indianwear,myshka,1899.0,569.0,70.0
11889,7,Indianwear,ziyaa,3974.0,1390.0,65.0
11890,8,Indianwear,indya,3600.0,1800.0,50.0
11891,9,Indianwear,kashish,1999.0,999.0,50.0
11892,10,Indianwear,aurelia,3399.0,2379.0,30.0
11893,11,Indianwear,yuris,3999.0,1599.0,60.0
11894,12,Indianwear,myshka,5999.0,1499.0,75.0
11895,13,Indianwear,jack and jones,2999.0,2399.0,20.0
11896,14,Indianwear,ziyaa,2470.0,988.0,60.0
11897,15,Indianwear,kashish,2638.2167045910855,1599.0,44.84758845312988
11898,16,Indianwear,biba,2638.2167045910855,6500.0,44.84758845312988
11899,17,Indianwear,janasya,1999.0,999.0,50.0
11900,18,Indianwear,stop,799.0,399.0,50.0
11901,19,Indianwear,aurelia,1399.0,979.0,30.0
11902,20,Indianwear,stop,899.0,629.0,30.0
11903,21,Indianwear,stop,2638.2167045910855,1299.0,44.84758845312988
11905,23,Indianwear,juniper,1699.0,594.0,65.0
11906,24,Indianwear,janasya,1499.0,524.0,65.0
11907,25,Indianwear,global desi,3699.0,2959.0,20.0
11908,0,Indianwear,stop,899.0,449.0,50.0
11909,1,Indianwear,yuris,3499.0,1399.0,60.0
11910,2,Indianwear,juniper,1999.0,899.0,55.0
11911,3,Indianwear,biba,3999.0,2799.0,30.0
11912,4,Indianwear,biba,3999.0,2799.0,30.0
11913,5,Indianwear,stop,2638.2167045910855,599.0,44.84758845312988
11914,6,Indianwear,stop,1299.0,649.0,50.0
11915,7,Indianwear,vastranand,5700.0,2850.0,50.0
11916,8,Indianwear,juniper,1049.0,629.0,40.0
11917,9,Indianwear,juniper,3599.0,1439.0,60.0
11918,10,Indianwear,biba,2799.0,1399.0,50.0
11919,11,Indianwear,w,1999.0,999.0,50.0
11920,12,Indianwear,kami kubi,4499.0,1799.0,60.0
11921,13,Indianwear,kashish,1499.0,749.0,50.0
11922,14,Indianwear,stop,799.0,399.0,50.0
11923,15,Indianwear,w,2638.2167045910855,1999.0,44.84758845312988
11924,16,Indianwear,stop,1299.0,649.0,50.0
11925,17,Indianwear,infuse,1799.0,899.0,50.0
11926,18,Indianwear,sanaa,999.0,499.0,50.0
11927,19,Indianwear,yuris,3999.0,1599.0,60.0
11928,20,Indianwear,ziyaa,4105.0,1642.0,60.0
11929,21,Indianwear,juniper,1899.0,949.0,50.0
11931,23,Indianwear,myshka,1899.0,664.0,65.0
11932,24,Indianwear,indya,3950.0,1975.0,50.0
11933,25,Indianwear,stop,1499.0,749.0,50.0
11934,0,Indianwear,infuse,799.0,399.0,50.0
11935,1,Indianwear,stop,799.0,399.0,50.0
11936,2,Indianwear,stop,799.0,399.0,50.0
11937,3,Indianwear,indya,3200.0,1600.0,50.0
11938,4,Indianwear,aurelia,1099.0,769.0,30.0
11939,5,Indianwear,infuse,799.0,399.0,50.0
11940,6,Indianwear,yuris,4299.0,1504.0,65.0
11941,7,Indianwear,janasya,3379.0,1351.0,60.0
11942,8,Indianwear,ziyaa,1985.0,794.0,60.0
11943,9,Indianwear,infuse,1599.0,479.0,70.0
11944,10,Indianwear,janasya,2289.0,1030.0,55.0
11945,11,Indianwear,myshka,4999.0,999.0,80.0
11946,12,Indianwear,stop,999.0,499.0,50.0
11947,13,Indianwear,myshka,1499.0,449.0,70.0
11948,14,Indianwear,stop,899.0,629.0,30.0
11949,15,Indianwear,global desi,4299.0,3009.0,30.0
11950,16,Indianwear,aurelia,1049.0,524.0,50.0
11951,17,Indianwear,biba,3599.0,2159.0,40.0
11952,18,Indianwear,stop,1299.0,649.0,50.0
11953,19,Indianwear,infuse,1399.0,419.0,70.0
11954,20,Indianwear,myshka,1799.0,539.0,70.0
11955,21,Indianwear,stop,799.0,399.0,50.0
11957,23,Indianwear,ziyaa,2138.0,855.0,60.0
11958,24,Indianwear,biba,2599.0,1299.0,50.0
11959,25,Indianwear,ziyaa,2162.0,972.0,55.0
11960,0,Indianwear,stop,999.0,399.0,60.0
11961,1,Indianwear,haute curry,899.0,449.0,50.0
11962,2,Indianwear,infuse,899.0,449.0,50.0
11963,3,Indianwear,juniper,1799.0,1259.0,30.0
11964,4,Indianwear,biba,3599.0,2519.0,30.0
11965,5,Indianwear,myshka,2999.0,1349.0,55.0
11966,6,Indianwear,stop,799.0,399.0,50.0
11967,7,Indianwear,biba,2599.0,1299.0,50.0
11968,8,Indianwear,infuse,1299.0,649.0,50.0
11969,9,Indianwear,myshka,1499.0,449.0,70.0
11970,10,Indianwear,janasya,4699.0,1174.0,75.0
11971,11,Indianwear,haute curry,1499.0,749.0,50.0
11972,12,Indianwear,stop,799.0,399.0,50.0
11973,13,Indianwear,indya,2638.2167045910855,1600.0,44.84758845312988
11974,14,Indianwear,myshka,3999.0,799.0,80.0
11975,15,Indianwear,kashish,1599.0,799.0,50.0
11976,16,Indianwear,janasya,2699.0,1214.0,55.0
11977,17,Indianwear,biba,1999.0,1199.0,40.0
11978,18,Indianwear,indya,3400.0,2720.0,20.0
11979,19,Indianwear,kashish,1299.0,649.0,50.0
11980,20,Indianwear,haute curry,799.0,399.0,50.0
11981,21,Indianwear,juniper,999.0,649.0,35.0
11983,23,Indianwear,ziyaa,2142.0,749.0,65.0
11984,24,Indianwear,varanga,2399.0,719.0,70.0
11985,25,Indianwear,janasya,1198.0,599.0,50.0
11986,0,Indianwear,sanaa,1699.0,1189.0,30.0
11987,1,Indianwear,kashish,1599.0,799.0,50.0
11988,2,Indianwear,varanga,3999.0,1399.0,65.0
11989,3,Indianwear,stop,799.0,559.0,30.0
11990,4,Indianwear,varkala silk sarees,7500.0,1875.0,75.0
11991,5,Indianwear,indya,2638.2167045910855,2100.0,44.84758845312988
11992,6,Indianwear,aurelia,1999.0,1399.0,30.0
11993,7,Indianwear,aurelia,1199.0,839.0,30.0
11994,8,Indianwear,myshka,3999.0,1199.0,70.0
11995,9,Indianwear,haute curry,899.0,449.0,50.0
11996,10,Indianwear,myshka,1499.0,524.0,65.0
11997,11,Indianwear,haute curry,899.0,449.0,50.0
11998,12,Indianwear,infuse,1399.0,419.0,70.0
11999,13,Indianwear,stop,899.0,359.0,60.0
12000,14,Indianwear,zink london,1999.0,1199.0,40.0
12001,15,Indianwear,varanga,2299.0,804.0,65.0
12002,16,Indianwear,juniper,1999.0,799.0,60.0
12003,17,Indianwear,janasya,1949.0,779.0,60.0
12004,18,Indianwear,yuris,3499.0,1399.0,60.0
12005,19,Indianwear,w,2638.2167045910855,1299.0,44.84758845312988
12006,20,Indianwear,ziyaa,3531.0,1412.0,60.0
12007,21,Indianwear,biba,3599.0,2159.0,40.0
12009,23,Indianwear,aurelia,2499.0,1749.0,30.0
12010,24,Indianwear,stop,1299.0,649.0,50.0
12011,25,Indianwear,janasya,2089.0,940.0,55.0
12012,0,Indianwear,kashish,1799.0,899.0,50.0
12013,1,Indianwear,yuris,2399.0,1199.0,50.0
12014,2,Indianwear,stop,899.0,359.0,60.0
12015,3,Indianwear,aurelia,1199.0,599.0,50.0
12016,4,Indianwear,w,2638.2167045910855,2999.0,44.84758845312988
12017,5,Indianwear,aurelia,1299.0,909.0,30.0
12018,6,Indianwear,biba,2638.2167045910855,1799.0,44.84758845312988
12019,7,Indianwear,varanga,1599.0,719.0,55.0
12020,8,Indianwear,indya,1500.0,750.0,50.0
12021,9,Indianwear,kashish,1599.0,799.0,50.0
12022,10,Indianwear,varkala silk sarees,4500.0,1350.0,70.0
12023,11,Indianwear,kashish,1699.0,849.0,50.0
12024,12,Indianwear,janasya,1699.0,764.0,55.0
12025,13,Indianwear,juniper,3599.0,1619.0,55.0
12026,14,Indianwear,juniper,4499.0,2249.0,50.0
12027,15,Indianwear,varanga,3499.0,1049.0,70.0
12028,16,Indianwear,juniper,3299.0,1649.0,50.0
12029,17,Indianwear,kashish,1799.0,899.0,50.0
12030,18,Indianwear,kami kubi,2999.0,899.0,70.0
12031,19,Indianwear,ziyaa,1557.0,700.0,55.0
12032,20,Indianwear,ziyaa,1749.0,787.0,55.0
12033,21,Indianwear,stop,999.0,499.0,50.0
12035,23,Indianwear,varanga,1599.0,719.0,55.0
12036,24,Indianwear,kashish,3799.0,1899.0,50.0
12037,25,Indianwear,juniper,2999.0,899.0,70.0
12038,0,Indianwear,varanga,1999.0,899.0,55.0
12039,1,Indianwear,infuse,899.0,449.0,50.0
12040,2,Indianwear,myshka,4999.0,999.0,80.0
12041,3,Indianwear,fusion beats,1999.0,719.0,64.0
12042,4,Indianwear,janasya,2298.0,1378.0,40.0
12043,5,Indianwear,shaya by caratlane,2638.2167045910855,1700.0,44.84758845312988
12044,6,Indianwear,haute curry,2638.2167045910855,799.0,44.84758845312988
12045,7,Indianwear,myshka,3999.0,1199.0,70.0
12046,8,Indianwear,juniper,3999.0,1399.0,65.0
12047,9,Indianwear,infuse,1399.0,419.0,70.0
12048,10,Indianwear,biba,3199.0,1919.0,40.0
12049,11,Indianwear,indya,1600.0,800.0,50.0
12050,12,Indianwear,juniper,1999.0,599.0,70.0
12051,13,Indianwear,varanga,7999.0,2399.0,70.0
12052,14,Indianwear,varanga,2599.0,779.0,70.0
12053,15,Indianwear,juniper,3799.0,1709.0,55.0
12054,16,Indianwear,haute curry,899.0,449.0,50.0
12055,17,Indianwear,shaya by caratlane,1550.0,1472.0,5.0
12056,18,Indianwear,biba,1999.0,1399.0,30.0
12057,19,Indianwear,myshka,2499.0,749.0,70.0
12058,20,Indianwear,aurelia,999.0,499.0,50.0
12059,21,Indianwear,kashish,2999.0,1499.0,50.0
12061,23,Indianwear,janasya,2179.0,871.0,60.0
12062,24,Indianwear,biba,2599.0,1559.0,40.0
12063,25,Indianwear,myshka,5499.0,1374.0,75.0
12064,0,Indianwear,de moza,2638.2167045910855,1299.0,44.84758845312988
12065,1,Indianwear,biba,2799.0,1679.0,40.0
12066,2,Indianwear,juniper,2999.0,1649.0,45.0
12067,3,Indianwear,infuse,1899.0,949.0,50.0
12068,4,Indianwear,haute curry,899.0,449.0,50.0
12069,5,Indianwear,haute curry,999.0,499.0,50.0
12070,6,Indianwear,janasya,2299.0,1149.0,50.0
12071,7,Indianwear,biba,1799.0,1259.0,30.0
12072,8,Indianwear,haute curry,899.0,449.0,50.0
12073,9,Indianwear,haute curry,1499.0,749.0,50.0
12074,10,Indianwear,stop,799.0,399.0,50.0
12075,11,Indianwear,infuse,999.0,399.0,60.0
12076,12,Indianwear,kashish,2638.2167045910855,4499.0,44.84758845312988
12077,13,Indianwear,varanga,3599.0,1079.0,70.0
12078,14,Indianwear,aurelia,2638.2167045910855,1399.0,44.84758845312988
12079,15,Indianwear,neerus,3299.0,2639.0,20.0
12080,16,Indianwear,stop,2638.2167045910855,799.0,44.84758845312988
12081,17,Indianwear,haute curry,1499.0,749.0,50.0
12082,18,Indianwear,indya,1300.0,1040.0,20.0
12083,19,Indianwear,stop,899.0,629.0,30.0
12084,20,Indianwear,varanga,5999.0,2099.0,65.0
12085,21,Indianwear,indya,2638.2167045910855,2950.0,44.84758845312988
12087,23,Indianwear,myshka,1999.0,599.0,70.0
12088,24,Indianwear,myshka,5499.0,1374.0,75.0
12089,25,Indianwear,yuris,4299.0,1504.0,65.0
12090,0,Indianwear,yuris,3499.0,1399.0,60.0
12091,1,Indianwear,infuse,1999.0,999.0,50.0
12092,2,Indianwear,stop,999.0,499.0,50.0
12093,3,Indianwear,haute curry,799.0,399.0,50.0
12094,4,Indianwear,janasya,2999.0,1799.0,40.0
12095,5,Indianwear,infuse,899.0,449.0,50.0
12096,6,Indianwear,kami kubi,1999.0,899.0,55.0
12097,7,Indianwear,kashish,3799.0,1899.0,50.0
12098,8,Indianwear,biba,2799.0,1399.0,50.0
12099,9,Indianwear,infuse,1999.0,999.0,50.0
12100,10,Indianwear,varanga,7999.0,3199.0,60.0
12101,11,Indianwear,ziyaa,3055.0,1374.0,55.0
12102,12,Indianwear,ziyaa,2507.0,1002.0,60.0
12103,13,Indianwear,aurelia,999.0,699.0,30.0
12104,14,Indianwear,indya,2638.2167045910855,1500.0,44.84758845312988
12105,15,Indianwear,aurelia,1049.0,629.0,40.0
12106,16,Indianwear,janasya,2999.0,1049.0,65.0
12107,17,Indianwear,myshka,2999.0,899.0,70.0
12108,18,Indianwear,biba,3999.0,2799.0,30.0
12109,19,Indianwear,kashish,1599.0,799.0,50.0
12110,20,Indianwear,biba,2299.0,1379.0,40.0
12111,21,Indianwear,global desi,1999.0,599.0,70.0
12113,23,Indianwear,biba,2599.0,1559.0,40.0
12114,24,Indianwear,w,4999.0,2499.0,50.0
12115,25,Indianwear,haute curry,2638.2167045910855,1499.0,44.84758845312988
12116,0,Indianwear,haute curry,499.0,249.0,50.0
12117,1,Indianwear,sanaa,1699.0,1189.0,30.0
12118,2,Indianwear,indya,3200.0,2560.0,20.0
12119,3,Indianwear,juniper,3599.0,1439.0,60.0
12120,4,Indianwear,stop,799.0,399.0,50.0
12121,5,Indianwear,varanga,2199.0,659.0,70.0
12122,6,Indianwear,myshka,2999.0,749.0,75.0
12123,7,Indianwear,haute curry,799.0,399.0,50.0
12124,8,Indianwear,haute curry,1499.0,749.0,50.0
12125,9,Indianwear,suti,1899.0,1519.0,20.0
12126,10,Indianwear,janasya,3859.0,1350.0,65.0
12127,11,Indianwear,kami kubi,1699.0,594.0,65.0
12128,12,Indianwear,haute curry,799.0,399.0,50.0
12129,13,Indianwear,juniper,4347.0,1738.0,60.0
12130,14,Indianwear,global desi,1999.0,1399.0,30.0
12131,15,Indianwear,w,1999.0,999.0,50.0
12132,16,Indianwear,stop,1199.0,479.0,60.0
12133,17,Indianwear,yuris,4299.0,1504.0,65.0
12134,18,Indianwear,haute curry,1499.0,749.0,50.0
12135,19,Indianwear,juniper,3599.0,1799.0,50.0
12136,20,Indianwear,kashish,1799.0,899.0,50.0
12137,21,Indianwear,stop,999.0,399.0,60.0
12139,23,Indianwear,janasya,1999.0,799.0,60.0
12140,24,Indianwear,stop,999.0,399.0,60.0
12141,25,Indianwear,infuse,999.0,399.0,60.0
12142,0,Indianwear,sanaa,1599.0,1119.0,30.0
12143,1,Indianwear,suti,1299.0,1039.0,20.0
12144,2,Indianwear,stop,999.0,499.0,50.0
12145,3,Indianwear,myshka,2999.0,749.0,75.0
12146,4,Indianwear,aurelia,2199.0,1539.0,30.0
12147,5,Indianwear,ziyaa,1643.0,575.0,65.0
12148,6,Indianwear,kashish,1599.0,799.0,50.0
12149,7,Indianwear,w,2638.2167045910855,4999.0,44.84758845312988
12150,8,Indianwear,infuse,999.0,499.0,50.0
12151,9,Indianwear,juniper,4099.0,1844.0,55.0
12152,10,Indianwear,sanaa,1299.0,649.0,50.0
12153,11,Indianwear,w,2638.2167045910855,6999.0,44.84758845312988
12154,12,Indianwear,myshka,1999.0,399.0,80.0
12155,13,Indianwear,infuse,1799.0,899.0,50.0
12156,14,Indianwear,global desi,1799.0,539.0,70.0
12157,15,Indianwear,haute curry,1499.0,749.0,50.0
12158,16,Indianwear,stop,799.0,399.0,50.0
12159,17,Indianwear,varanga,1799.0,899.0,50.0
12160,18,Indianwear,varanga,1599.0,719.0,55.0
12161,19,Indianwear,juniper,1299.0,779.0,40.0
12162,20,Indianwear,janasya,2949.0,1179.0,60.0
12163,21,Indianwear,indya,2100.0,1050.0,50.0
12165,23,Indianwear,biba,2999.0,1499.0,50.0
12166,24,Indianwear,kashish,1599.0,799.0,50.0
12167,25,Indianwear,kashish,1999.0,999.0,50.0
12168,0,Indianwear,global desi,1699.0,1359.0,20.0
12169,1,Indianwear,janasya,2199.0,1099.0,50.0
12170,2,Indianwear,yuris,3999.0,1399.0,65.0
12171,3,Indianwear,stop,2638.2167045910855,599.0,44.84758845312988
12172,4,Indianwear,juniper,2499.0,999.0,60.0
12173,5,Indianwear,varanga,2799.0,699.0,75.0
12174,6,Indianwear,indya,1300.0,1040.0,20.0
12175,7,Indianwear,stop,1299.0,649.0,50.0
12176,8,Indianwear,indya,2200.0,1100.0,50.0
12177,9,Indianwear,myshka,5999.0,1199.0,80.0
12178,10,Indianwear,stop,799.0,399.0,50.0
12179,11,Indianwear,infuse,1399.0,419.0,70.0
12180,12,Indianwear,stop,2638.2167045910855,599.0,44.84758845312988
12181,13,Indianwear,kashish,1999.0,999.0,50.0
12182,14,Indianwear,varkala silk sarees,4500.0,1125.0,75.0
12183,15,Indianwear,juniper,2999.0,1799.0,40.0
12184,16,Indianwear,varanga,1999.0,799.0,60.0
12185,17,Indianwear,myshka,3999.0,1199.0,70.0
12186,18,Indianwear,myshka,4999.0,1249.0,75.0
12187,19,Indianwear,myshka,5999.0,1499.0,75.0
12188,20,Indianwear,juniper,1699.0,1019.0,40.0
12189,21,Indianwear,w,2638.2167045910855,1799.0,44.84758845312988
12191,23,Indianwear,varanga,1999.0,999.0,50.0
12192,24,Indianwear,infuse,499.0,299.0,40.0
12193,25,Indianwear,kashish,1999.0,999.0,50.0
12194,0,Indianwear,aurelia,2299.0,1609.0,30.0
12195,1,Indianwear,stop,999.0,499.0,50.0
12196,2,Indianwear,biba,3599.0,2159.0,40.0
12197,3,Indianwear,varanga,2638.2167045910855,1799.0,44.84758845312988
12198,4,Indianwear,juniper,3299.0,1649.0,50.0
12199,5,Indianwear,varanga,4999.0,1499.0,70.0
12200,6,Indianwear,indya,2638.2167045910855,2600.0,44.84758845312988
12201,7,Indianwear,indya,2200.0,1100.0,50.0
12202,8,Indianwear,indya,3200.0,1600.0,50.0
12203,9,Indianwear,haute curry,1299.0,649.0,50.0
12204,10,Indianwear,myshka,1399.0,419.0,70.0
12205,11,Indianwear,haute curry,1499.0,749.0,50.0
12206,12,Indianwear,varanga,3299.0,1979.0,40.0
12207,13,Indianwear,juniper,2699.0,1619.0,40.0
12208,14,Indianwear,indya,2638.2167045910855,2800.0,44.84758845312988
12209,15,Indianwear,w,2299.0,1724.0,25.0
12210,16,Indianwear,yuris,3999.0,1399.0,65.0
12211,17,Indianwear,global desi,1999.0,599.0,70.0
12212,18,Indianwear,kashish,2638.2167045910855,2999.0,44.84758845312988
12213,19,Indianwear,varanga,3099.0,1394.0,55.0
12214,20,Indianwear,janasya,1729.0,778.0,55.0
12215,21,Indianwear,haute curry,899.0,449.0,50.0
12217,23,Indianwear,indya,3600.0,1800.0,50.0
12218,24,Indianwear,haute curry,899.0,449.0,50.0
12219,25,Indianwear,biba,3999.0,2799.0,30.0
12220,0,Indianwear,aurelia,2638.2167045910855,1099.0,44.84758845312988
12221,1,Indianwear,stop,499.0,349.0,30.0
12222,2,Indianwear,ziyaa,1616.0,727.0,55.0
12223,3,Indianwear,indya,2600.0,1300.0,50.0
12224,4,Indianwear,ziyaa,2137.0,961.0,55.0
12225,5,Indianwear,janasya,2269.0,1134.0,50.0
12226,6,Indianwear,yuris,4299.0,1504.0,65.0
12227,7,Indianwear,yuris,1399.0,699.0,50.0
12228,8,Indianwear,varanga,4999.0,1749.0,65.0
12229,9,Indianwear,stop,799.0,399.0,50.0
12230,10,Indianwear,haute curry,699.0,349.0,50.0
12231,11,Indianwear,stop,999.0,499.0,50.0
12232,12,Indianwear,juniper,2899.0,1449.0,50.0
12233,13,Indianwear,aurelia,2638.2167045910855,999.0,44.84758845312988
12234,14,Indianwear,janasya,3859.0,1350.0,65.0
12235,15,Indianwear,kashish,2638.2167045910855,1599.0,44.84758845312988
12236,16,Indianwear,stop,799.0,399.0,50.0
12237,17,Indianwear,biba,2999.0,1499.0,50.0
12238,18,Indianwear,juniper,3299.0,1649.0,50.0
12239,19,Indianwear,haute curry,2638.2167045910855,999.0,44.84758845312988
12240,20,Indianwear,myshka,1799.0,449.0,75.0
12241,21,Indianwear,global desi,1899.0,1519.0,20.0
12243,23,Indianwear,kashish,1999.0,999.0,50.0
12244,24,Indianwear,yuris,2799.0,1259.0,55.0
12245,25,Indianwear,stop,2638.2167045910855,1299.0,44.84758845312988
12246,0,Indianwear,haute curry,1299.0,649.0,50.0
12247,1,Indianwear,juniper,1699.0,849.0,50.0
12248,2,Indianwear,vastranand,3475.0,1563.0,55.0
12249,3,Indianwear,janasya,1599.0,799.0,50.0
12250,4,Indianwear,biba,2599.0,1559.0,40.0
12251,5,Indianwear,myshka,1999.0,399.0,80.0
12252,6,Indianwear,stop,899.0,449.0,50.0
12253,7,Indianwear,haute curry,799.0,399.0,50.0
12254,8,Indianwear,ziyaa,2590.0,1036.0,60.0
12255,9,Indianwear,kashish,1999.0,999.0,50.0
12256,10,Indianwear,aurelia,2299.0,1609.0,30.0
12257,11,Indianwear,myshka,3999.0,799.0,80.0
12258,12,Indianwear,ziyaa,4387.0,1754.0,60.0
12259,13,Indianwear,kami kubi,1999.0,899.0,55.0
12260,14,Indianwear,stop,1199.0,599.0,50.0
12261,15,Indianwear,biba,3599.0,2879.0,20.0
12262,16,Indianwear,varanga,3599.0,899.0,75.0
12263,17,Indianwear,w,2638.2167045910855,1299.0,44.84758845312988
12264,18,Indianwear,biba,2999.0,2099.0,30.0
12265,19,Indianwear,kami kubi,2999.0,899.0,70.0
12266,20,Indianwear,kashish,2499.0,1249.0,50.0
12267,21,Indianwear,varanga,2999.0,1199.0,60.0
12269,23,Indianwear,biba,5995.0,4196.0,30.0
12270,24,Indianwear,juniper,1599.0,719.0,55.0
12271,25,Indianwear,juniper,2999.0,1349.0,55.0
12272,0,Indianwear,aurelia,999.0,499.0,50.0
12273,1,Indianwear,stop,799.0,399.0,50.0
12274,2,Indianwear,janasya,1999.0,799.0,60.0
12275,3,Indianwear,kami kubi,1199.0,539.0,55.0
12276,4,Indianwear,ziyaa,2112.0,844.0,60.0
12277,5,Indianwear,aurelia,2638.2167045910855,1199.0,44.84758845312988
12278,6,Indianwear,global desi,2638.2167045910855,1999.0,44.84758845312988
12279,7,Indianwear,ziyaa,1951.0,877.0,55.0
12280,8,Indianwear,kami kubi,1799.0,989.0,45.0
12281,9,Indianwear,kashish,2638.2167045910855,1599.0,44.84758845312988
12282,10,Indianwear,janasya,1469.0,807.0,45.0
12283,11,Indianwear,yuris,4299.0,1504.0,65.0
12284,12,Indianwear,aurelia,3299.0,2309.0,30.0
12285,13,Indianwear,stop,799.0,399.0,50.0
12286,14,Indianwear,kashish,1499.0,749.0,50.0
12287,15,Indianwear,infuse,799.0,399.0,50.0
12288,16,Indianwear,juniper,1699.0,764.0,55.0
12289,17,Indianwear,juniper,3599.0,1259.0,65.0
12290,18,Indianwear,infuse,899.0,449.0,50.0
12291,19,Indianwear,aurelia,2638.2167045910855,4999.0,44.84758845312988
12292,20,Indianwear,stop,1499.0,749.0,50.0
12293,21,Indianwear,get wrapped,2638.2167045910855,499.0,44.84758845312988
12295,23,Indianwear,indya,2500.0,1250.0,50.0
12296,24,Indianwear,ziyaa,1853.0,741.0,60.0
12297,25,Indianwear,myshka,3999.0,799.0,80.0
12298,0,Indianwear,stop,799.0,399.0,50.0
12299,1,Indianwear,global desi,1599.0,799.0,50.0
12300,2,Indianwear,kashish,2999.0,1499.0,50.0
12301,3,Indianwear,stop,999.0,399.0,60.0
12302,4,Indianwear,ira soleil,2638.2167045910855,10599.0,44.84758845312988
12303,5,Indianwear,w,1699.0,849.0,50.0
12304,6,Indianwear,biba,2299.0,1149.0,50.0
12305,7,Indianwear,biba,1999.0,1399.0,30.0
12306,8,Indianwear,juniper,3799.0,949.0,75.0
12307,9,Indianwear,biba,1799.0,899.0,50.0
12308,10,Indianwear,juniper,4299.0,1289.0,70.0
12309,11,Indianwear,myshka,2199.0,659.0,70.0
12310,12,Indianwear,biba,3599.0,2519.0,30.0
12311,13,Indianwear,indya,2800.0,1400.0,50.0
12312,14,Indianwear,stop,799.0,399.0,50.0
12313,15,Indianwear,biba,2599.0,1559.0,40.0
12314,16,Indianwear,myshka,1099.0,494.0,55.0
12315,17,Indianwear,w,1899.0,949.0,50.0
12316,18,Indianwear,w,2638.2167045910855,1199.0,44.84758845312988
12317,19,Indianwear,myshka,2599.0,519.0,80.0
12318,20,Indianwear,stop,899.0,449.0,50.0
12319,21,Indianwear,ira soleil,2638.2167045910855,7999.0,44.84758845312988
12321,23,Indianwear,indya,2950.0,2360.0,20.0
12322,24,Indianwear,kashish,1599.0,799.0,50.0
12323,25,Indianwear,myshka,3999.0,999.0,75.0
12324,0,Indianwear,w,2638.2167045910855,1999.0,44.84758845312988
12325,1,Indianwear,janasya,1299.0,519.0,60.0
12326,2,Indianwear,myshka,2499.0,749.0,70.0
12327,3,Indianwear,stop,999.0,399.0,60.0
12328,4,Indianwear,juniper,3699.0,1849.0,50.0
12329,5,Indianwear,juniper,3299.0,1484.0,55.0
12330,6,Indianwear,ziyaa,1666.0,666.0,60.0
12331,7,Indianwear,myshka,1499.0,599.0,60.0
12332,8,Indianwear,suti,1399.0,1119.0,20.0
12333,9,Indianwear,global desi,1999.0,1399.0,30.0
12334,10,Indianwear,yuris,3499.0,1399.0,60.0
12335,11,Indianwear,varanga,5999.0,2399.0,60.0
12336,12,Indianwear,stop,2638.2167045910855,599.0,44.84758845312988
12337,13,Indianwear,janasya,1399.0,559.0,60.0
12338,14,Indianwear,indya,3650.0,1825.0,50.0
12339,15,Indianwear,aurelia,1199.0,839.0,30.0
12340,16,Indianwear,amukti,1299.0,909.0,30.0
12341,17,Indianwear,w,2638.2167045910855,3999.0,44.84758845312988
12342,18,Indianwear,yuris,3999.0,1399.0,65.0
12343,19,Indianwear,stop,799.0,399.0,50.0
12344,20,Indianwear,biba,3299.0,2309.0,30.0
12345,21,Indianwear,haute curry,2638.2167045910855,1499.0,44.84758845312988
12347,23,Indianwear,suti,1499.0,1199.0,20.0
12348,24,Indianwear,gipsy,2638.2167045910855,1595.0,44.84758845312988
12349,25,Indianwear,biba,2299.0,1379.0,40.0
12350,0,Indianwear,juniper,1799.0,899.0,50.0
12351,1,Indianwear,infuse,1599.0,479.0,70.0
12352,2,Indianwear,global desi,1699.0,1359.0,20.0
12353,3,Indianwear,global desi,2099.0,1469.0,30.0
12354,4,Indianwear,juniper,2199.0,989.0,55.0
12355,5,Indianwear,juniper,1999.0,1399.0,30.0
12356,6,Indianwear,varanga,1999.0,599.0,70.0
12357,7,Indianwear,juniper,4099.0,1844.0,55.0
12358,8,Indianwear,infuse,499.0,249.0,50.0
12359,9,Indianwear,stop,799.0,559.0,30.0
12360,10,Indianwear,ayesha,2638.2167045910855,1198.0,44.84758845312988
12361,11,Indianwear,indya,2800.0,1400.0,50.0
12362,12,Indianwear,indya,1500.0,1200.0,20.0
12363,13,Indianwear,juniper,3799.0,1519.0,60.0
12364,14,Indianwear,janasya,2299.0,1149.0,50.0
12365,15,Indianwear,myshka,1599.0,559.0,65.0
12366,16,Indianwear,kashish,2638.2167045910855,1599.0,44.84758845312988
12367,17,Indianwear,myshka,2999.0,899.0,70.0
12368,18,Indianwear,haute curry,1499.0,749.0,50.0
12369,19,Indianwear,ziyaa,2443.0,977.0,60.0
12370,20,Indianwear,ziyaa,2106.0,842.0,60.0
12371,21,Indianwear,stop,2638.2167045910855,899.0,44.84758845312988
12373,23,Indianwear,w,2638.2167045910855,1299.0,44.84758845312988
12374,24,Indianwear,biba,5495.0,3297.0,40.0
12375,25,Indianwear,kashish,1599.0,799.0,50.0
12376,0,Indianwear,ziyaa,1648.0,576.0,65.0
12377,1,Indianwear,get wrapped,2638.2167045910855,299.0,44.84758845312988
12378,2,Indianwear,ziyaa,3227.0,1129.0,65.0
12379,3,Indianwear,indya,1950.0,975.0,50.0
12380,4,Indianwear,w,1899.0,949.0,50.0
12381,5,Indianwear,stop,799.0,399.0,50.0
12382,6,Indianwear,haute curry,999.0,499.0,50.0
12383,7,Indianwear,biba,2638.2167045910855,5995.0,44.84758845312988
12384,8,Indianwear,biba,1299.0,779.0,40.0
12385,9,Indianwear,ziyaa,2900.0,1160.0,60.0
12386,10,Indianwear,janasya,3799.0,2089.0,45.0
12387,11,Indianwear,aurelia,2638.2167045910855,3399.0,44.84758845312988
12388,12,Indianwear,juniper,2499.0,999.0,60.0
12389,13,Indianwear,stop,999.0,499.0,50.0
12390,14,Indianwear,biba,1999.0,1199.0,40.0
12391,15,Indianwear,janasya,1399.0,489.0,65.0
12392,16,Indianwear,yuris,2799.0,1259.0,55.0
12393,17,Indianwear,yuris,3499.0,1399.0,60.0
12394,18,Indianwear,biba,2999.0,2099.0,30.0
12395,19,Indianwear,haute curry,799.0,399.0,50.0
12396,20,Indianwear,aurelia,2638.2167045910855,1799.0,44.84758845312988
12397,21,Indianwear,indya,3600.0,1800.0,50.0
12399,23,Indianwear,stop,1699.0,849.0,50.0
12400,24,Indianwear,biba,1499.0,749.0,50.0
12401,25,Indianwear,myshka,1999.0,499.0,75.0
12402,0,Indianwear,stop,799.0,399.0,50.0
12403,1,Indianwear,biba,2799.0,1959.0,30.0
12404,2,Indianwear,infuse,1599.0,479.0,70.0
12405,3,Indianwear,juniper,1049.0,524.0,50.0
12406,4,Indianwear,biba,2999.0,1799.0,40.0
12407,5,Indianwear,haute curry,899.0,449.0,50.0
12408,6,Indianwear,biba,2999.0,2099.0,30.0
12409,7,Indianwear,myshka,2499.0,874.0,65.0
12410,8,Indianwear,stop,999.0,499.0,50.0
12411,9,Indianwear,global desi,2638.2167045910855,2899.0,44.84758845312988
12412,10,Indianwear,infuse,999.0,399.0,60.0
12413,11,Indianwear,stop,2638.2167045910855,999.0,44.84758845312988
12414,12,Indianwear,stop,1299.0,649.0,50.0
12415,13,Indianwear,w,2638.2167045910855,6599.0,44.84758845312988
12416,14,Indianwear,stop,1199.0,599.0,50.0
12417,15,Indianwear,kami kubi,2999.0,899.0,70.0
12418,16,Indianwear,juniper,2999.0,1499.0,50.0
12419,17,Indianwear,juniper,1799.0,719.0,60.0
12420,18,Indianwear,haute curry,699.0,349.0,50.0
12421,19,Indianwear,w,2638.2167045910855,1499.0,44.84758845312988
12422,20,Indianwear,stop,999.0,499.0,50.0
12423,21,Indianwear,juniper,3999.0,1399.0,65.0
12425,23,Indianwear,ziyaa,2894.0,1157.0,60.0
12426,24,Indianwear,indya,3200.0,1600.0,50.0
12427,25,Indianwear,stop,1299.0,649.0,50.0
12428,0,Indianwear,ziyaa,1733.0,693.0,60.0
12429,1,Indianwear,aurelia,2638.2167045910855,1299.0,44.84758845312988
12430,2,Indianwear,varanga,1799.0,809.0,55.0
12431,3,Indianwear,myshka,1999.0,399.0,80.0
12432,4,Indianwear,myshka,2999.0,749.0,75.0
12433,5,Indianwear,yuris,2799.0,1259.0,55.0
12434,6,Indianwear,ziyaa,2019.0,807.0,60.0
12435,7,Indianwear,stop,799.0,399.0,50.0
12436,8,Indianwear,juniper,1049.0,629.0,40.0
12437,9,Indianwear,juniper,2799.0,979.0,65.0
12438,10,Indianwear,stop,499.0,349.0,30.0
12439,11,Indianwear,zink london,1799.0,1079.0,40.0
12440,12,Indianwear,myshka,1899.0,474.0,75.0
12441,13,Indianwear,stop,799.0,399.0,50.0
12442,14,Indianwear,myshka,1999.0,599.0,70.0
12443,15,Indianwear,suti,1499.0,1199.0,20.0
12444,16,Indianwear,myshka,4999.0,999.0,80.0
12445,17,Indianwear,indya,2850.0,1425.0,50.0
12446,18,Indianwear,varanga,4999.0,1749.0,65.0
12447,19,Indianwear,w,2638.2167045910855,1999.0,44.84758845312988
12448,20,Indianwear,infuse,1999.0,999.0,50.0
12449,21,Indianwear,myshka,1299.0,584.0,55.0
12451,23,Indianwear,w,1999.0,999.0,50.0
12452,24,Indianwear,varanga,1999.0,699.0,65.0
12453,25,Indianwear,juniper,2899.0,1304.0,55.0
12454,0,Indianwear,global desi,1799.0,539.0,70.0
12455,1,Indianwear,biba,2299.0,1609.0,30.0
12456,2,Indianwear,w,2638.2167045910855,3999.0,44.84758845312988
12457,3,Indianwear,kami kubi,999.0,449.0,55.0
12458,4,Indianwear,indya,2638.2167045910855,3850.0,44.84758845312988
12459,5,Indianwear,myshka,2999.0,599.0,80.0
12460,6,Indianwear,indya,2950.0,1475.0,50.0
12461,7,Indianwear,janasya,1299.0,519.0,60.0
12462,8,Indianwear,myshka,1999.0,599.0,70.0
12463,9,Indianwear,myshka,1799.0,449.0,75.0
12464,10,Indianwear,myshka,2499.0,749.0,70.0
12465,11,Indianwear,yuris,3999.0,1399.0,65.0
12466,12,Indianwear,global desi,2299.0,1149.0,50.0
12467,13,Indianwear,haute curry,999.0,499.0,50.0
12468,14,Indianwear,vastranand,5500.0,2475.0,55.0
12469,15,Indianwear,juniper,999.0,299.0,70.0
12470,16,Indianwear,janasya,4399.0,1539.0,65.0
12471,17,Indianwear,stop,1499.0,749.0,50.0
12472,18,Indianwear,myshka,2999.0,749.0,75.0
12473,19,Indianwear,aurelia,4899.0,3429.0,30.0
12474,20,Indianwear,myshka,1499.0,449.0,70.0
12475,21,Indianwear,indya,3200.0,2560.0,20.0
12477,23,Indianwear,global desi,1699.0,1359.0,20.0
12478,24,Indianwear,janasya,2699.0,1214.0,55.0
12479,25,Indianwear,biba,3299.0,2639.0,20.0
12480,0,Indianwear,myshka,3999.0,799.0,80.0
12481,1,Indianwear,w,2638.2167045910855,1999.0,44.84758845312988
12482,2,Indianwear,biba,3799.0,2279.0,40.0
12483,3,Indianwear,de moza,2638.2167045910855,1299.0,44.84758845312988
12484,4,Indianwear,yuris,3999.0,1399.0,65.0
12485,5,Indianwear,myshka,1299.0,519.0,60.0
12486,6,Indianwear,haute curry,899.0,449.0,50.0
12487,7,Indianwear,janasya,1099.0,549.0,50.0
12488,8,Indianwear,kashish,1599.0,799.0,50.0
12489,9,Indianwear,haute curry,1499.0,749.0,50.0
12490,10,Indianwear,haute curry,899.0,449.0,50.0
12491,11,Indianwear,stop,1699.0,849.0,50.0
12492,12,Indianwear,juniper,2399.0,959.0,60.0
12493,13,Indianwear,biba,2638.2167045910855,2999.0,44.84758845312988
12494,14,Indianwear,w,6599.0,4949.0,25.0
12495,15,Indianwear,myshka,5499.0,1649.0,70.0
12496,16,Indianwear,haute curry,2638.2167045910855,899.0,44.84758845312988
12497,17,Indianwear,ziyaa,4327.0,1730.0,60.0
12498,18,Indianwear,indya,2950.0,2360.0,20.0
12499,19,Indianwear,ziyaa,1343.0,537.0,60.0
12500,20,Indianwear,yuris,3999.0,1399.0,65.0
12501,21,Indianwear,indya,2638.2167045910855,1600.0,44.84758845312988
12503,23,Indianwear,sanaa,1599.0,1119.0,30.0
12504,24,Indianwear,kashish,2638.2167045910855,1599.0,44.84758845312988
12505,25,Indianwear,myshka,1299.0,454.0,65.0
12506,0,Indianwear,janasya,2089.0,940.0,55.0
12507,1,Indianwear,global desi,4199.0,2099.0,50.0
12508,2,Indianwear,kashish,1599.0,799.0,50.0
12509,3,Indianwear,kashish,3499.0,1749.0,50.0
12510,4,Indianwear,varanga,3899.0,1169.0,70.0
12511,5,Indianwear,juniper,3999.0,1999.0,50.0
12512,6,Indianwear,stop,2638.2167045910855,699.0,44.84758845312988
12513,7,Indianwear,janasya,2549.0,892.0,65.0
12514,8,Indianwear,juniper,2899.0,1449.0,50.0
12515,9,Indianwear,kami kubi,2299.0,804.0,65.0
12516,10,Indianwear,kashish,1599.0,799.0,50.0
12517,11,Indianwear,kami kubi,3999.0,1399.0,65.0
12518,12,Indianwear,haute curry,899.0,449.0,50.0
12519,13,Indianwear,yuris,3999.0,1399.0,65.0
12520,14,Indianwear,janasya,1199.0,479.0,60.0
12521,15,Indianwear,stop,799.0,399.0,50.0
12522,16,Indianwear,aurelia,2638.2167045910855,2499.0,44.84758845312988
12523,17,Indianwear,stop,1299.0,649.0,50.0
12524,18,Indianwear,janasya,1399.0,629.0,55.0
12525,19,Indianwear,stop,1299.0,649.0,50.0
12526,20,Indianwear,stop,2638.2167045910855,999.0,44.84758845312988
12527,21,Indianwear,myshka,3999.0,799.0,80.0
12529,23,Indianwear,stop,1299.0,649.0,50.0
12530,24,Indianwear,biba,4995.0,2497.0,50.0
12531,25,Indianwear,kami kubi,1999.0,699.0,65.0
12532,0,Indianwear,kashish,2638.2167045910855,1599.0,44.84758845312988
12533,1,Indianwear,yuris,1799.0,809.0,55.0
12534,2,Indianwear,varanga,6999.0,2449.0,65.0
12535,3,Indianwear,ziyaa,1526.0,534.0,65.0
12536,4,Indianwear,stop,499.0,349.0,30.0
12537,5,Indianwear,stop,499.0,349.0,30.0
12538,6,Indianwear,juniper,999.0,299.0,70.0
12539,7,Indianwear,juniper,2499.0,1374.0,45.0
12540,8,Indianwear,varanga,5999.0,1799.0,70.0
12541,9,Indianwear,indya,3400.0,1700.0,50.0
12542,10,Indianwear,myshka,6499.0,1624.0,75.0
12543,11,Indianwear,stop,799.0,559.0,30.0
12544,12,Indianwear,janasya,1549.0,619.0,60.0
12545,13,Indianwear,stop,1299.0,649.0,50.0
12546,14,Indianwear,aurelia,1199.0,839.0,30.0
12547,15,Indianwear,ziyaa,2952.0,1033.0,65.0
12548,16,Indianwear,myshka,1299.0,454.0,65.0
12549,17,Indianwear,indya,2100.0,1050.0,50.0
12550,18,Indianwear,indya,3600.0,2880.0,20.0
12551,19,Indianwear,haute curry,699.0,349.0,50.0
12552,20,Indianwear,w,2638.2167045910855,3999.0,44.84758845312988
12553,21,Indianwear,kashish,2999.0,1499.0,50.0
12555,23,Indianwear,global desi,1499.0,749.0,50.0
12556,24,Indianwear,varanga,6799.0,2039.0,70.0
12557,25,Indianwear,janasya,1549.0,619.0,60.0
12558,0,Indianwear,stop,1299.0,649.0,50.0
12559,1,Indianwear,stop,799.0,399.0,50.0
12560,2,Indianwear,global desi,3799.0,2469.0,35.0
12561,3,Indianwear,w,1799.0,1349.0,25.0
12562,4,Indianwear,w,1699.0,849.0,50.0
12563,5,Indianwear,ziyaa,2138.0,855.0,60.0
12564,6,Indianwear,ziyaa,2307.0,807.0,65.0
12565,7,Indianwear,w,1899.0,1139.0,40.0
12566,8,Indianwear,biba,2799.0,2239.0,20.0
12567,9,Indianwear,aurelia,1399.0,979.0,30.0
12568,10,Indianwear,stop,799.0,399.0,50.0
12569,11,Indianwear,myshka,1399.0,559.0,60.0
12570,12,Indianwear,janasya,1499.0,524.0,65.0
12571,13,Indianwear,stop,799.0,559.0,30.0
12572,14,Indianwear,myshka,3999.0,799.0,80.0
12573,15,Indianwear,stop,899.0,449.0,50.0
12574,16,Indianwear,juniper,3998.0,2198.0,45.0
12575,17,Indianwear,juniper,4598.0,2299.0,50.0
12576,18,Indianwear,infuse,799.0,399.0,50.0
12577,19,Indianwear,shaya by caratlane,2800.0,2520.0,10.0
12578,20,Indianwear,varanga,3699.0,1109.0,70.0
12579,21,Indianwear,w,2638.2167045910855,1799.0,44.84758845312988
12581,23,Indianwear,biba,1799.0,899.0,50.0
12582,24,Indianwear,janasya,2299.0,1034.0,55.0
12583,25,Indianwear,myshka,2999.0,749.0,75.0
12584,0,Indianwear,ziyaa,1970.0,788.0,60.0
12585,1,Indianwear,stop,799.0,399.0,50.0
12586,2,Indianwear,w,1799.0,1349.0,25.0
12587,3,Indianwear,myshka,3999.0,1199.0,70.0
12588,4,Indianwear,aurelia,1499.0,749.0,50.0
12589,5,Indianwear,global desi,1799.0,719.0,60.0
12590,6,Indianwear,infuse,1399.0,419.0,70.0
12591,7,Indianwear,w,799.0,599.0,25.0
12592,8,Indianwear,stop,799.0,399.0,50.0
12593,9,Indianwear,juniper,2699.0,944.0,65.0
12594,10,Indianwear,biba,2638.2167045910855,3799.0,44.84758845312988
12595,11,Indianwear,varanga,3999.0,1199.0,70.0
12596,12,Indianwear,global desi,2199.0,879.0,60.0
12597,13,Indianwear,myshka,5499.0,1374.0,75.0
12598,14,Indianwear,janasya,3859.0,1350.0,65.0
12599,15,Indianwear,indya,2450.0,1225.0,50.0
12600,16,Indianwear,stop,1199.0,599.0,50.0
12601,17,Indianwear,biba,1299.0,649.0,50.0
12602,18,Indianwear,juniper,3299.0,1979.0,40.0
12603,19,Indianwear,aurelia,1499.0,1049.0,30.0
12604,20,Indianwear,ziyaa,1874.0,843.0,55.0
12605,21,Indianwear,indya,2600.0,2080.0,20.0
12607,23,Indianwear,infuse,1099.0,329.0,70.0
12608,24,Indianwear,global desi,1799.0,899.0,50.0
12609,25,Indianwear,haute curry,2638.2167045910855,999.0,44.84758845312988
12610,0,Indianwear,biba,1599.0,959.0,40.0
12611,1,Indianwear,biba,1999.0,1199.0,40.0
12612,2,Indianwear,stop,799.0,399.0,50.0
12613,3,Indianwear,haute curry,1499.0,749.0,50.0
12614,4,Indianwear,indya,3600.0,1800.0,50.0
12615,5,Indianwear,varanga,6999.0,2099.0,70.0
12616,6,Indianwear,infuse,799.0,399.0,50.0
12617,7,Indianwear,varanga,2999.0,899.0,70.0
12618,8,Indianwear,haute curry,2638.2167045910855,1299.0,44.84758845312988
12619,9,Indianwear,sanaa,1499.0,1049.0,30.0
12620,10,Indianwear,biba,2299.0,1609.0,30.0
12621,11,Indianwear,aurelia,2638.2167045910855,3999.0,44.84758845312988
12622,12,Indianwear,ziyaa,1373.0,617.0,55.0
12623,13,Indianwear,kashish,1799.0,899.0,50.0
12624,14,Indianwear,biba,3299.0,1979.0,40.0
12625,15,Indianwear,indya,3400.0,1700.0,50.0
12626,16,Indianwear,haute curry,1499.0,749.0,50.0
12627,17,Indianwear,stop,999.0,499.0,50.0
12628,18,Indianwear,juniper,1599.0,1039.0,35.0
12629,19,Indianwear,w,3599.0,2699.0,25.0
12630,20,Indianwear,kashish,1299.0,649.0,50.0
12631,21,Indianwear,yuris,2899.0,1159.0,60.0
12633,23,Indianwear,ziyaa,2677.0,1070.0,60.0
12634,24,Indianwear,kashish,3799.0,1899.0,50.0
12635,25,Indianwear,varanga,2638.2167045910855,5599.0,44.84758845312988
12636,0,Indianwear,janasya,3379.0,1351.0,60.0
12637,1,Indianwear,aurelia,1999.0,1399.0,30.0
12638,2,Indianwear,stop,999.0,499.0,50.0
12639,3,Indianwear,stop,1499.0,749.0,50.0
12640,4,Indianwear,madame,1799.0,899.0,50.0
12641,5,Indianwear,ritu kumar,2638.2167045910855,7900.0,44.84758845312988
12642,6,Indianwear,juniper,2499.0,1249.0,50.0
12643,7,Indianwear,myshka,2999.0,749.0,75.0
12644,8,Indianwear,infuse,1499.0,599.0,60.0
12645,9,Indianwear,kashish,1799.0,899.0,50.0
12646,10,Indianwear,myshka,5999.0,1499.0,75.0
12647,11,Indianwear,kami kubi,1399.0,489.0,65.0
12648,12,Indianwear,juniper,2638.2167045910855,3499.0,44.84758845312988
12649,13,Indianwear,janasya,1499.0,749.0,50.0
12650,14,Indianwear,biba,1999.0,1399.0,30.0
12651,15,Indianwear,yuris,3999.0,1399.0,65.0
12652,16,Indianwear,yuris,3999.0,1399.0,65.0
12653,17,Indianwear,yuris,1999.0,999.0,50.0
12654,18,Indianwear,juniper,2099.0,944.0,55.0
12655,19,Indianwear,myshka,2499.0,499.0,80.0
12656,20,Indianwear,varanga,1599.0,879.0,45.0
12657,21,Indianwear,vastranand,3000.0,1500.0,50.0
12659,23,Indianwear,aurelia,799.0,399.0,50.0
12660,24,Indianwear,kashish,1999.0,999.0,50.0
12661,25,Indianwear,haute curry,899.0,449.0,50.0
12662,0,Indianwear,myshka,1999.0,799.0,60.0
12663,1,Indianwear,stop,999.0,499.0,50.0
12664,2,Indianwear,varanga,2499.0,1374.0,45.0
12665,3,Indianwear,stop,899.0,359.0,60.0
12666,4,Indianwear,indya,2638.2167045910855,1600.0,44.84758845312988
12667,5,Indianwear,kashish,1599.0,799.0,50.0
12668,6,Indianwear,myshka,3999.0,1199.0,70.0
12669,7,Indianwear,juniper,1899.0,664.0,65.0
12670,8,Indianwear,global desi,2899.0,2319.0,20.0
12671,9,Indianwear,stop,799.0,399.0,50.0
12672,10,Indianwear,haute curry,2638.2167045910855,999.0,44.84758845312988
12673,11,Indianwear,aurelia,699.0,419.0,40.0
12674,12,Indianwear,aurelia,2638.2167045910855,899.0,44.84758845312988
12675,13,Indianwear,janasya,2649.0,1324.0,50.0
12676,14,Indianwear,w,2638.2167045910855,1899.0,44.84758845312988
12677,15,Indianwear,indya,1500.0,1200.0,20.0
12678,16,Indianwear,yuris,3499.0,1399.0,60.0
12679,17,Indianwear,infuse,1999.0,999.0,50.0
12680,18,Indianwear,ziyaa,2550.0,1020.0,60.0
12681,19,Indianwear,yuris,4299.0,1504.0,65.0
12682,20,Indianwear,infuse,999.0,399.0,60.0
12683,21,Indianwear,haute curry,799.0,399.0,50.0
12685,23,Indianwear,varanga,1999.0,899.0,55.0
12686,24,Indianwear,haute curry,1299.0,649.0,50.0
12687,25,Indianwear,juniper,3198.0,1439.0,55.0
12688,0,Indianwear,w,1899.0,949.0,50.0
12689,1,Indianwear,juniper,2098.0,629.0,70.0
12690,2,Indianwear,varanga,3499.0,1224.0,65.0
12691,3,Indianwear,juniper,3699.0,1664.0,55.0
12692,4,Indianwear,biba,2638.2167045910855,7995.0,44.84758845312988
12693,5,Indianwear,kashish,1799.0,899.0,50.0
12694,6,Indianwear,myshka,5499.0,1374.0,75.0
12695,7,Indianwear,infuse,799.0,399.0,50.0
12696,8,Indianwear,w,1799.0,1349.0,25.0
12697,9,Indianwear,w,1699.0,1019.0,40.0
12698,10,Indianwear,ziyaa,1734.0,780.0,55.0
12699,11,Indianwear,kashish,1799.0,899.0,50.0
12700,12,Indianwear,biba,2599.0,1299.0,50.0
12701,13,Indianwear,indya,1600.0,800.0,50.0
12702,14,Indianwear,infuse,1699.0,679.0,60.0
12703,15,Indianwear,indya,2200.0,1100.0,50.0
12704,16,Indianwear,kashish,1999.0,999.0,50.0
12705,17,Indianwear,varanga,2999.0,899.0,70.0
12706,18,Indianwear,juniper,1999.0,799.0,60.0
12707,19,Indianwear,juniper,3499.0,1574.0,55.0
12708,20,Indianwear,vastranand,4995.0,2497.0,50.0
12709,21,Indianwear,global desi,1999.0,599.0,70.0
12711,23,Indianwear,juniper,3299.0,989.0,70.0
12712,24,Indianwear,ziyaa,1701.0,765.0,55.0
12713,25,Indianwear,janasya,3619.0,1447.0,60.0
12714,0,Indianwear,biba,2999.0,1799.0,40.0
12715,1,Indianwear,varanga,6999.0,2449.0,65.0
12716,2,Indianwear,suti,1699.0,1359.0,20.0
12717,3,Indianwear,aurelia,1399.0,979.0,30.0
12718,4,Indianwear,kami kubi,2799.0,1539.0,45.0
12719,5,Indianwear,w,2638.2167045910855,1799.0,44.84758845312988
12720,6,Indianwear,stop,1299.0,649.0,50.0
12721,7,Indianwear,haute curry,1499.0,749.0,50.0
12722,8,Indianwear,varanga,4599.0,1379.0,70.0
12723,9,Indianwear,juniper,2599.0,1299.0,50.0
12724,10,Indianwear,vastranand,3199.0,1919.0,40.0
12725,11,Indianwear,stop,999.0,499.0,50.0
12726,12,Indianwear,varanga,3299.0,824.0,75.0
12727,13,Indianwear,juniper,2299.0,1034.0,55.0
12728,14,Indianwear,ziyaa,3021.0,1208.0,60.0
12729,15,Indianwear,w,2638.2167045910855,2399.0,44.84758845312988
12730,16,Indianwear,janasya,1699.0,764.0,55.0
12731,17,Indianwear,biba,1599.0,1119.0,30.0
12732,18,Indianwear,biba,2599.0,2079.0,20.0
12733,19,Indianwear,stop,799.0,399.0,50.0
12734,20,Indianwear,stop,999.0,499.0,50.0
12735,21,Indianwear,yuris,2799.0,1119.0,60.0
12737,23,Indianwear,yuris,3999.0,1399.0,65.0
12738,24,Indianwear,juniper,2699.0,1484.0,45.0
12739,25,Indianwear,varanga,2638.2167045910855,1799.0,44.84758845312988
12740,0,Indianwear,juniper,2599.0,1039.0,60.0
12741,1,Indianwear,juniper,2499.0,1249.0,50.0
12742,2,Indianwear,juniper,3599.0,899.0,75.0
12743,3,Indianwear,juniper,1049.0,419.0,60.0
12744,4,Indianwear,aurelia,1999.0,1399.0,30.0
12745,5,Indianwear,juniper,2699.0,1349.0,50.0
12746,6,Indianwear,stop,2638.2167045910855,899.0,44.84758845312988
12747,7,Indianwear,kami kubi,2499.0,874.0,65.0
12748,8,Indianwear,get wrapped,2638.2167045910855,499.0,44.84758845312988
12749,9,Indianwear,stop,799.0,559.0,30.0
12750,10,Indianwear,indya,2638.2167045910855,2950.0,44.84758845312988
12751,11,Indianwear,neerus,2499.0,1249.0,50.0
12752,12,Indianwear,biba,2999.0,1799.0,40.0
12753,13,Indianwear,amukti,1299.0,909.0,30.0
12754,14,Indianwear,kami kubi,3499.0,1924.0,45.0
12755,15,Indianwear,myshka,3999.0,1199.0,70.0
12756,16,Indianwear,w,4999.0,3749.0,25.0
12757,17,Indianwear,janasya,1198.0,599.0,50.0
12758,18,Indianwear,yuris,1499.0,749.0,50.0
12759,19,Indianwear,biba,2799.0,1399.0,50.0
12760,20,Indianwear,global desi,1799.0,899.0,50.0
12761,21,Indianwear,varkala silk sarees,7500.0,2625.0,65.0
12763,23,Indianwear,yuris,1499.0,599.0,60.0
12764,24,Indianwear,biba,1999.0,1199.0,40.0
12765,25,Indianwear,global desi,1899.0,1519.0,20.0
12766,0,Indianwear,kami kubi,2999.0,1349.0,55.0
12767,1,Indianwear,global desi,1799.0,899.0,50.0
12768,2,Indianwear,janasya,4998.0,2499.0,50.0
12769,3,Indianwear,aurelia,2638.2167045910855,799.0,44.84758845312988
12770,4,Indianwear,ziyaa,2229.0,780.0,65.0
12771,5,Indianwear,ziyaa,2333.0,933.0,60.0
12772,6,Indianwear,aurelia,1399.0,979.0,30.0
12773,7,Indianwear,de moza,1299.0,779.0,40.0
12774,8,Indianwear,kami kubi,2999.0,899.0,70.0
12775,9,Indianwear,stop,999.0,499.0,50.0
12776,10,Indianwear,w,2638.2167045910855,1899.0,44.84758845312988
12777,11,Indianwear,kashish,2999.0,1499.0,50.0
12778,12,Indianwear,global desi,3599.0,2159.0,40.0
12779,13,Indianwear,stop,799.0,399.0,50.0
12780,14,Indianwear,ziyaa,2300.0,920.0,60.0
12781,15,Indianwear,myshka,3999.0,1399.0,65.0
12782,16,Indianwear,janasya,1798.0,719.0,60.0
12783,17,Indianwear,juniper,3099.0,1549.0,50.0
12784,18,Indianwear,juniper,2999.0,1799.0,40.0
12785,19,Indianwear,juniper,1599.0,719.0,55.0
12786,20,Indianwear,varkala silk sarees,4500.0,1350.0,70.0
12787,21,Indianwear,haute curry,699.0,349.0,50.0
12789,23,Indianwear,juniper,2299.0,1034.0,55.0
12790,24,Indianwear,indya,3400.0,2720.0,20.0
12791,25,Indianwear,global desi,1699.0,1359.0,20.0
12792,0,Indianwear,ziyaa,1913.0,860.0,55.0
12793,1,Indianwear,varanga,2599.0,909.0,65.0
12794,2,Indianwear,haute curry,1499.0,749.0,50.0
12795,3,Indianwear,ziyaa,2087.0,834.0,60.0
12796,4,Indianwear,haute curry,999.0,499.0,50.0
12797,5,Indianwear,stop,799.0,399.0,50.0
12798,6,Indianwear,stop,1199.0,479.0,60.0
12799,7,Indianwear,indya,2950.0,2360.0,20.0
12800,8,Indianwear,aurelia,2638.2167045910855,799.0,44.84758845312988
12801,9,Indianwear,varanga,2799.0,839.0,70.0
12802,10,Indianwear,fusion beats,1499.0,599.0,60.0
12803,11,Indianwear,ziyaa,2030.0,812.0,60.0
12804,12,Indianwear,infuse,999.0,399.0,60.0
12805,13,Indianwear,kami kubi,1799.0,809.0,55.0
12806,14,Indianwear,global desi,2299.0,1839.0,20.0
12807,15,Indianwear,infuse,999.0,399.0,60.0
12808,16,Indianwear,juniper,2638.2167045910855,2299.0,44.84758845312988
12809,17,Indianwear,indya,2500.0,1250.0,50.0
12810,18,Indianwear,ziyaa,1107.0,553.0,50.0
12811,19,Indianwear,myshka,4999.0,1249.0,75.0
12812,20,Indianwear,neerus,1980.0,990.0,50.0
12813,21,Indianwear,ziyaa,2406.0,842.0,65.0
12815,23,Indianwear,global desi,2638.2167045910855,2699.0,44.84758845312988
12816,24,Indianwear,juniper,2199.0,659.0,70.0
12817,25,Indianwear,ziyaa,2000.0,800.0,60.0
12818,0,Indianwear,stop,799.0,399.0,50.0
12819,1,Indianwear,stop,1299.0,649.0,50.0
12820,2,Indianwear,global desi,1899.0,759.0,60.0
12821,3,Indianwear,global desi,1499.0,599.0,60.0
12822,4,Indianwear,suti,3999.0,3199.0,20.0
12823,5,Indianwear,aurelia,2638.2167045910855,4999.0,44.84758845312988
12824,6,Indianwear,juniper,2699.0,1349.0,50.0
12825,7,Indianwear,haute curry,2638.2167045910855,1499.0,44.84758845312988
12826,8,Indianwear,ziyaa,1641.0,656.0,60.0
12827,9,Indianwear,aurelia,1199.0,839.0,30.0
12828,10,Indianwear,stop,1499.0,749.0,50.0
12829,11,Indianwear,aurelia,1999.0,1399.0,30.0
12830,12,Indianwear,global desi,2699.0,1349.0,50.0
12831,13,Indianwear,juniper,2499.0,1499.0,40.0
12832,14,Indianwear,w,1999.0,999.0,50.0
12833,15,Indianwear,stop,999.0,499.0,50.0
12834,16,Indianwear,indya,1600.0,800.0,50.0
12835,17,Indianwear,shaya by caratlane,1500.0,1425.0,5.0
12836,18,Indianwear,aurelia,2638.2167045910855,1899.0,44.84758845312988
12837,19,Indianwear,myshka,1899.0,664.0,65.0
12838,20,Indianwear,neerus,3499.0,2099.0,40.0
12839,21,Indianwear,indya,3000.0,2400.0,20.0
12841,23,Indianwear,yuris,3999.0,1399.0,65.0
12842,24,Indianwear,stop,1199.0,599.0,50.0
12843,25,Indianwear,janasya,1398.0,629.0,55.0
12844,0,Indianwear,varanga,4999.0,1499.0,70.0
12845,1,Indianwear,indya,2638.2167045910855,2850.0,44.84758845312988
12846,2,Indianwear,global desi,2699.0,2159.0,20.0
12847,3,Indianwear,myshka,3299.0,824.0,75.0
12848,4,Indianwear,yuris,1499.0,599.0,60.0
12849,5,Indianwear,w,1999.0,1499.0,25.0
12850,6,Indianwear,aurelia,999.0,699.0,30.0
12851,7,Indianwear,biba,1999.0,1199.0,40.0
12852,8,Indianwear,indya,1600.0,800.0,50.0
12853,9,Indianwear,kashish,2638.2167045910855,1599.0,44.84758845312988
12854,10,Indianwear,juniper,4199.0,1889.0,55.0
12855,11,Indianwear,janasya,1198.0,599.0,50.0
12856,12,Indianwear,myshka,4999.0,999.0,80.0
12857,13,Indianwear,w,6999.0,5249.0,25.0
12858,14,Indianwear,stop,2638.2167045910855,1199.0,44.84758845312988
12859,15,Indianwear,stop,1299.0,649.0,50.0
12860,16,Indianwear,global desi,1899.0,949.0,50.0
12861,17,Indianwear,varanga,5599.0,1959.0,65.0
12862,18,Indianwear,juniper,4099.0,1434.0,65.0
12863,19,Indianwear,vastranand,3475.0,1563.0,55.0
12864,20,Indianwear,juniper,3999.0,2399.0,40.0
12865,21,Indianwear,stop,799.0,399.0,50.0
12867,23,Indianwear,varkala silk sarees,4500.0,1350.0,70.0
12868,24,Indianwear,varanga,3999.0,1599.0,60.0
12869,25,Indianwear,w,2638.2167045910855,1999.0,44.84758845312988
12870,0,Indianwear,stop,1499.0,749.0,50.0
12871,1,Indianwear,indya,2638.2167045910855,3850.0,44.84758845312988
12872,2,Indianwear,myshka,1299.0,454.0,65.0
12873,3,Indianwear,stop,2638.2167045910855,999.0,44.84758845312988
12874,4,Indianwear,stop,2638.2167045910855,899.0,44.84758845312988
12875,5,Indianwear,haute curry,799.0,399.0,50.0
12876,6,Indianwear,aurelia,2638.2167045910855,2499.0,44.84758845312988
12877,7,Indianwear,juniper,5199.0,2079.0,60.0
12878,8,Indianwear,w,2638.2167045910855,1799.0,44.84758845312988
12879,9,Indianwear,biba,3999.0,2399.0,40.0
12880,10,Indianwear,infuse,499.0,299.0,40.0
12881,11,Indianwear,ziyaa,2138.0,855.0,60.0
12882,12,Indianwear,indya,1800.0,900.0,50.0
12883,13,Indianwear,w,2638.2167045910855,1199.0,44.84758845312988
12884,14,Indianwear,juniper,1699.0,849.0,50.0
12885,15,Indianwear,varanga,3999.0,1999.0,50.0
12886,16,Indianwear,juniper,4447.0,1778.0,60.0
12887,17,Indianwear,janasya,2179.0,980.0,55.0
12888,18,Indianwear,janasya,3379.0,1351.0,60.0
12889,19,Indianwear,haute curry,2638.2167045910855,1299.0,44.84758845312988
12890,20,Indianwear,juniper,2299.0,1034.0,55.0
12891,21,Indianwear,infuse,899.0,269.0,70.0
12893,23,Indianwear,indya,2450.0,1960.0,20.0
12894,24,Indianwear,biba,2638.2167045910855,3299.0,44.84758845312988
12895,25,Indianwear,indya,2100.0,1050.0,50.0
12896,0,Indianwear,suti,1299.0,1039.0,20.0
12897,1,Indianwear,stop,499.0,349.0,30.0
12898,2,Indianwear,aurelia,1299.0,909.0,30.0
12899,3,Indianwear,indya,3600.0,2880.0,20.0
12900,4,Indianwear,w,1799.0,1349.0,25.0
12901,5,Indianwear,yuris,1699.0,849.0,50.0
12902,6,Indianwear,yuris,1799.0,719.0,60.0
12903,7,Indianwear,haute curry,1499.0,749.0,50.0
12904,8,Indianwear,kami kubi,1999.0,899.0,55.0
12905,9,Indianwear,yuris,3999.0,1399.0,65.0
12906,10,Indianwear,yuris,3999.0,1399.0,65.0
12907,11,Indianwear,infuse,1799.0,899.0,50.0
12908,12,Indianwear,ziyaa,1388.0,555.0,60.0
12909,13,Indianwear,juniper,5799.0,4059.0,30.0
12910,14,Indianwear,stop,2638.2167045910855,1199.0,44.84758845312988
12911,15,Indianwear,infuse,799.0,319.0,60.0
12912,16,Indianwear,yuris,4299.0,1504.0,65.0
12913,17,Indianwear,janasya,2389.0,1075.0,55.0
12914,18,Indianwear,and,2099.0,1049.0,50.0
12915,19,Indianwear,ziyaa,1868.0,747.0,60.0
12916,20,Indianwear,global desi,2099.0,1679.0,20.0
12917,21,Indianwear,ziyaa,2503.0,1001.0,60.0
12919,23,Indianwear,janasya,3199.0,1279.0,60.0
12920,24,Indianwear,ziyaa,3396.0,1358.0,60.0
12921,25,Indianwear,stop,999.0,499.0,50.0
12922,0,Indianwear,varkala silk sarees,5000.0,1500.0,70.0
12923,1,Indianwear,yuris,3999.0,1399.0,65.0
12924,2,Indianwear,yuris,4299.0,1504.0,65.0
12925,3,Indianwear,biba,4995.0,3496.0,30.0
12926,4,Indianwear,myshka,1499.0,449.0,70.0
12927,5,Indianwear,myshka,5499.0,1374.0,75.0
12928,6,Indianwear,kashish,3799.0,1899.0,50.0
12929,7,Indianwear,varkala silk sarees,7500.0,1875.0,75.0
12930,8,Indianwear,myshka,2499.0,749.0,70.0
12931,9,Indianwear,yuris,1699.0,764.0,55.0
12932,10,Indianwear,juniper,999.0,399.0,60.0
12933,11,Indianwear,w,2638.2167045910855,1799.0,44.84758845312988
12934,12,Indianwear,indya,2500.0,1250.0,50.0
12935,13,Indianwear,w,2638.2167045910855,2999.0,44.84758845312988
12936,14,Indianwear,juniper,4099.0,1844.0,55.0
12937,15,Indianwear,infuse,1499.0,599.0,60.0
12938,16,Indianwear,myshka,5999.0,1499.0,75.0
12939,17,Indianwear,global desi,1999.0,999.0,50.0
12940,18,Indianwear,infuse,1299.0,649.0,50.0
12941,19,Indianwear,suti,1199.0,959.0,20.0
12942,20,Indianwear,kashish,1499.0,749.0,50.0
12943,21,Indianwear,w,2638.2167045910855,1699.0,44.84758845312988
12945,23,Indianwear,janasya,1399.0,699.0,50.0
12946,24,Indianwear,aurelia,2638.2167045910855,1199.0,44.84758845312988
12947,25,Indianwear,global desi,1699.0,1359.0,20.0
12948,0,Indianwear,haute curry,699.0,349.0,50.0
12949,1,Indianwear,infuse,999.0,399.0,60.0
12950,2,Indianwear,juniper,3299.0,2144.0,35.0
12951,3,Indianwear,indya,2638.2167045910855,2950.0,44.84758845312988
12952,4,Indianwear,amukti,999.0,499.0,50.0
12953,5,Indianwear,janasya,3839.0,1535.0,60.0
12954,6,Indianwear,yuris,1599.0,719.0,55.0
12955,7,Indianwear,infuse,1399.0,419.0,70.0
12956,8,Indianwear,kashish,1599.0,799.0,50.0
12957,9,Indianwear,janasya,1399.0,629.0,55.0
12958,10,Indianwear,aurelia,2638.2167045910855,3999.0,44.84758845312988
12959,11,Indianwear,janasya,1699.0,764.0,55.0
12960,12,Indianwear,stop,1499.0,749.0,50.0
12961,13,Indianwear,neerus,2699.0,2159.0,20.0
12962,14,Indianwear,janasya,3379.0,1351.0,60.0
12963,15,Indianwear,indya,3200.0,1600.0,50.0
12964,16,Indianwear,w,2638.2167045910855,1799.0,44.84758845312988
12965,17,Indianwear,myshka,2299.0,574.0,75.0
12966,18,Indianwear,stop,999.0,499.0,50.0
12967,19,Indianwear,biba,3999.0,2799.0,30.0
12968,20,Indianwear,w,2638.2167045910855,3799.0,44.84758845312988
12969,21,Indianwear,stop,799.0,399.0,50.0
12971,23,Indianwear,biba,1999.0,1199.0,40.0
12972,24,Indianwear,juniper,1049.0,524.0,50.0
12973,25,Indianwear,vastranand,4995.0,1998.0,60.0
12974,0,Indianwear,juniper,4099.0,1434.0,65.0
12975,1,Indianwear,juniper,2999.0,1349.0,55.0
12976,2,Indianwear,global desi,1799.0,539.0,70.0
12977,3,Indianwear,varanga,1299.0,519.0,60.0
12978,4,Indianwear,aurelia,2599.0,1299.0,50.0
12979,5,Indianwear,stop,799.0,399.0,50.0
12980,6,Indianwear,ziyaa,1934.0,870.0,55.0
12981,7,Indianwear,juniper,1499.0,1049.0,30.0
12982,8,Indianwear,ziyaa,2470.0,864.0,65.0
12983,9,Indianwear,ziyaa,1602.0,640.0,60.0
12984,10,Indianwear,w,2638.2167045910855,2999.0,44.84758845312988
12985,11,Indianwear,janasya,1199.0,599.0,50.0
12986,12,Indianwear,w,2638.2167045910855,3799.0,44.84758845312988
12987,13,Indianwear,w,2999.0,1499.0,50.0
12988,14,Indianwear,aurelia,1199.0,599.0,50.0
12989,15,Indianwear,ziyaa,1964.0,883.0,55.0
12990,16,Indianwear,amukti,1299.0,909.0,30.0
12991,17,Indianwear,myshka,5499.0,1374.0,75.0
12992,18,Indianwear,kami kubi,1399.0,559.0,60.0
12993,19,Indianwear,ziyaa,3304.0,1321.0,60.0
12994,20,Indianwear,aurelia,2638.2167045910855,1599.0,44.84758845312988
12995,21,Indianwear,haute curry,699.0,349.0,50.0
12997,23,Indianwear,ira soleil,2638.2167045910855,1499.0,44.84758845312988
12998,24,Indianwear,biba,1999.0,1199.0,40.0
12999,25,Indianwear,yuris,2799.0,1119.0,60.0
13000,0,Indianwear,ziyaa,1888.0,755.0,60.0
13001,1,Indianwear,fratini,999.0,499.0,50.0
13002,2,Indianwear,juniper,3799.0,1709.0,55.0
13003,3,Indianwear,varanga,2199.0,989.0,55.0
13004,4,Indianwear,aurelia,999.0,699.0,30.0
13005,5,Indianwear,kashish,1799.0,899.0,50.0
13006,6,Indianwear,juniper,3499.0,2099.0,40.0
13007,7,Indianwear,aurelia,999.0,699.0,30.0
13008,8,Indianwear,w,2638.2167045910855,1799.0,44.84758845312988
13009,9,Indianwear,myshka,1999.0,599.0,70.0
13010,10,Indianwear,biba,3599.0,2519.0,30.0
13011,11,Indianwear,kashish,2638.2167045910855,1599.0,44.84758845312988
13012,12,Indianwear,biba,1799.0,1439.0,20.0
13013,13,Indianwear,stop,799.0,399.0,50.0
13014,14,Indianwear,myshka,4999.0,1249.0,75.0
13015,15,Indianwear,global desi,2299.0,1839.0,20.0
13016,16,Indianwear,haute curry,2638.2167045910855,1199.0,44.84758845312988
13017,17,Indianwear,stop,1299.0,649.0,50.0
13018,18,Indianwear,ziyaa,1568.0,705.0,55.0
13019,19,Indianwear,kashish,1999.0,999.0,50.0
13020,20,Indianwear,stop,999.0,499.0,50.0
13021,21,Indianwear,myshka,1499.0,524.0,65.0
13023,23,Indianwear,kashish,1999.0,999.0,50.0
13024,24,Indianwear,myshka,2499.0,749.0,70.0
13025,25,Indianwear,aurelia,4599.0,2299.0,50.0
13026,0,Indianwear,ziyaa,1902.0,760.0,60.0
13027,1,Indianwear,sanaa,1499.0,1049.0,30.0
13028,2,Indianwear,yuris,3499.0,1399.0,60.0
13029,3,Indianwear,yuris,3499.0,1399.0,60.0
13030,4,Indianwear,janasya,1599.0,879.0,45.0
13031,5,Indianwear,varanga,2638.2167045910855,5599.0,44.84758845312988
13032,6,Indianwear,varanga,3299.0,1154.0,65.0
13033,7,Indianwear,biba,3999.0,2799.0,30.0
13034,8,Indianwear,indya,3650.0,1825.0,50.0
13035,9,Indianwear,global desi,2999.0,1799.0,40.0
13036,10,Indianwear,stop,899.0,449.0,50.0
13037,11,Indianwear,suti,1999.0,1599.0,20.0
13038,12,Indianwear,neerus,2299.0,1379.0,40.0
13039,13,Indianwear,suti,2499.0,1999.0,20.0
13040,14,Indianwear,aurelia,2638.2167045910855,3799.0,44.84758845312988
13041,15,Indianwear,amukti,1299.0,909.0,30.0
13042,16,Indianwear,kashish,1999.0,999.0,50.0
13043,17,Indianwear,aurelia,1899.0,1329.0,30.0
13044,18,Indianwear,aurelia,2638.2167045910855,4199.0,44.84758845312988
13045,19,Indianwear,ziyaa,3621.0,1448.0,60.0
13046,20,Indianwear,juniper,2299.0,804.0,65.0
13047,21,Indianwear,aurelia,1049.0,734.0,30.0
13049,23,Indianwear,kashish,1599.0,799.0,50.0
13050,24,Indianwear,haute curry,799.0,399.0,50.0
13051,25,Indianwear,w,4999.0,2999.0,40.0
13052,0,Indianwear,yuris,3999.0,1399.0,65.0
13053,1,Indianwear,myshka,2999.0,749.0,75.0
13054,2,Indianwear,global desi,1699.0,1359.0,20.0
13055,3,Indianwear,haute curry,1499.0,749.0,50.0
13056,4,Indianwear,varanga,2999.0,749.0,75.0
13057,5,Indianwear,varanga,3299.0,824.0,75.0
13058,6,Indianwear,vastranand,3475.0,1911.0,45.0
13059,7,Indianwear,juniper,3499.0,2099.0,40.0
13060,8,Indianwear,vastranand,3475.0,1911.0,45.0
13061,9,Indianwear,get wrapped,2638.2167045910855,299.0,44.84758845312988
13062,10,Indianwear,janasya,1269.0,507.0,60.0
13063,11,Indianwear,global desi,2638.2167045910855,7999.0,44.84758845312988
13064,12,Indianwear,juniper,1499.0,749.0,50.0
13065,13,Indianwear,global desi,2699.0,2159.0,20.0
13066,14,Indianwear,janasya,2389.0,1075.0,55.0
13067,15,Indianwear,kashish,1799.0,899.0,50.0
13068,16,Indianwear,kashish,1799.0,899.0,50.0
13069,17,Indianwear,w,1899.0,1424.0,25.0
13070,18,Indianwear,ziyaa,2971.0,1039.0,65.0
13071,19,Indianwear,janasya,2699.0,1349.0,50.0
13072,20,Indianwear,stop,899.0,629.0,30.0
13073,21,Indianwear,yuris,3499.0,1399.0,60.0
13075,23,Indianwear,biba,1299.0,909.0,30.0
13076,24,Indianwear,stop,2638.2167045910855,599.0,44.84758845312988
13077,25,Indianwear,infuse,999.0,399.0,60.0
13078,0,Indianwear,stop,899.0,449.0,50.0
13079,1,Indianwear,kashish,3499.0,1749.0,50.0
13080,2,Indianwear,stop,1299.0,649.0,50.0
13081,3,Indianwear,juniper,3849.0,1347.0,65.0
13082,4,Indianwear,juniper,4048.0,1821.0,55.0
13083,5,Indianwear,biba,4595.0,3216.0,30.0
13084,6,Indianwear,janasya,4999.0,2499.0,50.0
13085,7,Indianwear,w,2999.0,1499.0,50.0
13086,8,Indianwear,ira soleil,2638.2167045910855,1999.0,44.84758845312988
13087,9,Indianwear,stop,2638.2167045910855,899.0,44.84758845312988
13088,10,Indianwear,stop,999.0,499.0,50.0
13089,11,Indianwear,haute curry,2638.2167045910855,1499.0,44.84758845312988
13090,12,Indianwear,w,2638.2167045910855,1699.0,44.84758845312988
13091,13,Indianwear,myshka,3499.0,874.0,75.0
13092,14,Indianwear,janasya,4998.0,2748.0,45.0
13093,15,Indianwear,w,799.0,599.0,25.0
13094,16,Indianwear,global desi,1899.0,1519.0,20.0
13095,17,Indianwear,w,2638.2167045910855,1999.0,44.84758845312988
13096,18,Indianwear,janasya,3599.0,1979.0,45.0
13097,19,Indianwear,myshka,3499.0,874.0,75.0
13098,20,Indianwear,w,2638.2167045910855,1499.0,44.84758845312988
13099,21,Indianwear,shaya by caratlane,2638.2167045910855,1800.0,44.84758845312988
13101,23,Indianwear,yuris,3999.0,1599.0,60.0
13102,24,Indianwear,yuris,3999.0,1399.0,65.0
13103,25,Indianwear,varanga,3399.0,1699.0,50.0
13104,0,Indianwear,juniper,4099.0,1639.0,60.0
13105,1,Indianwear,janasya,2199.0,879.0,60.0
13106,2,Indianwear,janasya,3299.0,989.0,70.0
13107,3,Indianwear,juniper,1699.0,1019.0,40.0
13108,4,Indianwear,aurelia,1199.0,839.0,30.0
13109,5,Indianwear,aarke,2638.2167045910855,2300.0,44.84758845312988
13110,6,Indianwear,janasya,1799.0,899.0,50.0
13111,7,Indianwear,global desi,1899.0,1329.0,30.0
13112,8,Indianwear,kami kubi,999.0,449.0,55.0
13113,9,Indianwear,aurelia,2638.2167045910855,999.0,44.84758845312988
13114,10,Indianwear,haute curry,899.0,449.0,50.0
13115,11,Indianwear,ziyaa,3012.0,1204.0,60.0
13116,12,Indianwear,ziyaa,3215.0,1125.0,65.0
13117,13,Indianwear,w,2638.2167045910855,1699.0,44.84758845312988
13118,14,Indianwear,juniper,2299.0,1034.0,55.0
13119,15,Indianwear,stop,2638.2167045910855,799.0,44.84758845312988
13120,16,Indianwear,stop,2638.2167045910855,999.0,44.84758845312988
13121,17,Indianwear,emporio armani,7995.0,3198.0,60.0
13122,18,Indianwear,fusion beats,1399.0,559.0,60.0
13123,19,Indianwear,haute curry,899.0,449.0,50.0
13124,20,Indianwear,janasya,1499.0,749.0,50.0
13125,21,Indianwear,global desi,3999.0,1999.0,50.0
13127,23,Indianwear,ziyaa,2178.0,871.0,60.0
13128,24,Indianwear,biba,3299.0,1979.0,40.0
13129,25,Indianwear,global desi,3299.0,2639.0,20.0
13130,0,Indianwear,juniper,2098.0,1049.0,50.0
13131,1,Indianwear,juniper,1299.0,844.0,35.0
13132,2,Indianwear,yuris,1599.0,719.0,55.0
13133,3,Indianwear,w,2638.2167045910855,1799.0,44.84758845312988
13134,4,Indianwear,janasya,2998.0,1049.0,65.0
13135,5,Indianwear,yuris,3499.0,1399.0,60.0
13136,6,Indianwear,w,1699.0,849.0,50.0
13137,7,Indianwear,janasya,1299.0,649.0,50.0
13138,8,Indianwear,indya,1600.0,800.0,50.0
13139,9,Indianwear,suti,4399.0,3519.0,20.0
13140,10,Indianwear,w,2638.2167045910855,2499.0,44.84758845312988
13141,11,Indianwear,kashish,1499.0,749.0,50.0
13142,12,Indianwear,w,2638.2167045910855,1999.0,44.84758845312988
13143,13,Indianwear,kashish,1699.0,849.0,50.0
13144,14,Indianwear,stop,799.0,399.0,50.0
13145,15,Indianwear,sanaa,1699.0,1189.0,30.0
13146,16,Indianwear,stop,2638.2167045910855,999.0,44.84758845312988
13147,17,Indianwear,global desi,2999.0,1499.0,50.0
13148,18,Indianwear,w,2799.0,2099.0,25.0
13149,19,Indianwear,aurelia,1299.0,909.0,30.0
13150,20,Indianwear,kashish,1699.0,849.0,50.0
13151,21,Indianwear,ziyaa,2067.0,826.0,60.0
13153,23,Indianwear,kashish,1299.0,649.0,50.0
13154,24,Indianwear,biba,3999.0,2799.0,30.0
13155,25,Indianwear,kashish,1299.0,649.0,50.0
13156,0,Indianwear,ziyaa,2333.0,933.0,60.0
13157,1,Indianwear,kami kubi,1999.0,799.0,60.0
13158,2,Indianwear,stop,799.0,559.0,30.0
13159,3,Indianwear,ziyaa,2238.0,895.0,60.0
13160,4,Indianwear,haute curry,1199.0,599.0,50.0
13161,5,Indianwear,stop,1699.0,849.0,50.0
13162,6,Indianwear,juniper,2549.0,1019.0,60.0
13163,7,Indianwear,juniper,2699.0,809.0,70.0
13164,8,Indianwear,juniper,4446.0,1778.0,60.0
13165,9,Indianwear,varanga,4599.0,1609.0,65.0
13166,10,Indianwear,aurelia,1399.0,979.0,30.0
13167,11,Indianwear,juniper,3899.0,1949.0,50.0
13168,12,Indianwear,aurelia,1299.0,909.0,30.0
13169,13,Indianwear,global desi,3099.0,2479.0,20.0
13170,14,Indianwear,janasya,2199.0,769.0,65.0
13171,15,Indianwear,ziyaa,1956.0,880.0,55.0
13172,16,Indianwear,myshka,2299.0,574.0,75.0
13173,17,Indianwear,sanaa,1399.0,699.0,50.0
13174,18,Indianwear,janasya,1399.0,769.0,45.0
13175,19,Indianwear,juniper,1499.0,599.0,60.0
13176,20,Indianwear,myshka,1399.0,489.0,65.0
13177,21,Indianwear,w,3799.0,2849.0,25.0
13179,23,Indianwear,ziyaa,2598.0,1169.0,55.0
13180,24,Indianwear,juniper,4899.0,2449.0,50.0
13181,25,Indianwear,kashish,1499.0,749.0,50.0
13182,0,Indianwear,janasya,1898.0,1043.0,45.0
13183,1,Indianwear,haute curry,2638.2167045910855,799.0,44.84758845312988
13184,2,Indianwear,kashish,1299.0,649.0,50.0
13185,3,Indianwear,zink london,2199.0,1319.0,40.0
13186,4,Indianwear,vastranand,3475.0,1911.0,45.0
13187,5,Indianwear,varkala silk sarees,4500.0,1125.0,75.0
13188,6,Indianwear,vastranand,4599.0,2529.0,45.0
13189,7,Indianwear,varanga,3699.0,924.0,75.0
13190,8,Indianwear,stop,799.0,399.0,50.0
13191,9,Indianwear,haute curry,899.0,449.0,50.0
13192,10,Indianwear,aurelia,2638.2167045910855,2299.0,44.84758845312988
13193,11,Indianwear,stop,399.0,199.0,50.0
13194,12,Indianwear,ziyaa,2438.0,853.0,65.0
13195,13,Indianwear,haute curry,1499.0,749.0,50.0
13196,14,Indianwear,w,2638.2167045910855,1999.0,44.84758845312988
13197,15,Indianwear,w,3799.0,1899.0,50.0
13198,16,Indianwear,janasya,3149.0,1731.0,45.0
13199,17,Indianwear,stop,2638.2167045910855,999.0,44.84758845312988
13200,18,Indianwear,aurelia,2638.2167045910855,999.0,44.84758845312988
13201,19,Indianwear,w,2638.2167045910855,1899.0,44.84758845312988
13202,20,Indianwear,stop,899.0,359.0,60.0
13203,21,Indianwear,janasya,2949.0,1474.0,50.0
13205,23,Indianwear,stop,1699.0,849.0,50.0
13206,24,Indianwear,ziyaa,2047.0,818.0,60.0
13207,25,Indianwear,varanga,6999.0,2449.0,65.0
13208,0,Indianwear,stop,1299.0,649.0,50.0
13209,1,Indianwear,kashish,1799.0,899.0,50.0
13210,2,Indianwear,juniper,3299.0,1979.0,40.0
13211,3,Indianwear,juniper,3398.0,1529.0,55.0
13212,4,Indianwear,vastranand,4995.0,1998.0,60.0
13213,5,Indianwear,varanga,1999.0,799.0,60.0
13214,6,Indianwear,w,1699.0,849.0,50.0
13215,7,Indianwear,indya,3200.0,1600.0,50.0
13216,8,Indianwear,juniper,3299.0,1649.0,50.0
13217,9,Indianwear,juniper,1699.0,679.0,60.0
13218,10,Indianwear,ziyaa,4132.0,1652.0,60.0
13219,11,Indianwear,ziyaa,2520.0,1008.0,60.0
13220,12,Indianwear,aurelia,1299.0,909.0,30.0
13221,13,Indianwear,w,1999.0,999.0,50.0
13222,14,Indianwear,sanaa,1299.0,649.0,50.0
13223,15,Indianwear,ziyaa,1874.0,843.0,55.0
13224,16,Indianwear,ziyaa,2057.0,1439.0,30.0
13225,17,Indianwear,w,799.0,599.0,25.0
13226,18,Indianwear,haute curry,1499.0,749.0,50.0
13227,19,Indianwear,kashish,1999.0,999.0,50.0
13228,20,Indianwear,varkala silk sarees,4500.0,1350.0,70.0
13229,21,Indianwear,kashish,1599.0,799.0,50.0
13231,23,Indianwear,infuse,1299.0,649.0,50.0
13232,24,Indianwear,kami kubi,2999.0,1949.0,35.0
13233,25,Indianwear,janasya,1339.0,535.0,60.0
13234,0,Indianwear,janasya,2699.0,944.0,65.0
13236,2,Indianwear,juniper,1799.0,989.0,45.0
13237,3,Indianwear,juniper,2999.0,1649.0,45.0
13238,4,Indianwear,and,1299.0,1039.0,20.0
13239,5,Indianwear,indya,2200.0,1100.0,50.0
13240,6,Indianwear,fusion beats,1499.0,559.0,63.0
13241,7,Indianwear,w,2638.2167045910855,2399.0,44.84758845312988
13242,8,Indianwear,w,1699.0,849.0,50.0
13243,9,Indianwear,myshka,2999.0,899.0,70.0
13244,10,Indianwear,haute curry,899.0,449.0,50.0
13245,11,Indianwear,ziyaa,1934.0,773.0,60.0
13246,12,Indianwear,janasya,4998.0,2748.0,45.0
13247,13,Indianwear,haute curry,799.0,399.0,50.0
13248,14,Indianwear,janasya,1399.0,559.0,60.0
13249,15,Indianwear,stop,1299.0,649.0,50.0
13250,16,Indianwear,stop,2638.2167045910855,1299.0,44.84758845312988
13251,17,Indianwear,w,3999.0,1999.0,50.0
13252,18,Indianwear,biba,3599.0,2519.0,30.0
13253,19,Indianwear,janasya,1499.0,749.0,50.0
13254,20,Indianwear,myshka,5999.0,1199.0,80.0
13255,21,Indianwear,indya,1300.0,1040.0,20.0
13257,23,Indianwear,infuse,1999.0,999.0,50.0
13258,24,Indianwear,ziyaa,1933.0,676.0,65.0
13259,25,Indianwear,yuris,3499.0,1399.0,60.0
13260,0,Indianwear,juniper,2999.0,1499.0,50.0
13261,1,Indianwear,w,2638.2167045910855,1999.0,44.84758845312988
13262,2,Indianwear,infuse,699.0,349.0,50.0
13263,3,Indianwear,biba,2599.0,2079.0,20.0
13264,4,Indianwear,stop,999.0,499.0,50.0
13265,5,Indianwear,haute curry,999.0,499.0,50.0
13266,6,Indianwear,indya,1700.0,1360.0,20.0
13267,7,Indianwear,aurelia,4899.0,3429.0,30.0
13268,8,Indianwear,w,2638.2167045910855,2999.0,44.84758845312988
13269,9,Indianwear,ziyaa,2610.0,1044.0,60.0
13270,10,Indianwear,aurelia,1499.0,1049.0,30.0
13271,11,Indianwear,janasya,2699.0,1079.0,60.0
13272,12,Indianwear,myshka,1299.0,454.0,65.0
13273,13,Indianwear,global desi,1499.0,599.0,60.0
13274,14,Indianwear,kashish,3799.0,1899.0,50.0
13275,15,Indianwear,stop,2638.2167045910855,899.0,44.84758845312988
13276,16,Indianwear,juniper,2999.0,1349.0,55.0
13277,17,Indianwear,juniper,4998.0,1999.0,60.0
13278,18,Indianwear,vastranand,3475.0,1737.0,50.0
13279,19,Indianwear,aurelia,999.0,699.0,30.0
13280,20,Indianwear,w,1299.0,974.0,25.0
13281,21,Indianwear,aurelia,2199.0,1099.0,50.0
13283,23,Indianwear,myshka,3499.0,699.0,80.0
13284,24,Indianwear,yuris,3499.0,1399.0,60.0
13285,25,Indianwear,juniper,1599.0,719.0,55.0
13286,0,Indianwear,biba,5995.0,4196.0,30.0
13287,1,Indianwear,sanaa,1599.0,1119.0,30.0
13288,2,Indianwear,varkala silk sarees,4500.0,1350.0,70.0
13289,3,Indianwear,w,4999.0,3749.0,25.0
13290,4,Indianwear,w,2638.2167045910855,2399.0,44.84758845312988
13291,5,Indianwear,indya,3600.0,1800.0,50.0
13292,6,Indianwear,kashish,1599.0,799.0,50.0
13293,7,Indianwear,infuse,1799.0,899.0,50.0
13294,8,Indianwear,ziyaa,2568.0,1027.0,60.0
13295,9,Indianwear,global desi,2199.0,1759.0,20.0
13296,10,Indianwear,janasya,1779.0,889.0,50.0
13297,11,Indianwear,aurelia,2638.2167045910855,1099.0,44.84758845312988
13298,12,Indianwear,myshka,3999.0,999.0,75.0
13299,13,Indianwear,stop,799.0,399.0,50.0
13300,14,Indianwear,aurelia,2638.2167045910855,1049.0,44.84758845312988
13301,15,Indianwear,w,2638.2167045910855,1099.0,44.84758845312988
13302,16,Indianwear,shaya by caratlane,2638.2167045910855,2000.0,44.84758845312988
13303,17,Indianwear,indya,1950.0,975.0,50.0
13304,18,Indianwear,haute curry,2638.2167045910855,799.0,44.84758845312988
13305,19,Indianwear,yuris,3499.0,1399.0,60.0
13306,20,Indianwear,biba,1999.0,1199.0,40.0
13307,21,Indianwear,varanga,5799.0,2609.0,55.0
13309,23,Indianwear,juniper,1299.0,779.0,40.0
13310,24,Indianwear,global desi,1499.0,449.0,70.0
13311,25,Indianwear,juniper,4197.0,1888.0,55.0
13312,0,Indianwear,janasya,1999.0,799.0,60.0
13313,1,Indianwear,w,2638.2167045910855,2599.0,44.84758845312988
13314,2,Indianwear,kami kubi,2499.0,749.0,70.0
13315,3,Indianwear,global desi,1699.0,679.0,60.0
13316,4,Indianwear,juniper,4899.0,1714.0,65.0
13317,5,Indianwear,kami kubi,1799.0,989.0,45.0
13318,6,Indianwear,janasya,1339.0,535.0,60.0
13319,7,Indianwear,stop,999.0,499.0,50.0
13320,8,Indianwear,haute curry,1299.0,649.0,50.0
13321,9,Indianwear,gipsy,1495.0,1046.0,30.0
13322,10,Indianwear,janasya,4598.0,2299.0,50.0
13323,11,Indianwear,w,1799.0,899.0,50.0
13324,12,Indianwear,w,2638.2167045910855,6999.0,44.84758845312988
13325,13,Indianwear,indya,1600.0,800.0,50.0
13326,14,Indianwear,haute curry,1499.0,749.0,50.0
13327,15,Indianwear,ziyaa,2138.0,855.0,60.0
13328,16,Indianwear,haute curry,999.0,499.0,50.0
13329,17,Indianwear,juniper,1499.0,599.0,60.0
13330,18,Indianwear,stop,999.0,499.0,50.0
13331,19,Indianwear,biba,3999.0,2799.0,30.0
13332,20,Indianwear,global desi,1799.0,899.0,50.0
13333,21,Indianwear,kashish,1299.0,649.0,50.0
13335,23,Indianwear,biba,1499.0,749.0,50.0
13336,24,Indianwear,kashish,1699.0,849.0,50.0
13337,25,Indianwear,stop,1999.0,999.0,50.0
13338,0,Indianwear,janasya,1399.0,559.0,60.0
13339,1,Indianwear,aurelia,1049.0,734.0,30.0
13340,2,Indianwear,kashish,1499.0,749.0,50.0
13341,3,Indianwear,infuse,1499.0,599.0,60.0
13342,4,Indianwear,infuse,499.0,299.0,40.0
13343,5,Indianwear,yuris,3999.0,1399.0,65.0
13344,6,Indianwear,varanga,6999.0,2449.0,65.0
13345,7,Indianwear,infuse,499.0,249.0,50.0
13346,8,Indianwear,infuse,1699.0,679.0,60.0
13347,9,Indianwear,juniper,1799.0,809.0,55.0
13348,10,Indianwear,juniper,1499.0,1049.0,30.0
13349,11,Indianwear,haute curry,1499.0,749.0,50.0
13350,12,Indianwear,juniper,4698.0,3053.0,35.0
13351,13,Indianwear,varanga,2999.0,899.0,70.0
13352,14,Indianwear,varanga,3599.0,899.0,75.0
13353,15,Indianwear,aurelia,1299.0,649.0,50.0
13354,16,Indianwear,amukti,1299.0,909.0,30.0
13355,17,Indianwear,yuris,1499.0,674.0,55.0
13356,18,Indianwear,varanga,1999.0,799.0,60.0
13357,19,Indianwear,aurelia,1999.0,1399.0,30.0
13358,20,Indianwear,stop,899.0,449.0,50.0
13359,21,Indianwear,janasya,2269.0,1134.0,50.0
13361,23,Indianwear,biba,6500.0,5200.0,20.0
13362,24,Indianwear,ziyaa,1571.0,706.0,55.0
13363,25,Indianwear,stop,499.0,349.0,30.0
13364,0,Indianwear,haute curry,799.0,399.0,50.0
13365,1,Indianwear,janasya,2099.0,1154.0,45.0
13366,2,Indianwear,w,2638.2167045910855,1999.0,44.84758845312988
13367,3,Indianwear,kami kubi,1799.0,989.0,45.0
13368,4,Indianwear,biba,1999.0,1199.0,40.0
13369,5,Indianwear,ira soleil,2638.2167045910855,1899.0,44.84758845312988
13370,6,Indianwear,aurelia,899.0,629.0,30.0
13371,7,Indianwear,juniper,2638.2167045910855,3499.0,44.84758845312988
13372,8,Indianwear,global desi,2499.0,1999.0,20.0
13373,9,Indianwear,myshka,4999.0,999.0,80.0
13374,10,Indianwear,kashish,2999.0,1499.0,50.0
13375,11,Indianwear,kami kubi,2499.0,874.0,65.0
13376,12,Indianwear,global desi,1599.0,799.0,50.0
13377,13,Indianwear,ziyaa,2538.0,888.0,65.0
13378,14,Indianwear,varanga,4999.0,1499.0,70.0
13379,15,Indianwear,indya,1400.0,700.0,50.0
13380,16,Indianwear,juniper,1799.0,989.0,45.0
13381,17,Indianwear,juniper,2999.0,1499.0,50.0
13382,18,Indianwear,varanga,2638.2167045910855,4999.0,44.84758845312988
13383,19,Indianwear,and,3499.0,1749.0,50.0
13384,20,Indianwear,haute curry,1299.0,649.0,50.0
13385,21,Indianwear,indya,3400.0,1700.0,50.0
13387,23,Indianwear,aurelia,999.0,699.0,30.0
13388,24,Indianwear,stop,1299.0,649.0,50.0
13389,25,Indianwear,haute curry,799.0,399.0,50.0
13390,0,Indianwear,w,2638.2167045910855,2299.0,44.84758845312988
13391,1,Indianwear,w,2638.2167045910855,1899.0,44.84758845312988
13393,3,Indianwear,aurelia,1599.0,1119.0,30.0
13394,4,Indianwear,myshka,1899.0,569.0,70.0
13395,5,Indianwear,myshka,2999.0,899.0,70.0
13396,6,Indianwear,biba,2638.2167045910855,6500.0,44.84758845312988
13397,7,Indianwear,myshka,5999.0,1499.0,75.0
13398,8,Indianwear,myshka,2999.0,899.0,70.0
13399,9,Indianwear,myshka,1499.0,524.0,65.0
13400,10,Indianwear,myshka,3999.0,799.0,80.0
13401,11,Indianwear,juniper,3699.0,1849.0,50.0
13402,12,Indianwear,janasya,3379.0,1351.0,60.0
13403,13,Indianwear,infuse,1099.0,329.0,70.0
13404,14,Indianwear,w,2638.2167045910855,1699.0,44.84758845312988
13405,15,Indianwear,ira soleil,2638.2167045910855,1999.0,44.84758845312988
13406,16,Indianwear,w,2999.0,1499.0,50.0
13407,17,Indianwear,stop,999.0,499.0,50.0
13408,18,Indianwear,indya,3400.0,1700.0,50.0
13409,19,Indianwear,yuris,2799.0,1259.0,55.0
13410,20,Indianwear,yuris,1599.0,719.0,55.0
13411,21,Indianwear,w,1899.0,1139.0,40.0
13413,23,Indianwear,get wrapped,2638.2167045910855,499.0,44.84758845312988
13414,24,Indianwear,yuris,1699.0,764.0,55.0
13415,25,Indianwear,gas,2499.0,624.0,75.0
13416,0,Indianwear,janasya,1399.0,769.0,45.0
13417,1,Indianwear,infuse,499.0,299.0,40.0
13418,2,Indianwear,vastranand,3475.0,1737.0,50.0
13419,3,Indianwear,juniper,2499.0,1749.0,30.0
13420,4,Indianwear,juniper,4197.0,2098.0,50.0
13421,5,Indianwear,varkala silk sarees,4500.0,1125.0,75.0
13422,6,Indianwear,juniper,3549.0,1419.0,60.0
13423,7,Indianwear,varanga,1999.0,999.0,50.0
13424,8,Indianwear,juniper,1799.0,719.0,60.0
13425,9,Indianwear,varanga,3299.0,989.0,70.0
13426,10,Indianwear,infuse,1199.0,599.0,50.0
13427,11,Indianwear,ziyaa,1303.0,651.0,50.0
13428,12,Indianwear,ziyaa,3060.0,1224.0,60.0
13429,13,Indianwear,w,1999.0,1499.0,25.0
13430,14,Indianwear,global desi,2299.0,1839.0,20.0
13431,15,Indianwear,w,2638.2167045910855,6599.0,44.84758845312988
13432,16,Indianwear,biba,3999.0,2399.0,40.0
13433,17,Indianwear,stop,499.0,349.0,30.0
13434,18,Indianwear,stop,1299.0,649.0,50.0
13435,19,Indianwear,stop,1299.0,649.0,50.0
13436,20,Indianwear,biba,4995.0,3496.0,30.0
13437,21,Indianwear,janasya,1198.0,599.0,50.0
13439,23,Indianwear,ziyaa,3051.0,1220.0,60.0
13440,24,Indianwear,ziyaa,2138.0,855.0,60.0
13441,25,Indianwear,aurelia,1299.0,909.0,30.0
13442,0,Indianwear,yuris,3499.0,1399.0,60.0
13443,1,Indianwear,yuris,3999.0,1399.0,65.0
13444,2,Indianwear,varanga,1799.0,809.0,55.0
13445,3,Indianwear,kashish,3499.0,1749.0,50.0
13446,4,Indianwear,biba,1599.0,959.0,40.0
13447,5,Indianwear,varanga,1999.0,899.0,55.0
13448,6,Indianwear,vastranand,3500.0,1925.0,45.0
13449,7,Indianwear,juniper,1699.0,849.0,50.0
13450,8,Indianwear,juniper,3299.0,1484.0,55.0
13451,9,Indianwear,stop,2638.2167045910855,1199.0,44.84758845312988
13452,10,Indianwear,global desi,2799.0,1399.0,50.0
13453,11,Indianwear,biba,5995.0,4796.0,20.0
13454,12,Indianwear,janasya,1469.0,587.0,60.0
13455,13,Indianwear,w,2638.2167045910855,1699.0,44.84758845312988
13456,14,Indianwear,kashish,1599.0,799.0,50.0
13457,15,Indianwear,aurelia,2638.2167045910855,1599.0,44.84758845312988
13458,16,Indianwear,shaya by caratlane,2600.0,2340.0,10.0
13459,17,Indianwear,haute curry,1499.0,749.0,50.0
13460,18,Indianwear,global desi,2638.2167045910855,1799.0,44.84758845312988
13461,19,Indianwear,infuse,1099.0,329.0,70.0
13462,20,Indianwear,suti,1199.0,959.0,20.0
13465,23,Indianwear,get wrapped,2638.2167045910855,399.0,44.84758845312988
13466,24,Indianwear,haute curry,2638.2167045910855,999.0,44.84758845312988
13467,25,Indianwear,stop,1299.0,649.0,50.0
13468,0,Indianwear,w,2638.2167045910855,4599.0,44.84758845312988
13469,1,Indianwear,ziyaa,4367.0,1746.0,60.0
13470,2,Indianwear,janasya,1199.0,599.0,50.0
13471,3,Indianwear,shaya by caratlane,2100.0,1995.0,5.0
13472,4,Indianwear,kashish,2999.0,1499.0,50.0
13473,5,Indianwear,aurelia,1049.0,629.0,40.0
13474,6,Indianwear,indya,2200.0,1100.0,50.0
13475,7,Indianwear,global desi,1799.0,719.0,60.0
13476,8,Indianwear,kami kubi,1699.0,764.0,55.0
13477,9,Indianwear,indya,2100.0,1050.0,50.0
13478,10,Indianwear,stop,499.0,349.0,30.0
13479,11,Indianwear,global desi,1699.0,509.0,70.0
13480,12,Indianwear,haute curry,899.0,449.0,50.0
13481,13,Indianwear,janasya,1399.0,559.0,60.0
13482,14,Indianwear,varkala silk sarees,7500.0,1875.0,75.0
13483,15,Indianwear,vastranand,5500.0,2475.0,55.0
13484,16,Indianwear,juniper,4098.0,2049.0,50.0
13485,17,Indianwear,juniper,2999.0,1949.0,35.0
13486,18,Indianwear,varanga,3999.0,1199.0,70.0
13487,19,Indianwear,varanga,1599.0,799.0,50.0
13488,20,Indianwear,varanga,1499.0,749.0,50.0
13489,21,Indianwear,juniper,3299.0,2474.0,25.0
13491,23,Indianwear,indya,3500.0,1750.0,50.0
13492,24,Indianwear,varanga,2999.0,749.0,75.0
13493,25,Indianwear,varanga,2999.0,899.0,70.0
13494,0,Indianwear,ziyaa,1373.0,549.0,60.0
13495,1,Indianwear,infuse,1999.0,999.0,50.0
13496,2,Indianwear,kashish,2638.2167045910855,2999.0,44.84758845312988
13497,3,Indianwear,stop,499.0,349.0,30.0
13498,4,Indianwear,w,2638.2167045910855,1799.0,44.84758845312988
13499,5,Indianwear,myshka,5499.0,1374.0,75.0
13500,6,Indianwear,myshka,2999.0,599.0,80.0
13501,7,Indianwear,juniper,2638.2167045910855,2699.0,44.84758845312988
13502,8,Indianwear,kashish,1299.0,649.0,50.0
13503,9,Indianwear,stop,699.0,489.0,30.0
13504,10,Indianwear,ziyaa,2420.0,968.0,60.0
13505,11,Indianwear,aurelia,2638.2167045910855,999.0,44.84758845312988
13506,12,Indianwear,aurelia,1999.0,1399.0,30.0
13507,13,Indianwear,w,2638.2167045910855,1399.0,44.84758845312988
13508,14,Indianwear,juniper,3999.0,1399.0,65.0
13509,15,Indianwear,kashish,2638.2167045910855,1599.0,44.84758845312988
13510,16,Indianwear,w,4999.0,2499.0,50.0
13511,17,Indianwear,get wrapped,2638.2167045910855,299.0,44.84758845312988
13512,18,Indianwear,kami kubi,999.0,449.0,55.0
13513,19,Indianwear,global desi,1999.0,999.0,50.0
13514,20,Indianwear,global desi,1999.0,999.0,50.0
13515,21,Indianwear,yuris,3999.0,1399.0,65.0
13517,23,Indianwear,yuris,1799.0,809.0,55.0
13518,24,Indianwear,aurelia,1049.0,734.0,30.0
13519,25,Indianwear,haute curry,1499.0,749.0,50.0
13520,0,Indianwear,vastranand,4599.0,2069.0,55.0
13521,1,Indianwear,juniper,999.0,299.0,70.0
13522,2,Indianwear,haute curry,1299.0,649.0,50.0
13523,3,Indianwear,aurelia,999.0,599.0,40.0
13524,4,Indianwear,janasya,1199.0,479.0,60.0
13525,5,Indianwear,biba,4595.0,3216.0,30.0
13526,6,Indianwear,yuris,2999.0,1349.0,55.0
13527,7,Indianwear,juniper,2399.0,959.0,60.0
13528,8,Indianwear,w,2638.2167045910855,4999.0,44.84758845312988
13529,9,Indianwear,aurelia,3599.0,2159.0,40.0
13530,10,Indianwear,vip,2638.2167045910855,349.0,44.84758845312988
13531,11,Indianwear,myshka,3999.0,999.0,75.0
13532,12,Indianwear,stop,799.0,399.0,50.0
13533,13,Indianwear,janasya,1349.0,674.0,50.0
13534,14,Indianwear,juniper,1899.0,1329.0,30.0
13535,15,Indianwear,infuse,999.0,399.0,60.0
13536,16,Indianwear,suti,1499.0,1199.0,20.0
13537,17,Indianwear,aurelia,2999.0,2099.0,30.0
13538,18,Indianwear,myshka,2999.0,599.0,80.0
13539,19,Indianwear,aurelia,2399.0,1679.0,30.0
13540,20,Indianwear,janasya,1169.0,584.0,50.0
13541,21,Indianwear,aurelia,2638.2167045910855,2999.0,44.84758845312988
13543,23,Indianwear,myshka,1599.0,559.0,65.0
13544,24,Indianwear,janasya,899.0,539.0,40.0
13545,25,Indianwear,janasya,1299.0,519.0,60.0
13546,0,Indianwear,gipsy,1895.0,1326.0,30.0
13547,1,Indianwear,suti,1649.0,1319.0,20.0
13548,2,Indianwear,aurelia,2638.2167045910855,2799.0,44.84758845312988
13549,3,Indianwear,myshka,5999.0,1499.0,75.0
13550,4,Indianwear,yuris,3499.0,1399.0,60.0
13551,5,Indianwear,global desi,2399.0,719.0,70.0
13552,6,Indianwear,global desi,2099.0,1679.0,20.0
13553,7,Indianwear,haute curry,999.0,499.0,50.0
13554,8,Indianwear,global desi,1699.0,1359.0,20.0
13555,9,Indianwear,yuris,3499.0,1399.0,60.0
13556,10,Indianwear,global desi,1699.0,1019.0,40.0
13557,11,Indianwear,haute curry,899.0,449.0,50.0
13558,12,Indianwear,varanga,2399.0,1199.0,50.0
13559,13,Indianwear,juniper,3898.0,1364.0,65.0
13560,14,Indianwear,vastranand,6500.0,3250.0,50.0
13561,15,Indianwear,w,1999.0,1199.0,40.0
13562,16,Indianwear,kashish,1599.0,799.0,50.0
13563,17,Indianwear,global desi,2399.0,1439.0,40.0
13564,18,Indianwear,indya,2950.0,1475.0,50.0
13565,19,Indianwear,biba,1599.0,1119.0,30.0
13566,20,Indianwear,w,2638.2167045910855,1899.0,44.84758845312988
13567,21,Indianwear,varanga,2599.0,779.0,70.0
13569,23,Indianwear,stop,799.0,399.0,50.0
13570,24,Indianwear,aurelia,1399.0,979.0,30.0
13571,25,Indianwear,ziyaa,3301.0,1320.0,60.0
13572,0,Indianwear,aurelia,1499.0,1049.0,30.0
13573,1,Indianwear,janasya,1699.0,594.0,65.0
13574,2,Indianwear,w,1699.0,1274.0,25.0
13575,3,Indianwear,indya,2638.2167045910855,1600.0,44.84758845312988
13576,4,Indianwear,biba,5995.0,4196.0,30.0
13577,5,Indianwear,myshka,3499.0,699.0,80.0
13578,6,Indianwear,global desi,2638.2167045910855,3099.0,44.84758845312988
13579,7,Indianwear,haute curry,2638.2167045910855,899.0,44.84758845312988
13580,8,Indianwear,janasya,1299.0,519.0,60.0
13581,9,Indianwear,aurelia,2638.2167045910855,799.0,44.84758845312988
13582,10,Indianwear,haute curry,1499.0,749.0,50.0
13583,11,Indianwear,haute curry,2638.2167045910855,1699.0,44.84758845312988
13584,12,Indianwear,stop,1299.0,649.0,50.0
13585,13,Indianwear,janasya,2699.0,1349.0,50.0
13586,14,Indianwear,global desi,2599.0,1039.0,60.0
13587,15,Indianwear,aurelia,2638.2167045910855,499.0,44.84758845312988
13588,16,Indianwear,global desi,1799.0,899.0,50.0
13589,17,Indianwear,haute curry,999.0,499.0,50.0
13590,18,Indianwear,varanga,3999.0,1199.0,70.0
13591,19,Indianwear,gipsy,1895.0,1326.0,30.0
13592,20,Indianwear,kashish,1499.0,749.0,50.0
13593,21,Indianwear,juniper,4200.0,2100.0,50.0
13595,23,Indianwear,vastranand,5500.0,2475.0,55.0
13596,24,Indianwear,varanga,899.0,404.0,55.0
13597,25,Indianwear,stop,1299.0,649.0,50.0
13598,0,Indianwear,stop,1299.0,649.0,50.0
13599,1,Indianwear,haute curry,1499.0,749.0,50.0
13600,2,Indianwear,haute curry,1499.0,749.0,50.0
13601,3,Indianwear,janasya,1399.0,559.0,60.0
13602,4,Indianwear,indya,2800.0,1400.0,50.0
13603,5,Indianwear,biba,1999.0,1399.0,30.0
13604,6,Indianwear,stop,799.0,399.0,50.0
13605,7,Indianwear,yuris,1399.0,629.0,55.0
13606,8,Indianwear,fusion beats,1499.0,599.0,60.0
13607,9,Indianwear,ziyaa,1943.0,777.0,60.0
13608,10,Indianwear,w,4999.0,2499.0,50.0
13609,11,Indianwear,global desi,2299.0,1839.0,20.0
13610,12,Indianwear,and,3499.0,1749.0,50.0
13611,13,Indianwear,myshka,5999.0,1499.0,75.0
13612,14,Indianwear,shaya by caratlane,2638.2167045910855,1600.0,44.84758845312988
13613,15,Indianwear,w,1499.0,899.0,40.0
13614,16,Indianwear,kami kubi,5999.0,2399.0,60.0
13615,17,Indianwear,w,2638.2167045910855,1299.0,44.84758845312988
13616,18,Indianwear,janasya,2698.0,944.0,65.0
13617,19,Indianwear,sanaa,1499.0,1049.0,30.0
13618,20,Indianwear,haute curry,1499.0,749.0,50.0
13619,21,Indianwear,ziyaa,2983.0,1193.0,60.0
13621,23,Indianwear,w,6999.0,3499.0,50.0
13622,24,Indianwear,global desi,1899.0,759.0,60.0
13623,25,Indianwear,kashish,1499.0,749.0,50.0
13624,0,Indianwear,aurelia,2599.0,1819.0,30.0
13625,1,Indianwear,w,4999.0,2999.0,40.0
13626,2,Indianwear,ziyaa,1919.0,863.0,55.0
13627,3,Indianwear,ziyaa,2475.0,990.0,60.0
13628,4,Indianwear,biba,1999.0,1199.0,40.0
13629,5,Indianwear,myshka,1799.0,539.0,70.0
13630,6,Indianwear,myshka,1899.0,474.0,75.0
13631,7,Indianwear,haute curry,1499.0,749.0,50.0
13632,8,Indianwear,janasya,3379.0,1351.0,60.0
13633,9,Indianwear,w,2599.0,1949.0,25.0
13634,10,Indianwear,aurelia,1999.0,1399.0,30.0
13635,11,Indianwear,w,2638.2167045910855,1999.0,44.84758845312988
13636,12,Indianwear,janasya,3098.0,1549.0,50.0
13637,13,Indianwear,janasya,2499.0,874.0,65.0
13638,14,Indianwear,suti,2499.0,1999.0,20.0
13639,15,Indianwear,janasya,2699.0,1349.0,50.0
13640,16,Indianwear,biba,1999.0,1199.0,40.0
13641,17,Indianwear,yuris,3999.0,1599.0,60.0
13642,18,Indianwear,stop,2638.2167045910855,1199.0,44.84758845312988
13643,19,Indianwear,myshka,2199.0,659.0,70.0
13644,20,Indianwear,vastranand,3500.0,1925.0,45.0
13645,21,Indianwear,vastranand,5700.0,2850.0,50.0
13647,23,Indianwear,varanga,3999.0,1399.0,65.0
13648,24,Indianwear,janasya,3998.0,1399.0,65.0
13649,25,Indianwear,juniper,1999.0,999.0,50.0
13650,0,Indianwear,stop,2638.2167045910855,999.0,44.84758845312988
13651,1,Indianwear,ziyaa,1449.0,507.0,65.0
13652,2,Indianwear,infuse,1999.0,999.0,50.0
13653,3,Indianwear,ziyaa,2162.0,972.0,55.0
13654,4,Indianwear,biba,2999.0,2099.0,30.0
13655,5,Indianwear,stop,799.0,559.0,30.0
13656,6,Indianwear,stop,799.0,399.0,50.0
13657,7,Indianwear,kashish,1699.0,849.0,50.0
13658,8,Indianwear,varanga,1599.0,719.0,55.0
13659,9,Indianwear,myshka,1699.0,594.0,65.0
13660,10,Indianwear,kashish,2638.2167045910855,1599.0,44.84758845312988
13661,11,Indianwear,janasya,2329.0,1164.0,50.0
13662,12,Indianwear,stop,499.0,349.0,30.0
13663,13,Indianwear,aarke,2638.2167045910855,1900.0,44.84758845312988
13664,14,Indianwear,shaya by caratlane,2200.0,2090.0,5.0
13665,15,Indianwear,aurelia,2799.0,1399.0,50.0
13666,16,Indianwear,biba,3299.0,1979.0,40.0
13667,17,Indianwear,indya,3600.0,1800.0,50.0
13668,18,Indianwear,yuris,3499.0,1399.0,60.0
13669,19,Indianwear,yuris,3499.0,1399.0,60.0
13670,20,Indianwear,haute curry,1499.0,749.0,50.0
13671,21,Indianwear,varanga,3599.0,1079.0,70.0
13673,23,Indianwear,kashish,1599.0,799.0,50.0
13674,24,Indianwear,w,2638.2167045910855,999.0,44.84758845312988
13675,25,Indianwear,vastranand,3475.0,1563.0,55.0
13676,0,Indianwear,vastranand,3475.0,1563.0,55.0
13677,1,Indianwear,juniper,3599.0,1439.0,60.0
13678,2,Indianwear,juniper,1599.0,719.0,55.0
13679,3,Indianwear,varanga,5999.0,1799.0,70.0
13680,4,Indianwear,varanga,5999.0,2099.0,65.0
13681,5,Indianwear,haute curry,1499.0,749.0,50.0
13682,6,Indianwear,haute curry,1299.0,649.0,50.0
13683,7,Indianwear,biba,2599.0,2079.0,20.0
13684,8,Indianwear,kami kubi,1699.0,764.0,55.0
13685,9,Indianwear,juniper,2098.0,629.0,70.0
13686,10,Indianwear,varanga,4999.0,1499.0,70.0
13687,11,Indianwear,juniper,4099.0,2049.0,50.0
13688,12,Indianwear,kashish,2999.0,1499.0,50.0
13689,13,Indianwear,aurelia,1499.0,749.0,50.0
13690,14,Indianwear,varanga,2199.0,769.0,65.0
13691,15,Indianwear,neerus,2638.2167045910855,1699.0,44.84758845312988
13692,16,Indianwear,myshka,2999.0,749.0,75.0
13693,17,Indianwear,de moza,1299.0,779.0,40.0
13694,18,Indianwear,janasya,1498.0,749.0,50.0
13695,19,Indianwear,w,2638.2167045910855,1699.0,44.84758845312988
13696,20,Indianwear,biba,1599.0,1119.0,30.0
13697,21,Indianwear,global desi,2699.0,2159.0,20.0
13699,23,Indianwear,ziyaa,2325.0,930.0,60.0
13700,24,Indianwear,janasya,799.0,479.0,40.0
13701,25,Indianwear,ziyaa,1752.0,700.0,60.0
13702,0,Indianwear,faballey,1900.0,950.0,50.0
13703,1,Indianwear,kashish,1799.0,899.0,50.0
13704,2,Indianwear,neerus,3499.0,2799.0,20.0
13705,3,Indianwear,biba,2638.2167045910855,1299.0,44.84758845312988
13706,4,Indianwear,infuse,499.0,249.0,50.0
13707,5,Indianwear,stop,999.0,499.0,50.0
13708,6,Indianwear,aurelia,2638.2167045910855,1099.0,44.84758845312988
13709,7,Indianwear,ziyaa,2824.0,1270.0,55.0
13710,8,Indianwear,haute curry,1299.0,649.0,50.0
13711,9,Indianwear,aurelia,2638.2167045910855,3799.0,44.84758845312988
13712,10,Indianwear,biba,3799.0,2659.0,30.0
13713,11,Indianwear,stop,799.0,399.0,50.0
13714,12,Indianwear,w,3599.0,2699.0,25.0
13715,13,Indianwear,varkala silk sarees,5000.0,1500.0,70.0
13716,14,Indianwear,biba,4599.0,2759.0,40.0
13717,15,Indianwear,and,3999.0,2599.0,35.0
13718,16,Indianwear,yuris,3499.0,1399.0,60.0
13719,17,Indianwear,vastranand,5700.0,2850.0,50.0
13720,18,Indianwear,varanga,2638.2167045910855,5199.0,44.84758845312988
13721,19,Indianwear,varanga,2999.0,899.0,70.0
13722,20,Indianwear,vastranand,5500.0,2200.0,60.0
13723,21,Indianwear,aurelia,999.0,699.0,30.0
13725,23,Indianwear,infuse,499.0,299.0,40.0
13726,24,Indianwear,varanga,2999.0,749.0,75.0
13727,25,Indianwear,janasya,1699.0,679.0,60.0
13728,0,Indianwear,myshka,1499.0,524.0,65.0
13729,1,Indianwear,infuse,899.0,449.0,50.0
13730,2,Indianwear,aurelia,1599.0,1119.0,30.0
13731,3,Indianwear,kashish,2499.0,1249.0,50.0
13732,4,Indianwear,myshka,3999.0,999.0,75.0
13733,5,Indianwear,stop,899.0,449.0,50.0
13734,6,Indianwear,w,2699.0,1349.0,50.0
13735,7,Indianwear,aurelia,2638.2167045910855,3399.0,44.84758845312988
13736,8,Indianwear,kashish,1999.0,999.0,50.0
13737,9,Indianwear,stop,2638.2167045910855,1199.0,44.84758845312988
13738,10,Indianwear,stop,2638.2167045910855,799.0,44.84758845312988
13739,11,Indianwear,w,2638.2167045910855,1399.0,44.84758845312988
13740,12,Indianwear,stop,499.0,349.0,30.0
13741,13,Indianwear,janasya,4598.0,2069.0,55.0
13742,14,Indianwear,ziyaa,2138.0,855.0,60.0
13743,15,Indianwear,juniper,3299.0,1649.0,50.0
13744,16,Indianwear,myshka,2999.0,749.0,75.0
13745,17,Indianwear,haute curry,1499.0,749.0,50.0
13746,18,Indianwear,ziyaa,2553.0,1021.0,60.0
13747,19,Indianwear,janasya,2449.0,1102.0,55.0
13748,20,Indianwear,haute curry,2638.2167045910855,1299.0,44.84758845312988
13749,21,Indianwear,ziyaa,2044.0,919.0,55.0
13751,23,Indianwear,ira soleil,2638.2167045910855,4899.0,44.84758845312988
13752,24,Indianwear,w,2638.2167045910855,1699.0,44.84758845312988
13753,25,Indianwear,indya,1800.0,900.0,50.0
13754,0,Indianwear,ziyaa,1278.0,639.0,50.0
13755,1,Indianwear,janasya,2269.0,1134.0,50.0
13756,2,Indianwear,w,2399.0,1799.0,25.0
13757,3,Indianwear,w,2638.2167045910855,1999.0,44.84758845312988
13758,4,Indianwear,stop,499.0,349.0,30.0
13759,5,Indianwear,neerus,1699.0,1359.0,20.0
13760,6,Indianwear,yuris,3999.0,1399.0,65.0
13761,7,Indianwear,haute curry,899.0,449.0,50.0
13762,8,Indianwear,yuris,3499.0,1399.0,60.0
13763,9,Indianwear,stop,499.0,349.0,30.0
13764,10,Indianwear,stop,499.0,349.0,30.0
13765,11,Indianwear,stop,899.0,449.0,50.0
13766,12,Indianwear,varanga,2638.2167045910855,2099.0,44.84758845312988
13767,13,Indianwear,juniper,3599.0,1799.0,50.0
13768,14,Indianwear,juniper,1699.0,764.0,55.0
13769,15,Indianwear,juniper,1599.0,719.0,55.0
13770,16,Indianwear,aurelia,1199.0,599.0,50.0
13771,17,Indianwear,indya,2638.2167045910855,3500.0,44.84758845312988
13772,18,Indianwear,w,1999.0,999.0,50.0
13773,19,Indianwear,yuris,3999.0,1399.0,65.0
13774,20,Indianwear,janasya,3059.0,1070.0,65.0
13775,21,Indianwear,kami kubi,2499.0,1124.0,55.0
13777,23,Indianwear,ziyaa,1752.0,700.0,60.0
13778,24,Indianwear,global desi,2599.0,1039.0,60.0
13779,25,Indianwear,aurelia,2638.2167045910855,799.0,44.84758845312988
13780,0,Indianwear,ziyaa,1336.0,668.0,50.0
13781,1,Indianwear,janasya,2249.0,899.0,60.0
13782,2,Indianwear,aurelia,999.0,699.0,30.0
13783,3,Indianwear,suti,2299.0,1839.0,20.0
13784,4,Indianwear,w,2638.2167045910855,1399.0,44.84758845312988
13785,5,Indianwear,janasya,4349.0,2609.0,40.0
13786,6,Indianwear,w,2638.2167045910855,1999.0,44.84758845312988
13787,7,Indianwear,varanga,3999.0,1399.0,65.0
13788,8,Indianwear,infuse,1399.0,419.0,70.0
13789,9,Indianwear,janasya,1698.0,594.0,65.0
13790,10,Indianwear,gipsy,1795.0,1256.0,30.0
13791,11,Indianwear,zink london,1799.0,1079.0,40.0
13792,12,Indianwear,shaya by caratlane,2638.2167045910855,1000.0,44.84758845312988
13793,13,Indianwear,kami kubi,1799.0,719.0,60.0
13794,14,Indianwear,aurelia,1599.0,1119.0,30.0
13795,15,Indianwear,w,2638.2167045910855,1299.0,44.84758845312988
13796,16,Indianwear,ziyaa,1978.0,890.0,55.0
13797,17,Indianwear,aurelia,3799.0,1899.0,50.0
13798,18,Indianwear,shaya by caratlane,2638.2167045910855,2100.0,44.84758845312988
13799,19,Indianwear,sanaa,1599.0,799.0,50.0
13800,20,Indianwear,w,2638.2167045910855,1099.0,44.84758845312988
13801,21,Indianwear,myshka,4999.0,999.0,80.0
13803,23,Indianwear,indya,1500.0,1200.0,20.0
13804,24,Indianwear,haute curry,999.0,499.0,50.0
13805,25,Indianwear,kashish,1699.0,849.0,50.0
13806,0,Indianwear,aurelia,1599.0,1119.0,30.0
13807,1,Indianwear,global desi,1299.0,649.0,50.0
13808,2,Indianwear,global desi,1699.0,849.0,50.0
13809,3,Indianwear,biba,1799.0,1439.0,20.0
13810,4,Indianwear,sanaa,1499.0,1049.0,30.0
13811,5,Indianwear,stop,1299.0,649.0,50.0
13812,6,Indianwear,stop,499.0,349.0,30.0
13813,7,Indianwear,varanga,4999.0,1749.0,65.0
13814,8,Indianwear,juniper,2999.0,1949.0,35.0
13815,9,Indianwear,haute curry,1299.0,649.0,50.0
13816,10,Indianwear,ira soleil,2638.2167045910855,3299.0,44.84758845312988
13817,11,Indianwear,varanga,3599.0,1619.0,55.0
13818,12,Indianwear,varanga,4999.0,1749.0,65.0
13819,13,Indianwear,juniper,2999.0,2099.0,30.0
13820,14,Indianwear,indya,2638.2167045910855,2500.0,44.84758845312988
13821,15,Indianwear,janasya,1798.0,629.0,65.0
13822,16,Indianwear,w,2638.2167045910855,3599.0,44.84758845312988
13823,17,Indianwear,global desi,2899.0,2319.0,20.0
13824,18,Indianwear,global desi,1899.0,1519.0,20.0
13825,19,Indianwear,w,3799.0,2849.0,25.0
13826,20,Indianwear,ira soleil,2638.2167045910855,1499.0,44.84758845312988
13827,21,Indianwear,varanga,6599.0,2639.0,60.0
13829,23,Indianwear,stop,1299.0,649.0,50.0
13830,24,Indianwear,janasya,1898.0,1043.0,45.0
13831,25,Indianwear,indya,2638.2167045910855,2200.0,44.84758845312988
13832,0,Indianwear,ziyaa,3124.0,1249.0,60.0
13833,1,Indianwear,biba,2638.2167045910855,6995.0,44.84758845312988
13834,2,Indianwear,neerus,2799.0,1399.0,50.0
13835,3,Indianwear,ziyaa,2528.0,1011.0,60.0
13836,4,Indianwear,kashish,1699.0,849.0,50.0
13837,5,Indianwear,haute curry,999.0,499.0,50.0
13838,6,Indianwear,aurelia,2638.2167045910855,1499.0,44.84758845312988
13839,7,Indianwear,global desi,2638.2167045910855,1599.0,44.84758845312988
13840,8,Indianwear,myshka,2999.0,599.0,80.0
13841,9,Indianwear,biba,3599.0,2159.0,40.0
13842,10,Indianwear,stop,2638.2167045910855,999.0,44.84758845312988
13843,11,Indianwear,myshka,1399.0,489.0,65.0
13844,12,Indianwear,w,2638.2167045910855,4599.0,44.84758845312988
13845,13,Indianwear,stop,399.0,199.0,50.0
13846,14,Indianwear,stop,799.0,559.0,30.0
13847,15,Indianwear,kashish,2999.0,1499.0,50.0
13848,16,Indianwear,aurelia,1799.0,1259.0,30.0
13849,17,Indianwear,kashish,1799.0,899.0,50.0
13850,18,Indianwear,global desi,2899.0,2319.0,20.0
13851,19,Indianwear,global desi,4999.0,3499.0,30.0
13852,20,Indianwear,varkala silk sarees,4500.0,1350.0,70.0
13853,21,Indianwear,global desi,1799.0,899.0,50.0
13855,23,Indianwear,global desi,1799.0,1169.0,35.0
13856,24,Indianwear,w,2638.2167045910855,1099.0,44.84758845312988
13857,25,Indianwear,de moza,2638.2167045910855,1499.0,44.84758845312988
13858,0,Indianwear,indya,3400.0,1700.0,50.0
13859,1,Indianwear,biba,2299.0,1379.0,40.0
13860,2,Indianwear,haute curry,899.0,449.0,50.0
13861,3,Indianwear,vastranand,3475.0,1737.0,50.0
13862,4,Indianwear,vastranand,4500.0,2025.0,55.0
13863,5,Indianwear,vastranand,5500.0,2475.0,55.0
13864,6,Indianwear,juniper,4299.0,2149.0,50.0
13865,7,Indianwear,aurelia,1499.0,749.0,50.0
13866,8,Indianwear,biba,4599.0,3219.0,30.0
13867,9,Indianwear,stop,999.0,499.0,50.0
13868,10,Indianwear,ziyaa,2333.0,933.0,60.0
13869,11,Indianwear,stop,899.0,449.0,50.0
13870,12,Indianwear,infuse,1899.0,949.0,50.0
13871,13,Indianwear,ziyaa,1427.0,570.0,60.0
13872,14,Indianwear,w,3599.0,1799.0,50.0
13873,15,Indianwear,stop,1699.0,849.0,50.0
13874,16,Indianwear,aurelia,2399.0,1679.0,30.0
13875,17,Indianwear,aurelia,2638.2167045910855,799.0,44.84758845312988
13876,18,Indianwear,aurelia,3999.0,1999.0,50.0
13877,19,Indianwear,ziyaa,1645.0,575.0,65.0
13878,20,Indianwear,ziyaa,2912.0,1164.0,60.0
13879,21,Indianwear,janasya,1399.0,699.0,50.0
13881,23,Indianwear,juniper,2499.0,1499.0,40.0
13882,24,Indianwear,get wrapped,2638.2167045910855,299.0,44.84758845312988
13883,25,Indianwear,faballey,1900.0,1520.0,20.0
13884,0,Indianwear,global desi,2099.0,1679.0,20.0
13885,1,Indianwear,aurelia,2638.2167045910855,4199.0,44.84758845312988
13886,2,Indianwear,marie claire,1299.0,324.0,75.0
13887,3,Indianwear,w,1999.0,999.0,50.0
13888,4,Indianwear,jack and jones,2499.0,1499.0,40.0
13889,5,Indianwear,aurelia,2638.2167045910855,2599.0,44.84758845312988
13890,6,Indianwear,get wrapped,2638.2167045910855,299.0,44.84758845312988
13891,7,Indianwear,aurelia,2638.2167045910855,1599.0,44.84758845312988
13892,8,Indianwear,stop,2638.2167045910855,349.0,44.84758845312988
13893,9,Indianwear,stop,899.0,629.0,30.0
13894,10,Indianwear,w,2638.2167045910855,1399.0,44.84758845312988
13895,11,Indianwear,stop,999.0,499.0,50.0
13896,12,Indianwear,aurelia,1299.0,649.0,50.0
13897,13,Indianwear,varanga,3399.0,1189.0,65.0
13898,14,Indianwear,ziyaa,1470.0,514.0,65.0
13899,15,Indianwear,haute curry,799.0,399.0,50.0
13900,16,Indianwear,yuris,1699.0,679.0,60.0
13901,17,Indianwear,stop,999.0,499.0,50.0
13902,18,Indianwear,yuris,2799.0,1259.0,55.0
13903,19,Indianwear,yuris,4299.0,1504.0,65.0
13904,20,Indianwear,kashish,1499.0,749.0,50.0
13905,21,Indianwear,kami kubi,3999.0,1799.0,55.0
13907,23,Indianwear,stop,2638.2167045910855,599.0,44.84758845312988
13908,24,Indianwear,kashish,1599.0,799.0,50.0
13909,25,Indianwear,biba,3999.0,2799.0,30.0
13910,0,Indianwear,haute curry,899.0,449.0,50.0
13911,1,Indianwear,juniper,2499.0,1249.0,50.0
13912,2,Indianwear,juniper,2499.0,749.0,70.0
13913,3,Indianwear,juniper,4499.0,2249.0,50.0
13914,4,Indianwear,juniper,3299.0,989.0,70.0
13915,5,Indianwear,vastranand,4599.0,2069.0,55.0
13916,6,Indianwear,juniper,1799.0,719.0,60.0
13917,7,Indianwear,varanga,1599.0,879.0,45.0
13918,8,Indianwear,amukti,999.0,499.0,50.0
13919,9,Indianwear,indya,2400.0,1200.0,50.0
13920,10,Indianwear,biba,2638.2167045910855,3299.0,44.84758845312988
13921,11,Indianwear,juniper,1699.0,509.0,70.0
13922,12,Indianwear,juniper,1049.0,472.0,55.0
13923,13,Indianwear,janasya,1529.0,764.0,50.0
13924,14,Indianwear,juniper,4099.0,1844.0,55.0
13925,15,Indianwear,aurelia,1499.0,1049.0,30.0
13926,16,Indianwear,indya,2200.0,1760.0,20.0
13927,17,Indianwear,ziyaa,1542.0,616.0,60.0
13928,18,Indianwear,kashish,1799.0,899.0,50.0
13929,19,Indianwear,janasya,3799.0,2089.0,45.0
13930,20,Indianwear,aurelia,2638.2167045910855,999.0,44.84758845312988
13931,21,Indianwear,aurelia,2638.2167045910855,4999.0,44.84758845312988
13933,23,Indianwear,myshka,3999.0,999.0,75.0
13934,24,Indianwear,kami kubi,6999.0,2799.0,60.0
13935,25,Indianwear,juniper,2699.0,809.0,70.0
13936,0,Indianwear,stop,2638.2167045910855,899.0,44.84758845312988
13937,1,Indianwear,aurelia,1099.0,769.0,30.0
13938,2,Indianwear,ziyaa,3111.0,1244.0,60.0
13939,3,Indianwear,stop,999.0,499.0,50.0
13940,4,Indianwear,w,2638.2167045910855,1699.0,44.84758845312988
13941,5,Indianwear,ziyaa,2333.0,933.0,60.0
13942,6,Indianwear,ira soleil,2638.2167045910855,1799.0,44.84758845312988
13943,7,Indianwear,varanga,1799.0,809.0,55.0
13944,8,Indianwear,janasya,2559.0,1151.0,55.0
13945,9,Indianwear,stop,499.0,349.0,30.0
13946,10,Indianwear,indya,3200.0,1600.0,50.0
13947,11,Indianwear,global desi,1699.0,1189.0,30.0
13948,12,Indianwear,zink london,1799.0,1079.0,40.0
13949,13,Indianwear,kashish,1599.0,799.0,50.0
13950,14,Indianwear,haute curry,1299.0,649.0,50.0
13951,15,Indianwear,ziyaa,2950.0,1180.0,60.0
13952,16,Indianwear,ziyaa,2819.0,986.0,65.0
13953,17,Indianwear,gipsy,1795.0,1256.0,30.0
13954,18,Indianwear,global desi,1499.0,599.0,60.0
13955,19,Indianwear,de moza,999.0,599.0,40.0
13956,20,Indianwear,global desi,1999.0,799.0,60.0
13957,21,Indianwear,biba,3999.0,2399.0,40.0
13959,23,Indianwear,stop,999.0,499.0,50.0
13960,24,Indianwear,juniper,4799.0,2639.0,45.0
13961,25,Indianwear,juniper,1699.0,679.0,60.0
13962,0,Indianwear,varanga,2638.2167045910855,5999.0,44.84758845312988
13963,1,Indianwear,vastranand,3000.0,1500.0,50.0
13964,2,Indianwear,varanga,1399.0,769.0,45.0
13965,3,Indianwear,varanga,4399.0,2199.0,50.0
13966,4,Indianwear,varanga,6999.0,2449.0,65.0
13967,5,Indianwear,haute curry,899.0,449.0,50.0
13968,6,Indianwear,biba,2638.2167045910855,6500.0,44.84758845312988
13969,7,Indianwear,global desi,1999.0,799.0,60.0
13970,8,Indianwear,stop,799.0,399.0,50.0
13971,9,Indianwear,indya,1600.0,800.0,50.0
13972,10,Indianwear,aurelia,1299.0,649.0,50.0
13973,11,Indianwear,varanga,2999.0,749.0,75.0
13974,12,Indianwear,global desi,3299.0,1319.0,60.0
13975,13,Indianwear,aurelia,1199.0,839.0,30.0
13976,14,Indianwear,biba,1799.0,1259.0,30.0
13977,15,Indianwear,janasya,1399.0,699.0,50.0
13978,16,Indianwear,janasya,3699.0,2034.0,45.0
13979,17,Indianwear,aurelia,2638.2167045910855,3399.0,44.84758845312988
13980,18,Indianwear,ziyaa,1762.0,1233.0,30.0
13981,19,Indianwear,ziyaa,3598.0,1439.0,60.0
13982,20,Indianwear,ziyaa,1602.0,640.0,60.0
13983,21,Indianwear,infuse,1699.0,509.0,70.0
13985,23,Indianwear,kashish,1999.0,999.0,50.0
13986,24,Indianwear,global desi,2499.0,1999.0,20.0
13987,25,Indianwear,ziyaa,3063.0,1225.0,60.0
13988,0,Indianwear,w,2638.2167045910855,2399.0,44.84758845312988
13989,1,Indianwear,stop,899.0,449.0,50.0
13990,2,Indianwear,indya,3200.0,2560.0,20.0
13991,3,Indianwear,biba,3999.0,2799.0,30.0
13992,4,Indianwear,haute curry,1499.0,749.0,50.0
13993,5,Indianwear,myshka,1399.0,489.0,65.0
13994,6,Indianwear,myshka,6899.0,1724.0,75.0
13995,7,Indianwear,ziyaa,1931.0,772.0,60.0
13996,8,Indianwear,myshka,2499.0,749.0,70.0
13997,9,Indianwear,myshka,3999.0,799.0,80.0
13998,10,Indianwear,indya,1500.0,750.0,50.0
13999,11,Indianwear,yuris,2799.0,1119.0,60.0
14000,12,Indianwear,janasya,1899.0,949.0,50.0
14001,13,Indianwear,biba,2638.2167045910855,125.0,44.84758845312988
14002,14,Indianwear,stop,1299.0,649.0,50.0
14003,15,Indianwear,juniper,2999.0,1799.0,40.0
14004,16,Indianwear,varanga,1999.0,999.0,50.0
14005,17,Indianwear,vastranand,3475.0,1911.0,45.0
14006,18,Indianwear,juniper,1049.0,786.0,25.0
14007,19,Indianwear,varanga,1799.0,899.0,50.0
14008,20,Indianwear,juniper,3099.0,1394.0,55.0
14009,21,Indianwear,vastranand,3500.0,1925.0,45.0
14011,23,Indianwear,varanga,2799.0,699.0,75.0
14012,24,Indianwear,vastranand,4500.0,2250.0,50.0
14013,25,Indianwear,kashish,1599.0,799.0,50.0
14014,0,Indianwear,amukti,1299.0,909.0,30.0
14015,1,Indianwear,global desi,1999.0,799.0,60.0
14016,2,Indianwear,w,2638.2167045910855,2799.0,44.84758845312988
14017,3,Indianwear,janasya,1029.0,514.0,50.0
14018,4,Indianwear,haute curry,899.0,449.0,50.0
14019,5,Indianwear,aurelia,2638.2167045910855,4299.0,44.84758845312988
14020,6,Indianwear,myshka,1399.0,489.0,65.0
14021,7,Indianwear,aurelia,1399.0,979.0,30.0
14022,8,Indianwear,indya,3500.0,2800.0,20.0
14023,9,Indianwear,neerus,2499.0,1499.0,40.0
14024,10,Indianwear,indya,2100.0,1680.0,20.0
14025,11,Indianwear,haute curry,1499.0,749.0,50.0
14026,12,Indianwear,stop,499.0,349.0,30.0
14027,13,Indianwear,ziyaa,2433.0,973.0,60.0
14028,14,Indianwear,ziyaa,2632.0,1052.0,60.0
14029,15,Indianwear,janasya,1699.0,594.0,65.0
14030,16,Indianwear,janasya,1299.0,519.0,60.0
14031,17,Indianwear,aurelia,2638.2167045910855,2299.0,44.84758845312988
14032,18,Indianwear,myshka,1799.0,539.0,70.0
14033,19,Indianwear,kashish,1599.0,799.0,50.0
14034,20,Indianwear,ziyaa,1556.0,622.0,60.0
14035,21,Indianwear,ira soleil,2638.2167045910855,4899.0,44.84758845312988
14037,23,Indianwear,kami kubi,4999.0,1999.0,60.0
14038,24,Indianwear,janasya,3859.0,1350.0,65.0
14039,25,Indianwear,ziyaa,2565.0,1026.0,60.0
14040,0,Indianwear,janasya,4398.0,1979.0,55.0
14041,1,Indianwear,global desi,1899.0,1519.0,20.0
14042,2,Indianwear,de moza,2638.2167045910855,1699.0,44.84758845312988
14043,3,Indianwear,global desi,2499.0,1999.0,20.0
14044,4,Indianwear,janasya,4598.0,2528.0,45.0
14045,5,Indianwear,myshka,5999.0,5399.0,10.0
14046,6,Indianwear,aurelia,2599.0,1819.0,30.0
14047,7,Indianwear,aarke,2638.2167045910855,1900.0,44.84758845312988
14048,8,Indianwear,biba,3299.0,1979.0,40.0
14049,9,Indianwear,w,2638.2167045910855,3999.0,44.84758845312988
14050,10,Indianwear,aurelia,1499.0,749.0,50.0
14051,11,Indianwear,haute curry,999.0,499.0,50.0
14052,12,Indianwear,global desi,2299.0,1839.0,20.0
14053,13,Indianwear,w,8999.0,6749.0,25.0
14054,14,Indianwear,w,2638.2167045910855,1799.0,44.84758845312988
14055,15,Indianwear,aurelia,2638.2167045910855,1499.0,44.84758845312988
14056,16,Indianwear,haute curry,2638.2167045910855,899.0,44.84758845312988
14057,17,Indianwear,janasya,1549.0,619.0,60.0
14058,18,Indianwear,aurelia,2638.2167045910855,999.0,44.84758845312988
14059,19,Indianwear,w,2638.2167045910855,3599.0,44.84758845312988
14060,20,Indianwear,stop,2638.2167045910855,599.0,44.84758845312988
14061,21,Indianwear,kashish,3999.0,1999.0,50.0
14063,23,Indianwear,juniper,3799.0,1899.0,50.0
14064,24,Indianwear,varanga,1799.0,809.0,55.0
14065,25,Indianwear,juniper,1699.0,1019.0,40.0
14066,0,Indianwear,juniper,2899.0,1449.0,50.0
14067,1,Indianwear,juniper,3549.0,1419.0,60.0
14068,2,Indianwear,biba,8995.0,4497.0,50.0
14069,3,Indianwear,amukti,1049.0,524.0,50.0
14070,4,Indianwear,biba,3999.0,2799.0,30.0
14071,5,Indianwear,biba,2638.2167045910855,6199.0,44.84758845312988
14072,6,Indianwear,varanga,1999.0,799.0,60.0
14073,7,Indianwear,varanga,3599.0,1259.0,65.0
14074,8,Indianwear,juniper,1499.0,899.0,40.0
14075,9,Indianwear,biba,2999.0,2399.0,20.0
14076,10,Indianwear,stop,599.0,299.0,50.0
14077,11,Indianwear,global desi,2638.2167045910855,3599.0,44.84758845312988
14078,12,Indianwear,ziyaa,2844.0,995.0,65.0
14079,13,Indianwear,janasya,1599.0,799.0,50.0
14080,14,Indianwear,biba,1999.0,1199.0,40.0
14081,15,Indianwear,aurelia,1899.0,949.0,50.0
14082,16,Indianwear,stop,799.0,399.0,50.0
14083,17,Indianwear,ziyaa,2263.0,905.0,60.0
14084,18,Indianwear,zink london,1799.0,1079.0,40.0
14085,19,Indianwear,myshka,1399.0,489.0,65.0
14086,20,Indianwear,suti,1899.0,1519.0,20.0
14087,21,Indianwear,aurelia,2638.2167045910855,1799.0,44.84758845312988
14089,23,Indianwear,janasya,3199.0,1279.0,60.0
14090,24,Indianwear,kami kubi,1999.0,899.0,55.0
14091,25,Indianwear,aurelia,1999.0,1399.0,30.0
14092,0,Indianwear,w,2638.2167045910855,2599.0,44.84758845312988
14093,1,Indianwear,aurelia,2638.2167045910855,1499.0,44.84758845312988
14094,2,Indianwear,indya,2850.0,1425.0,50.0
14095,3,Indianwear,de moza,799.0,479.0,40.0
14096,4,Indianwear,w,1999.0,1499.0,25.0
14097,5,Indianwear,global desi,3499.0,1049.0,70.0
14098,6,Indianwear,aurelia,2199.0,1099.0,50.0
14099,7,Indianwear,de moza,1099.0,659.0,40.0
14100,8,Indianwear,juniper,1699.0,849.0,50.0
14101,9,Indianwear,myshka,5999.0,1799.0,70.0
14102,10,Indianwear,janasya,2249.0,899.0,60.0
14103,11,Indianwear,ziyaa,2492.0,872.0,65.0
14104,12,Indianwear,indya,2600.0,1300.0,50.0
14105,13,Indianwear,get wrapped,2638.2167045910855,399.0,44.84758845312988
14106,14,Indianwear,indya,3400.0,2720.0,20.0
14107,15,Indianwear,janasya,969.0,484.0,50.0
14108,16,Indianwear,ziyaa,1489.0,595.0,60.0
14109,17,Indianwear,kashish,1799.0,899.0,50.0
14110,18,Indianwear,global desi,2299.0,1839.0,20.0
14111,19,Indianwear,and,3699.0,2589.0,30.0
14112,20,Indianwear,indya,2638.2167045910855,1600.0,44.84758845312988
14113,21,Indianwear,aarke,2638.2167045910855,3900.0,44.84758845312988
14115,23,Indianwear,de moza,1099.0,659.0,40.0
14116,24,Indianwear,myshka,1999.0,599.0,70.0
14117,25,Indianwear,global desi,2599.0,1689.0,35.0
14118,0,Indianwear,stop,599.0,299.0,50.0
14119,1,Indianwear,janasya,2299.0,1149.0,50.0
14120,2,Indianwear,global desi,1699.0,1359.0,20.0
14121,3,Indianwear,get wrapped,2638.2167045910855,349.0,44.84758845312988
14122,4,Indianwear,yuris,1999.0,899.0,55.0
14123,5,Indianwear,yuris,3999.0,1399.0,65.0
14124,6,Indianwear,ziyaa,1943.0,777.0,60.0
14125,7,Indianwear,varanga,1799.0,809.0,55.0
14126,8,Indianwear,haute curry,799.0,399.0,50.0
14127,9,Indianwear,stop,2638.2167045910855,1299.0,44.84758845312988
14128,10,Indianwear,varanga,5599.0,1679.0,70.0
14129,11,Indianwear,varanga,1499.0,749.0,50.0
14130,12,Indianwear,vastranand,5700.0,3420.0,40.0
14131,13,Indianwear,varanga,1599.0,639.0,60.0
14132,14,Indianwear,global desi,2499.0,999.0,60.0
14133,15,Indianwear,global desi,1699.0,679.0,60.0
14134,16,Indianwear,vastranand,3475.0,1563.0,55.0
14135,17,Indianwear,neerus,3299.0,2639.0,20.0
14136,18,Indianwear,janasya,1399.0,559.0,60.0
14137,19,Indianwear,aurelia,1299.0,649.0,50.0
14138,20,Indianwear,aurelia,2499.0,1499.0,40.0
14139,21,Indianwear,haute curry,1499.0,749.0,50.0
14141,23,Indianwear,haute curry,2638.2167045910855,999.0,44.84758845312988
14142,24,Indianwear,get wrapped,2638.2167045910855,299.0,44.84758845312988
14143,25,Indianwear,aurelia,1499.0,1049.0,30.0
14144,0,Indianwear,myshka,5999.0,1799.0,70.0
14145,1,Indianwear,janasya,1299.0,519.0,60.0
14146,2,Indianwear,ziyaa,2550.0,1020.0,60.0
14147,3,Indianwear,ziyaa,2952.0,1180.0,60.0
14148,4,Indianwear,w,4999.0,2499.0,50.0
14149,5,Indianwear,stop,1299.0,649.0,50.0
14150,6,Indianwear,varanga,7999.0,2799.0,65.0
14151,7,Indianwear,biba,2999.0,2099.0,30.0
14152,8,Indianwear,faballey,2100.0,1050.0,50.0
14153,9,Indianwear,haute curry,2638.2167045910855,1199.0,44.84758845312988
14154,10,Indianwear,global desi,15999.0,12799.0,20.0
14155,11,Indianwear,kami kubi,1999.0,899.0,55.0
14156,12,Indianwear,ziyaa,1364.0,545.0,60.0
14157,13,Indianwear,ziyaa,1321.0,594.0,55.0
14158,14,Indianwear,global desi,1999.0,1399.0,30.0
14159,15,Indianwear,haute curry,2638.2167045910855,999.0,44.84758845312988
14160,16,Indianwear,ziyaa,1547.0,618.0,60.0
14161,17,Indianwear,ira soleil,2638.2167045910855,7999.0,44.84758845312988
14162,18,Indianwear,varanga,4999.0,1499.0,70.0
14163,19,Indianwear,janasya,3798.0,1709.0,55.0
14164,20,Indianwear,indya,3400.0,2720.0,20.0
14165,21,Indianwear,kami kubi,1999.0,899.0,55.0
14167,23,Indianwear,yuris,3999.0,1399.0,65.0
14168,24,Indianwear,janasya,1339.0,669.0,50.0
14169,25,Indianwear,yuris,2699.0,1214.0,55.0
14170,0,Indianwear,yuris,3999.0,1399.0,65.0
14171,1,Indianwear,w,2638.2167045910855,1899.0,44.84758845312988
14172,2,Indianwear,yuris,3199.0,1119.0,65.0
14173,3,Indianwear,aurelia,1399.0,979.0,30.0
14174,4,Indianwear,biba,2638.2167045910855,125.0,44.84758845312988
14175,5,Indianwear,vastranand,4599.0,2069.0,55.0
14176,6,Indianwear,haute curry,1699.0,849.0,50.0
14177,7,Indianwear,juniper,3299.0,1484.0,55.0
14178,8,Indianwear,juniper,1499.0,674.0,55.0
14179,9,Indianwear,vastranand,4995.0,2247.0,55.0
14180,10,Indianwear,varanga,2999.0,899.0,70.0
14181,11,Indianwear,global desi,1999.0,999.0,50.0
14182,12,Indianwear,w,1899.0,949.0,50.0
14183,13,Indianwear,global desi,2499.0,1499.0,40.0
14184,14,Indianwear,aurelia,999.0,699.0,30.0
14185,15,Indianwear,indya,3400.0,1700.0,50.0
14186,16,Indianwear,varanga,6799.0,2039.0,70.0
14187,17,Indianwear,janasya,3398.0,1189.0,65.0
14188,18,Indianwear,gipsy,1795.0,1256.0,30.0
14189,19,Indianwear,global desi,3099.0,2479.0,20.0
14190,20,Indianwear,haute curry,899.0,449.0,50.0
14191,21,Indianwear,global desi,2699.0,1754.0,35.0
14193,23,Indianwear,global desi,1799.0,1439.0,20.0
14194,24,Indianwear,myshka,5999.0,1499.0,75.0
14195,25,Indianwear,ziyaa,2753.0,1101.0,60.0
14196,0,Indianwear,janasya,2349.0,822.0,65.0
14197,1,Indianwear,stop,1499.0,749.0,50.0
14198,2,Indianwear,neerus,2499.0,1999.0,20.0
14199,3,Indianwear,w,2638.2167045910855,4999.0,44.84758845312988
14200,4,Indianwear,global desi,1999.0,999.0,50.0
14201,5,Indianwear,suti,1899.0,1519.0,20.0
14202,6,Indianwear,aurelia,2638.2167045910855,999.0,44.84758845312988
14203,7,Indianwear,ziyaa,2333.0,933.0,60.0
14204,8,Indianwear,aurelia,2638.2167045910855,2999.0,44.84758845312988
14205,9,Indianwear,indya,3400.0,1700.0,50.0
14206,10,Indianwear,ziyaa,2667.0,1066.0,60.0
14207,11,Indianwear,w,2999.0,1499.0,50.0
14208,12,Indianwear,indya,1400.0,1120.0,20.0
14209,13,Indianwear,biba,2638.2167045910855,2599.0,44.84758845312988
14210,14,Indianwear,ziyaa,2598.0,1039.0,60.0
14211,15,Indianwear,infuse,899.0,449.0,50.0
14212,16,Indianwear,myshka,2999.0,749.0,75.0
14213,17,Indianwear,indya,2638.2167045910855,2600.0,44.84758845312988
14214,18,Indianwear,biba,2638.2167045910855,3799.0,44.84758845312988
14215,19,Indianwear,ziyaa,1739.0,608.0,65.0
14216,20,Indianwear,myshka,4999.0,999.0,80.0
14217,21,Indianwear,indya,2100.0,1050.0,50.0
14219,23,Indianwear,amukti,1499.0,749.0,50.0
14220,24,Indianwear,janasya,2089.0,940.0,55.0
14221,25,Indianwear,fusion beats,1299.0,479.0,63.0
14222,0,Indianwear,janasya,4199.0,1259.0,70.0
14223,1,Indianwear,janasya,1499.0,599.0,60.0
14224,2,Indianwear,kashish,2499.0,1249.0,50.0
14225,3,Indianwear,global desi,1799.0,539.0,70.0
14226,4,Indianwear,stop,399.0,199.0,50.0
14227,5,Indianwear,haute curry,899.0,449.0,50.0
14228,6,Indianwear,indya,2638.2167045910855,1700.0,44.84758845312988
14229,7,Indianwear,haute curry,1499.0,749.0,50.0
14230,8,Indianwear,myshka,2499.0,874.0,65.0
14231,9,Indianwear,ziyaa,2903.0,1161.0,60.0
14232,10,Indianwear,varanga,5999.0,2099.0,65.0
14233,11,Indianwear,varanga,1799.0,809.0,55.0
14234,12,Indianwear,juniper,1699.0,849.0,50.0
14235,13,Indianwear,varanga,2599.0,1169.0,55.0
14236,14,Indianwear,varanga,5999.0,2099.0,65.0
14237,15,Indianwear,varkala silk sarees,7500.0,1875.0,75.0
14238,16,Indianwear,kashish,2499.0,1249.0,50.0
14239,17,Indianwear,global desi,1499.0,899.0,40.0
14240,18,Indianwear,juniper,3599.0,1619.0,55.0
14241,19,Indianwear,juniper,3549.0,1774.0,50.0
14242,20,Indianwear,juniper,4899.0,1714.0,65.0
14243,21,Indianwear,juniper,1799.0,719.0,60.0
14245,23,Indianwear,varanga,1999.0,599.0,70.0
14246,24,Indianwear,juniper,2999.0,1949.0,35.0
14247,25,Indianwear,juniper,1849.0,832.0,55.0
14248,0,Indianwear,global desi,1999.0,1399.0,30.0
14249,1,Indianwear,kashish,2638.2167045910855,2199.0,44.84758845312988
14250,2,Indianwear,janasya,2279.0,911.0,60.0
14251,3,Indianwear,aurelia,2638.2167045910855,2599.0,44.84758845312988
14252,4,Indianwear,amukti,1299.0,909.0,30.0
14253,5,Indianwear,yuris,1499.0,749.0,50.0
14254,6,Indianwear,janasya,1099.0,549.0,50.0
14255,7,Indianwear,ziyaa,1845.0,645.0,65.0
14256,8,Indianwear,global desi,1999.0,1399.0,30.0
14257,9,Indianwear,w,2638.2167045910855,1899.0,44.84758845312988
14258,10,Indianwear,haute curry,799.0,399.0,50.0
14259,11,Indianwear,infuse,799.0,399.0,50.0
14260,12,Indianwear,kashish,1299.0,649.0,50.0
14261,13,Indianwear,ziyaa,1619.0,647.0,60.0
14262,14,Indianwear,ira soleil,2638.2167045910855,1999.0,44.84758845312988
14263,15,Indianwear,janasya,2099.0,1154.0,45.0
14264,16,Indianwear,global desi,3999.0,1999.0,50.0
14265,17,Indianwear,w,2638.2167045910855,1599.0,44.84758845312988
14266,18,Indianwear,varanga,2199.0,989.0,55.0
14267,19,Indianwear,indya,3500.0,1750.0,50.0
14268,20,Indianwear,neerus,1999.0,1199.0,40.0
14269,21,Indianwear,suti,1699.0,1359.0,20.0
14271,23,Indianwear,aurelia,2638.2167045910855,999.0,44.84758845312988
14272,24,Indianwear,aurelia,2638.2167045910855,499.0,44.84758845312988
14273,25,Indianwear,ziyaa,2683.0,1073.0,60.0
14274,0,Indianwear,w,2799.0,1399.0,50.0
14275,1,Indianwear,w,2638.2167045910855,2499.0,44.84758845312988
14276,2,Indianwear,janasya,1029.0,514.0,50.0
14277,3,Indianwear,myshka,4999.0,999.0,80.0
14278,4,Indianwear,varkala silk sarees,4500.0,1350.0,70.0
14279,5,Indianwear,stop,399.0,199.0,50.0
14280,6,Indianwear,janasya,2999.0,1049.0,65.0
14281,7,Indianwear,ziyaa,1234.0,555.0,55.0
14282,8,Indianwear,global desi,2638.2167045910855,3699.0,44.84758845312988
14283,9,Indianwear,stop,1299.0,649.0,50.0
14284,10,Indianwear,global desi,2638.2167045910855,1699.0,44.84758845312988
14285,11,Indianwear,fusion beats,1399.0,559.0,60.0
14286,12,Indianwear,stop,999.0,499.0,50.0
14287,13,Indianwear,stop,1299.0,649.0,50.0
14288,14,Indianwear,ziyaa,1943.0,777.0,60.0
14289,15,Indianwear,yuris,3499.0,1399.0,60.0
14290,16,Indianwear,global desi,1799.0,899.0,50.0
14291,17,Indianwear,stop,1299.0,649.0,50.0
14292,18,Indianwear,juniper,1699.0,679.0,60.0
14293,19,Indianwear,juniper,1049.0,314.0,70.0
14294,20,Indianwear,varanga,1999.0,999.0,50.0
14295,21,Indianwear,stop,1299.0,649.0,50.0
14297,23,Indianwear,vastranand,5500.0,2200.0,60.0
14298,24,Indianwear,vastranand,5555.0,2777.0,50.0
14299,25,Indianwear,varanga,1599.0,719.0,55.0
14300,0,Indianwear,varanga,1999.0,999.0,50.0
14301,1,Indianwear,vastranand,4500.0,2025.0,55.0
14302,2,Indianwear,janasya,1699.0,594.0,65.0
14303,3,Indianwear,indya,2200.0,1100.0,50.0
14304,4,Indianwear,myshka,1599.0,719.0,55.0
14305,5,Indianwear,biba,7500.0,5250.0,30.0
14306,6,Indianwear,kami kubi,1999.0,899.0,55.0
14307,7,Indianwear,w,2638.2167045910855,2399.0,44.84758845312988
14308,8,Indianwear,aurelia,1299.0,649.0,50.0
14309,9,Indianwear,janasya,1499.0,824.0,45.0
14310,10,Indianwear,aurelia,1199.0,839.0,30.0
14311,11,Indianwear,ziyaa,4513.0,1805.0,60.0
14312,12,Indianwear,myshka,3999.0,1199.0,70.0
14313,13,Indianwear,biba,3599.0,2159.0,40.0
14314,14,Indianwear,ritu kumar,2638.2167045910855,5700.0,44.84758845312988
14315,15,Indianwear,ziyaa,2643.0,1057.0,60.0
14316,16,Indianwear,global desi,2499.0,1624.0,35.0
14317,17,Indianwear,aurelia,699.0,419.0,40.0
14318,18,Indianwear,ziyaa,2626.0,1050.0,60.0
14319,19,Indianwear,w,2638.2167045910855,2499.0,44.84758845312988
14320,20,Indianwear,ziyaa,1245.0,622.0,50.0
14321,21,Indianwear,global desi,2638.2167045910855,5999.0,44.84758845312988
14323,23,Indianwear,global desi,2299.0,1839.0,20.0
14324,24,Indianwear,haute curry,1499.0,749.0,50.0
14325,25,Indianwear,haute curry,1499.0,749.0,50.0
14326,0,Indianwear,sanaa,1699.0,1189.0,30.0
14327,1,Indianwear,w,2638.2167045910855,1799.0,44.84758845312988
14328,2,Indianwear,and,3499.0,2799.0,20.0
14329,3,Indianwear,janasya,4699.0,1644.0,65.0
14330,4,Indianwear,janasya,1299.0,519.0,60.0
14331,5,Indianwear,janasya,3619.0,1447.0,60.0
14332,6,Indianwear,myshka,1399.0,489.0,65.0
14333,7,Indianwear,kami kubi,1499.0,674.0,55.0
14334,8,Indianwear,haute curry,899.0,449.0,50.0
14335,9,Indianwear,ziyaa,2550.0,1020.0,60.0
14336,10,Indianwear,janasya,2099.0,944.0,55.0
14337,11,Indianwear,w,2638.2167045910855,4999.0,44.84758845312988
14338,12,Indianwear,neerus,1699.0,1359.0,20.0
14339,13,Indianwear,w,4999.0,3749.0,25.0
14340,14,Indianwear,varanga,2999.0,1499.0,50.0
14341,15,Indianwear,ziyaa,4140.0,1656.0,60.0
14342,16,Indianwear,amukti,1049.0,734.0,30.0
14343,17,Indianwear,global desi,3299.0,2144.0,35.0
14344,18,Indianwear,fusion beats,1999.0,799.0,60.0
14345,19,Indianwear,haute curry,799.0,399.0,50.0
14346,20,Indianwear,varanga,2499.0,999.0,60.0
14347,21,Indianwear,yuris,3999.0,1399.0,65.0
14349,23,Indianwear,yuris,3499.0,1399.0,60.0
14350,24,Indianwear,biba,2299.0,1379.0,40.0
14351,25,Indianwear,varanga,1599.0,639.0,60.0
14352,0,Indianwear,w,2638.2167045910855,2799.0,44.84758845312988
14353,1,Indianwear,varanga,2599.0,1039.0,60.0
14354,2,Indianwear,haute curry,1299.0,649.0,50.0
14355,3,Indianwear,juniper,3797.0,1708.0,55.0
14356,4,Indianwear,vastranand,4995.0,1998.0,60.0
14357,5,Indianwear,vastranand,5900.0,2655.0,55.0
14358,6,Indianwear,varanga,1699.0,934.0,45.0
14359,7,Indianwear,vastranand,3475.0,1563.0,55.0
14360,8,Indianwear,varanga,2999.0,1049.0,65.0
14361,9,Indianwear,vastranand,5700.0,3420.0,40.0
14362,10,Indianwear,juniper,2699.0,1484.0,45.0
14363,11,Indianwear,juniper,3499.0,2099.0,40.0
14364,12,Indianwear,myshka,1299.0,519.0,60.0
14365,13,Indianwear,varanga,3199.0,1599.0,50.0
14366,14,Indianwear,juniper,3599.0,899.0,75.0
14367,15,Indianwear,de moza,2638.2167045910855,1299.0,44.84758845312988
14368,16,Indianwear,de moza,1699.0,1019.0,40.0
14369,17,Indianwear,neerus,2999.0,1799.0,40.0
14370,18,Indianwear,myshka,5999.0,1199.0,80.0
14371,19,Indianwear,myshka,1399.0,559.0,60.0
14372,20,Indianwear,aurelia,1399.0,979.0,30.0
14373,21,Indianwear,kashish,1699.0,849.0,50.0
14375,23,Indianwear,haute curry,2638.2167045910855,799.0,44.84758845312988
14376,24,Indianwear,global desi,2638.2167045910855,2199.0,44.84758845312988
14377,25,Indianwear,get wrapped,2638.2167045910855,449.0,44.84758845312988
14378,0,Indianwear,janasya,3859.0,1350.0,65.0
14379,1,Indianwear,aurelia,2638.2167045910855,3999.0,44.84758845312988
14380,2,Indianwear,w,2799.0,1399.0,50.0
14381,3,Indianwear,w,2638.2167045910855,999.0,44.84758845312988
14382,4,Indianwear,ziyaa,2699.0,1079.0,60.0
14383,5,Indianwear,w,2638.2167045910855,1999.0,44.84758845312988
14384,6,Indianwear,w,2638.2167045910855,1999.0,44.84758845312988
14385,7,Indianwear,janasya,1399.0,699.0,50.0
14386,8,Indianwear,ziyaa,6232.0,2492.0,60.0
14387,9,Indianwear,stop,1299.0,649.0,50.0
14388,10,Indianwear,janasya,2999.0,1499.0,50.0
14389,11,Indianwear,infuse,899.0,449.0,50.0
14390,12,Indianwear,janasya,1299.0,649.0,50.0
14391,13,Indianwear,ziyaa,2046.0,818.0,60.0
14392,14,Indianwear,kashish,1999.0,999.0,50.0
14393,15,Indianwear,global desi,2638.2167045910855,2399.0,44.84758845312988
14394,16,Indianwear,aurelia,2638.2167045910855,499.0,44.84758845312988
14395,17,Indianwear,ziyaa,1734.0,606.0,65.0
14396,18,Indianwear,kashish,999.0,499.0,50.0
14397,19,Indianwear,kashish,999.0,499.0,50.0
14398,20,Indianwear,aurelia,4599.0,2299.0,50.0
14399,21,Indianwear,de moza,2638.2167045910855,799.0,44.84758845312988
14401,23,Indianwear,ziyaa,1356.0,610.0,55.0
14402,24,Indianwear,kami kubi,1399.0,489.0,65.0
14403,25,Indianwear,indya,2400.0,1200.0,50.0
14404,0,Indianwear,aurelia,1299.0,649.0,50.0
14405,1,Indianwear,indya,1800.0,1440.0,20.0
14406,2,Indianwear,haute curry,799.0,399.0,50.0
14407,3,Indianwear,suti,1145.0,916.0,20.0
14408,4,Indianwear,yuris,2799.0,1259.0,55.0
14409,5,Indianwear,fratini,999.0,499.0,50.0
14410,6,Indianwear,aurelia,1299.0,909.0,30.0
14411,7,Indianwear,global desi,2599.0,1299.0,50.0
14412,8,Indianwear,global desi,2399.0,1199.0,50.0
14413,9,Indianwear,stop,999.0,499.0,50.0
14414,10,Indianwear,de moza,1299.0,779.0,40.0
14415,11,Indianwear,infuse,899.0,449.0,50.0
14416,12,Indianwear,kashish,1599.0,799.0,50.0
14417,13,Indianwear,varanga,3999.0,1399.0,65.0
14418,14,Indianwear,kashish,2999.0,1499.0,50.0
14419,15,Indianwear,varkala silk sarees,7500.0,1875.0,75.0
14420,16,Indianwear,juniper,4999.0,2499.0,50.0
14421,17,Indianwear,juniper,3299.0,1979.0,40.0
14422,18,Indianwear,varanga,3299.0,824.0,75.0
14423,19,Indianwear,varanga,4599.0,1839.0,60.0
14424,20,Indianwear,vastranand,1998.0,1398.0,30.0
14425,21,Indianwear,aurelia,2299.0,1149.0,50.0
14427,23,Indianwear,global desi,1899.0,759.0,60.0
14428,24,Indianwear,indya,2400.0,1200.0,50.0
14429,25,Indianwear,and,3299.0,2639.0,20.0
14430,0,Indianwear,w,2638.2167045910855,1399.0,44.84758845312988
14431,1,Indianwear,stop,499.0,349.0,30.0
14432,2,Indianwear,global desi,2638.2167045910855,3299.0,44.84758845312988
14433,3,Indianwear,aurelia,1899.0,1329.0,30.0
14434,4,Indianwear,and,3499.0,1749.0,50.0
14435,5,Indianwear,ziyaa,3117.0,1246.0,60.0
14436,6,Indianwear,w,2638.2167045910855,1699.0,44.84758845312988
14437,7,Indianwear,haute curry,999.0,499.0,50.0
14438,8,Indianwear,juniper,2999.0,1799.0,40.0
14439,9,Indianwear,stop,999.0,699.0,30.0
14440,10,Indianwear,varkala silk sarees,4500.0,1350.0,70.0
14441,11,Indianwear,de moza,2638.2167045910855,449.0,44.84758845312988
14442,12,Indianwear,janasya,1399.0,559.0,60.0
14443,13,Indianwear,indya,2850.0,1425.0,50.0
14444,14,Indianwear,biba,6995.0,5596.0,20.0
14445,15,Indianwear,global desi,2599.0,1559.0,40.0
14446,16,Indianwear,kami kubi,2299.0,804.0,65.0
14447,17,Indianwear,yuris,3999.0,1399.0,65.0
14448,18,Indianwear,myshka,2499.0,624.0,75.0
14449,19,Indianwear,janasya,1699.0,594.0,65.0
14450,20,Indianwear,kashish,1999.0,999.0,50.0
14451,21,Indianwear,w,2638.2167045910855,1999.0,44.84758845312988
14453,23,Indianwear,indya,2500.0,1250.0,50.0
14454,24,Indianwear,global desi,2299.0,1839.0,20.0
14455,25,Indianwear,w,2638.2167045910855,3999.0,44.84758845312988
14456,0,Indianwear,global desi,2599.0,1299.0,50.0
14457,1,Indianwear,indya,3200.0,1600.0,50.0
14458,2,Indianwear,global desi,1999.0,1599.0,20.0
14459,3,Indianwear,janasya,3059.0,1223.0,60.0
14460,4,Indianwear,global desi,2638.2167045910855,2899.0,44.84758845312988
14461,5,Indianwear,varkala silk sarees,5000.0,1500.0,70.0
14462,6,Indianwear,juniper,1899.0,949.0,50.0
14463,7,Indianwear,neerus,3499.0,1749.0,50.0
14464,8,Indianwear,indya,2800.0,2240.0,20.0
14465,9,Indianwear,ziyaa,1252.0,563.0,55.0
14466,10,Indianwear,stop,1299.0,649.0,50.0
14467,11,Indianwear,janasya,2449.0,979.0,60.0
14468,12,Indianwear,ziyaa,1752.0,700.0,60.0
14469,13,Indianwear,yuris,3499.0,1399.0,60.0
14470,14,Indianwear,global desi,2199.0,879.0,60.0
14471,15,Indianwear,global desi,1999.0,1199.0,40.0
14472,16,Indianwear,yuris,4299.0,1504.0,65.0
14473,17,Indianwear,yuris,3499.0,1399.0,60.0
14474,18,Indianwear,yuris,1499.0,674.0,55.0
14475,19,Indianwear,stop,1299.0,649.0,50.0
14476,20,Indianwear,yuris,3999.0,1399.0,65.0
14477,21,Indianwear,global desi,1999.0,1399.0,30.0
14479,23,Indianwear,haute curry,1499.0,749.0,50.0
14480,24,Indianwear,infuse,1699.0,679.0,60.0
14481,25,Indianwear,juniper,3099.0,1549.0,50.0
14482,0,Indianwear,juniper,1799.0,719.0,60.0
14483,1,Indianwear,vastranand,1995.0,1396.0,30.0
14484,2,Indianwear,kashish,1999.0,999.0,50.0
14485,3,Indianwear,varanga,1799.0,809.0,55.0
14486,4,Indianwear,juniper,3599.0,1259.0,65.0
14487,5,Indianwear,vastranand,1998.0,1398.0,30.0
14488,6,Indianwear,vastranand,4599.0,2069.0,55.0
14489,7,Indianwear,juniper,2638.2167045910855,3799.0,44.84758845312988
14490,8,Indianwear,vastranand,4545.0,2272.0,50.0
14491,9,Indianwear,haute curry,1499.0,749.0,50.0
14492,10,Indianwear,varanga,5599.0,1679.0,70.0
14493,11,Indianwear,aurelia,1199.0,839.0,30.0
14494,12,Indianwear,janasya,1499.0,599.0,60.0
14495,13,Indianwear,global desi,2399.0,1439.0,40.0
14496,14,Indianwear,neerus,1999.0,1599.0,20.0
14497,15,Indianwear,juniper,2699.0,809.0,70.0
14498,16,Indianwear,varanga,1399.0,559.0,60.0
14499,17,Indianwear,stop,399.0,199.0,50.0
14500,18,Indianwear,stop,499.0,349.0,30.0
14501,19,Indianwear,indya,2600.0,1300.0,50.0
14502,20,Indianwear,w,2638.2167045910855,5599.0,44.84758845312988
14503,21,Indianwear,w,2638.2167045910855,1399.0,44.84758845312988
14505,23,Indianwear,haute curry,2638.2167045910855,799.0,44.84758845312988
14506,24,Indianwear,janasya,2089.0,940.0,55.0
14507,25,Indianwear,ziyaa,4132.0,1652.0,60.0
14508,0,Indianwear,ziyaa,1457.0,582.0,60.0
14509,1,Indianwear,w,4999.0,2499.0,50.0
14510,2,Indianwear,ziyaa,1727.0,690.0,60.0
14511,3,Indianwear,yuris,3499.0,1574.0,55.0
14512,4,Indianwear,janasya,2089.0,940.0,55.0
14513,5,Indianwear,janasya,3379.0,1351.0,60.0
14514,6,Indianwear,indya,2200.0,1100.0,50.0
14515,7,Indianwear,get wrapped,2638.2167045910855,399.0,44.84758845312988
14516,8,Indianwear,global desi,1899.0,1329.0,30.0
14517,9,Indianwear,stop,2638.2167045910855,349.0,44.84758845312988
14518,10,Indianwear,ziyaa,6376.0,2550.0,60.0
14519,11,Indianwear,w,2638.2167045910855,1999.0,44.84758845312988
14520,12,Indianwear,varanga,2499.0,874.0,65.0
14521,13,Indianwear,ziyaa,1812.0,634.0,65.0
14522,14,Indianwear,haute curry,999.0,499.0,50.0
14523,15,Indianwear,global desi,1699.0,1359.0,20.0
14524,16,Indianwear,stop,399.0,199.0,50.0
14525,17,Indianwear,suti,2299.0,1839.0,20.0
14526,18,Indianwear,biba,4995.0,3496.0,30.0
14527,19,Indianwear,janasya,1999.0,799.0,60.0
14528,20,Indianwear,haute curry,999.0,499.0,50.0
14529,21,Indianwear,indya,2400.0,1200.0,50.0
14531,23,Indianwear,aurelia,2499.0,1749.0,30.0
14532,24,Indianwear,janasya,1029.0,514.0,50.0
14533,25,Indianwear,yuris,3499.0,1399.0,60.0
14534,0,Indianwear,w,2638.2167045910855,1999.0,44.84758845312988
14535,1,Indianwear,global desi,1399.0,979.0,30.0
14536,2,Indianwear,stop,499.0,349.0,30.0
14537,3,Indianwear,biba,899.0,539.0,40.0
14538,4,Indianwear,stop,2638.2167045910855,799.0,44.84758845312988
14539,5,Indianwear,vastranand,4799.0,2159.0,55.0
14540,6,Indianwear,vastranand,4995.0,2247.0,55.0
14541,7,Indianwear,varanga,5999.0,2099.0,65.0
14542,8,Indianwear,varanga,2638.2167045910855,5599.0,44.84758845312988
14543,9,Indianwear,juniper,3198.0,1599.0,50.0
14544,10,Indianwear,haute curry,1499.0,749.0,50.0
14545,11,Indianwear,juniper,2399.0,959.0,60.0
14546,12,Indianwear,aurelia,3499.0,1749.0,50.0
14547,13,Indianwear,indya,2200.0,1100.0,50.0
14548,14,Indianwear,indya,2638.2167045910855,1800.0,44.84758845312988
14549,15,Indianwear,global desi,2399.0,1199.0,50.0
14550,16,Indianwear,fratini,999.0,499.0,50.0
14551,17,Indianwear,stop,1699.0,849.0,50.0
14552,18,Indianwear,varanga,5999.0,2099.0,65.0
14553,19,Indianwear,juniper,2099.0,839.0,60.0
14554,20,Indianwear,varanga,4499.0,1799.0,60.0
14555,21,Indianwear,varanga,2599.0,909.0,65.0
14557,23,Indianwear,janasya,1498.0,674.0,55.0
14558,24,Indianwear,ziyaa,1869.0,841.0,55.0
14559,25,Indianwear,janasya,1099.0,549.0,50.0
14560,0,Indianwear,janasya,1799.0,809.0,55.0
14561,1,Indianwear,kashish,1299.0,649.0,50.0
14562,2,Indianwear,ziyaa,2557.0,1022.0,60.0
14563,3,Indianwear,indya,3400.0,1700.0,50.0
14564,4,Indianwear,amukti,1299.0,909.0,30.0
14565,5,Indianwear,global desi,2699.0,1079.0,60.0
14566,6,Indianwear,janasya,1299.0,519.0,60.0
14567,7,Indianwear,haute curry,1299.0,649.0,50.0
14568,8,Indianwear,global desi,2599.0,1689.0,35.0
14569,9,Indianwear,de moza,2638.2167045910855,799.0,44.84758845312988
14570,10,Indianwear,ziyaa,3238.0,1295.0,60.0
14571,11,Indianwear,kami kubi,999.0,599.0,40.0
14572,12,Indianwear,varanga,3399.0,1699.0,50.0
14573,13,Indianwear,kashish,1799.0,899.0,50.0
14574,14,Indianwear,myshka,2999.0,599.0,80.0
14575,15,Indianwear,janasya,2949.0,1327.0,55.0
14576,16,Indianwear,w,2638.2167045910855,4599.0,44.84758845312988
14577,17,Indianwear,kami kubi,3499.0,1924.0,45.0
14578,18,Indianwear,w,2638.2167045910855,1599.0,44.84758845312988
14579,19,Indianwear,suti,3699.0,2959.0,20.0
14580,20,Indianwear,biba,2638.2167045910855,1599.0,44.84758845312988
14581,21,Indianwear,shaya by caratlane,4900.0,3920.0,20.0
14583,23,Indianwear,ziyaa,1915.0,766.0,60.0
14584,24,Indianwear,aurelia,2638.2167045910855,1599.0,44.84758845312988
14585,25,Indianwear,ziyaa,2528.0,1011.0,60.0
14586,0,Indianwear,aurelia,4299.0,3009.0,30.0
14587,1,Indianwear,janasya,2298.0,1263.0,45.0
14588,2,Indianwear,janasya,1449.0,579.0,60.0
14589,3,Indianwear,aurelia,2638.2167045910855,2999.0,44.84758845312988
14590,4,Indianwear,amukti,1299.0,909.0,30.0
14591,5,Indianwear,juniper,1699.0,849.0,50.0
14592,6,Indianwear,janasya,2879.0,1727.0,40.0
14593,7,Indianwear,yuris,3999.0,1399.0,65.0
14594,8,Indianwear,global desi,1999.0,599.0,70.0
14595,9,Indianwear,biba,2999.0,2099.0,30.0
14596,10,Indianwear,yuris,1899.0,664.0,65.0
14597,11,Indianwear,yuris,2799.0,1259.0,55.0
14598,12,Indianwear,yuris,2499.0,1249.0,50.0
14599,13,Indianwear,global desi,3599.0,2519.0,30.0
14600,14,Indianwear,stop,2638.2167045910855,899.0,44.84758845312988
14601,15,Indianwear,biba,2299.0,1379.0,40.0
14602,16,Indianwear,haute curry,799.0,399.0,50.0
14603,17,Indianwear,juniper,1299.0,779.0,40.0
14604,18,Indianwear,juniper,3099.0,1549.0,50.0
14605,19,Indianwear,juniper,2299.0,1034.0,55.0
14606,20,Indianwear,vastranand,5500.0,2475.0,55.0
14607,21,Indianwear,varanga,1299.0,519.0,60.0
14609,23,Indianwear,varkala silk sarees,7500.0,1875.0,75.0
14610,24,Indianwear,vastranand,4599.0,2069.0,55.0
14611,25,Indianwear,varanga,1999.0,899.0,55.0
14612,0,Indianwear,juniper,2638.2167045910855,2699.0,44.84758845312988
14613,1,Indianwear,haute curry,1299.0,649.0,50.0
14614,2,Indianwear,janasya,3599.0,1079.0,70.0
14615,3,Indianwear,yuris,1999.0,799.0,60.0
14616,4,Indianwear,janasya,4198.0,1259.0,70.0
14617,5,Indianwear,global desi,2599.0,1689.0,35.0
14618,6,Indianwear,yuris,1699.0,764.0,55.0
14619,7,Indianwear,juniper,1049.0,419.0,60.0
14620,8,Indianwear,haute curry,1499.0,749.0,50.0
14621,9,Indianwear,varanga,6799.0,2039.0,70.0
14622,10,Indianwear,varanga,1299.0,519.0,60.0
14623,11,Indianwear,indya,2638.2167045910855,1800.0,44.84758845312988
14624,12,Indianwear,myshka,1999.0,599.0,70.0
14625,13,Indianwear,juniper,3299.0,1649.0,50.0
14626,14,Indianwear,indya,1500.0,750.0,50.0
14627,15,Indianwear,global desi,2699.0,2159.0,20.0
14628,16,Indianwear,ziyaa,2037.0,712.0,65.0
14629,17,Indianwear,stop,399.0,199.0,50.0
14630,18,Indianwear,juniper,1599.0,879.0,45.0
14631,19,Indianwear,janasya,2799.0,1539.0,45.0
14632,20,Indianwear,w,1899.0,1424.0,25.0
14633,21,Indianwear,get wrapped,2638.2167045910855,499.0,44.84758845312988
14635,23,Indianwear,stop,999.0,499.0,50.0
14636,24,Indianwear,global desi,2638.2167045910855,1599.0,44.84758845312988
14637,25,Indianwear,biba,2638.2167045910855,3599.0,44.84758845312988
14638,0,Indianwear,aurelia,1999.0,1399.0,30.0
14639,1,Indianwear,juniper,2638.2167045910855,3499.0,44.84758845312988
14640,2,Indianwear,suti,1349.0,1079.0,20.0
14641,3,Indianwear,aurelia,799.0,479.0,40.0
14642,4,Indianwear,janasya,1599.0,639.0,60.0
14643,5,Indianwear,kami kubi,2299.0,919.0,60.0
14644,6,Indianwear,janasya,1699.0,764.0,55.0
14645,7,Indianwear,varkala silk sarees,4500.0,1350.0,70.0
14646,8,Indianwear,get wrapped,2638.2167045910855,299.0,44.84758845312988
14647,9,Indianwear,myshka,2499.0,624.0,75.0
14648,10,Indianwear,janasya,799.0,479.0,40.0
14649,11,Indianwear,global desi,2399.0,1199.0,50.0
14650,12,Indianwear,w,5999.0,2999.0,50.0
14651,13,Indianwear,w,1899.0,949.0,50.0
14652,14,Indianwear,janasya,4699.0,1644.0,65.0
14653,15,Indianwear,janasya,1299.0,714.0,45.0
14654,16,Indianwear,ziyaa,2198.0,879.0,60.0
14655,17,Indianwear,suti,1145.0,916.0,20.0
14656,18,Indianwear,myshka,4499.0,899.0,80.0
14657,19,Indianwear,ziyaa,1898.0,759.0,60.0
14658,20,Indianwear,ziyaa,1390.0,625.0,55.0
14659,21,Indianwear,global desi,1999.0,599.0,70.0
14661,23,Indianwear,stop,499.0,349.0,30.0
14662,24,Indianwear,de moza,1499.0,899.0,40.0
14663,25,Indianwear,varanga,1599.0,639.0,60.0
14664,0,Indianwear,stop,2638.2167045910855,599.0,44.84758845312988
14665,1,Indianwear,haute curry,1299.0,649.0,50.0
14666,2,Indianwear,vastranand,4799.0,2159.0,55.0
14667,3,Indianwear,juniper,1999.0,999.0,50.0
14668,4,Indianwear,varanga,5999.0,2399.0,60.0
14669,5,Indianwear,varanga,5999.0,2099.0,65.0
14670,6,Indianwear,w,1999.0,999.0,50.0
14671,7,Indianwear,aurelia,2638.2167045910855,1499.0,44.84758845312988
14672,8,Indianwear,aurelia,1199.0,839.0,30.0
14673,9,Indianwear,indya,3200.0,1600.0,50.0
14674,10,Indianwear,biba,2638.2167045910855,6999.0,44.84758845312988
14675,11,Indianwear,neerus,2999.0,1499.0,50.0
14676,12,Indianwear,biba,2299.0,1839.0,20.0
14677,13,Indianwear,varanga,3399.0,1529.0,55.0
14678,14,Indianwear,janasya,2199.0,1099.0,50.0
14679,15,Indianwear,w,2638.2167045910855,1899.0,44.84758845312988
14680,16,Indianwear,get wrapped,2638.2167045910855,499.0,44.84758845312988
14681,17,Indianwear,aurelia,2638.2167045910855,1199.0,44.84758845312988
14682,18,Indianwear,w,2638.2167045910855,3599.0,44.84758845312988
14683,19,Indianwear,neerus,2499.0,1249.0,50.0
14684,20,Indianwear,ira soleil,2638.2167045910855,1999.0,44.84758845312988
14685,21,Indianwear,stop,899.0,449.0,50.0
14687,23,Indianwear,janasya,2899.0,1304.0,55.0
14688,24,Indianwear,varanga,2999.0,1499.0,50.0
14689,25,Indianwear,fusion beats,2899.0,1159.0,60.0
14690,0,Indianwear,juniper,1499.0,599.0,60.0
14691,1,Indianwear,w,2638.2167045910855,1799.0,44.84758845312988
14692,2,Indianwear,ziyaa,1953.0,878.0,55.0
14693,3,Indianwear,juniper,1499.0,599.0,60.0
14694,4,Indianwear,zink london,1899.0,1139.0,40.0
14695,5,Indianwear,ziyaa,2347.0,938.0,60.0
14696,6,Indianwear,myshka,1899.0,759.0,60.0
14697,7,Indianwear,ziyaa,3600.0,1440.0,60.0
14698,8,Indianwear,w,2638.2167045910855,6599.0,44.84758845312988
14699,9,Indianwear,kashish,1499.0,749.0,50.0
14700,10,Indianwear,w,2638.2167045910855,2299.0,44.84758845312988
14701,11,Indianwear,neerus,3799.0,3039.0,20.0
14702,12,Indianwear,indya,1200.0,600.0,50.0
14703,13,Indianwear,global desi,1999.0,799.0,60.0
14704,14,Indianwear,ziyaa,2667.0,1066.0,60.0
14705,15,Indianwear,ziyaa,1752.0,700.0,60.0
14706,16,Indianwear,w,2638.2167045910855,4999.0,44.84758845312988
14707,17,Indianwear,w,2638.2167045910855,2599.0,44.84758845312988
14708,18,Indianwear,ritu kumar,2638.2167045910855,4900.0,44.84758845312988
14709,19,Indianwear,biba,2638.2167045910855,125.0,44.84758845312988
14710,20,Indianwear,stop,799.0,559.0,30.0
14711,21,Indianwear,get wrapped,2638.2167045910855,299.0,44.84758845312988
14713,23,Indianwear,myshka,2299.0,689.0,70.0
14714,24,Indianwear,indya,2638.2167045910855,2400.0,44.84758845312988
14715,25,Indianwear,w,2638.2167045910855,1799.0,44.84758845312988
14716,0,Indianwear,aurelia,1199.0,839.0,30.0
14717,1,Indianwear,global desi,2999.0,2399.0,20.0
14718,2,Indianwear,janasya,2999.0,1049.0,65.0
14719,3,Indianwear,janasya,3379.0,1351.0,60.0
14720,4,Indianwear,kami kubi,2799.0,1259.0,55.0
14721,5,Indianwear,ziyaa,3811.0,1524.0,60.0
14722,6,Indianwear,global desi,2638.2167045910855,2699.0,44.84758845312988
14723,7,Indianwear,sanaa,1049.0,734.0,30.0
14724,8,Indianwear,aurelia,2638.2167045910855,1049.0,44.84758845312988
14725,9,Indianwear,janasya,1549.0,619.0,60.0
14726,10,Indianwear,haute curry,1199.0,599.0,50.0
14728,12,Indianwear,haute curry,999.0,499.0,50.0
14729,13,Indianwear,global desi,2699.0,1349.0,50.0
14730,14,Indianwear,global desi,2799.0,1399.0,50.0
14731,15,Indianwear,kashish,1299.0,649.0,50.0
14732,16,Indianwear,aurelia,1799.0,899.0,50.0
14733,17,Indianwear,yuris,3499.0,1399.0,60.0
14734,18,Indianwear,biba,1299.0,779.0,40.0
14735,19,Indianwear,ziyaa,1248.0,624.0,50.0
14736,20,Indianwear,aurelia,1699.0,849.0,50.0
14737,21,Indianwear,varkala silk sarees,7500.0,1875.0,75.0
14739,23,Indianwear,juniper,1799.0,719.0,60.0
14740,24,Indianwear,varanga,4599.0,1609.0,65.0
14741,25,Indianwear,juniper,2999.0,899.0,70.0
14742,0,Indianwear,de moza,2638.2167045910855,1999.0,44.84758845312988
14743,1,Indianwear,kashish,1799.0,899.0,50.0
14744,2,Indianwear,global desi,2099.0,839.0,60.0
14745,3,Indianwear,haute curry,899.0,449.0,50.0
14746,4,Indianwear,myshka,5999.0,1499.0,75.0
14747,5,Indianwear,w,2638.2167045910855,2799.0,44.84758845312988
14748,6,Indianwear,janasya,3598.0,1439.0,60.0
14749,7,Indianwear,amukti,1299.0,909.0,30.0
14750,8,Indianwear,global desi,1999.0,1199.0,40.0
14751,9,Indianwear,janasya,1398.0,559.0,60.0
14752,10,Indianwear,w,3299.0,1649.0,50.0
14753,11,Indianwear,global desi,3299.0,1319.0,60.0
14754,12,Indianwear,amukti,999.0,499.0,50.0
14755,13,Indianwear,global desi,2199.0,659.0,70.0
14756,14,Indianwear,global desi,2638.2167045910855,3899.0,44.84758845312988
14757,15,Indianwear,get wrapped,2638.2167045910855,499.0,44.84758845312988
14758,16,Indianwear,stop,1499.0,749.0,50.0
14759,17,Indianwear,shaya by caratlane,1700.0,1615.0,5.0
14760,18,Indianwear,janasya,2899.0,1159.0,60.0
14761,19,Indianwear,get wrapped,2638.2167045910855,599.0,44.84758845312988
14762,20,Indianwear,amukti,1499.0,749.0,50.0
14763,21,Indianwear,aurelia,2638.2167045910855,499.0,44.84758845312988
14765,23,Indianwear,w,2638.2167045910855,1999.0,44.84758845312988
14766,24,Indianwear,ziyaa,3727.0,1490.0,60.0
14767,25,Indianwear,gipsy,1495.0,1046.0,30.0
14768,0,Indianwear,kashish,999.0,499.0,50.0
14769,1,Indianwear,ziyaa,2214.0,885.0,60.0
14770,2,Indianwear,aurelia,1049.0,734.0,30.0
14771,3,Indianwear,de moza,2638.2167045910855,1999.0,44.84758845312988
14772,4,Indianwear,varkala silk sarees,6000.0,2400.0,60.0
14773,5,Indianwear,ira soleil,2638.2167045910855,1299.0,44.84758845312988
14774,6,Indianwear,w,2638.2167045910855,1299.0,44.84758845312988
14775,7,Indianwear,stop,2638.2167045910855,1199.0,44.84758845312988
14776,8,Indianwear,kami kubi,3799.0,1329.0,65.0
14777,9,Indianwear,w,2638.2167045910855,1799.0,44.84758845312988
14778,10,Indianwear,varanga,2599.0,649.0,75.0
14779,11,Indianwear,ziyaa,2358.0,943.0,60.0
14780,12,Indianwear,w,1899.0,1329.0,30.0
14781,13,Indianwear,myshka,1599.0,639.0,60.0
14782,14,Indianwear,varkala silk sarees,5500.0,1375.0,75.0
14783,15,Indianwear,stop,399.0,199.0,50.0
14784,16,Indianwear,kami kubi,3999.0,1199.0,70.0
14785,17,Indianwear,w,1999.0,1499.0,25.0
14786,18,Indianwear,varanga,4199.0,2099.0,50.0
14787,19,Indianwear,ziyaa,2497.0,998.0,60.0
14788,20,Indianwear,suti,2899.0,2319.0,20.0
14789,21,Indianwear,ziyaa,1512.0,604.0,60.0
14791,23,Indianwear,janasya,3649.0,2189.0,40.0
14792,24,Indianwear,global desi,2199.0,1099.0,50.0
14793,25,Indianwear,haute curry,899.0,449.0,50.0
14794,0,Indianwear,shaya by caratlane,1500.0,1425.0,5.0
14795,1,Indianwear,aurelia,999.0,699.0,30.0
14796,2,Indianwear,w,2638.2167045910855,2799.0,44.84758845312988
14797,3,Indianwear,biba,3299.0,1979.0,40.0
14798,4,Indianwear,stop,899.0,449.0,50.0
14799,5,Indianwear,yuris,1699.0,764.0,55.0
14800,6,Indianwear,yuris,1899.0,664.0,65.0
14801,7,Indianwear,global desi,2599.0,1689.0,35.0
14802,8,Indianwear,janasya,1399.0,629.0,55.0
14803,9,Indianwear,w,2638.2167045910855,1399.0,44.84758845312988
14804,10,Indianwear,vastranand,6500.0,3575.0,45.0
14805,11,Indianwear,varanga,2638.2167045910855,3799.0,44.84758845312988
14806,12,Indianwear,varanga,1799.0,809.0,55.0
14807,13,Indianwear,vastranand,5700.0,2850.0,50.0
14808,14,Indianwear,juniper,1049.0,524.0,50.0
14809,15,Indianwear,ira soleil,2638.2167045910855,10599.0,44.84758845312988
14810,16,Indianwear,vastranand,4599.0,2529.0,45.0
14811,17,Indianwear,vastranand,6500.0,3250.0,50.0
14812,18,Indianwear,varanga,2799.0,1119.0,60.0
14813,19,Indianwear,varanga,3299.0,1979.0,40.0
14814,20,Indianwear,global desi,2799.0,1399.0,50.0
14815,21,Indianwear,haute curry,1299.0,649.0,50.0
14817,23,Indianwear,aurelia,3999.0,1999.0,50.0
14818,24,Indianwear,infuse,899.0,449.0,50.0
14819,25,Indianwear,global desi,2999.0,1499.0,50.0
14820,0,Indianwear,amukti,1299.0,649.0,50.0
14821,1,Indianwear,w,2638.2167045910855,2999.0,44.84758845312988
14822,2,Indianwear,janasya,1669.0,751.0,55.0
14823,3,Indianwear,aurelia,899.0,539.0,40.0
14824,4,Indianwear,stop,1499.0,749.0,50.0
14825,5,Indianwear,juniper,3299.0,1979.0,40.0
14826,6,Indianwear,janasya,3199.0,1119.0,65.0
14827,7,Indianwear,aurelia,2638.2167045910855,1499.0,44.84758845312988
14828,8,Indianwear,kami kubi,1199.0,659.0,45.0
14829,9,Indianwear,yuris,3499.0,1399.0,60.0
14830,10,Indianwear,juniper,3499.0,2449.0,30.0
14831,11,Indianwear,varanga,2599.0,1299.0,50.0
14832,12,Indianwear,varanga,2699.0,674.0,75.0
14833,13,Indianwear,janasya,1399.0,699.0,50.0
14834,14,Indianwear,ira soleil,2638.2167045910855,1999.0,44.84758845312988
14835,15,Indianwear,w,4999.0,2499.0,50.0
14836,16,Indianwear,aurelia,1699.0,1189.0,30.0
14837,17,Indianwear,myshka,1499.0,524.0,65.0
14838,18,Indianwear,ziyaa,1935.0,677.0,65.0
14839,19,Indianwear,stop,999.0,499.0,50.0
14840,20,Indianwear,stop,2638.2167045910855,899.0,44.84758845312988
14841,21,Indianwear,w,2638.2167045910855,1499.0,44.84758845312988
14843,23,Indianwear,get wrapped,2638.2167045910855,299.0,44.84758845312988
14844,24,Indianwear,biba,2999.0,1499.0,50.0
14845,25,Indianwear,janasya,4399.0,1539.0,65.0
14846,0,Indianwear,global desi,1699.0,1104.0,35.0
14847,1,Indianwear,myshka,5499.0,1374.0,75.0
14848,2,Indianwear,biba,1999.0,1199.0,40.0
14849,3,Indianwear,ziyaa,2095.0,942.0,55.0
14850,4,Indianwear,w,2638.2167045910855,2299.0,44.84758845312988
14851,5,Indianwear,w,2638.2167045910855,3999.0,44.84758845312988
14852,6,Indianwear,aurelia,1049.0,734.0,30.0
14853,7,Indianwear,juniper,2098.0,944.0,55.0
14854,8,Indianwear,kashish,1999.0,999.0,50.0
14855,9,Indianwear,aurelia,1299.0,909.0,30.0
14856,10,Indianwear,janasya,2298.0,919.0,60.0
14857,11,Indianwear,neerus,2499.0,1249.0,50.0
14858,12,Indianwear,myshka,5999.0,1499.0,75.0
14859,13,Indianwear,kashish,1699.0,849.0,50.0
14860,14,Indianwear,ziyaa,1647.0,658.0,60.0
14861,15,Indianwear,ziyaa,3067.0,1226.0,60.0
14862,16,Indianwear,indya,2638.2167045910855,1850.0,44.84758845312988
14863,17,Indianwear,myshka,1999.0,799.0,60.0
14864,18,Indianwear,global desi,3599.0,2339.0,35.0
14865,19,Indianwear,varanga,2999.0,1499.0,50.0
14866,20,Indianwear,w,1799.0,899.0,50.0
14867,21,Indianwear,de moza,2638.2167045910855,499.0,44.84758845312988
14869,23,Indianwear,indya,2450.0,1225.0,50.0
14870,24,Indianwear,indya,1800.0,900.0,50.0
14871,25,Indianwear,stop,499.0,349.0,30.0
14872,0,Indianwear,kashish,2638.2167045910855,1499.0,44.84758845312988
14873,1,Indianwear,stop,899.0,449.0,50.0
14874,2,Indianwear,kami kubi,3999.0,1799.0,55.0
14875,3,Indianwear,get wrapped,2638.2167045910855,499.0,44.84758845312988
14876,4,Indianwear,janasya,3379.0,1351.0,60.0
14877,5,Indianwear,aarke,2638.2167045910855,1900.0,44.84758845312988
14878,6,Indianwear,ziyaa,2697.0,1078.0,60.0
14879,7,Indianwear,global desi,2699.0,2159.0,20.0
14880,8,Indianwear,aurelia,1499.0,1049.0,30.0
14881,9,Indianwear,global desi,2199.0,1099.0,50.0
14882,10,Indianwear,yuris,4299.0,1504.0,65.0
14883,11,Indianwear,yuris,2499.0,1124.0,55.0
14884,12,Indianwear,yuris,1799.0,809.0,55.0
14885,13,Indianwear,de moza,999.0,599.0,40.0
14886,14,Indianwear,kashish,1299.0,649.0,50.0
14887,15,Indianwear,gipsy,1395.0,976.0,30.0
14888,16,Indianwear,haute curry,1499.0,749.0,50.0
14889,17,Indianwear,stop,899.0,449.0,50.0
14890,18,Indianwear,vastranand,3500.0,1925.0,45.0
14891,19,Indianwear,vastranand,4545.0,2272.0,50.0
14892,20,Indianwear,juniper,3899.0,1949.0,50.0
14893,21,Indianwear,kashish,1999.0,999.0,50.0
14895,23,Indianwear,vastranand,4799.0,2159.0,55.0
14896,24,Indianwear,vastranand,4799.0,2159.0,55.0
14897,25,Indianwear,juniper,3599.0,1259.0,65.0
14898,0,Indianwear,juniper,2999.0,1649.0,45.0
14899,1,Indianwear,vastranand,3000.0,1500.0,50.0
14900,2,Indianwear,global desi,1899.0,759.0,60.0
14901,3,Indianwear,vastranand,3995.0,1997.0,50.0
14902,4,Indianwear,varanga,5999.0,2399.0,60.0
14903,5,Indianwear,global desi,2299.0,689.0,70.0
14904,6,Indianwear,varanga,1999.0,599.0,70.0
14905,7,Indianwear,biba,3599.0,2879.0,20.0
14906,8,Indianwear,global desi,3299.0,1649.0,50.0
14907,9,Indianwear,indya,1900.0,950.0,50.0
14908,10,Indianwear,w,999.0,599.0,40.0
14909,11,Indianwear,varanga,3199.0,1599.0,50.0
14910,12,Indianwear,neerus,2799.0,1399.0,50.0
14911,13,Indianwear,w,1699.0,1019.0,40.0
14912,14,Indianwear,w,1799.0,1079.0,40.0
14913,15,Indianwear,w,1999.0,999.0,50.0
14914,16,Indianwear,biba,1999.0,1599.0,20.0
14915,17,Indianwear,myshka,1399.0,419.0,70.0
14916,18,Indianwear,yuris,4299.0,1504.0,65.0
14917,19,Indianwear,yuris,3499.0,1399.0,60.0
14918,20,Indianwear,varanga,2999.0,1199.0,60.0
14919,21,Indianwear,w,2399.0,1799.0,25.0
14921,23,Indianwear,fusion beats,1799.0,719.0,60.0
14922,24,Indianwear,global desi,3999.0,3199.0,20.0
14923,25,Indianwear,w,2638.2167045910855,1299.0,44.84758845312988
14924,0,Indianwear,stop,999.0,499.0,50.0
14925,1,Indianwear,kashish,1299.0,649.0,50.0
14926,2,Indianwear,global desi,1699.0,1359.0,20.0
14927,3,Indianwear,indya,2200.0,1100.0,50.0
14928,4,Indianwear,ziyaa,4293.0,1717.0,60.0
14929,5,Indianwear,aarke,2638.2167045910855,1900.0,44.84758845312988
14930,6,Indianwear,aurelia,2638.2167045910855,999.0,44.84758845312988
14931,7,Indianwear,arteastri,2638.2167045910855,10550.0,44.84758845312988
14932,8,Indianwear,janasya,2599.0,1299.0,50.0
14933,9,Indianwear,aurelia,4299.0,3009.0,30.0
14934,10,Indianwear,ziyaa,1413.0,565.0,60.0
14935,11,Indianwear,janasya,1599.0,639.0,60.0
14936,12,Indianwear,indya,2638.2167045910855,1400.0,44.84758845312988
14937,13,Indianwear,myshka,2499.0,624.0,75.0
14938,14,Indianwear,stop,1299.0,649.0,50.0
14939,15,Indianwear,aurelia,999.0,699.0,30.0
14940,16,Indianwear,infuse,999.0,399.0,60.0
14941,17,Indianwear,fusion beats,3799.0,759.0,80.0
14942,18,Indianwear,kashish,999.0,499.0,50.0
14943,19,Indianwear,global desi,2299.0,1149.0,50.0
14944,20,Indianwear,get wrapped,2638.2167045910855,399.0,44.84758845312988
14945,21,Indianwear,stop,599.0,299.0,50.0
14947,23,Indianwear,ziyaa,2198.0,879.0,60.0
14948,24,Indianwear,myshka,3999.0,999.0,75.0
14949,25,Indianwear,w,2638.2167045910855,2999.0,44.84758845312988
14950,0,Indianwear,w,2999.0,1499.0,50.0
14951,1,Indianwear,indya,2800.0,1400.0,50.0
14952,2,Indianwear,aurelia,1699.0,1189.0,30.0
14953,3,Indianwear,kashish,2638.2167045910855,1999.0,44.84758845312988
14954,4,Indianwear,suti,4399.0,3519.0,20.0
14955,5,Indianwear,janasya,799.0,479.0,40.0
14956,6,Indianwear,varkala silk sarees,4500.0,1350.0,70.0
14958,8,Indianwear,get wrapped,2638.2167045910855,299.0,44.84758845312988
14959,9,Indianwear,ziyaa,1373.0,686.0,50.0
14960,10,Indianwear,w,1299.0,974.0,25.0
14961,11,Indianwear,ziyaa,4546.0,1818.0,60.0
14962,12,Indianwear,global desi,3499.0,1049.0,70.0
14963,13,Indianwear,yuris,3499.0,1399.0,60.0
14964,14,Indianwear,yuris,3499.0,1399.0,60.0
14965,15,Indianwear,yuris,3499.0,1399.0,60.0
14966,16,Indianwear,yuris,1699.0,679.0,60.0
14967,17,Indianwear,haute curry,1299.0,649.0,50.0
14968,18,Indianwear,vastranand,5700.0,2850.0,50.0
14969,19,Indianwear,haute curry,899.0,449.0,50.0
14970,20,Indianwear,varanga,1899.0,854.0,55.0
14971,21,Indianwear,varanga,2638.2167045910855,2099.0,44.84758845312988
14973,23,Indianwear,varanga,1799.0,899.0,50.0
14974,24,Indianwear,vastranand,4599.0,2069.0,55.0
14975,25,Indianwear,varanga,1599.0,639.0,60.0
14976,0,Indianwear,global desi,2799.0,839.0,70.0
14977,1,Indianwear,varanga,2638.2167045910855,4999.0,44.84758845312988
14978,2,Indianwear,yuris,1799.0,719.0,60.0
14979,3,Indianwear,kami kubi,1499.0,599.0,60.0
14980,4,Indianwear,indya,1900.0,950.0,50.0
14981,5,Indianwear,indya,2638.2167045910855,2400.0,44.84758845312988
14982,6,Indianwear,indya,2638.2167045910855,1500.0,44.84758845312988
14983,7,Indianwear,faballey,2400.0,1200.0,50.0
14984,8,Indianwear,w,1899.0,1139.0,40.0
14985,9,Indianwear,de moza,2638.2167045910855,2499.0,44.84758845312988
14986,10,Indianwear,aurelia,2638.2167045910855,2999.0,44.84758845312988
14987,11,Indianwear,haute curry,1699.0,849.0,50.0
14988,12,Indianwear,biba,4599.0,3219.0,30.0
14989,13,Indianwear,janasya,3619.0,1447.0,60.0
14990,14,Indianwear,sanaa,1499.0,1049.0,30.0
14991,15,Indianwear,ziyaa,1505.0,677.0,55.0
14992,16,Indianwear,indya,1400.0,700.0,50.0
14993,17,Indianwear,w,2999.0,1499.0,50.0
14994,18,Indianwear,biba,5995.0,3597.0,40.0
14995,19,Indianwear,janasya,899.0,494.0,45.0
14996,20,Indianwear,w,2638.2167045910855,1799.0,44.84758845312988
14997,21,Indianwear,global desi,1799.0,899.0,50.0
14999,23,Indianwear,indya,2638.2167045910855,1500.0,44.84758845312988
15000,24,Indianwear,kami kubi,3999.0,1799.0,55.0
15001,25,Indianwear,varanga,2499.0,874.0,65.0
15002,0,Indianwear,get wrapped,2638.2167045910855,499.0,44.84758845312988
15003,1,Indianwear,global desi,3899.0,3119.0,20.0
15004,2,Indianwear,biba,2638.2167045910855,999.0,44.84758845312988
15005,3,Indianwear,stop,399.0,199.0,50.0
15006,4,Indianwear,global desi,3499.0,2799.0,20.0
15007,5,Indianwear,varanga,5999.0,1799.0,70.0
15008,6,Indianwear,janasya,969.0,484.0,50.0
15009,7,Indianwear,ira soleil,2638.2167045910855,2499.0,44.84758845312988
15010,8,Indianwear,haute curry,899.0,449.0,50.0
15011,9,Indianwear,janasya,1798.0,809.0,55.0
15012,10,Indianwear,kami kubi,1499.0,599.0,60.0
15013,11,Indianwear,w,3599.0,2699.0,25.0
15014,12,Indianwear,suti,2499.0,1999.0,20.0
15015,13,Indianwear,ziyaa,3211.0,1123.0,65.0
15016,14,Indianwear,ziyaa,2018.0,807.0,60.0
15017,15,Indianwear,global desi,2099.0,1259.0,40.0
15018,16,Indianwear,janasya,1599.0,719.0,55.0
15019,17,Indianwear,juniper,3899.0,1754.0,55.0
15020,18,Indianwear,janasya,1099.0,549.0,50.0
15021,19,Indianwear,ira soleil,2638.2167045910855,2209.0,44.84758845312988
15022,20,Indianwear,global desi,1899.0,1234.0,35.0
15023,21,Indianwear,ziyaa,2683.0,1073.0,60.0
15025,23,Indianwear,aurelia,2638.2167045910855,799.0,44.84758845312988
15026,24,Indianwear,ziyaa,2610.0,1044.0,60.0
15027,25,Indianwear,de moza,999.0,599.0,40.0
15028,0,Indianwear,janasya,2298.0,1378.0,40.0
15029,1,Indianwear,janasya,1199.0,539.0,55.0
15030,2,Indianwear,de moza,2638.2167045910855,799.0,44.84758845312988
15031,3,Indianwear,biba,999.0,599.0,40.0
15032,4,Indianwear,ziyaa,1901.0,855.0,55.0
15033,5,Indianwear,global desi,1999.0,999.0,50.0
15034,6,Indianwear,stop,1299.0,649.0,50.0
15035,7,Indianwear,suti,2799.0,2239.0,20.0
15036,8,Indianwear,myshka,4999.0,1249.0,75.0
15037,9,Indianwear,w,2638.2167045910855,4999.0,44.84758845312988
15038,10,Indianwear,janasya,3059.0,1223.0,60.0
15039,11,Indianwear,myshka,2999.0,899.0,70.0
15040,12,Indianwear,global desi,1399.0,909.0,35.0
15041,13,Indianwear,aurelia,2638.2167045910855,1599.0,44.84758845312988
15042,14,Indianwear,juniper,7099.0,4259.0,40.0
15043,15,Indianwear,myshka,3999.0,1199.0,70.0
15044,16,Indianwear,janasya,4998.0,1749.0,65.0
15045,17,Indianwear,w,2638.2167045910855,1499.0,44.84758845312988
15046,18,Indianwear,de moza,2638.2167045910855,599.0,44.84758845312988
15047,19,Indianwear,stop,499.0,349.0,30.0
15048,20,Indianwear,ziyaa,1867.0,746.0,60.0
15049,21,Indianwear,yuris,1349.0,674.0,50.0
15051,23,Indianwear,global desi,2638.2167045910855,1699.0,44.84758845312988
15052,24,Indianwear,w,2799.0,1399.0,50.0
15053,25,Indianwear,w,8999.0,6749.0,25.0
15054,0,Indianwear,ziyaa,1776.0,710.0,60.0
15055,1,Indianwear,yuris,2999.0,1349.0,55.0
15056,2,Indianwear,yuris,2299.0,1149.0,50.0
15057,3,Indianwear,juniper,2638.2167045910855,1299.0,44.84758845312988
15058,4,Indianwear,w,2638.2167045910855,2799.0,44.84758845312988
15059,5,Indianwear,stop,1299.0,649.0,50.0
15060,6,Indianwear,yuris,1599.0,639.0,60.0
15061,7,Indianwear,biba,3299.0,2639.0,20.0
15062,8,Indianwear,janasya,3439.0,1375.0,60.0
15063,9,Indianwear,varanga,1699.0,849.0,50.0
15064,10,Indianwear,vastranand,2599.0,1559.0,40.0
15065,11,Indianwear,vastranand,4599.0,2069.0,55.0
15066,12,Indianwear,juniper,3099.0,1549.0,50.0
15067,13,Indianwear,vastranand,3475.0,1737.0,50.0
15068,14,Indianwear,ira soleil,2638.2167045910855,1999.0,44.84758845312988
15069,15,Indianwear,stop,999.0,499.0,50.0
15070,16,Indianwear,global desi,2199.0,879.0,60.0
15071,17,Indianwear,varanga,3399.0,1699.0,50.0
15072,18,Indianwear,juniper,6447.0,5157.0,20.0
15073,19,Indianwear,vastranand,4575.0,2287.0,50.0
15074,20,Indianwear,ira soleil,2638.2167045910855,3499.0,44.84758845312988
15075,21,Indianwear,juniper,4999.0,2499.0,50.0
15077,23,Indianwear,varanga,2999.0,1049.0,65.0
15078,24,Indianwear,varanga,3299.0,824.0,75.0
15079,25,Indianwear,janasya,4199.0,1469.0,65.0
15080,0,Indianwear,amukti,1299.0,909.0,30.0
15081,1,Indianwear,kashish,2499.0,1249.0,50.0
15082,2,Indianwear,aurelia,1299.0,909.0,30.0
15083,3,Indianwear,aurelia,3399.0,2379.0,30.0
15084,4,Indianwear,indya,2638.2167045910855,1600.0,44.84758845312988
15085,5,Indianwear,w,1899.0,949.0,50.0
15086,6,Indianwear,global desi,2799.0,1819.0,35.0
15087,7,Indianwear,indya,2638.2167045910855,3800.0,44.84758845312988
15088,8,Indianwear,kami kubi,1499.0,599.0,60.0
15089,9,Indianwear,neerus,3799.0,3039.0,20.0
15090,10,Indianwear,indya,2200.0,1100.0,50.0
15091,11,Indianwear,indya,2500.0,1250.0,50.0
15092,12,Indianwear,janasya,1549.0,619.0,60.0
15093,13,Indianwear,yuris,1299.0,649.0,50.0
15094,14,Indianwear,kashish,1799.0,899.0,50.0
15095,15,Indianwear,global desi,2099.0,839.0,60.0
15096,16,Indianwear,aurelia,2638.2167045910855,1399.0,44.84758845312988
15097,17,Indianwear,kami kubi,3499.0,1924.0,45.0
15098,18,Indianwear,suti,3999.0,3199.0,20.0
15099,19,Indianwear,aurelia,2638.2167045910855,1299.0,44.84758845312988
15100,20,Indianwear,myshka,1299.0,454.0,65.0
15101,21,Indianwear,w,2638.2167045910855,1799.0,44.84758845312988
15103,23,Indianwear,aarke,2638.2167045910855,3400.0,44.84758845312988
15104,24,Indianwear,janasya,1798.0,809.0,55.0
15105,25,Indianwear,janasya,2649.0,1456.0,45.0
15106,0,Indianwear,stop,1299.0,649.0,50.0
15107,1,Indianwear,janasya,1699.0,594.0,65.0
15108,2,Indianwear,haute curry,899.0,449.0,50.0
15109,3,Indianwear,stop,1299.0,649.0,50.0
15110,4,Indianwear,w,2499.0,1874.0,25.0
15111,5,Indianwear,stop,1299.0,649.0,50.0
15112,6,Indianwear,ziyaa,1897.0,1327.0,30.0
15113,7,Indianwear,varanga,2199.0,989.0,55.0
15114,8,Indianwear,haute curry,799.0,399.0,50.0
15115,9,Indianwear,ziyaa,1353.0,676.0,50.0
15116,10,Indianwear,get wrapped,2638.2167045910855,299.0,44.84758845312988
15117,11,Indianwear,kami kubi,4299.0,2579.0,40.0
15118,12,Indianwear,janasya,2949.0,1327.0,55.0
15119,13,Indianwear,varanga,3599.0,1439.0,60.0
15120,14,Indianwear,sanaa,1049.0,734.0,30.0
15121,15,Indianwear,stop,2638.2167045910855,999.0,44.84758845312988
15122,16,Indianwear,neerus,3399.0,1699.0,50.0
15123,17,Indianwear,janasya,2199.0,1099.0,50.0
15124,18,Indianwear,haute curry,899.0,449.0,50.0
15125,19,Indianwear,w,4599.0,2299.0,50.0
15126,20,Indianwear,ritu kumar,2638.2167045910855,3300.0,44.84758845312988
15127,21,Indianwear,aurelia,2299.0,1609.0,30.0
15129,23,Indianwear,global desi,2638.2167045910855,1399.0,44.84758845312988
15130,24,Indianwear,global desi,1799.0,719.0,60.0
15131,25,Indianwear,get wrapped,2638.2167045910855,299.0,44.84758845312988
15132,0,Indianwear,w,2638.2167045910855,1999.0,44.84758845312988
15133,1,Indianwear,w,2638.2167045910855,1399.0,44.84758845312988
15134,2,Indianwear,aurelia,999.0,699.0,30.0
15135,3,Indianwear,global desi,6799.0,5439.0,20.0
15136,4,Indianwear,ziyaa,1839.0,1287.0,30.0
15137,5,Indianwear,neerus,1999.0,1199.0,40.0
15138,6,Indianwear,stop,2638.2167045910855,799.0,44.84758845312988
15139,7,Indianwear,global desi,2399.0,1199.0,50.0
15140,8,Indianwear,ziyaa,2837.0,1276.0,55.0
15141,9,Indianwear,kashish,1499.0,749.0,50.0
15142,10,Indianwear,ziyaa,1995.0,798.0,60.0
15143,11,Indianwear,varkala silk sarees,4500.0,1350.0,70.0
15144,12,Indianwear,global desi,2299.0,1839.0,20.0
15145,13,Indianwear,global desi,1999.0,1199.0,40.0
15146,14,Indianwear,global desi,2099.0,1364.0,35.0
15147,15,Indianwear,yuris,2799.0,1119.0,60.0
15148,16,Indianwear,yuris,2999.0,1349.0,55.0
15149,17,Indianwear,janasya,1549.0,619.0,60.0
15150,18,Indianwear,de moza,2638.2167045910855,449.0,44.84758845312988
15151,19,Indianwear,aurelia,2638.2167045910855,1499.0,44.84758845312988
15152,20,Indianwear,vastranand,4999.0,2999.0,40.0
15153,21,Indianwear,varanga,1599.0,799.0,50.0
15155,23,Indianwear,juniper,3599.0,1259.0,65.0
15156,24,Indianwear,vastranand,3950.0,2172.0,45.0
15157,25,Indianwear,ira soleil,2638.2167045910855,1999.0,44.84758845312988
15158,0,Indianwear,vastranand,6600.0,3300.0,50.0
15159,1,Indianwear,kashish,2999.0,1499.0,50.0
15160,2,Indianwear,juniper,2899.0,1304.0,55.0
15161,3,Indianwear,vastranand,5500.0,2200.0,60.0
15162,4,Indianwear,aurelia,1499.0,1049.0,30.0
15163,5,Indianwear,haute curry,799.0,399.0,50.0
15164,6,Indianwear,indya,3600.0,1800.0,50.0
15165,7,Indianwear,juniper,4099.0,1434.0,65.0
15166,8,Indianwear,global desi,2399.0,1439.0,40.0
15167,9,Indianwear,janasya,4998.0,2249.0,55.0
15168,10,Indianwear,w,2638.2167045910855,2999.0,44.84758845312988
15169,11,Indianwear,aurelia,2499.0,1249.0,50.0
15170,12,Indianwear,indya,2638.2167045910855,2900.0,44.84758845312988
15171,13,Indianwear,aurelia,1999.0,1399.0,30.0
15172,14,Indianwear,indya,2638.2167045910855,3400.0,44.84758845312988
15173,15,Indianwear,kashish,1599.0,799.0,50.0
15174,16,Indianwear,yuris,1599.0,639.0,60.0
15175,17,Indianwear,juniper,1899.0,759.0,60.0
15176,18,Indianwear,juniper,1299.0,519.0,60.0
15177,19,Indianwear,varanga,2799.0,1259.0,55.0
15178,20,Indianwear,varanga,2638.2167045910855,2099.0,44.84758845312988
15179,21,Indianwear,juniper,1499.0,899.0,40.0
15181,23,Indianwear,w,1799.0,1349.0,25.0
15182,24,Indianwear,biba,2799.0,1679.0,40.0
15183,25,Indianwear,myshka,1999.0,699.0,65.0
15184,0,Indianwear,kami kubi,1499.0,674.0,55.0
15185,1,Indianwear,aarke,2638.2167045910855,2900.0,44.84758845312988
15186,2,Indianwear,global desi,1799.0,1259.0,30.0
15187,3,Indianwear,global desi,1699.0,849.0,50.0
15188,4,Indianwear,indya,2638.2167045910855,1900.0,44.84758845312988
15189,5,Indianwear,w,2599.0,1949.0,25.0
15190,6,Indianwear,w,2638.2167045910855,1499.0,44.84758845312988
15191,7,Indianwear,faballey,2400.0,1200.0,50.0
15192,8,Indianwear,stop,1299.0,649.0,50.0
15193,9,Indianwear,ziyaa,2763.0,1105.0,60.0
15194,10,Indianwear,yuris,1999.0,599.0,70.0
15195,11,Indianwear,w,5999.0,2999.0,50.0
15196,12,Indianwear,ziyaa,4347.0,1738.0,60.0
15197,13,Indianwear,aurelia,2638.2167045910855,1499.0,44.84758845312988
15198,14,Indianwear,biba,1799.0,1079.0,40.0
15199,15,Indianwear,aurelia,799.0,479.0,40.0
15200,16,Indianwear,get wrapped,2638.2167045910855,499.0,44.84758845312988
15201,17,Indianwear,aurelia,1699.0,1189.0,30.0
15202,18,Indianwear,aurelia,2638.2167045910855,499.0,44.84758845312988
15203,19,Indianwear,suti,3999.0,3199.0,20.0
15204,20,Indianwear,janasya,1199.0,599.0,50.0
15205,21,Indianwear,stop,1299.0,649.0,50.0
15207,23,Indianwear,juniper,2599.0,1299.0,50.0
15208,24,Indianwear,stop,799.0,559.0,30.0
15209,25,Indianwear,janasya,1399.0,559.0,60.0
15210,0,Indianwear,global desi,1599.0,1039.0,35.0
15211,1,Indianwear,myshka,5999.0,1499.0,75.0
15212,2,Indianwear,janasya,1599.0,639.0,60.0
15213,3,Indianwear,haute curry,1799.0,989.0,45.0
15214,4,Indianwear,w,4999.0,2499.0,50.0
15215,5,Indianwear,global desi,1599.0,959.0,40.0
15216,6,Indianwear,janasya,2399.0,1439.0,40.0
15217,7,Indianwear,fusion beats,1699.0,679.0,60.0
15218,8,Indianwear,w,3799.0,2849.0,25.0
15219,9,Indianwear,janasya,1549.0,774.0,50.0
15220,10,Indianwear,indya,2600.0,1300.0,50.0
15221,11,Indianwear,w,6999.0,3499.0,50.0
15222,12,Indianwear,myshka,1699.0,509.0,70.0
15223,13,Indianwear,ziyaa,3922.0,1568.0,60.0
15224,14,Indianwear,infuse,1899.0,949.0,50.0
15225,15,Indianwear,global desi,2699.0,2159.0,20.0
15226,16,Indianwear,janasya,2329.0,1164.0,50.0
15227,17,Indianwear,aurelia,2638.2167045910855,999.0,44.84758845312988
15228,18,Indianwear,varkala silk sarees,4500.0,1350.0,70.0
15229,19,Indianwear,haute curry,999.0,499.0,50.0
15230,20,Indianwear,get wrapped,2638.2167045910855,399.0,44.84758845312988
15231,21,Indianwear,crimsoune club,1599.0,1119.0,30.0
15234,24,Indianwear,indya,2800.0,1400.0,50.0
15235,25,Indianwear,indya,2800.0,1400.0,50.0
15236,0,Indianwear,aurelia,1199.0,839.0,30.0
15237,1,Indianwear,aurelia,2638.2167045910855,1099.0,44.84758845312988
15238,2,Indianwear,global desi,2199.0,1099.0,50.0
15239,3,Indianwear,yuris,2299.0,919.0,60.0
15240,4,Indianwear,yuris,2799.0,1119.0,60.0
15241,5,Indianwear,biba,1799.0,1079.0,40.0
15242,6,Indianwear,varanga,2799.0,1399.0,50.0
15243,7,Indianwear,varanga,4399.0,1759.0,60.0
15244,8,Indianwear,kashish,1699.0,849.0,50.0
15245,9,Indianwear,stop,599.0,299.0,50.0
15246,10,Indianwear,kashish,1799.0,899.0,50.0
15247,11,Indianwear,vastranand,5700.0,2850.0,50.0
15248,12,Indianwear,vastranand,5500.0,2475.0,55.0
15249,13,Indianwear,varanga,5999.0,2099.0,65.0
15250,14,Indianwear,varanga,1399.0,769.0,45.0
15251,15,Indianwear,stop,1499.0,749.0,50.0
15252,16,Indianwear,vastranand,5700.0,3135.0,45.0
15253,17,Indianwear,juniper,3899.0,1559.0,60.0
15254,18,Indianwear,vastranand,5700.0,2850.0,50.0
15255,19,Indianwear,varanga,2599.0,1039.0,60.0
15256,20,Indianwear,vastranand,4799.0,2159.0,55.0
15257,21,Indianwear,vastranand,5700.0,2850.0,50.0
15259,23,Indianwear,vastranand,4599.0,2069.0,55.0
15260,24,Indianwear,ira soleil,2638.2167045910855,5999.0,44.84758845312988
15261,25,Indianwear,ira soleil,2638.2167045910855,2499.0,44.84758845312988
15262,0,Indianwear,indya,1650.0,825.0,50.0
15263,1,Indianwear,global desi,2199.0,1539.0,30.0
15264,2,Indianwear,indya,3400.0,1700.0,50.0
15265,3,Indianwear,w,1999.0,999.0,50.0
15266,4,Indianwear,aurelia,2638.2167045910855,999.0,44.84758845312988
15267,5,Indianwear,janasya,4999.0,2249.0,55.0
15268,6,Indianwear,indya,2638.2167045910855,2100.0,44.84758845312988
15269,7,Indianwear,ritu kumar,2638.2167045910855,7200.0,44.84758845312988
15270,8,Indianwear,indya,2638.2167045910855,1900.0,44.84758845312988
15271,9,Indianwear,janasya,2198.0,659.0,70.0
15272,10,Indianwear,indya,3600.0,2880.0,20.0
15273,11,Indianwear,yuris,3999.0,1399.0,65.0
15274,12,Indianwear,yuris,3999.0,1399.0,65.0
15275,13,Indianwear,juniper,3299.0,2144.0,35.0
15276,14,Indianwear,juniper,1299.0,649.0,50.0
15277,15,Indianwear,fusion beats,1499.0,599.0,60.0
15278,16,Indianwear,janasya,1029.0,514.0,50.0
15279,17,Indianwear,global desi,2599.0,1819.0,30.0
15280,18,Indianwear,indya,1850.0,925.0,50.0
15281,19,Indianwear,fusion beats,1699.0,849.0,50.0
15282,20,Indianwear,stop,999.0,499.0,50.0
15283,21,Indianwear,get wrapped,2638.2167045910855,299.0,44.84758845312988
15285,23,Indianwear,myshka,2199.0,659.0,70.0
15286,24,Indianwear,stop,999.0,499.0,50.0
15287,25,Indianwear,aurelia,2699.0,1889.0,30.0
15288,0,Indianwear,aurelia,2638.2167045910855,4199.0,44.84758845312988
15289,1,Indianwear,myshka,2499.0,499.0,80.0
15290,2,Indianwear,kashish,1799.0,899.0,50.0
15291,3,Indianwear,ziyaa,2992.0,1196.0,60.0
15292,4,Indianwear,varanga,3199.0,1599.0,50.0
15293,5,Indianwear,indya,2950.0,1475.0,50.0
15294,6,Indianwear,w,2638.2167045910855,1299.0,44.84758845312988
15295,7,Indianwear,amukti,999.0,499.0,50.0
15296,8,Indianwear,janasya,3379.0,1351.0,60.0
15297,9,Indianwear,kashish,1999.0,999.0,50.0
15298,10,Indianwear,janasya,2299.0,1034.0,55.0
15299,11,Indianwear,varanga,5999.0,2399.0,60.0
15300,12,Indianwear,ziyaa,1953.0,781.0,60.0
15301,13,Indianwear,janasya,1199.0,539.0,55.0
15302,14,Indianwear,janasya,2599.0,1039.0,60.0
15303,15,Indianwear,janasya,1599.0,879.0,45.0
15304,16,Indianwear,indya,3200.0,1600.0,50.0
15305,17,Indianwear,w,1799.0,1349.0,25.0
15306,18,Indianwear,indya,2638.2167045910855,1500.0,44.84758845312988
15307,19,Indianwear,stop,899.0,449.0,50.0
15308,20,Indianwear,global desi,1699.0,1359.0,20.0
15309,21,Indianwear,janasya,1399.0,769.0,45.0
15311,23,Indianwear,indya,2400.0,1200.0,50.0
15312,24,Indianwear,aurelia,1499.0,899.0,40.0
15313,25,Indianwear,janasya,1199.0,659.0,45.0
15314,0,Indianwear,janasya,1029.0,514.0,50.0
15315,1,Indianwear,aurelia,2638.2167045910855,3999.0,44.84758845312988
15316,2,Indianwear,global desi,1899.0,1519.0,20.0
15317,3,Indianwear,de moza,1999.0,1199.0,40.0
15318,4,Indianwear,indya,2400.0,1200.0,50.0
15319,5,Indianwear,infuse,1899.0,949.0,50.0
15320,6,Indianwear,ziyaa,1927.0,867.0,55.0
15321,7,Indianwear,get wrapped,2638.2167045910855,349.0,44.84758845312988
15322,8,Indianwear,w,2638.2167045910855,799.0,44.84758845312988
15323,9,Indianwear,ira soleil,2638.2167045910855,1999.0,44.84758845312988
15324,10,Indianwear,shaya by caratlane,2638.2167045910855,1900.0,44.84758845312988
15325,11,Indianwear,yuris,2799.0,1119.0,60.0
15326,12,Indianwear,yuris,1799.0,719.0,60.0
15327,13,Indianwear,w,2638.2167045910855,1299.0,44.84758845312988
15328,14,Indianwear,global desi,2499.0,1999.0,20.0
15329,15,Indianwear,ziyaa,4455.0,1782.0,60.0
15330,16,Indianwear,yuris,2799.0,1259.0,55.0
15331,17,Indianwear,yuris,1799.0,719.0,60.0
15332,18,Indianwear,yuris,4299.0,1504.0,65.0
15333,19,Indianwear,yuris,3499.0,1399.0,60.0
15334,20,Indianwear,global desi,3199.0,1599.0,50.0
15335,21,Indianwear,global desi,3099.0,2479.0,20.0
15337,23,Indianwear,global desi,2199.0,879.0,60.0
15338,24,Indianwear,kashish,1299.0,649.0,50.0
15339,25,Indianwear,stop,499.0,349.0,30.0
15340,0,Indianwear,biba,1999.0,1199.0,40.0
15341,1,Indianwear,varanga,5999.0,2099.0,65.0
15342,2,Indianwear,kashish,1499.0,749.0,50.0
15343,3,Indianwear,vastranand,4775.0,2387.0,50.0
15344,4,Indianwear,vastranand,2599.0,1559.0,40.0
15345,5,Indianwear,varanga,5999.0,2099.0,65.0
15346,6,Indianwear,vastranand,4599.0,2069.0,55.0
15347,7,Indianwear,varanga,1999.0,899.0,55.0
15348,8,Indianwear,varanga,2599.0,779.0,70.0
15349,9,Indianwear,juniper,1999.0,999.0,50.0
15350,10,Indianwear,indya,1800.0,900.0,50.0
15351,11,Indianwear,janasya,1899.0,759.0,60.0
15352,12,Indianwear,stop,1299.0,649.0,50.0
15353,13,Indianwear,stop,1499.0,749.0,50.0
15354,14,Indianwear,aurelia,999.0,699.0,30.0
15355,15,Indianwear,aurelia,2638.2167045910855,3599.0,44.84758845312988
15356,16,Indianwear,yuris,2899.0,1159.0,60.0
15357,17,Indianwear,varanga,4999.0,1499.0,70.0
15358,18,Indianwear,varanga,5999.0,2099.0,65.0
15359,19,Indianwear,kashish,1699.0,849.0,50.0
15360,20,Indianwear,fusion beats,2399.0,959.0,60.0
15361,21,Indianwear,haute curry,2638.2167045910855,1999.0,44.84758845312988
15363,23,Indianwear,shaya by caratlane,1300.0,1235.0,5.0
15364,24,Indianwear,w,1799.0,1349.0,25.0
15365,25,Indianwear,aurelia,1399.0,979.0,30.0
15366,0,Indianwear,aurelia,2638.2167045910855,699.0,44.84758845312988
15367,1,Indianwear,stop,899.0,449.0,50.0
15369,3,Indianwear,ziyaa,2663.0,1065.0,60.0
15370,4,Indianwear,amukti,1599.0,799.0,50.0
15371,5,Indianwear,w,2638.2167045910855,1999.0,44.84758845312988
15372,6,Indianwear,get wrapped,2638.2167045910855,349.0,44.84758845312988
15373,7,Indianwear,ziyaa,1957.0,782.0,60.0
15374,8,Indianwear,haute curry,899.0,449.0,50.0
15375,9,Indianwear,ziyaa,1200.0,600.0,50.0
15376,10,Indianwear,neerus,2299.0,1379.0,40.0
15377,11,Indianwear,aurelia,1399.0,979.0,30.0
15378,12,Indianwear,global desi,1599.0,1039.0,35.0
15379,13,Indianwear,myshka,2999.0,749.0,75.0
15381,15,Indianwear,janasya,3379.0,1351.0,60.0
15382,16,Indianwear,w,2638.2167045910855,2599.0,44.84758845312988
15383,17,Indianwear,indya,2638.2167045910855,2400.0,44.84758845312988
15384,18,Indianwear,indya,1600.0,800.0,50.0
15385,19,Indianwear,stop,1299.0,649.0,50.0
15386,20,Indianwear,janasya,1299.0,519.0,60.0
15387,21,Indianwear,stop,2638.2167045910855,799.0,44.84758845312988
15389,23,Indianwear,amukti,999.0,499.0,50.0
15390,24,Indianwear,stop,1999.0,999.0,50.0
15391,25,Indianwear,janasya,1699.0,764.0,55.0
15392,0,Indianwear,ziyaa,1477.0,590.0,60.0
15393,1,Indianwear,neerus,2799.0,2239.0,20.0
15394,2,Indianwear,w,2999.0,1499.0,50.0
15395,3,Indianwear,varkala silk sarees,4500.0,1350.0,70.0
15396,4,Indianwear,aurelia,2638.2167045910855,2999.0,44.84758845312988
15397,5,Indianwear,ziyaa,1727.0,690.0,60.0
15398,6,Indianwear,global desi,6299.0,3149.0,50.0
15399,7,Indianwear,and,3999.0,3199.0,20.0
15400,8,Indianwear,global desi,2638.2167045910855,3299.0,44.84758845312988
15401,9,Indianwear,w,1799.0,1349.0,25.0
15402,10,Indianwear,ziyaa,1953.0,781.0,60.0
15403,11,Indianwear,w,2638.2167045910855,1099.0,44.84758845312988
15404,12,Indianwear,janasya,3199.0,1439.0,55.0
15405,13,Indianwear,de moza,2638.2167045910855,499.0,44.84758845312988
15406,14,Indianwear,kashish,1299.0,649.0,50.0
15407,15,Indianwear,janasya,2599.0,1299.0,50.0
15408,16,Indianwear,amukti,1299.0,909.0,30.0
15409,17,Indianwear,global desi,1399.0,839.0,40.0
15410,18,Indianwear,stop,899.0,449.0,50.0
15411,19,Indianwear,ziyaa,1392.0,556.0,60.0
15412,20,Indianwear,w,1699.0,1274.0,25.0
15413,21,Indianwear,indya,2638.2167045910855,1600.0,44.84758845312988
15415,23,Indianwear,ziyaa,3747.0,1498.0,60.0
15416,24,Indianwear,global desi,4799.0,3839.0,20.0
15417,25,Indianwear,janasya,4198.0,2099.0,50.0
15418,0,Indianwear,global desi,2699.0,2159.0,20.0
15419,1,Indianwear,kashish,2999.0,1499.0,50.0
15420,2,Indianwear,janasya,1699.0,594.0,65.0
15421,3,Indianwear,ziyaa,1917.0,766.0,60.0
15422,4,Indianwear,aurelia,1049.0,629.0,40.0
15423,5,Indianwear,amukti,1599.0,799.0,50.0
15424,6,Indianwear,kashish,1799.0,899.0,50.0
15425,7,Indianwear,yuris,1699.0,849.0,50.0
15426,8,Indianwear,janasya,1269.0,571.0,55.0
15427,9,Indianwear,janasya,1549.0,774.0,50.0
15428,10,Indianwear,stop,599.0,299.0,50.0
15429,11,Indianwear,ziyaa,4709.0,1883.0,60.0
15430,12,Indianwear,yuris,3999.0,1399.0,65.0
15431,13,Indianwear,yuris,1999.0,899.0,55.0
15432,14,Indianwear,yuris,1599.0,799.0,50.0
15433,15,Indianwear,global desi,2499.0,1749.0,30.0
15434,16,Indianwear,infuse,1799.0,899.0,50.0
15435,17,Indianwear,biba,3999.0,2399.0,40.0
15436,18,Indianwear,varanga,2638.2167045910855,4999.0,44.84758845312988
15437,19,Indianwear,juniper,1699.0,1019.0,40.0
15438,20,Indianwear,juniper,1699.0,1019.0,40.0
15439,21,Indianwear,varanga,5999.0,2999.0,50.0
15441,23,Indianwear,juniper,4099.0,1639.0,60.0
15442,24,Indianwear,vastranand,1998.0,1398.0,30.0
15443,25,Indianwear,vastranand,4995.0,1998.0,60.0
15444,0,Indianwear,varanga,2599.0,1039.0,60.0
15445,1,Indianwear,ira soleil,2638.2167045910855,3999.0,44.84758845312988
15446,2,Indianwear,vastranand,3675.0,2021.0,45.0
15447,3,Indianwear,juniper,4197.0,1888.0,55.0
15448,4,Indianwear,varanga,2999.0,1049.0,65.0
15449,5,Indianwear,varanga,3999.0,999.0,75.0
15450,6,Indianwear,juniper,2499.0,749.0,70.0
15451,7,Indianwear,vastranand,3675.0,2021.0,45.0
15452,8,Indianwear,varanga,1499.0,749.0,50.0
15453,9,Indianwear,juniper,3899.0,2339.0,40.0
15454,10,Indianwear,ira soleil,2638.2167045910855,1999.0,44.84758845312988
15455,11,Indianwear,de moza,2638.2167045910855,1299.0,44.84758845312988
15456,12,Indianwear,global desi,1799.0,899.0,50.0
15457,13,Indianwear,global desi,1499.0,899.0,40.0
15458,14,Indianwear,w,3299.0,1979.0,40.0
15459,15,Indianwear,janasya,1499.0,599.0,60.0
15460,16,Indianwear,aurelia,1499.0,749.0,50.0
15461,17,Indianwear,global desi,5799.0,2899.0,50.0
15462,18,Indianwear,ziyaa,5138.0,2055.0,60.0
15463,19,Indianwear,juniper,2999.0,1499.0,50.0
15464,20,Indianwear,biba,4995.0,2997.0,40.0
15465,21,Indianwear,juniper,6447.0,5157.0,20.0
15467,23,Indianwear,juniper,4699.0,1409.0,70.0
15468,24,Indianwear,varanga,2638.2167045910855,3799.0,44.84758845312988
15469,25,Indianwear,global desi,2699.0,1079.0,60.0
15470,0,Indianwear,varanga,2999.0,1049.0,65.0
15471,1,Indianwear,myshka,3999.0,999.0,75.0
15472,2,Indianwear,ziyaa,1683.0,757.0,55.0
15473,3,Indianwear,fusion beats,1599.0,639.0,60.0
15474,4,Indianwear,de moza,2638.2167045910855,449.0,44.84758845312988
15475,5,Indianwear,ziyaa,2698.0,1079.0,60.0
15476,6,Indianwear,ziyaa,3027.0,1210.0,60.0
15477,7,Indianwear,ayesha,2638.2167045910855,898.0,44.84758845312988
15478,8,Indianwear,shaya by caratlane,2638.2167045910855,1600.0,44.84758845312988
15479,9,Indianwear,w,2638.2167045910855,2499.0,44.84758845312988
15480,10,Indianwear,w,2599.0,1949.0,25.0
15481,11,Indianwear,global desi,1699.0,1359.0,20.0
15482,12,Indianwear,aurelia,2799.0,1959.0,30.0
15483,13,Indianwear,janasya,5098.0,2549.0,50.0
15484,14,Indianwear,global desi,3699.0,2404.0,35.0
15485,15,Indianwear,stop,2638.2167045910855,1199.0,44.84758845312988
15486,16,Indianwear,neerus,1999.0,1199.0,40.0
15487,17,Indianwear,janasya,1999.0,999.0,50.0
15488,18,Indianwear,w,2638.2167045910855,1699.0,44.84758845312988
15489,19,Indianwear,ziyaa,3959.0,1583.0,60.0
15490,20,Indianwear,indya,2100.0,1680.0,20.0
15491,21,Indianwear,haute curry,999.0,499.0,50.0
15493,23,Indianwear,global desi,2699.0,2159.0,20.0
15494,24,Indianwear,ziyaa,1563.0,781.0,50.0
15495,25,Indianwear,varanga,4999.0,1499.0,70.0
15496,0,Indianwear,ziyaa,3157.0,1420.0,55.0
15497,1,Indianwear,ziyaa,3110.0,1244.0,60.0
15498,2,Indianwear,aurelia,2638.2167045910855,1499.0,44.84758845312988
15499,3,Indianwear,ira soleil,2638.2167045910855,1999.0,44.84758845312988
15500,4,Indianwear,w,2638.2167045910855,1399.0,44.84758845312988
15501,5,Indianwear,w,2638.2167045910855,1799.0,44.84758845312988
15502,6,Indianwear,ritu kumar,3900.0,3120.0,20.0
15503,7,Indianwear,fusion beats,1799.0,899.0,50.0
15504,8,Indianwear,global desi,2499.0,999.0,60.0
15505,9,Indianwear,suti,2199.0,1759.0,20.0
15506,10,Indianwear,ritu kumar,2638.2167045910855,5600.0,44.84758845312988
15507,11,Indianwear,w,2638.2167045910855,599.0,44.84758845312988
15508,12,Indianwear,janasya,1399.0,559.0,60.0
15509,13,Indianwear,indya,1600.0,800.0,50.0
15510,14,Indianwear,w,2638.2167045910855,1999.0,44.84758845312988
15511,15,Indianwear,w,2638.2167045910855,2799.0,44.84758845312988
15512,16,Indianwear,varkala silk sarees,4500.0,1350.0,70.0
15513,17,Indianwear,global desi,1999.0,1299.0,35.0
15514,18,Indianwear,janasya,1199.0,659.0,45.0
15515,19,Indianwear,aurelia,2638.2167045910855,599.0,44.84758845312988
15516,20,Indianwear,myshka,3499.0,874.0,75.0
15517,21,Indianwear,janasya,1029.0,514.0,50.0
15519,23,Indianwear,janasya,4998.0,2249.0,55.0
15520,24,Indianwear,indya,1950.0,975.0,50.0
15521,25,Indianwear,indya,2450.0,1225.0,50.0
15522,0,Indianwear,w,2638.2167045910855,3599.0,44.84758845312988
15523,1,Indianwear,global desi,2799.0,1819.0,35.0
15524,2,Indianwear,janasya,2599.0,1299.0,50.0
15525,3,Indianwear,varkala silk sarees,5500.0,1375.0,75.0
15526,4,Indianwear,global desi,1699.0,849.0,50.0
15527,5,Indianwear,global desi,3299.0,2309.0,30.0
15528,6,Indianwear,kashish,2999.0,1499.0,50.0
15529,7,Indianwear,global desi,2999.0,2099.0,30.0
15530,8,Indianwear,aurelia,1499.0,749.0,50.0
15531,9,Indianwear,yuris,3999.0,1599.0,60.0
15532,10,Indianwear,yuris,2799.0,1259.0,55.0
15533,11,Indianwear,global desi,1999.0,1299.0,35.0
15534,12,Indianwear,global desi,2199.0,1099.0,50.0
15535,13,Indianwear,vastranand,3475.0,1563.0,55.0
15536,14,Indianwear,varanga,2599.0,1039.0,60.0
15537,15,Indianwear,vastranand,5700.0,2850.0,50.0
15538,16,Indianwear,varkala silk sarees,7500.0,1875.0,75.0
15539,17,Indianwear,varanga,1299.0,519.0,60.0
15540,18,Indianwear,vastranand,3000.0,1500.0,50.0
15541,19,Indianwear,vastranand,5500.0,2200.0,60.0
15542,20,Indianwear,vastranand,3199.0,1919.0,40.0
15543,21,Indianwear,juniper,1799.0,719.0,60.0
15545,23,Indianwear,vastranand,4545.0,2272.0,50.0
15546,24,Indianwear,juniper,4799.0,2159.0,55.0
15547,25,Indianwear,vastranand,4545.0,2272.0,50.0
15548,0,Indianwear,vastranand,5555.0,2777.0,50.0
15549,1,Indianwear,global desi,3999.0,1199.0,70.0
15550,2,Indianwear,varanga,2638.2167045910855,8999.0,44.84758845312988
15551,3,Indianwear,aurelia,2638.2167045910855,3999.0,44.84758845312988
15552,4,Indianwear,indya,2400.0,1200.0,50.0
15553,5,Indianwear,w,4999.0,2499.0,50.0
15554,6,Indianwear,janasya,1499.0,599.0,60.0
15555,7,Indianwear,indya,2638.2167045910855,1900.0,44.84758845312988
15556,8,Indianwear,indya,2638.2167045910855,1700.0,44.84758845312988
15557,9,Indianwear,w,2638.2167045910855,2299.0,44.84758845312988
15558,10,Indianwear,w,6999.0,3499.0,50.0
15559,11,Indianwear,janasya,1549.0,542.0,65.0
15560,12,Indianwear,w,1999.0,999.0,50.0
15561,13,Indianwear,indya,3950.0,1975.0,50.0
15562,14,Indianwear,yuris,1599.0,719.0,55.0
15563,15,Indianwear,yuris,3499.0,1399.0,60.0
15564,16,Indianwear,global desi,1999.0,999.0,50.0
15565,17,Indianwear,varanga,4999.0,1749.0,65.0
15566,18,Indianwear,stop,1499.0,749.0,50.0
15567,19,Indianwear,w,2638.2167045910855,1299.0,44.84758845312988
15568,20,Indianwear,global desi,1899.0,1519.0,20.0
15569,21,Indianwear,ziyaa,2667.0,1066.0,60.0
15571,23,Indianwear,global desi,6499.0,5199.0,20.0
15572,24,Indianwear,w,7999.0,3999.0,50.0
15573,25,Indianwear,indya,2700.0,2160.0,20.0
15574,0,Indianwear,aurelia,699.0,489.0,30.0
15575,1,Indianwear,indya,2400.0,1200.0,50.0
15576,2,Indianwear,w,2638.2167045910855,999.0,44.84758845312988
15577,3,Indianwear,de moza,999.0,599.0,40.0
15578,4,Indianwear,aurelia,2638.2167045910855,1299.0,44.84758845312988
15579,5,Indianwear,janasya,2498.0,1373.0,45.0
15580,6,Indianwear,de moza,2638.2167045910855,1299.0,44.84758845312988
15581,7,Indianwear,w,2638.2167045910855,1999.0,44.84758845312988
15582,8,Indianwear,biba,2638.2167045910855,899.0,44.84758845312988
15583,9,Indianwear,ira soleil,2638.2167045910855,999.0,44.84758845312988
15584,10,Indianwear,janasya,1199.0,719.0,40.0
15585,11,Indianwear,w,2638.2167045910855,6999.0,44.84758845312988
15586,12,Indianwear,indya,3600.0,1800.0,50.0
15587,13,Indianwear,amukti,1299.0,909.0,30.0
15588,14,Indianwear,ziyaa,5761.0,2304.0,60.0
15589,15,Indianwear,haute curry,2638.2167045910855,1199.0,44.84758845312988
15590,16,Indianwear,w,2638.2167045910855,1899.0,44.84758845312988
15591,17,Indianwear,haute curry,799.0,399.0,50.0
15592,18,Indianwear,haute curry,1499.0,749.0,50.0
15593,19,Indianwear,global desi,2499.0,1249.0,50.0
15594,20,Indianwear,w,2638.2167045910855,3799.0,44.84758845312988
15595,21,Indianwear,global desi,3799.0,2469.0,35.0
15597,23,Indianwear,w,2599.0,1949.0,25.0
15598,24,Indianwear,varanga,2499.0,874.0,65.0
15599,25,Indianwear,varanga,3599.0,1799.0,50.0
15600,0,Indianwear,get wrapped,2638.2167045910855,499.0,44.84758845312988
15601,1,Indianwear,ziyaa,2044.0,715.0,65.0
15602,2,Indianwear,indya,3200.0,2560.0,20.0
15603,3,Indianwear,ira soleil,2638.2167045910855,3249.0,44.84758845312988
15604,4,Indianwear,ira soleil,2638.2167045910855,1999.0,44.84758845312988
15605,5,Indianwear,janasya,2089.0,940.0,55.0
15606,6,Indianwear,ira soleil,2638.2167045910855,2999.0,44.84758845312988
15607,7,Indianwear,w,2638.2167045910855,1399.0,44.84758845312988
15608,8,Indianwear,get wrapped,2638.2167045910855,449.0,44.84758845312988
15609,9,Indianwear,kami kubi,5999.0,1799.0,70.0
15610,10,Indianwear,neerus,2999.0,2399.0,20.0
15611,11,Indianwear,aurelia,1699.0,1189.0,30.0
15612,12,Indianwear,ziyaa,3013.0,1205.0,60.0
15613,13,Indianwear,yuris,4299.0,1504.0,65.0
15614,14,Indianwear,aarke,2638.2167045910855,5600.0,44.84758845312988
15615,15,Indianwear,biba,3299.0,1979.0,40.0
15616,16,Indianwear,de moza,2638.2167045910855,449.0,44.84758845312988
15617,17,Indianwear,janasya,4099.0,1434.0,65.0
15618,18,Indianwear,global desi,1599.0,959.0,40.0
15619,19,Indianwear,w,2638.2167045910855,6999.0,44.84758845312988
15620,20,Indianwear,indya,3400.0,1700.0,50.0
15621,21,Indianwear,global desi,2499.0,1999.0,20.0
15623,23,Indianwear,aurelia,2638.2167045910855,1399.0,44.84758845312988
15624,24,Indianwear,global desi,2699.0,1754.0,35.0
15625,25,Indianwear,infuse,1799.0,899.0,50.0
15626,0,Indianwear,stop,1299.0,649.0,50.0
15627,1,Indianwear,janasya,1299.0,519.0,60.0
15628,2,Indianwear,w,1699.0,849.0,50.0
15629,3,Indianwear,kami kubi,4999.0,1999.0,60.0
15630,4,Indianwear,amukti,1299.0,909.0,30.0
15631,5,Indianwear,global desi,2299.0,919.0,60.0
15632,6,Indianwear,w,2638.2167045910855,1999.0,44.84758845312988
15633,7,Indianwear,aurelia,2638.2167045910855,1499.0,44.84758845312988
15634,8,Indianwear,indya,3600.0,2880.0,20.0
15635,9,Indianwear,w,2638.2167045910855,6999.0,44.84758845312988
15636,10,Indianwear,aurelia,2638.2167045910855,4499.0,44.84758845312988
15637,11,Indianwear,myshka,2499.0,874.0,65.0
15638,12,Indianwear,get wrapped,2638.2167045910855,499.0,44.84758845312988
15639,13,Indianwear,yuris,1799.0,809.0,55.0
15640,14,Indianwear,global desi,1899.0,1519.0,20.0
15641,15,Indianwear,stop,1699.0,849.0,50.0
15642,16,Indianwear,global desi,1899.0,1329.0,30.0
15643,17,Indianwear,yuris,2999.0,1199.0,60.0
15644,18,Indianwear,yuris,3999.0,1399.0,65.0
15645,19,Indianwear,yuris,3999.0,1399.0,65.0
15646,20,Indianwear,varkala silk sarees,5500.0,1375.0,75.0
15647,21,Indianwear,haute curry,699.0,349.0,50.0
15649,23,Indianwear,stop,999.0,499.0,50.0
15650,24,Indianwear,vastranand,3475.0,1737.0,50.0
15651,25,Indianwear,varanga,2299.0,1264.0,45.0
15652,0,Indianwear,varanga,1799.0,809.0,55.0
15653,1,Indianwear,varanga,2638.2167045910855,2099.0,44.84758845312988
15654,2,Indianwear,varanga,3399.0,1189.0,65.0
15655,3,Indianwear,vastranand,3000.0,1500.0,50.0
15656,4,Indianwear,vastranand,3000.0,1500.0,50.0
15657,5,Indianwear,varanga,2599.0,909.0,65.0
15658,6,Indianwear,varanga,5599.0,1959.0,65.0
15659,7,Indianwear,vastranand,3299.0,1649.0,50.0
15660,8,Indianwear,kashish,1999.0,999.0,50.0
15661,9,Indianwear,varanga,2638.2167045910855,3999.0,44.84758845312988
15662,10,Indianwear,vastranand,5500.0,2475.0,55.0
15663,11,Indianwear,varanga,1999.0,1199.0,40.0
15664,12,Indianwear,vastranand,4545.0,2272.0,50.0
15665,13,Indianwear,vastranand,4995.0,2247.0,55.0
15666,14,Indianwear,vastranand,4799.0,2159.0,55.0
15667,15,Indianwear,varanga,2638.2167045910855,5599.0,44.84758845312988
15668,16,Indianwear,stop,999.0,499.0,50.0
15669,17,Indianwear,global desi,1699.0,509.0,70.0
15670,18,Indianwear,vastranand,5500.0,3300.0,40.0
15671,19,Indianwear,varanga,2638.2167045910855,4599.0,44.84758845312988
15672,20,Indianwear,juniper,4999.0,2499.0,50.0
15673,21,Indianwear,vastranand,2638.2167045910855,5500.0,44.84758845312988
15675,23,Indianwear,varanga,2999.0,749.0,75.0
15676,24,Indianwear,vastranand,4799.0,2159.0,55.0
15677,25,Indianwear,juniper,3397.0,1698.0,50.0
15678,0,Indianwear,varanga,4399.0,1539.0,65.0
15679,1,Indianwear,global desi,1599.0,959.0,40.0
15680,2,Indianwear,w,2799.0,2099.0,25.0
15681,3,Indianwear,indya,2250.0,1125.0,50.0
15682,4,Indianwear,global desi,2199.0,1099.0,50.0
15683,5,Indianwear,indya,1800.0,900.0,50.0
15684,6,Indianwear,aurelia,2638.2167045910855,4999.0,44.84758845312988
15685,7,Indianwear,suti,1399.0,1119.0,20.0
15686,8,Indianwear,indya,2900.0,1450.0,50.0
15687,9,Indianwear,aurelia,2638.2167045910855,999.0,44.84758845312988
15688,10,Indianwear,yuris,3499.0,1399.0,60.0
15689,11,Indianwear,yuris,1099.0,604.0,45.0
15690,12,Indianwear,varanga,5299.0,1854.0,65.0
15691,13,Indianwear,juniper,1299.0,649.0,50.0
15692,14,Indianwear,juniper,2638.2167045910855,1499.0,44.84758845312988
15693,15,Indianwear,varanga,2999.0,899.0,70.0
15694,16,Indianwear,indya,2600.0,1300.0,50.0
15695,17,Indianwear,de moza,2638.2167045910855,499.0,44.84758845312988
15696,18,Indianwear,janasya,1099.0,549.0,50.0
15697,19,Indianwear,w,2638.2167045910855,2799.0,44.84758845312988
15698,20,Indianwear,de moza,2638.2167045910855,449.0,44.84758845312988
15699,21,Indianwear,de moza,2638.2167045910855,999.0,44.84758845312988
15701,23,Indianwear,janasya,899.0,494.0,45.0
15702,24,Indianwear,global desi,1699.0,849.0,50.0
15703,25,Indianwear,varkala silk sarees,4500.0,1350.0,70.0
15704,0,Indianwear,global desi,1799.0,1259.0,30.0
15705,1,Indianwear,myshka,2299.0,574.0,75.0
15706,2,Indianwear,de moza,2638.2167045910855,799.0,44.84758845312988
15707,3,Indianwear,w,2638.2167045910855,3599.0,44.84758845312988
15708,4,Indianwear,amukti,1299.0,909.0,30.0
15709,5,Indianwear,indya,3450.0,2760.0,20.0
15710,6,Indianwear,ziyaa,3667.0,1466.0,60.0
15711,7,Indianwear,haute curry,699.0,349.0,50.0
15712,8,Indianwear,myshka,2999.0,599.0,80.0
15713,9,Indianwear,ziyaa,2983.0,1193.0,60.0
15714,10,Indianwear,varanga,4999.0,1999.0,60.0
15715,11,Indianwear,global desi,3299.0,2639.0,20.0
15716,12,Indianwear,suti,5499.0,4399.0,20.0
15717,13,Indianwear,ziyaa,3959.0,1583.0,60.0
15718,14,Indianwear,infuse,1999.0,999.0,50.0
15719,15,Indianwear,global desi,1599.0,639.0,60.0
15720,16,Indianwear,ziyaa,4133.0,1653.0,60.0
15721,17,Indianwear,aurelia,1499.0,1049.0,30.0
15722,18,Indianwear,aurelia,1199.0,599.0,50.0
15723,19,Indianwear,janasya,899.0,449.0,50.0
15724,20,Indianwear,ritu kumar,2638.2167045910855,4200.0,44.84758845312988
15725,21,Indianwear,global desi,1699.0,1359.0,20.0
15727,23,Indianwear,kashish,2499.0,1249.0,50.0
15728,24,Indianwear,w,2638.2167045910855,1999.0,44.84758845312988
15729,25,Indianwear,global desi,2399.0,1199.0,50.0
15730,0,Indianwear,juniper,2638.2167045910855,2099.0,44.84758845312988
15731,1,Indianwear,janasya,2999.0,1049.0,65.0
15732,2,Indianwear,aarke,2638.2167045910855,2700.0,44.84758845312988
15733,3,Indianwear,myshka,3999.0,999.0,75.0
15734,4,Indianwear,indya,2638.2167045910855,1700.0,44.84758845312988
15735,5,Indianwear,aurelia,2638.2167045910855,1699.0,44.84758845312988
15736,6,Indianwear,ira soleil,2638.2167045910855,1999.0,44.84758845312988
15737,7,Indianwear,ira soleil,2638.2167045910855,1999.0,44.84758845312988
15738,8,Indianwear,kami kubi,4299.0,1504.0,65.0
15739,9,Indianwear,aurelia,999.0,699.0,30.0
15740,10,Indianwear,aurelia,2638.2167045910855,2299.0,44.84758845312988
15741,11,Indianwear,stop,799.0,399.0,50.0
15742,12,Indianwear,global desi,2199.0,1099.0,50.0
15743,13,Indianwear,w,2638.2167045910855,1999.0,44.84758845312988
15744,14,Indianwear,global desi,16999.0,13599.0,20.0
15745,15,Indianwear,haute curry,899.0,449.0,50.0
15746,16,Indianwear,stop,799.0,399.0,50.0
15747,17,Indianwear,de moza,2638.2167045910855,1299.0,44.84758845312988
15748,18,Indianwear,stop,1499.0,749.0,50.0
15749,19,Indianwear,global desi,3199.0,2079.0,35.0
15750,20,Indianwear,de moza,2638.2167045910855,499.0,44.84758845312988
15751,21,Indianwear,ziyaa,1602.0,640.0,60.0
15753,23,Indianwear,faballey,1800.0,900.0,50.0
15754,24,Indianwear,shaya by caratlane,1300.0,1170.0,10.0
15755,25,Indianwear,myshka,3999.0,1199.0,70.0
15756,0,Indianwear,w,2638.2167045910855,1999.0,44.84758845312988
15757,1,Indianwear,janasya,4349.0,1957.0,55.0
15758,2,Indianwear,myshka,1999.0,599.0,70.0
15759,3,Indianwear,aurelia,2638.2167045910855,2999.0,44.84758845312988
15760,4,Indianwear,get wrapped,2638.2167045910855,599.0,44.84758845312988
15761,5,Indianwear,varkala silk sarees,4500.0,1350.0,70.0
15762,6,Indianwear,global desi,1999.0,1299.0,35.0
15763,7,Indianwear,yuris,3499.0,1399.0,60.0
15764,8,Indianwear,yuris,2799.0,1119.0,60.0
15765,9,Indianwear,global desi,1899.0,1519.0,20.0
15766,10,Indianwear,ira soleil,2638.2167045910855,7999.0,44.84758845312988
15767,11,Indianwear,stop,2638.2167045910855,899.0,44.84758845312988
15768,12,Indianwear,ira soleil,2638.2167045910855,1499.0,44.84758845312988
15769,13,Indianwear,varanga,5999.0,2399.0,60.0
15770,14,Indianwear,vastranand,5500.0,3300.0,40.0
15771,15,Indianwear,ira soleil,2638.2167045910855,3999.0,44.84758845312988
15772,16,Indianwear,vastranand,4599.0,2069.0,55.0
15773,17,Indianwear,vastranand,4599.0,2069.0,55.0
15774,18,Indianwear,vastranand,5500.0,2200.0,60.0
15775,19,Indianwear,juniper,4499.0,2249.0,50.0
15776,20,Indianwear,vastranand,3000.0,1500.0,50.0
15777,21,Indianwear,varanga,2799.0,839.0,70.0
15779,23,Indianwear,kashish,1999.0,999.0,50.0
15780,24,Indianwear,indya,2638.2167045910855,2950.0,44.84758845312988
15781,25,Indianwear,aurelia,1399.0,979.0,30.0
15782,0,Indianwear,aurelia,999.0,699.0,30.0
15783,1,Indianwear,indya,2638.2167045910855,3500.0,44.84758845312988
15784,2,Indianwear,aurelia,1399.0,979.0,30.0
15785,3,Indianwear,aurelia,1699.0,1189.0,30.0
15786,4,Indianwear,ira soleil,2638.2167045910855,1499.0,44.84758845312988
15787,5,Indianwear,aurelia,1399.0,699.0,50.0
15788,6,Indianwear,global desi,1899.0,759.0,60.0
15789,7,Indianwear,biba,2638.2167045910855,999.0,44.84758845312988
15790,8,Indianwear,amukti,1299.0,909.0,30.0
15791,9,Indianwear,juniper,2638.2167045910855,2299.0,44.84758845312988
15792,10,Indianwear,global desi,2599.0,1559.0,40.0
15793,11,Indianwear,yuris,2799.0,1119.0,60.0
15794,12,Indianwear,varanga,6999.0,2799.0,60.0
15795,13,Indianwear,juniper,2499.0,999.0,60.0
15796,14,Indianwear,juniper,1699.0,679.0,60.0
15797,15,Indianwear,myshka,2499.0,749.0,70.0
15798,16,Indianwear,shaya by caratlane,1600.0,1440.0,10.0
15799,17,Indianwear,de moza,2638.2167045910855,449.0,44.84758845312988
15800,18,Indianwear,aurelia,2638.2167045910855,599.0,44.84758845312988
15801,19,Indianwear,janasya,1399.0,559.0,60.0
15802,20,Indianwear,myshka,4299.0,1074.0,75.0
15803,21,Indianwear,aurelia,4599.0,2299.0,50.0
15805,23,Indianwear,aurelia,2638.2167045910855,999.0,44.84758845312988
15806,24,Indianwear,varanga,3999.0,1599.0,60.0
15807,25,Indianwear,ritu kumar,2638.2167045910855,2900.0,44.84758845312988
15808,0,Indianwear,myshka,2499.0,874.0,65.0
15809,1,Indianwear,ziyaa,5783.0,2313.0,60.0
15810,2,Indianwear,varanga,1999.0,999.0,50.0
15811,3,Indianwear,myshka,4999.0,1499.0,70.0
15812,4,Indianwear,janasya,2949.0,1179.0,60.0
15813,5,Indianwear,suti,999.0,799.0,20.0
15814,6,Indianwear,janasya,2999.0,1649.0,45.0
15815,7,Indianwear,kami kubi,4999.0,1999.0,60.0
15816,8,Indianwear,ziyaa,3180.0,1272.0,60.0
15817,9,Indianwear,janasya,2398.0,1318.0,45.0
15818,10,Indianwear,stop,499.0,349.0,30.0
15819,11,Indianwear,w,2638.2167045910855,1799.0,44.84758845312988
15820,12,Indianwear,janasya,1649.0,659.0,60.0
15821,13,Indianwear,kami kubi,1199.0,659.0,45.0
15822,14,Indianwear,global desi,3299.0,1649.0,50.0
15823,15,Indianwear,indya,2900.0,1450.0,50.0
15824,16,Indianwear,global desi,3199.0,1599.0,50.0
15825,17,Indianwear,aarke,2638.2167045910855,3500.0,44.84758845312988
15826,18,Indianwear,global desi,2499.0,1999.0,20.0
15827,19,Indianwear,global desi,2999.0,1499.0,50.0
15828,20,Indianwear,stop,1299.0,649.0,50.0
15829,21,Indianwear,w,2638.2167045910855,1599.0,44.84758845312988
15831,23,Indianwear,global desi,2199.0,1099.0,50.0
15832,24,Indianwear,myshka,4999.0,1249.0,75.0
15833,25,Indianwear,w,1799.0,1349.0,25.0
15834,0,Indianwear,haute curry,899.0,449.0,50.0
15835,1,Indianwear,global desi,2499.0,1999.0,20.0
15837,3,Indianwear,janasya,1299.0,519.0,60.0
15838,4,Indianwear,stop,2638.2167045910855,799.0,44.84758845312988
15839,5,Indianwear,global desi,1699.0,679.0,60.0
15840,6,Indianwear,ziyaa,3857.0,1542.0,60.0
15841,7,Indianwear,kami kubi,5999.0,2399.0,60.0
15842,8,Indianwear,w,1999.0,999.0,50.0
15843,9,Indianwear,stop,1299.0,649.0,50.0
15844,10,Indianwear,neerus,2899.0,1739.0,40.0
15845,11,Indianwear,ziyaa,2370.0,948.0,60.0
15846,12,Indianwear,janasya,3599.0,1979.0,45.0
15847,13,Indianwear,aarke,2638.2167045910855,5900.0,44.84758845312988
15848,14,Indianwear,global desi,2999.0,2099.0,30.0
15849,15,Indianwear,global desi,2099.0,1049.0,50.0
15850,16,Indianwear,w,2638.2167045910855,1799.0,44.84758845312988
15851,17,Indianwear,ziyaa,2765.0,1106.0,60.0
15852,18,Indianwear,stop,1299.0,649.0,50.0
15853,19,Indianwear,ziyaa,1931.0,675.0,65.0
15854,20,Indianwear,fusion beats,1899.0,949.0,50.0
15855,21,Indianwear,yuris,4299.0,1504.0,65.0
15857,23,Indianwear,varanga,1799.0,809.0,55.0
15858,24,Indianwear,aurelia,2638.2167045910855,799.0,44.84758845312988
15859,25,Indianwear,global desi,1899.0,1519.0,20.0
15860,0,Indianwear,indya,2800.0,2240.0,20.0
15861,1,Indianwear,aurelia,1399.0,979.0,30.0
15862,2,Indianwear,global desi,2799.0,1959.0,30.0
15863,3,Indianwear,kami kubi,4499.0,2024.0,55.0
15864,4,Indianwear,global desi,3599.0,2159.0,40.0
15865,5,Indianwear,de moza,2638.2167045910855,799.0,44.84758845312988
15866,6,Indianwear,global desi,1499.0,1199.0,20.0
15867,7,Indianwear,stop,999.0,499.0,50.0
15868,8,Indianwear,haute curry,1499.0,749.0,50.0
15869,9,Indianwear,w,6999.0,3499.0,50.0
15870,10,Indianwear,arteastri,2638.2167045910855,2349.0,44.84758845312988
15871,11,Indianwear,ziyaa,3501.0,1225.0,65.0
15872,12,Indianwear,ziyaa,2828.0,1131.0,60.0
15873,13,Indianwear,neerus,2199.0,1759.0,20.0
15874,14,Indianwear,w,2638.2167045910855,799.0,44.84758845312988
15875,15,Indianwear,ziyaa,2553.0,1021.0,60.0
15876,16,Indianwear,indya,2200.0,1100.0,50.0
15877,17,Indianwear,biba,4595.0,2757.0,40.0
15878,18,Indianwear,janasya,2089.0,940.0,55.0
15879,19,Indianwear,aurelia,2638.2167045910855,3599.0,44.84758845312988
15880,20,Indianwear,ziyaa,3887.0,1554.0,60.0
15881,21,Indianwear,aurelia,2599.0,1819.0,30.0
15883,23,Indianwear,janasya,1499.0,749.0,50.0
15884,24,Indianwear,janasya,1399.0,489.0,65.0
15885,25,Indianwear,haute curry,2638.2167045910855,899.0,44.84758845312988
15886,0,Indianwear,w,1999.0,999.0,50.0
15887,1,Indianwear,yuris,3499.0,1399.0,60.0
15888,2,Indianwear,yuris,1099.0,604.0,45.0
15889,3,Indianwear,amukti,1049.0,734.0,30.0
15890,4,Indianwear,w,2638.2167045910855,2399.0,44.84758845312988
15891,5,Indianwear,global desi,999.0,399.0,60.0
15892,6,Indianwear,global desi,2599.0,1819.0,30.0
15893,7,Indianwear,haute curry,1299.0,649.0,50.0
15894,8,Indianwear,janasya,2249.0,899.0,60.0
15895,9,Indianwear,yuris,2799.0,1259.0,55.0
15896,10,Indianwear,yuris,2499.0,1249.0,50.0
15897,11,Indianwear,global desi,1999.0,799.0,60.0
15898,12,Indianwear,janasya,1399.0,769.0,45.0
15899,13,Indianwear,de moza,2638.2167045910855,449.0,44.84758845312988
15900,14,Indianwear,haute curry,1499.0,749.0,50.0
15901,15,Indianwear,myshka,1999.0,599.0,70.0
15902,16,Indianwear,biba,2999.0,1799.0,40.0
15903,17,Indianwear,indya,4500.0,3600.0,20.0
15904,18,Indianwear,vastranand,6500.0,2925.0,55.0
15905,19,Indianwear,vastranand,5700.0,2280.0,60.0
15906,20,Indianwear,vastranand,3995.0,1997.0,50.0
15907,21,Indianwear,ira soleil,2638.2167045910855,4999.0,44.84758845312988
15909,23,Indianwear,vastranand,4799.0,2159.0,55.0
15910,24,Indianwear,vastranand,2599.0,1559.0,40.0
15911,25,Indianwear,vastranand,3475.0,1563.0,55.0
15912,0,Indianwear,ira soleil,2638.2167045910855,2199.0,44.84758845312988
15913,1,Indianwear,varanga,1999.0,799.0,60.0
15914,2,Indianwear,ira soleil,2638.2167045910855,2199.0,44.84758845312988
15915,3,Indianwear,vastranand,4545.0,1818.0,60.0
15916,4,Indianwear,juniper,4048.0,1821.0,55.0
15917,5,Indianwear,global desi,2199.0,879.0,60.0
15918,6,Indianwear,vastranand,5500.0,2200.0,60.0
15919,7,Indianwear,vastranand,5700.0,2280.0,60.0
15920,8,Indianwear,vastranand,4999.0,2999.0,40.0
15921,9,Indianwear,indya,2638.2167045910855,2200.0,44.84758845312988
15922,10,Indianwear,global desi,1599.0,959.0,40.0
15923,11,Indianwear,varanga,2499.0,874.0,65.0
15924,12,Indianwear,global desi,1999.0,1199.0,40.0
15925,13,Indianwear,global desi,1799.0,899.0,50.0
15926,14,Indianwear,indya,2100.0,1050.0,50.0
15927,15,Indianwear,janasya,3198.0,1279.0,60.0
15928,16,Indianwear,janasya,1198.0,599.0,50.0
15929,17,Indianwear,indya,2638.2167045910855,1200.0,44.84758845312988
15930,18,Indianwear,yuris,1499.0,749.0,50.0
15931,19,Indianwear,aurelia,2499.0,1249.0,50.0
15932,20,Indianwear,juniper,7099.0,4259.0,40.0
15933,21,Indianwear,global desi,2999.0,1499.0,50.0
15935,23,Indianwear,yuris,3999.0,1399.0,65.0
15936,24,Indianwear,global desi,1599.0,959.0,40.0
15937,25,Indianwear,varanga,1599.0,719.0,55.0
15938,0,Indianwear,juniper,2638.2167045910855,2499.0,44.84758845312988
15939,1,Indianwear,varanga,2799.0,839.0,70.0
15940,2,Indianwear,global desi,2199.0,879.0,60.0
15941,3,Indianwear,ziyaa,4088.0,1635.0,60.0
15942,4,Indianwear,get wrapped,2638.2167045910855,699.0,44.84758845312988
15943,5,Indianwear,stop,399.0,199.0,50.0
15944,6,Indianwear,global desi,1699.0,1104.0,35.0
15946,8,Indianwear,ziyaa,2138.0,855.0,60.0
15947,9,Indianwear,get wrapped,2638.2167045910855,499.0,44.84758845312988
15948,10,Indianwear,janasya,1899.0,759.0,60.0
15949,11,Indianwear,janasya,1399.0,559.0,60.0
15950,12,Indianwear,janasya,2549.0,1147.0,55.0
15951,13,Indianwear,janasya,4998.0,2748.0,45.0
15953,15,Indianwear,global desi,2499.0,1999.0,20.0
15954,16,Indianwear,w,1699.0,1019.0,40.0
15955,17,Indianwear,w,2638.2167045910855,1699.0,44.84758845312988
15956,18,Indianwear,ira soleil,2638.2167045910855,1499.0,44.84758845312988
15957,19,Indianwear,haute curry,2638.2167045910855,899.0,44.84758845312988
15958,20,Indianwear,indya,3400.0,1700.0,50.0
15959,21,Indianwear,stop,599.0,299.0,50.0
15961,23,Indianwear,global desi,1499.0,1199.0,20.0
15962,24,Indianwear,indya,3500.0,1750.0,50.0
15963,25,Indianwear,ziyaa,5475.0,2190.0,60.0
15964,0,Indianwear,w,2638.2167045910855,2799.0,44.84758845312988
15965,1,Indianwear,de moza,2638.2167045910855,599.0,44.84758845312988
15966,2,Indianwear,janasya,1099.0,549.0,50.0
15967,3,Indianwear,neerus,2199.0,1099.0,50.0
15968,4,Indianwear,indya,3200.0,1600.0,50.0
15969,5,Indianwear,ziyaa,2703.0,1081.0,60.0
15970,6,Indianwear,kami kubi,2499.0,1499.0,40.0
15971,7,Indianwear,ritu kumar,2638.2167045910855,2600.0,44.84758845312988
15972,8,Indianwear,amukti,1299.0,909.0,30.0
15973,9,Indianwear,ziyaa,2894.0,1157.0,60.0
15974,10,Indianwear,janasya,4998.0,1749.0,65.0
15975,11,Indianwear,de moza,2638.2167045910855,1299.0,44.84758845312988
15976,12,Indianwear,indya,2638.2167045910855,1600.0,44.84758845312988
15977,13,Indianwear,varanga,3999.0,1999.0,50.0
15978,14,Indianwear,aurelia,2638.2167045910855,1499.0,44.84758845312988
15979,15,Indianwear,janasya,1899.0,854.0,55.0
15980,16,Indianwear,ziyaa,1562.0,624.0,60.0
15981,17,Indianwear,janasya,3699.0,2034.0,45.0
15982,18,Indianwear,stop,499.0,349.0,30.0
15983,19,Indianwear,aurelia,2638.2167045910855,799.0,44.84758845312988
15984,20,Indianwear,get wrapped,2638.2167045910855,399.0,44.84758845312988
15985,21,Indianwear,w,1899.0,1329.0,30.0
15987,23,Indianwear,myshka,1899.0,569.0,70.0
15988,24,Indianwear,aurelia,2638.2167045910855,3799.0,44.84758845312988
15989,25,Indianwear,kami kubi,3999.0,1799.0,55.0
15990,0,Indianwear,global desi,3999.0,2799.0,30.0
15991,1,Indianwear,neerus,2499.0,1999.0,20.0
15992,2,Indianwear,global desi,3299.0,2639.0,20.0
15993,3,Indianwear,stop,2638.2167045910855,899.0,44.84758845312988
15994,4,Indianwear,ziyaa,2125.0,1487.0,30.0
15995,5,Indianwear,janasya,1498.0,749.0,50.0
15996,6,Indianwear,janasya,4398.0,2199.0,50.0
15997,7,Indianwear,de moza,2638.2167045910855,999.0,44.84758845312988
15998,8,Indianwear,ira soleil,2638.2167045910855,1499.0,44.84758845312988
15999,9,Indianwear,ziyaa,2370.0,948.0,60.0
16000,10,Indianwear,global desi,1899.0,1329.0,30.0
16001,11,Indianwear,global desi,2299.0,1839.0,20.0
16002,12,Indianwear,stop,999.0,499.0,50.0
16003,13,Indianwear,ziyaa,1549.0,619.0,60.0
16004,14,Indianwear,w,2638.2167045910855,1499.0,44.84758845312988
16005,15,Indianwear,aurelia,2638.2167045910855,2999.0,44.84758845312988
16006,16,Indianwear,de moza,2638.2167045910855,449.0,44.84758845312988
16007,17,Indianwear,yuris,1499.0,599.0,60.0
16008,18,Indianwear,ira soleil,2638.2167045910855,925.0,44.84758845312988
16009,19,Indianwear,janasya,1199.0,599.0,50.0
16010,20,Indianwear,global desi,2638.2167045910855,1699.0,44.84758845312988
16011,21,Indianwear,global desi,1899.0,759.0,60.0
16013,23,Indianwear,yuris,2799.0,1259.0,55.0
16014,24,Indianwear,yuris,3499.0,1399.0,60.0
16015,25,Indianwear,yuris,1799.0,719.0,60.0
16016,0,Indianwear,global desi,3499.0,1399.0,60.0
16017,1,Indianwear,stop,1299.0,649.0,50.0
16018,2,Indianwear,stop,2638.2167045910855,899.0,44.84758845312988
16019,3,Indianwear,kashish,999.0,499.0,50.0
16020,4,Indianwear,varanga,1899.0,854.0,55.0
16021,5,Indianwear,vastranand,1998.0,1398.0,30.0
16022,6,Indianwear,juniper,4847.0,1938.0,60.0
16023,7,Indianwear,vastranand,3675.0,2021.0,45.0
16024,8,Indianwear,vastranand,4599.0,2069.0,55.0
16025,9,Indianwear,varanga,1399.0,769.0,45.0
16026,10,Indianwear,varanga,1999.0,1199.0,40.0
16027,11,Indianwear,vastranand,1995.0,1396.0,30.0
16028,12,Indianwear,juniper,5799.0,4639.0,20.0
16029,13,Indianwear,varanga,1999.0,799.0,60.0
16030,14,Indianwear,varanga,1699.0,679.0,60.0
16031,15,Indianwear,vastranand,4999.0,2999.0,40.0
16032,16,Indianwear,varanga,1899.0,854.0,55.0
16033,17,Indianwear,vastranand,5700.0,2280.0,60.0
16034,18,Indianwear,kashish,2299.0,1149.0,50.0
16035,19,Indianwear,vastranand,3500.0,1925.0,45.0
16036,20,Indianwear,vastranand,3475.0,1737.0,50.0
16037,21,Indianwear,vastranand,4500.0,1800.0,60.0
16039,23,Indianwear,varanga,3399.0,1699.0,50.0
16040,24,Indianwear,varanga,2999.0,1049.0,65.0
16041,25,Indianwear,global desi,1899.0,1329.0,30.0
16042,0,Indianwear,indya,2638.2167045910855,5000.0,44.84758845312988
16043,1,Indianwear,amukti,1999.0,999.0,50.0
16044,2,Indianwear,janasya,1999.0,699.0,65.0
16045,3,Indianwear,global desi,5999.0,3899.0,35.0
16046,4,Indianwear,indya,2950.0,1475.0,50.0
16047,5,Indianwear,w,1299.0,779.0,40.0
16048,6,Indianwear,w,2999.0,1499.0,50.0
16049,7,Indianwear,amukti,2999.0,1499.0,50.0
16050,8,Indianwear,aurelia,2638.2167045910855,599.0,44.84758845312988
16051,9,Indianwear,de moza,2638.2167045910855,449.0,44.84758845312988
16052,10,Indianwear,w,6999.0,3499.0,50.0
16053,11,Indianwear,global desi,2399.0,1439.0,40.0
16054,12,Indianwear,janasya,1299.0,519.0,60.0
16055,13,Indianwear,aurelia,2499.0,1249.0,50.0
16056,14,Indianwear,juniper,3499.0,1574.0,55.0
16057,15,Indianwear,varanga,3999.0,1399.0,65.0
16058,16,Indianwear,janasya,4199.0,2099.0,50.0
16059,17,Indianwear,janasya,2799.0,1119.0,60.0
16060,18,Indianwear,kami kubi,1999.0,799.0,60.0
16061,19,Indianwear,janasya,1498.0,674.0,55.0
16062,20,Indianwear,ziyaa,1993.0,797.0,60.0
16063,21,Indianwear,janasya,2298.0,1493.0,35.0
16065,23,Indianwear,varanga,5999.0,2099.0,65.0
16066,24,Indianwear,janasya,1199.0,599.0,50.0
16067,25,Indianwear,yuris,2999.0,1499.0,50.0
16068,0,Indianwear,myshka,5999.0,1499.0,75.0
16069,1,Indianwear,neerus,2999.0,1499.0,50.0
16070,2,Indianwear,varanga,1399.0,699.0,50.0
16071,3,Indianwear,neerus,2999.0,2399.0,20.0
16072,4,Indianwear,janasya,1499.0,749.0,50.0
16073,5,Indianwear,w,2638.2167045910855,1399.0,44.84758845312988
16074,6,Indianwear,indya,2700.0,1350.0,50.0
16075,7,Indianwear,stop,899.0,449.0,50.0
16076,8,Indianwear,janasya,1299.0,779.0,40.0
16077,9,Indianwear,yuris,3999.0,1399.0,65.0
16078,10,Indianwear,varanga,7999.0,3199.0,60.0
16079,11,Indianwear,janasya,1499.0,824.0,45.0
16080,12,Indianwear,myshka,4999.0,1249.0,75.0
16081,13,Indianwear,aurelia,2299.0,1609.0,30.0
16082,14,Indianwear,aurelia,4299.0,2149.0,50.0
16083,15,Indianwear,aurelia,2638.2167045910855,4299.0,44.84758845312988
16084,16,Indianwear,w,5999.0,2999.0,50.0
16085,17,Indianwear,fusion beats,1799.0,899.0,50.0
16086,18,Indianwear,myshka,3999.0,1199.0,70.0
16087,19,Indianwear,indya,2600.0,1300.0,50.0
16088,20,Indianwear,de moza,2638.2167045910855,449.0,44.84758845312988
16089,21,Indianwear,janasya,1699.0,679.0,60.0
16091,23,Indianwear,janasya,1898.0,1043.0,45.0
16092,24,Indianwear,w,2638.2167045910855,1999.0,44.84758845312988
16093,25,Indianwear,yuris,1349.0,674.0,50.0
16094,0,Indianwear,ziyaa,2893.0,1301.0,55.0
16095,1,Indianwear,ziyaa,5900.0,2360.0,60.0
16096,2,Indianwear,janasya,3199.0,1119.0,65.0
16097,3,Indianwear,w,2638.2167045910855,2499.0,44.84758845312988
16098,4,Indianwear,amukti,1299.0,909.0,30.0
16099,5,Indianwear,w,2638.2167045910855,1799.0,44.84758845312988
16100,6,Indianwear,ziyaa,3013.0,1205.0,60.0
16101,7,Indianwear,aurelia,1999.0,1399.0,30.0
16102,8,Indianwear,myshka,1899.0,474.0,75.0
16103,9,Indianwear,aurelia,2638.2167045910855,1299.0,44.84758845312988
16104,10,Indianwear,amukti,1299.0,909.0,30.0
16105,11,Indianwear,janasya,1399.0,559.0,60.0
16106,12,Indianwear,ziyaa,4580.0,1832.0,60.0
16107,13,Indianwear,aurelia,2638.2167045910855,2399.0,44.84758845312988
16108,14,Indianwear,global desi,2638.2167045910855,2699.0,44.84758845312988
16109,15,Indianwear,kashish,2638.2167045910855,2499.0,44.84758845312988
16110,16,Indianwear,stop,999.0,499.0,50.0
16111,17,Indianwear,w,2638.2167045910855,1499.0,44.84758845312988
16112,18,Indianwear,w,799.0,599.0,25.0
16113,19,Indianwear,amukti,1499.0,749.0,50.0
16115,21,Indianwear,kami kubi,6999.0,2799.0,60.0
16117,23,Indianwear,janasya,1199.0,659.0,45.0
16118,24,Indianwear,haute curry,2638.2167045910855,899.0,44.84758845312988
16119,25,Indianwear,w,2638.2167045910855,1899.0,44.84758845312988
16120,0,Indianwear,amukti,1599.0,799.0,50.0
16121,1,Indianwear,de moza,2638.2167045910855,1499.0,44.84758845312988
16122,2,Indianwear,neerus,3999.0,2399.0,40.0
16123,3,Indianwear,global desi,1299.0,844.0,35.0
16124,4,Indianwear,get wrapped,2638.2167045910855,299.0,44.84758845312988
16125,5,Indianwear,ziyaa,2667.0,1066.0,60.0
16126,6,Indianwear,aurelia,1099.0,769.0,30.0
16127,7,Indianwear,get wrapped,2638.2167045910855,599.0,44.84758845312988
16128,8,Indianwear,ziyaa,1373.0,617.0,55.0
16129,9,Indianwear,varanga,2999.0,1199.0,60.0
16130,10,Indianwear,janasya,1199.0,599.0,50.0
16131,11,Indianwear,janasya,3619.0,1447.0,60.0
16132,12,Indianwear,indya,1500.0,750.0,50.0
16133,13,Indianwear,w,2638.2167045910855,4599.0,44.84758845312988
16134,14,Indianwear,juniper,3099.0,1549.0,50.0
16135,15,Indianwear,ziyaa,3600.0,1440.0,60.0
16136,16,Indianwear,w,1899.0,949.0,50.0
16137,17,Indianwear,fusion beats,1999.0,799.0,60.0
16138,18,Indianwear,global desi,2599.0,1689.0,35.0
16139,19,Indianwear,indya,2638.2167045910855,3500.0,44.84758845312988
16140,20,Indianwear,kami kubi,1799.0,809.0,55.0
16141,21,Indianwear,global desi,2999.0,2099.0,30.0
16143,23,Indianwear,varanga,3399.0,1189.0,65.0
16144,24,Indianwear,infuse,899.0,449.0,50.0
16145,25,Indianwear,global desi,1799.0,899.0,50.0
16146,0,Indianwear,global desi,1999.0,1299.0,35.0
16147,1,Indianwear,yuris,1399.0,629.0,55.0
16148,2,Indianwear,yuris,3999.0,1399.0,65.0
16149,3,Indianwear,global desi,1499.0,899.0,40.0
16150,4,Indianwear,global desi,1999.0,1399.0,30.0
16151,5,Indianwear,global desi,2199.0,1099.0,50.0
16152,6,Indianwear,de moza,999.0,599.0,40.0
16153,7,Indianwear,yuris,3999.0,1399.0,65.0
16154,8,Indianwear,yuris,2799.0,1119.0,60.0
16155,9,Indianwear,yuris,3999.0,1399.0,65.0
16156,10,Indianwear,yuris,1499.0,599.0,60.0
16157,11,Indianwear,yuris,1399.0,629.0,55.0
16158,12,Indianwear,global desi,2399.0,1919.0,20.0
16159,13,Indianwear,arteastri,2638.2167045910855,2000.0,44.84758845312988
16160,14,Indianwear,global desi,2599.0,1299.0,50.0
16161,15,Indianwear,stop,599.0,299.0,50.0
16162,16,Indianwear,vastranand,3995.0,1997.0,50.0
16163,17,Indianwear,varanga,1199.0,659.0,45.0
16164,18,Indianwear,varanga,1999.0,699.0,65.0
16165,19,Indianwear,juniper,2098.0,734.0,65.0
16166,20,Indianwear,varanga,4599.0,1609.0,65.0
16167,21,Indianwear,vastranand,5500.0,2475.0,55.0
16169,23,Indianwear,varanga,4999.0,1749.0,65.0
16170,24,Indianwear,juniper,4197.0,2098.0,50.0
16171,25,Indianwear,juniper,1699.0,849.0,50.0
16172,0,Indianwear,varanga,1399.0,769.0,45.0
16173,1,Indianwear,varanga,3299.0,1484.0,55.0
16174,2,Indianwear,vastranand,3500.0,1925.0,45.0
16175,3,Indianwear,juniper,3299.0,1649.0,50.0
16176,4,Indianwear,varanga,2999.0,899.0,70.0
16177,5,Indianwear,vastranand,3429.0,1543.0,55.0
16178,6,Indianwear,varanga,4299.0,2149.0,50.0
16179,7,Indianwear,juniper,2999.0,2099.0,30.0
16180,8,Indianwear,haute curry,1499.0,749.0,50.0
16181,9,Indianwear,janasya,1549.0,619.0,60.0
16182,10,Indianwear,janasya,4398.0,2418.0,45.0
16183,11,Indianwear,indya,2650.0,1325.0,50.0
16184,12,Indianwear,janasya,1399.0,559.0,60.0
16185,13,Indianwear,w,2638.2167045910855,999.0,44.84758845312988
16186,14,Indianwear,w,5999.0,2999.0,50.0
16187,15,Indianwear,janasya,1898.0,1043.0,45.0
16188,16,Indianwear,w,2638.2167045910855,1899.0,44.84758845312988
16189,17,Indianwear,janasya,2799.0,1399.0,50.0
16190,18,Indianwear,janasya,2298.0,919.0,60.0
16191,19,Indianwear,amukti,1299.0,909.0,30.0
16192,20,Indianwear,janasya,3299.0,1154.0,65.0
16193,21,Indianwear,aurelia,1999.0,1199.0,40.0
16195,23,Indianwear,myshka,1599.0,559.0,65.0
16196,24,Indianwear,janasya,3198.0,959.0,70.0
16197,25,Indianwear,amukti,1599.0,799.0,50.0
16198,0,Indianwear,varanga,3399.0,1699.0,50.0
16199,1,Indianwear,yuris,1699.0,679.0,60.0
16200,2,Indianwear,aurelia,3799.0,1899.0,50.0
16201,3,Indianwear,janasya,2398.0,839.0,65.0
16202,4,Indianwear,janasya,1199.0,479.0,60.0
16203,5,Indianwear,global desi,2399.0,1679.0,30.0
16204,6,Indianwear,haute curry,2638.2167045910855,1499.0,44.84758845312988
16205,7,Indianwear,stop,1499.0,749.0,50.0
16206,8,Indianwear,global desi,1599.0,639.0,60.0
16207,9,Indianwear,yuris,1499.0,749.0,50.0
16208,10,Indianwear,yuris,3999.0,1399.0,65.0
16209,11,Indianwear,yuris,1799.0,809.0,55.0
16210,12,Indianwear,varanga,1399.0,559.0,60.0
16211,13,Indianwear,ira soleil,2638.2167045910855,3999.0,44.84758845312988
16212,14,Indianwear,global desi,1499.0,899.0,40.0
16213,15,Indianwear,juniper,1699.0,849.0,50.0
16214,16,Indianwear,global desi,3999.0,1599.0,60.0
16215,17,Indianwear,juniper,1799.0,719.0,60.0
16216,18,Indianwear,global desi,2499.0,999.0,60.0
16217,19,Indianwear,w,2638.2167045910855,1699.0,44.84758845312988
16218,20,Indianwear,global desi,2638.2167045910855,2699.0,44.84758845312988
16219,21,Indianwear,fusion beats,2299.0,919.0,60.0
16221,23,Indianwear,kami kubi,1999.0,799.0,60.0
16223,25,Indianwear,global desi,2599.0,1689.0,35.0
16224,0,Indianwear,ziyaa,2805.0,1122.0,60.0
16225,1,Indianwear,w,2638.2167045910855,3599.0,44.84758845312988
16226,2,Indianwear,stop,999.0,499.0,50.0
16227,3,Indianwear,myshka,6499.0,1624.0,75.0
16228,4,Indianwear,janasya,2289.0,1030.0,55.0
16229,5,Indianwear,janasya,1099.0,549.0,50.0
16230,6,Indianwear,w,999.0,599.0,40.0
16231,7,Indianwear,kashish,1299.0,649.0,50.0
16232,8,Indianwear,ritu kumar,2638.2167045910855,4500.0,44.84758845312988
16233,9,Indianwear,global desi,2638.2167045910855,3799.0,44.84758845312988
16234,10,Indianwear,ziyaa,1747.0,698.0,60.0
16235,11,Indianwear,juniper,3299.0,1649.0,50.0
16236,12,Indianwear,janasya,2199.0,989.0,55.0
16237,13,Indianwear,global desi,2638.2167045910855,1399.0,44.84758845312988
16238,14,Indianwear,gipsy,1795.0,1256.0,30.0
16239,15,Indianwear,amukti,1299.0,909.0,30.0
16240,16,Indianwear,w,2799.0,2099.0,25.0
16241,17,Indianwear,w,2638.2167045910855,3599.0,44.84758845312988
16242,18,Indianwear,stop,499.0,349.0,30.0
16243,19,Indianwear,janasya,1549.0,774.0,50.0
16245,21,Indianwear,janasya,1399.0,769.0,45.0
16247,23,Indianwear,w,2638.2167045910855,1799.0,44.84758845312988
16248,24,Indianwear,global desi,2499.0,1249.0,50.0
16249,25,Indianwear,aurelia,2638.2167045910855,3999.0,44.84758845312988
16250,0,Indianwear,de moza,2638.2167045910855,499.0,44.84758845312988
16251,1,Indianwear,get wrapped,2638.2167045910855,499.0,44.84758845312988
16252,2,Indianwear,global desi,1799.0,719.0,60.0
16253,3,Indianwear,suti,3699.0,2959.0,20.0
16254,4,Indianwear,stop,2638.2167045910855,799.0,44.84758845312988
16255,5,Indianwear,global desi,1699.0,1359.0,20.0
16256,6,Indianwear,ziyaa,2360.0,944.0,60.0
16257,7,Indianwear,haute curry,1499.0,749.0,50.0
16258,8,Indianwear,stop,1299.0,649.0,50.0
16259,9,Indianwear,ziyaa,4033.0,1613.0,60.0
16260,10,Indianwear,global desi,1799.0,1259.0,30.0
16261,11,Indianwear,ziyaa,2408.0,963.0,60.0
16262,12,Indianwear,varkala silk sarees,4500.0,1350.0,70.0
16263,13,Indianwear,global desi,5599.0,3359.0,40.0
16264,14,Indianwear,biba,2999.0,2099.0,30.0
16265,15,Indianwear,ziyaa,4293.0,1717.0,60.0
16266,16,Indianwear,stop,999.0,499.0,50.0
16267,17,Indianwear,varkala silk sarees,4500.0,1350.0,70.0
16268,18,Indianwear,aarke,2638.2167045910855,4700.0,44.84758845312988
16269,19,Indianwear,ziyaa,2840.0,1136.0,60.0
16270,20,Indianwear,aurelia,2799.0,1959.0,30.0
16271,21,Indianwear,w,2638.2167045910855,1499.0,44.84758845312988
16273,23,Indianwear,suti,2699.0,2159.0,20.0
16274,24,Indianwear,w,2638.2167045910855,1299.0,44.84758845312988
16275,25,Indianwear,arteastri,2638.2167045910855,3250.0,44.84758845312988
16276,0,Indianwear,janasya,1399.0,629.0,55.0
16277,1,Indianwear,aurelia,2299.0,1609.0,30.0
16278,2,Indianwear,arteastri,2638.2167045910855,1800.0,44.84758845312988
16279,3,Indianwear,global desi,1999.0,1199.0,40.0
16280,4,Indianwear,janasya,4398.0,1759.0,60.0
16281,5,Indianwear,w,2638.2167045910855,1999.0,44.84758845312988
16282,6,Indianwear,janasya,1199.0,659.0,45.0
16283,7,Indianwear,global desi,5999.0,4799.0,20.0
16284,8,Indianwear,global desi,2799.0,2239.0,20.0
16285,9,Indianwear,indya,2450.0,1225.0,50.0
16286,10,Indianwear,juniper,3699.0,1849.0,50.0
16287,11,Indianwear,stop,2638.2167045910855,1299.0,44.84758845312988
16288,12,Indianwear,global desi,2599.0,1299.0,50.0
16289,13,Indianwear,ziyaa,2159.0,863.0,60.0
16290,14,Indianwear,global desi,2299.0,1609.0,30.0
16291,15,Indianwear,stop,999.0,499.0,50.0
16292,16,Indianwear,yuris,3999.0,1399.0,65.0
16293,17,Indianwear,juniper,2699.0,809.0,70.0
16294,18,Indianwear,yuris,1799.0,809.0,55.0
16295,19,Indianwear,w,2638.2167045910855,1999.0,44.84758845312988
16296,20,Indianwear,w,2638.2167045910855,1999.0,44.84758845312988
16297,21,Indianwear,get wrapped,2638.2167045910855,299.0,44.84758845312988
16299,23,Indianwear,global desi,2099.0,1364.0,35.0
16300,24,Indianwear,ziyaa,4692.0,1876.0,60.0
16301,25,Indianwear,yuris,2799.0,1119.0,60.0
16302,0,Indianwear,yuris,2799.0,1119.0,60.0
16303,1,Indianwear,yuris,1399.0,629.0,55.0
16304,2,Indianwear,yuris,1799.0,809.0,55.0
16305,3,Indianwear,yuris,2499.0,1124.0,55.0
16306,4,Indianwear,yuris,1999.0,899.0,55.0
16307,5,Indianwear,stop,2638.2167045910855,899.0,44.84758845312988
16308,6,Indianwear,global desi,2299.0,1839.0,20.0
16309,7,Indianwear,kashish,1699.0,849.0,50.0
16310,8,Indianwear,stop,2638.2167045910855,1199.0,44.84758845312988
16311,9,Indianwear,varkala silk sarees,7500.0,1875.0,75.0
16312,10,Indianwear,vastranand,3675.0,2021.0,45.0
16313,11,Indianwear,vastranand,5500.0,2200.0,60.0
16314,12,Indianwear,kashish,2999.0,1499.0,50.0
16315,13,Indianwear,de moza,2638.2167045910855,1999.0,44.84758845312988
16316,14,Indianwear,vastranand,2727.0,1772.0,35.0
16317,15,Indianwear,juniper,1699.0,1019.0,40.0
16318,16,Indianwear,vastranand,5500.0,2750.0,50.0
16319,17,Indianwear,vastranand,4500.0,2250.0,50.0
16320,18,Indianwear,varkala silk sarees,7500.0,1875.0,75.0
16321,19,Indianwear,juniper,2499.0,1249.0,50.0
16322,20,Indianwear,vastranand,4995.0,2247.0,55.0
16323,21,Indianwear,vastranand,4999.0,2999.0,40.0
16325,23,Indianwear,vastranand,5700.0,2850.0,50.0
16326,24,Indianwear,vastranand,5500.0,2750.0,50.0
16327,25,Indianwear,vastranand,3675.0,2021.0,45.0
16328,0,Indianwear,juniper,3998.0,1399.0,65.0
16329,1,Indianwear,varanga,2199.0,989.0,55.0
16330,2,Indianwear,vastranand,4599.0,2529.0,45.0
16331,3,Indianwear,vastranand,2200.0,1320.0,40.0
16332,4,Indianwear,vastranand,4545.0,2272.0,50.0
16333,5,Indianwear,w,2638.2167045910855,2999.0,44.84758845312988
16334,6,Indianwear,global desi,1899.0,1139.0,40.0
16335,7,Indianwear,amukti,1299.0,909.0,30.0
16336,8,Indianwear,janasya,2498.0,1373.0,45.0
16337,9,Indianwear,janasya,3599.0,1619.0,55.0
16338,10,Indianwear,indya,3400.0,1700.0,50.0
16339,11,Indianwear,stop,999.0,499.0,50.0
16340,12,Indianwear,kami kubi,2499.0,1499.0,40.0
16341,13,Indianwear,janasya,1649.0,659.0,60.0
16342,14,Indianwear,w,799.0,599.0,25.0
16343,15,Indianwear,w,2638.2167045910855,2999.0,44.84758845312988
16344,16,Indianwear,aurelia,2638.2167045910855,1199.0,44.84758845312988
16345,17,Indianwear,global desi,3299.0,2144.0,35.0
16346,18,Indianwear,janasya,1998.0,699.0,65.0
16347,19,Indianwear,yuris,3499.0,1399.0,60.0
16348,20,Indianwear,yuris,1899.0,759.0,60.0
16349,21,Indianwear,yuris,1799.0,809.0,55.0
16351,23,Indianwear,yuris,3499.0,1399.0,60.0
16352,24,Indianwear,global desi,1899.0,1329.0,30.0
16353,25,Indianwear,yuris,1599.0,719.0,55.0
16354,0,Indianwear,varanga,3599.0,1079.0,70.0
16355,1,Indianwear,juniper,3299.0,1484.0,55.0
16356,2,Indianwear,aarke,2638.2167045910855,1800.0,44.84758845312988
16357,3,Indianwear,aurelia,799.0,479.0,40.0
16358,4,Indianwear,w,799.0,479.0,40.0
16359,5,Indianwear,w,2638.2167045910855,1399.0,44.84758845312988
16360,6,Indianwear,indya,2800.0,1400.0,50.0
16361,7,Indianwear,ziyaa,1414.0,707.0,50.0
16362,8,Indianwear,de moza,1299.0,779.0,40.0
16363,9,Indianwear,ziyaa,3997.0,1598.0,60.0
16364,10,Indianwear,myshka,1499.0,449.0,70.0
16365,11,Indianwear,indya,1600.0,800.0,50.0
16366,12,Indianwear,kashish,1599.0,799.0,50.0
16367,13,Indianwear,w,1899.0,1424.0,25.0
16368,14,Indianwear,w,2638.2167045910855,1199.0,44.84758845312988
16369,15,Indianwear,de moza,2638.2167045910855,1299.0,44.84758845312988
16370,16,Indianwear,global desi,3299.0,2309.0,30.0
16371,17,Indianwear,janasya,4998.0,2249.0,55.0
16372,18,Indianwear,aurelia,2638.2167045910855,999.0,44.84758845312988
16373,19,Indianwear,myshka,1799.0,539.0,70.0
16374,20,Indianwear,back to earth,2638.2167045910855,2799.0,44.84758845312988
16377,23,Indianwear,indya,2638.2167045910855,1500.0,44.84758845312988
16378,24,Indianwear,stop,499.0,349.0,30.0
16379,25,Indianwear,janasya,1399.0,559.0,60.0
16380,0,Indianwear,de moza,2638.2167045910855,999.0,44.84758845312988
16381,1,Indianwear,w,5999.0,2999.0,50.0
16382,2,Indianwear,aurelia,1999.0,1399.0,30.0
16383,3,Indianwear,ziyaa,3959.0,1583.0,60.0
16384,4,Indianwear,de moza,2638.2167045910855,1299.0,44.84758845312988
16385,5,Indianwear,janasya,2099.0,839.0,60.0
16386,6,Indianwear,aurelia,2638.2167045910855,2599.0,44.84758845312988
16387,7,Indianwear,ziyaa,3033.0,1213.0,60.0
16388,8,Indianwear,janasya,4198.0,2099.0,50.0
16389,9,Indianwear,stop,399.0,199.0,50.0
16390,10,Indianwear,haute curry,2638.2167045910855,3299.0,44.84758845312988
16391,11,Indianwear,ziyaa,1537.0,768.0,50.0
16392,12,Indianwear,indya,2638.2167045910855,2300.0,44.84758845312988
16393,13,Indianwear,indya,2600.0,1300.0,50.0
16395,15,Indianwear,global desi,2999.0,1499.0,50.0
16396,16,Indianwear,de moza,2638.2167045910855,449.0,44.84758845312988
16397,17,Indianwear,global desi,1599.0,1039.0,35.0
16398,18,Indianwear,shaya by caratlane,1200.0,1140.0,5.0
16399,19,Indianwear,indya,2638.2167045910855,1400.0,44.84758845312988
16400,20,Indianwear,haute curry,2638.2167045910855,799.0,44.84758845312988
16401,21,Indianwear,de moza,2638.2167045910855,499.0,44.84758845312988
16403,23,Indianwear,aurelia,2638.2167045910855,1599.0,44.84758845312988
16404,24,Indianwear,ritu kumar,2638.2167045910855,5900.0,44.84758845312988
16405,25,Indianwear,global desi,2199.0,1319.0,40.0
16406,0,Indianwear,ziyaa,4272.0,1708.0,60.0
16407,1,Indianwear,janasya,2399.0,959.0,60.0
16408,2,Indianwear,indya,2200.0,1100.0,50.0
16409,3,Indianwear,amukti,999.0,499.0,50.0
16411,5,Indianwear,de moza,2638.2167045910855,1499.0,44.84758845312988
16412,6,Indianwear,faballey,2200.0,1100.0,50.0
16413,7,Indianwear,janasya,2399.0,959.0,60.0
16414,8,Indianwear,myshka,4999.0,1249.0,75.0
16415,9,Indianwear,ziyaa,1913.0,860.0,55.0
16416,10,Indianwear,janasya,3798.0,1709.0,55.0
16417,11,Indianwear,janasya,969.0,484.0,50.0
16418,12,Indianwear,stop,1299.0,649.0,50.0
16419,13,Indianwear,global desi,2599.0,1039.0,60.0
16420,14,Indianwear,w,2638.2167045910855,1699.0,44.84758845312988
16421,15,Indianwear,janasya,2499.0,874.0,65.0
16422,16,Indianwear,global desi,5999.0,3899.0,35.0
16423,17,Indianwear,ira soleil,2638.2167045910855,2074.0,44.84758845312988
16424,18,Indianwear,and,1899.0,1519.0,20.0
16425,19,Indianwear,varanga,2599.0,909.0,65.0
16426,20,Indianwear,w,2638.2167045910855,1499.0,44.84758845312988
16427,21,Indianwear,neerus,3499.0,2799.0,20.0
16429,23,Indianwear,get wrapped,2638.2167045910855,299.0,44.84758845312988
16430,24,Indianwear,janasya,1299.0,779.0,40.0
16431,25,Indianwear,stop,999.0,499.0,50.0
16432,0,Indianwear,janasya,3199.0,1119.0,65.0
16433,1,Indianwear,w,2638.2167045910855,799.0,44.84758845312988
16434,2,Indianwear,janasya,2199.0,879.0,60.0
16435,3,Indianwear,faballey,1600.0,800.0,50.0
16436,4,Indianwear,janasya,1499.0,599.0,60.0
16437,5,Indianwear,janasya,1449.0,652.0,55.0
16438,6,Indianwear,myshka,3999.0,999.0,75.0
16439,7,Indianwear,aurelia,1299.0,909.0,30.0
16440,8,Indianwear,janasya,1898.0,854.0,55.0
16441,9,Indianwear,global desi,1899.0,1519.0,20.0
16442,10,Indianwear,w,2638.2167045910855,4999.0,44.84758845312988
16443,11,Indianwear,w,2638.2167045910855,1399.0,44.84758845312988
16444,12,Indianwear,aurelia,2299.0,1149.0,50.0
16445,13,Indianwear,global desi,2999.0,1799.0,40.0
16446,14,Indianwear,janasya,1399.0,559.0,60.0
16447,15,Indianwear,ziyaa,4490.0,1796.0,60.0
16448,16,Indianwear,shaya by caratlane,2200.0,2090.0,5.0
16449,17,Indianwear,ziyaa,2553.0,1021.0,60.0
16450,18,Indianwear,janasya,1299.0,519.0,60.0
16451,19,Indianwear,varanga,1999.0,999.0,50.0
16452,20,Indianwear,janasya,2199.0,1099.0,50.0
16453,21,Indianwear,united colors of benetton,2500.0,1250.0,50.0
16455,23,Indianwear,aurelia,2638.2167045910855,3599.0,44.84758845312988
16456,24,Indianwear,suti,1399.0,1119.0,20.0
16457,25,Indianwear,stop,1499.0,749.0,50.0
16458,0,Indianwear,ira soleil,2638.2167045910855,1999.0,44.84758845312988
16459,1,Indianwear,de moza,2638.2167045910855,449.0,44.84758845312988
16460,2,Indianwear,indya,3600.0,1800.0,50.0
16461,3,Indianwear,ziyaa,3013.0,1205.0,60.0
16462,4,Indianwear,aurelia,2699.0,1889.0,30.0
16463,5,Indianwear,yuris,3999.0,1399.0,65.0
16464,6,Indianwear,w,2638.2167045910855,1799.0,44.84758845312988
16465,7,Indianwear,aurelia,1299.0,909.0,30.0
16466,8,Indianwear,global desi,2199.0,1099.0,50.0
16467,9,Indianwear,aurelia,1699.0,849.0,50.0
16468,10,Indianwear,aurelia,1799.0,899.0,50.0
16469,11,Indianwear,aurelia,799.0,479.0,40.0
16470,12,Indianwear,yuris,2799.0,1259.0,55.0
16471,13,Indianwear,yuris,1599.0,639.0,60.0
16472,14,Indianwear,yuris,2999.0,1199.0,60.0
16473,15,Indianwear,stop,899.0,449.0,50.0
16474,16,Indianwear,yuris,3499.0,1399.0,60.0
16475,17,Indianwear,varanga,1599.0,719.0,55.0
16476,18,Indianwear,indya,2800.0,1400.0,50.0
16477,19,Indianwear,w,2638.2167045910855,1699.0,44.84758845312988
16478,20,Indianwear,stop,599.0,299.0,50.0
16479,21,Indianwear,aurelia,2638.2167045910855,1049.0,44.84758845312988
16481,23,Indianwear,haute curry,999.0,499.0,50.0
16482,24,Indianwear,global desi,1599.0,639.0,60.0
16483,25,Indianwear,vastranand,5500.0,2475.0,55.0
16484,0,Indianwear,vastranand,5700.0,2850.0,50.0
16485,1,Indianwear,varanga,6999.0,2449.0,65.0
16486,2,Indianwear,vastranand,3475.0,1911.0,45.0
16487,3,Indianwear,vastranand,3475.0,1911.0,45.0
16488,4,Indianwear,varanga,5899.0,2064.0,65.0
16489,5,Indianwear,juniper,2999.0,2099.0,30.0
16490,6,Indianwear,vastranand,5500.0,2475.0,55.0
16491,7,Indianwear,vastranand,3475.0,1911.0,45.0
16492,8,Indianwear,ira soleil,2638.2167045910855,2999.0,44.84758845312988
16493,9,Indianwear,varanga,2638.2167045910855,5999.0,44.84758845312988
16494,10,Indianwear,vastranand,4799.0,2159.0,55.0
16495,11,Indianwear,juniper,1049.0,734.0,30.0
16496,12,Indianwear,vastranand,4545.0,2272.0,50.0
16497,13,Indianwear,vastranand,5700.0,2850.0,50.0
16498,14,Indianwear,varanga,2599.0,1039.0,60.0
16499,15,Indianwear,varanga,1999.0,899.0,55.0
16500,16,Indianwear,varanga,1999.0,899.0,55.0
16501,17,Indianwear,vastranand,1998.0,1398.0,30.0
16502,18,Indianwear,stop,799.0,399.0,50.0
16503,19,Indianwear,varanga,3499.0,1399.0,60.0
16504,20,Indianwear,varanga,5999.0,2099.0,65.0
16505,21,Indianwear,varanga,3399.0,1189.0,65.0
16507,23,Indianwear,varanga,2638.2167045910855,4599.0,44.84758845312988
16508,24,Indianwear,varanga,2638.2167045910855,7999.0,44.84758845312988
16509,25,Indianwear,aurelia,1499.0,899.0,40.0
16510,0,Indianwear,janasya,1199.0,479.0,60.0
16511,1,Indianwear,indya,1400.0,1120.0,20.0
16512,2,Indianwear,amukti,1049.0,524.0,50.0
16513,3,Indianwear,aurelia,1999.0,1399.0,30.0
16514,4,Indianwear,janasya,3799.0,1899.0,50.0
16515,5,Indianwear,janasya,3299.0,989.0,70.0
16516,6,Indianwear,janasya,2398.0,839.0,65.0
16517,7,Indianwear,indya,3400.0,1700.0,50.0
16518,8,Indianwear,varanga,3599.0,1799.0,50.0
16519,9,Indianwear,indya,2638.2167045910855,2100.0,44.84758845312988
16520,10,Indianwear,global desi,1499.0,899.0,40.0
16521,11,Indianwear,global desi,1899.0,949.0,50.0
16522,12,Indianwear,janasya,1549.0,619.0,60.0
16523,13,Indianwear,janasya,3199.0,1119.0,65.0
16524,14,Indianwear,janasya,1599.0,719.0,55.0
16525,15,Indianwear,w,2638.2167045910855,1899.0,44.84758845312988
16526,16,Indianwear,indya,2638.2167045910855,1400.0,44.84758845312988
16527,17,Indianwear,global desi,2599.0,1039.0,60.0
16528,18,Indianwear,global desi,1999.0,799.0,60.0
16529,19,Indianwear,varanga,4599.0,1609.0,65.0
16530,20,Indianwear,w,2638.2167045910855,1699.0,44.84758845312988
16531,21,Indianwear,janasya,3199.0,1279.0,60.0
16533,23,Indianwear,global desi,2099.0,1679.0,20.0
16534,24,Indianwear,w,1799.0,899.0,50.0
16535,25,Indianwear,janasya,1469.0,734.0,50.0
16536,0,Indianwear,de moza,1499.0,899.0,40.0
16537,1,Indianwear,indya,1400.0,700.0,50.0
16538,2,Indianwear,indya,2638.2167045910855,1950.0,44.84758845312988
16539,3,Indianwear,suti,1949.0,1559.0,20.0
16540,4,Indianwear,indya,2638.2167045910855,2200.0,44.84758845312988
16541,5,Indianwear,janasya,4998.0,2499.0,50.0
16542,6,Indianwear,ziyaa,1489.0,744.0,50.0
16543,7,Indianwear,stop,1299.0,649.0,50.0
16544,8,Indianwear,ziyaa,3404.0,1361.0,60.0
16545,9,Indianwear,stop,2638.2167045910855,2299.0,44.84758845312988
16546,10,Indianwear,indya,2638.2167045910855,2400.0,44.84758845312988
16547,11,Indianwear,global desi,2799.0,1819.0,35.0
16548,12,Indianwear,stop,2638.2167045910855,999.0,44.84758845312988
16549,13,Indianwear,indya,2638.2167045910855,1200.0,44.84758845312988
16550,14,Indianwear,aurelia,2299.0,1609.0,30.0
16551,15,Indianwear,global desi,5999.0,4799.0,20.0
16552,16,Indianwear,global desi,2638.2167045910855,2999.0,44.84758845312988
16554,18,Indianwear,amukti,1299.0,649.0,50.0
16555,19,Indianwear,global desi,2899.0,1449.0,50.0
16556,20,Indianwear,global desi,2638.2167045910855,2299.0,44.84758845312988
16557,21,Indianwear,ziyaa,1869.0,747.0,60.0
16559,23,Indianwear,fusion beats,1299.0,479.0,63.0
16560,24,Indianwear,myshka,3999.0,1199.0,70.0
16561,25,Indianwear,indya,1850.0,925.0,50.0
16562,0,Indianwear,stop,1299.0,649.0,50.0
16563,1,Indianwear,w,1299.0,779.0,40.0
16564,2,Indianwear,w,2638.2167045910855,1399.0,44.84758845312988
16565,3,Indianwear,w,2638.2167045910855,1699.0,44.84758845312988
16566,4,Indianwear,indya,1600.0,800.0,50.0
16567,5,Indianwear,fusion beats,2399.0,959.0,60.0
16568,6,Indianwear,w,2638.2167045910855,1799.0,44.84758845312988
16569,7,Indianwear,varanga,2299.0,1149.0,50.0
16570,8,Indianwear,aurelia,2638.2167045910855,1399.0,44.84758845312988
16571,9,Indianwear,janasya,969.0,484.0,50.0
16572,10,Indianwear,de moza,2638.2167045910855,599.0,44.84758845312988
16573,11,Indianwear,ziyaa,2562.0,1024.0,60.0
16574,12,Indianwear,arteastri,2638.2167045910855,1650.0,44.84758845312988
16575,13,Indianwear,janasya,1099.0,549.0,50.0
16576,14,Indianwear,stop,1299.0,649.0,50.0
16577,15,Indianwear,suti,1699.0,1359.0,20.0
16578,16,Indianwear,varanga,4599.0,1609.0,65.0
16579,17,Indianwear,aurelia,2638.2167045910855,1799.0,44.84758845312988
16580,18,Indianwear,ziyaa,1052.0,526.0,50.0
16581,19,Indianwear,aurelia,2638.2167045910855,999.0,44.84758845312988
16582,20,Indianwear,global desi,2638.2167045910855,2699.0,44.84758845312988
16583,21,Indianwear,aurelia,2638.2167045910855,1299.0,44.84758845312988
16585,23,Indianwear,haute curry,1499.0,749.0,50.0
16586,24,Indianwear,janasya,1399.0,699.0,50.0
16587,25,Indianwear,stop,999.0,499.0,50.0
16588,0,Indianwear,kashish,1999.0,999.0,50.0
16589,1,Indianwear,aurelia,699.0,489.0,30.0
16590,2,Indianwear,indya,2638.2167045910855,2400.0,44.84758845312988
16591,3,Indianwear,w,799.0,599.0,25.0
16592,4,Indianwear,aurelia,2638.2167045910855,2999.0,44.84758845312988
16593,5,Indianwear,global desi,3699.0,2589.0,30.0
16594,6,Indianwear,w,2638.2167045910855,1999.0,44.84758845312988
16595,7,Indianwear,w,1799.0,899.0,50.0
16596,8,Indianwear,w,3999.0,1999.0,50.0
16597,9,Indianwear,juniper,1699.0,849.0,50.0
16598,10,Indianwear,aurelia,699.0,489.0,30.0
16599,11,Indianwear,myshka,3499.0,874.0,75.0
16600,12,Indianwear,kami kubi,3999.0,1599.0,60.0
16601,13,Indianwear,w,2638.2167045910855,1699.0,44.84758845312988
16602,14,Indianwear,indya,2638.2167045910855,1600.0,44.84758845312988
16603,15,Indianwear,aurelia,2638.2167045910855,699.0,44.84758845312988
16604,16,Indianwear,janasya,2699.0,1349.0,50.0
16605,17,Indianwear,arteastri,2638.2167045910855,1650.0,44.84758845312988
16606,18,Indianwear,indya,2638.2167045910855,1850.0,44.84758845312988
16607,19,Indianwear,indya,2638.2167045910855,1400.0,44.84758845312988
16608,20,Indianwear,ira soleil,2638.2167045910855,1999.0,44.84758845312988
16609,21,Indianwear,w,2638.2167045910855,1999.0,44.84758845312988
16612,24,Indianwear,global desi,2099.0,1364.0,35.0
16613,25,Indianwear,yuris,3999.0,1399.0,65.0
16614,0,Indianwear,arteastri,2638.2167045910855,6990.0,44.84758845312988
16615,1,Indianwear,haute curry,899.0,449.0,50.0
16616,2,Indianwear,biba,3999.0,2399.0,40.0
16617,3,Indianwear,yuris,3499.0,1399.0,60.0
16618,4,Indianwear,yuris,1799.0,719.0,60.0
16619,5,Indianwear,yuris,1699.0,679.0,60.0
16620,6,Indianwear,global desi,1899.0,949.0,50.0
16621,7,Indianwear,yuris,3499.0,1399.0,60.0
16622,8,Indianwear,arteastri,2638.2167045910855,1650.0,44.84758845312988
16623,9,Indianwear,varanga,3599.0,1079.0,70.0
16624,10,Indianwear,vastranand,5500.0,2475.0,55.0
16625,11,Indianwear,varkala silk sarees,7500.0,1875.0,75.0
16626,12,Indianwear,juniper,2999.0,1349.0,55.0
16627,13,Indianwear,vastranand,5500.0,2200.0,60.0
16628,14,Indianwear,vastranand,3675.0,2021.0,45.0
16629,15,Indianwear,vastranand,5500.0,3300.0,40.0
16630,16,Indianwear,varanga,2299.0,919.0,60.0
16631,17,Indianwear,vastranand,3500.0,1925.0,45.0
16632,18,Indianwear,vastranand,3500.0,1925.0,45.0
16633,19,Indianwear,vastranand,4599.0,2069.0,55.0
16634,20,Indianwear,haute curry,899.0,449.0,50.0
16635,21,Indianwear,vastranand,3995.0,1997.0,50.0
16637,23,Indianwear,ira soleil,2638.2167045910855,3999.0,44.84758845312988
16638,24,Indianwear,vastranand,5700.0,2850.0,50.0
16639,25,Indianwear,varanga,3399.0,1699.0,50.0
16640,0,Indianwear,vastranand,4775.0,2387.0,50.0
16641,1,Indianwear,vastranand,5500.0,2475.0,55.0
16642,2,Indianwear,vastranand,3475.0,1911.0,45.0
16643,3,Indianwear,stop,899.0,449.0,50.0
16644,4,Indianwear,vastranand,5700.0,2280.0,60.0
16646,6,Indianwear,varanga,2638.2167045910855,5299.0,44.84758845312988
16647,7,Indianwear,varanga,2638.2167045910855,6999.0,44.84758845312988
16648,8,Indianwear,varanga,5999.0,2399.0,60.0
16649,9,Indianwear,vastranand,4799.0,2159.0,55.0
16650,10,Indianwear,vastranand,4799.0,2159.0,55.0
16651,11,Indianwear,fusion beats,1299.0,519.0,60.0
16652,12,Indianwear,global desi,3999.0,1599.0,60.0
16653,13,Indianwear,aurelia,2638.2167045910855,2499.0,44.84758845312988
16654,14,Indianwear,aurelia,1699.0,849.0,50.0
16655,15,Indianwear,global desi,1999.0,1399.0,30.0
16656,16,Indianwear,neerus,3499.0,1749.0,50.0
16657,17,Indianwear,yuris,2799.0,1119.0,60.0
16658,18,Indianwear,varanga,6599.0,2639.0,60.0
16659,19,Indianwear,crimsoune club,1699.0,849.0,50.0
16660,20,Indianwear,global desi,2999.0,1499.0,50.0
16661,21,Indianwear,janasya,4399.0,1539.0,65.0
16663,23,Indianwear,janasya,1199.0,599.0,50.0
16664,24,Indianwear,w,2638.2167045910855,3999.0,44.84758845312988
16665,25,Indianwear,and,3199.0,2079.0,35.0
16666,0,Indianwear,ziyaa,1967.0,786.0,60.0
16667,1,Indianwear,aurelia,2638.2167045910855,599.0,44.84758845312988
16668,2,Indianwear,kashish,2638.2167045910855,2499.0,44.84758845312988
16669,3,Indianwear,janasya,1199.0,479.0,60.0
16670,4,Indianwear,varanga,1999.0,899.0,55.0
16671,5,Indianwear,janasya,3099.0,1549.0,50.0
16672,6,Indianwear,aurelia,2999.0,1499.0,50.0
16673,7,Indianwear,amukti,1299.0,649.0,50.0
16674,8,Indianwear,juniper,1699.0,1019.0,40.0
16675,9,Indianwear,w,3999.0,1999.0,50.0
16676,10,Indianwear,janasya,3599.0,1439.0,60.0
16677,11,Indianwear,yuris,1699.0,849.0,50.0
16678,12,Indianwear,janasya,2398.0,839.0,65.0
16679,13,Indianwear,global desi,2999.0,1949.0,35.0
16680,14,Indianwear,yuris,3499.0,1399.0,60.0
16681,15,Indianwear,haute curry,1299.0,649.0,50.0
16682,16,Indianwear,global desi,5999.0,2399.0,60.0
16683,17,Indianwear,varanga,2999.0,1049.0,65.0
16684,18,Indianwear,juniper,1799.0,719.0,60.0
16685,19,Indianwear,varanga,2638.2167045910855,3799.0,44.84758845312988
16686,20,Indianwear,fusion beats,2199.0,879.0,60.0
16687,21,Indianwear,amukti,1049.0,734.0,30.0
16689,23,Indianwear,kami kubi,1999.0,899.0,55.0
16690,24,Indianwear,varanga,1999.0,799.0,60.0
16691,25,Indianwear,indya,1850.0,925.0,50.0
16692,0,Indianwear,w,2638.2167045910855,1799.0,44.84758845312988
16693,1,Indianwear,janasya,3699.0,1849.0,50.0
16694,2,Indianwear,janasya,1699.0,594.0,65.0
16695,3,Indianwear,janasya,2298.0,919.0,60.0
16696,4,Indianwear,de moza,2638.2167045910855,1299.0,44.84758845312988
16697,5,Indianwear,aurelia,1499.0,1049.0,30.0
16698,6,Indianwear,global desi,2638.2167045910855,3899.0,44.84758845312988
16699,7,Indianwear,amukti,1999.0,999.0,50.0
16700,8,Indianwear,myshka,1499.0,524.0,65.0
16701,9,Indianwear,aurelia,3999.0,2799.0,30.0
16702,10,Indianwear,global desi,5299.0,4239.0,20.0
16703,11,Indianwear,aurelia,2638.2167045910855,1499.0,44.84758845312988
16704,12,Indianwear,aurelia,2638.2167045910855,2599.0,44.84758845312988
16705,13,Indianwear,vip,2638.2167045910855,175.0,44.84758845312988
16706,14,Indianwear,global desi,1999.0,999.0,50.0
16707,15,Indianwear,global desi,2599.0,1819.0,30.0
16708,16,Indianwear,global desi,2199.0,1099.0,50.0
16709,17,Indianwear,global desi,2499.0,999.0,60.0
16710,18,Indianwear,fusion beats,2199.0,879.0,60.0
16711,19,Indianwear,janasya,2149.0,1181.0,45.0
16712,20,Indianwear,aarke,2638.2167045910855,3200.0,44.84758845312988
16713,21,Indianwear,janasya,2298.0,1493.0,35.0
16715,23,Indianwear,global desi,2999.0,2099.0,30.0
16716,24,Indianwear,aurelia,2638.2167045910855,3599.0,44.84758845312988
16717,25,Indianwear,varanga,2999.0,1499.0,50.0
16718,0,Indianwear,w,8999.0,6749.0,25.0
16719,1,Indianwear,janasya,1299.0,584.0,55.0
16720,2,Indianwear,aarke,2638.2167045910855,1800.0,44.84758845312988
16721,3,Indianwear,neerus,2499.0,1499.0,40.0
16722,4,Indianwear,elliza donatein,2800.0,1400.0,50.0
16723,5,Indianwear,janasya,2449.0,1224.0,50.0
16724,6,Indianwear,w,2638.2167045910855,1699.0,44.84758845312988
16725,7,Indianwear,suti,1649.0,1319.0,20.0
16726,8,Indianwear,global desi,1999.0,1299.0,35.0
16727,9,Indianwear,global desi,1599.0,959.0,40.0
16728,10,Indianwear,suti,2299.0,1839.0,20.0
16729,11,Indianwear,global desi,2199.0,1099.0,50.0
16730,12,Indianwear,myshka,2999.0,749.0,75.0
16731,13,Indianwear,global desi,6299.0,4094.0,35.0
16732,14,Indianwear,arteastri,2638.2167045910855,2990.0,44.84758845312988
16733,15,Indianwear,arteastri,2638.2167045910855,5000.0,44.84758845312988
16734,16,Indianwear,arteastri,2638.2167045910855,1600.0,44.84758845312988
16735,17,Indianwear,indya,2600.0,1300.0,50.0
16736,18,Indianwear,global desi,3499.0,2274.0,35.0
16737,19,Indianwear,amukti,1299.0,909.0,30.0
16738,20,Indianwear,aurelia,2638.2167045910855,1299.0,44.84758845312988
16739,21,Indianwear,indya,1950.0,975.0,50.0
16741,23,Indianwear,global desi,4999.0,3999.0,20.0
16742,24,Indianwear,ziyaa,2610.0,1044.0,60.0
16743,25,Indianwear,ziyaa,1953.0,781.0,60.0
16744,0,Indianwear,janasya,1699.0,764.0,55.0
16745,1,Indianwear,global desi,1799.0,899.0,50.0
16746,2,Indianwear,janasya,1449.0,724.0,50.0
16747,3,Indianwear,global desi,1699.0,1359.0,20.0
16748,4,Indianwear,janasya,2299.0,1034.0,55.0
16749,5,Indianwear,aurelia,2638.2167045910855,1699.0,44.84758845312988
16750,6,Indianwear,aarke,2638.2167045910855,2400.0,44.84758845312988
16751,7,Indianwear,indya,2638.2167045910855,4500.0,44.84758845312988
16752,8,Indianwear,ziyaa,1935.0,870.0,55.0
16753,9,Indianwear,de moza,999.0,599.0,40.0
16754,10,Indianwear,janasya,2089.0,940.0,55.0
16755,11,Indianwear,janasya,1399.0,559.0,60.0
16756,12,Indianwear,amukti,1299.0,649.0,50.0
16757,13,Indianwear,global desi,1799.0,1079.0,40.0
16758,14,Indianwear,janasya,2699.0,1484.0,45.0
16759,15,Indianwear,varanga,3399.0,1699.0,50.0
16760,16,Indianwear,janasya,1399.0,559.0,60.0
16761,17,Indianwear,janasya,2398.0,1079.0,55.0
16762,18,Indianwear,janasya,3799.0,2089.0,45.0
16763,19,Indianwear,de moza,2638.2167045910855,1999.0,44.84758845312988
16764,20,Indianwear,kashish,2638.2167045910855,2999.0,44.84758845312988
16765,21,Indianwear,ira soleil,2638.2167045910855,3248.0,44.84758845312988
16767,23,Indianwear,indya,2638.2167045910855,2950.0,44.84758845312988
16768,24,Indianwear,ziyaa,1935.0,870.0,55.0
16769,25,Indianwear,aurelia,2638.2167045910855,599.0,44.84758845312988
16770,0,Indianwear,w,5999.0,3599.0,40.0
16771,1,Indianwear,kami kubi,2299.0,919.0,60.0
16772,2,Indianwear,global desi,1799.0,1079.0,40.0
16773,3,Indianwear,w,1699.0,849.0,50.0
16774,4,Indianwear,janasya,1469.0,587.0,60.0
16775,5,Indianwear,neerus,1299.0,1039.0,20.0
16776,6,Indianwear,w,6999.0,3499.0,50.0
16777,7,Indianwear,global desi,4799.0,3839.0,20.0
16778,8,Indianwear,global desi,2499.0,1999.0,20.0
16779,9,Indianwear,global desi,2099.0,1679.0,20.0
16780,10,Indianwear,ziyaa,2516.0,1006.0,60.0
16781,11,Indianwear,amukti,1299.0,909.0,30.0
16782,12,Indianwear,ziyaa,2135.0,960.0,55.0
16783,13,Indianwear,global desi,2799.0,1819.0,35.0
16784,14,Indianwear,janasya,1499.0,824.0,45.0
16785,15,Indianwear,w,2638.2167045910855,1999.0,44.84758845312988
16786,16,Indianwear,janasya,2089.0,940.0,55.0
16787,17,Indianwear,global desi,3499.0,1749.0,50.0
16788,18,Indianwear,janasya,2299.0,1149.0,50.0
16789,19,Indianwear,janasya,2799.0,1259.0,55.0
16790,20,Indianwear,janasya,3859.0,1350.0,65.0
16791,21,Indianwear,de moza,1299.0,779.0,40.0
16793,23,Indianwear,ziyaa,1953.0,781.0,60.0
16794,24,Indianwear,global desi,2399.0,1559.0,35.0
16795,25,Indianwear,varanga,1999.0,899.0,55.0
16796,0,Indianwear,global desi,2599.0,1299.0,50.0
16797,1,Indianwear,aarke,2638.2167045910855,2900.0,44.84758845312988
16798,2,Indianwear,w,2638.2167045910855,1299.0,44.84758845312988
16799,3,Indianwear,yuris,1699.0,764.0,55.0
16800,4,Indianwear,yuris,3499.0,1399.0,60.0
16801,5,Indianwear,yuris,1499.0,674.0,55.0
16802,6,Indianwear,yuris,3999.0,1399.0,65.0
16803,7,Indianwear,yuris,1999.0,999.0,50.0
16804,8,Indianwear,aurelia,2638.2167045910855,1199.0,44.84758845312988
16805,9,Indianwear,varanga,1799.0,719.0,60.0
16806,10,Indianwear,global desi,2199.0,1429.0,35.0
16807,11,Indianwear,global desi,2399.0,1199.0,50.0
16808,12,Indianwear,global desi,3499.0,1399.0,60.0
16809,13,Indianwear,global desi,2199.0,1099.0,50.0
16810,14,Indianwear,yuris,1599.0,639.0,60.0
16811,15,Indianwear,janasya,2298.0,1263.0,45.0
16812,16,Indianwear,vastranand,3999.0,1599.0,60.0
16813,17,Indianwear,vastranand,4545.0,1818.0,60.0
16814,18,Indianwear,varanga,2499.0,999.0,60.0
16815,19,Indianwear,ira soleil,2638.2167045910855,2299.0,44.84758845312988
16816,20,Indianwear,varanga,2638.2167045910855,4999.0,44.84758845312988
16817,21,Indianwear,varanga,2638.2167045910855,6199.0,44.84758845312988
16819,23,Indianwear,juniper,1049.0,629.0,40.0
16820,24,Indianwear,vastranand,3500.0,1925.0,45.0
16821,25,Indianwear,vastranand,3675.0,2021.0,45.0
16822,0,Indianwear,vastranand,4995.0,2247.0,55.0
16823,1,Indianwear,varanga,1999.0,899.0,55.0
16824,2,Indianwear,varanga,2999.0,899.0,70.0
16825,3,Indianwear,varkala silk sarees,7500.0,1875.0,75.0
16826,4,Indianwear,vastranand,5500.0,3025.0,45.0
16827,5,Indianwear,vastranand,3475.0,1563.0,55.0
16828,6,Indianwear,vastranand,5700.0,3420.0,40.0
16829,7,Indianwear,juniper,3699.0,1664.0,55.0
16830,8,Indianwear,vastranand,3700.0,2035.0,45.0
16831,9,Indianwear,varanga,1999.0,899.0,55.0
16832,10,Indianwear,vastranand,5500.0,2475.0,55.0
16833,11,Indianwear,global desi,1699.0,679.0,60.0
16834,12,Indianwear,varanga,3999.0,1599.0,60.0
16835,13,Indianwear,varanga,2638.2167045910855,4999.0,44.84758845312988
16836,14,Indianwear,stop,999.0,499.0,50.0
16837,15,Indianwear,global desi,3999.0,2399.0,40.0
16838,16,Indianwear,kami kubi,4999.0,1999.0,60.0
16839,17,Indianwear,indya,2638.2167045910855,2200.0,44.84758845312988
16840,18,Indianwear,janasya,2399.0,839.0,65.0
16841,19,Indianwear,kami kubi,999.0,599.0,40.0
16842,20,Indianwear,yuris,1899.0,759.0,60.0
16843,21,Indianwear,kami kubi,1199.0,659.0,45.0
16845,23,Indianwear,indya,2638.2167045910855,2300.0,44.84758845312988
16846,24,Indianwear,suti,2799.0,2239.0,20.0
16847,25,Indianwear,stop,1999.0,999.0,50.0
16848,0,Indianwear,stop,1999.0,999.0,50.0
16849,1,Indianwear,yuris,3499.0,1399.0,60.0
16850,2,Indianwear,indya,2100.0,1050.0,50.0
16851,3,Indianwear,aarke,2638.2167045910855,2600.0,44.84758845312988
16852,4,Indianwear,janasya,2499.0,1374.0,45.0
16853,5,Indianwear,global desi,1199.0,719.0,40.0
16854,6,Indianwear,global desi,1799.0,1079.0,40.0
16855,7,Indianwear,janasya,3199.0,1119.0,65.0
16856,8,Indianwear,aurelia,2638.2167045910855,2699.0,44.84758845312988
16857,9,Indianwear,fusion beats,2199.0,879.0,60.0
16858,10,Indianwear,amukti,999.0,499.0,50.0
16859,11,Indianwear,faballey,2200.0,1100.0,50.0
16860,12,Indianwear,janasya,3499.0,1399.0,60.0
16861,13,Indianwear,global desi,2199.0,879.0,60.0
16862,14,Indianwear,indya,1200.0,600.0,50.0
16863,15,Indianwear,aurelia,1299.0,649.0,50.0
16864,16,Indianwear,indya,1400.0,700.0,50.0
16865,17,Indianwear,kami kubi,1999.0,899.0,55.0
16866,18,Indianwear,janasya,3489.0,1395.0,60.0
16867,19,Indianwear,w,2638.2167045910855,2599.0,44.84758845312988
16868,20,Indianwear,w,2638.2167045910855,1699.0,44.84758845312988
16869,21,Indianwear,janasya,4598.0,2069.0,55.0
16871,23,Indianwear,janasya,1529.0,611.0,60.0
16872,24,Indianwear,global desi,2638.2167045910855,2199.0,44.84758845312988
16873,25,Indianwear,janasya,1399.0,629.0,55.0
16874,0,Indianwear,global desi,5299.0,2649.0,50.0
16875,1,Indianwear,janasya,1399.0,559.0,60.0
16876,2,Indianwear,myshka,3999.0,1199.0,70.0
16877,3,Indianwear,kami kubi,2299.0,919.0,60.0
16878,4,Indianwear,w,1699.0,1019.0,40.0
16879,5,Indianwear,amukti,1299.0,649.0,50.0
16880,6,Indianwear,w,1399.0,1049.0,25.0
16881,7,Indianwear,indya,2400.0,1200.0,50.0
16882,8,Indianwear,janasya,1399.0,559.0,60.0
16883,9,Indianwear,w,2638.2167045910855,1099.0,44.84758845312988
16884,10,Indianwear,fratini,2999.0,1799.0,40.0
16885,11,Indianwear,global desi,2499.0,1999.0,20.0
16886,12,Indianwear,juniper,1699.0,849.0,50.0
16887,13,Indianwear,varanga,1399.0,489.0,65.0
16888,14,Indianwear,juniper,3549.0,1597.0,55.0
16889,15,Indianwear,global desi,1999.0,999.0,50.0
16890,16,Indianwear,global desi,2099.0,1679.0,20.0
16891,17,Indianwear,aarke,2638.2167045910855,2900.0,44.84758845312988
16892,18,Indianwear,ziyaa,2610.0,1044.0,60.0
16893,19,Indianwear,de moza,1299.0,779.0,40.0
16894,20,Indianwear,fusion beats,1899.0,759.0,60.0
16895,21,Indianwear,aurelia,1599.0,1119.0,30.0
16897,23,Indianwear,janasya,1699.0,679.0,60.0
16898,24,Indianwear,ira soleil,2638.2167045910855,1239.0,44.84758845312988
16899,25,Indianwear,ziyaa,2433.0,973.0,60.0
16900,0,Indianwear,suti,2699.0,2159.0,20.0
16901,1,Indianwear,janasya,2999.0,1349.0,55.0
16902,2,Indianwear,arteastri,2638.2167045910855,1690.0,44.84758845312988
16903,3,Indianwear,w,2638.2167045910855,1299.0,44.84758845312988
16904,4,Indianwear,ziyaa,1943.0,777.0,60.0
16905,5,Indianwear,aurelia,2638.2167045910855,2699.0,44.84758845312988
16906,6,Indianwear,de moza,2638.2167045910855,1499.0,44.84758845312988
16907,7,Indianwear,global desi,3999.0,2799.0,30.0
16908,8,Indianwear,janasya,1529.0,688.0,55.0
16909,9,Indianwear,sanaa,1049.0,734.0,30.0
16910,10,Indianwear,w,1899.0,949.0,50.0
16911,11,Indianwear,indya,2638.2167045910855,1200.0,44.84758845312988
16912,12,Indianwear,indya,2638.2167045910855,1600.0,44.84758845312988
16913,13,Indianwear,w,2638.2167045910855,1899.0,44.84758845312988
16914,14,Indianwear,indya,1600.0,800.0,50.0
16915,15,Indianwear,aurelia,2638.2167045910855,1099.0,44.84758845312988
16916,16,Indianwear,aurelia,2638.2167045910855,999.0,44.84758845312988
16917,17,Indianwear,kami kubi,3999.0,1399.0,65.0
16918,18,Indianwear,aurelia,1399.0,979.0,30.0
16919,19,Indianwear,amukti,1299.0,649.0,50.0
16920,20,Indianwear,varanga,2399.0,839.0,65.0
16921,21,Indianwear,global desi,1499.0,449.0,70.0
16923,23,Indianwear,stop,2638.2167045910855,799.0,44.84758845312988
16924,24,Indianwear,fusion beats,1399.0,419.0,70.0
16925,25,Indianwear,vero moda,2799.0,1959.0,30.0
16926,0,Indianwear,w,2638.2167045910855,1299.0,44.84758845312988
16927,1,Indianwear,w,2638.2167045910855,1799.0,44.84758845312988
16928,2,Indianwear,aurelia,2638.2167045910855,1999.0,44.84758845312988
16929,3,Indianwear,janasya,3299.0,1154.0,65.0
16930,4,Indianwear,aurelia,2638.2167045910855,2999.0,44.84758845312988
16931,5,Indianwear,global desi,4999.0,3249.0,35.0
16932,6,Indianwear,myshka,1799.0,539.0,70.0
16933,7,Indianwear,ritu kumar,2638.2167045910855,5600.0,44.84758845312988
16934,8,Indianwear,myshka,2999.0,899.0,70.0
16935,9,Indianwear,get wrapped,2638.2167045910855,449.0,44.84758845312988
16936,10,Indianwear,global desi,2599.0,1819.0,30.0
16937,11,Indianwear,w,2638.2167045910855,1499.0,44.84758845312988
16938,12,Indianwear,w,2638.2167045910855,1299.0,44.84758845312988
16939,13,Indianwear,indya,2200.0,1760.0,20.0
16940,14,Indianwear,de moza,2638.2167045910855,1499.0,44.84758845312988
16941,15,Indianwear,indya,2950.0,1475.0,50.0
16942,16,Indianwear,aarke,2638.2167045910855,5900.0,44.84758845312988
16943,17,Indianwear,global desi,2638.2167045910855,1399.0,44.84758845312988
16944,18,Indianwear,w,1499.0,1124.0,25.0
16945,19,Indianwear,fusion beats,2399.0,959.0,60.0
16946,20,Indianwear,ziyaa,4233.0,1693.0,60.0
16947,21,Indianwear,w,999.0,599.0,40.0
16949,23,Indianwear,janasya,1299.0,909.0,30.0
16950,24,Indianwear,get wrapped,2638.2167045910855,299.0,44.84758845312988
16951,25,Indianwear,get wrapped,2638.2167045910855,499.0,44.84758845312988
16952,0,Indianwear,global desi,1699.0,1359.0,20.0
16953,1,Indianwear,ziyaa,1394.0,627.0,55.0
16954,2,Indianwear,global desi,1699.0,1359.0,20.0
16955,3,Indianwear,kami kubi,6999.0,2799.0,60.0
16956,4,Indianwear,fusion beats,1799.0,639.0,64.0
16957,5,Indianwear,myshka,2299.0,689.0,70.0
16958,6,Indianwear,kami kubi,3799.0,1519.0,60.0
16959,7,Indianwear,w,6599.0,4949.0,25.0
16960,8,Indianwear,aurelia,1199.0,839.0,30.0
16961,9,Indianwear,global desi,2299.0,1494.0,35.0
16962,10,Indianwear,yuris,1699.0,679.0,60.0
16963,11,Indianwear,yuris,2799.0,1119.0,60.0
16964,12,Indianwear,global desi,1499.0,1049.0,30.0
16965,13,Indianwear,global desi,2999.0,1799.0,40.0
16966,14,Indianwear,vip,2638.2167045910855,499.0,44.84758845312988
16967,15,Indianwear,ziyaa,1567.0,705.0,55.0
16968,16,Indianwear,vastranand,4545.0,2272.0,50.0
16969,17,Indianwear,varkala silk sarees,7500.0,1875.0,75.0
16970,18,Indianwear,vastranand,1998.0,1398.0,30.0
16971,19,Indianwear,vastranand,5700.0,2850.0,50.0
16972,20,Indianwear,varanga,5999.0,2099.0,65.0
16973,21,Indianwear,varanga,1999.0,799.0,60.0
16975,23,Indianwear,ira soleil,2638.2167045910855,1899.0,44.84758845312988
16976,24,Indianwear,vastranand,5500.0,2475.0,55.0
16977,25,Indianwear,vastranand,3500.0,1925.0,45.0
16978,0,Indianwear,vastranand,4599.0,2069.0,55.0
16979,1,Indianwear,vastranand,3500.0,1925.0,45.0
16980,2,Indianwear,varanga,5999.0,1799.0,70.0
16981,3,Indianwear,vastranand,4995.0,2247.0,55.0
16982,4,Indianwear,vastranand,3475.0,1737.0,50.0
16983,5,Indianwear,vastranand,4500.0,2025.0,55.0
16984,6,Indianwear,vastranand,3199.0,1919.0,40.0
16985,7,Indianwear,vastranand,4799.0,2159.0,55.0
16986,8,Indianwear,vastranand,4995.0,1998.0,60.0
16987,9,Indianwear,vastranand,6500.0,3250.0,50.0
16988,10,Indianwear,vastranand,3000.0,1500.0,50.0
16989,11,Indianwear,varanga,3299.0,824.0,75.0
16990,12,Indianwear,varanga,3599.0,1259.0,65.0
16991,13,Indianwear,varanga,2638.2167045910855,5999.0,44.84758845312988
16992,14,Indianwear,de moza,2638.2167045910855,1299.0,44.84758845312988
16993,15,Indianwear,biba,3299.0,2309.0,30.0
16994,16,Indianwear,amukti,1599.0,799.0,50.0
16995,17,Indianwear,janasya,1729.0,691.0,60.0
16996,18,Indianwear,varanga,2999.0,749.0,75.0
16997,19,Indianwear,juniper,3699.0,924.0,75.0
16998,20,Indianwear,yuris,1699.0,679.0,60.0
16999,21,Indianwear,amukti,1499.0,749.0,50.0
17001,23,Indianwear,amukti,1499.0,749.0,50.0
17002,24,Indianwear,global desi,1799.0,1079.0,40.0
17003,25,Indianwear,janasya,1999.0,1099.0,45.0
17004,0,Indianwear,indya,1900.0,950.0,50.0
17005,1,Indianwear,aurelia,2638.2167045910855,799.0,44.84758845312988
17006,2,Indianwear,w,1799.0,899.0,50.0
17007,3,Indianwear,janasya,2079.0,727.0,65.0
17008,4,Indianwear,amukti,1499.0,749.0,50.0
17009,5,Indianwear,aurelia,1499.0,1049.0,30.0
17010,6,Indianwear,w,1499.0,749.0,50.0
17011,7,Indianwear,janasya,4199.0,1469.0,65.0
17012,8,Indianwear,indya,2638.2167045910855,3500.0,44.84758845312988
17013,9,Indianwear,aurelia,2638.2167045910855,2999.0,44.84758845312988
17014,10,Indianwear,global desi,3799.0,2659.0,30.0
17015,11,Indianwear,global desi,1599.0,799.0,50.0
17016,12,Indianwear,yuris,1599.0,639.0,60.0
17017,13,Indianwear,indya,1800.0,900.0,50.0
17018,14,Indianwear,global desi,2999.0,1799.0,40.0
17019,15,Indianwear,janasya,2698.0,1483.0,45.0
17020,16,Indianwear,amukti,1999.0,999.0,50.0
17021,17,Indianwear,janasya,1399.0,559.0,60.0
17022,18,Indianwear,aurelia,1199.0,719.0,40.0
17023,19,Indianwear,janasya,1549.0,697.0,55.0
17024,20,Indianwear,indya,2638.2167045910855,1500.0,44.84758845312988
17025,21,Indianwear,janasya,3399.0,1869.0,45.0
17027,23,Indianwear,amukti,999.0,499.0,50.0
17028,24,Indianwear,yuris,2799.0,1259.0,55.0
17029,25,Indianwear,janasya,2049.0,1024.0,50.0
17030,0,Indianwear,yuris,2799.0,1259.0,55.0
17031,1,Indianwear,aurelia,1299.0,779.0,40.0
17032,2,Indianwear,varanga,2599.0,1429.0,45.0
17033,3,Indianwear,varanga,1299.0,519.0,60.0
17034,4,Indianwear,juniper,3599.0,1799.0,50.0
17035,5,Indianwear,varanga,1799.0,629.0,65.0
17036,6,Indianwear,varanga,2199.0,1209.0,45.0
17037,7,Indianwear,global desi,1899.0,949.0,50.0
17038,8,Indianwear,ziyaa,2390.0,956.0,60.0
17039,9,Indianwear,global desi,2638.2167045910855,1999.0,44.84758845312988
17040,10,Indianwear,w,4999.0,3499.0,30.0
17041,11,Indianwear,and,2099.0,1049.0,50.0
17042,12,Indianwear,amukti,1699.0,1189.0,30.0
17043,13,Indianwear,global desi,3299.0,2144.0,35.0
17044,14,Indianwear,w,2638.2167045910855,1799.0,44.84758845312988
17045,15,Indianwear,janasya,2699.0,1349.0,50.0
17046,16,Indianwear,kami kubi,1799.0,989.0,45.0
17047,17,Indianwear,w,1699.0,1274.0,25.0
17048,18,Indianwear,de moza,2638.2167045910855,1299.0,44.84758845312988
17049,19,Indianwear,ritu kumar,2638.2167045910855,4900.0,44.84758845312988
17050,20,Indianwear,ira soleil,2638.2167045910855,1999.0,44.84758845312988
17051,21,Indianwear,aurelia,4999.0,2499.0,50.0
17053,23,Indianwear,global desi,2638.2167045910855,1699.0,44.84758845312988
17054,24,Indianwear,ziyaa,2179.0,871.0,60.0
17056,0,Indianwear,ira soleil,2638.2167045910855,2074.0,44.84758845312988
17057,1,Indianwear,suti,1999.0,1599.0,20.0
17058,2,Indianwear,janasya,2219.0,998.0,55.0
17059,3,Indianwear,janasya,1499.0,749.0,50.0
17060,4,Indianwear,indya,1800.0,900.0,50.0
17061,5,Indianwear,w,2638.2167045910855,1499.0,44.84758845312988
17062,6,Indianwear,global desi,2299.0,1379.0,40.0
17063,7,Indianwear,w,2638.2167045910855,1699.0,44.84758845312988
17064,8,Indianwear,indya,2638.2167045910855,2600.0,44.84758845312988
17065,9,Indianwear,w,2638.2167045910855,1799.0,44.84758845312988
17066,10,Indianwear,indya,2638.2167045910855,1500.0,44.84758845312988
17067,11,Indianwear,janasya,2199.0,989.0,55.0
17068,12,Indianwear,aurelia,2638.2167045910855,2399.0,44.84758845312988
17069,13,Indianwear,de moza,999.0,599.0,40.0
17070,14,Indianwear,janasya,4159.0,1871.0,55.0
17071,15,Indianwear,indya,2800.0,1400.0,50.0
17072,16,Indianwear,stop,1299.0,649.0,50.0
17073,17,Indianwear,stop,999.0,499.0,50.0
17074,18,Indianwear,global desi,1799.0,899.0,50.0
17075,19,Indianwear,indya,2638.2167045910855,2200.0,44.84758845312988
17076,20,Indianwear,ziyaa,3332.0,1499.0,55.0
17077,21,Indianwear,indya,1800.0,900.0,50.0
17079,23,Indianwear,ayesha,2638.2167045910855,598.0,44.84758845312988
17080,24,Indianwear,myshka,3999.0,3599.0,10.0
17081,25,Indianwear,janasya,3859.0,1350.0,65.0
17082,0,Indianwear,neerus,3499.0,2799.0,20.0
17083,1,Indianwear,aurelia,2638.2167045910855,1049.0,44.84758845312988
17084,2,Indianwear,global desi,2638.2167045910855,6299.0,44.84758845312988
17085,3,Indianwear,ziyaa,1647.0,658.0,60.0
17086,4,Indianwear,w,2638.2167045910855,999.0,44.84758845312988
17088,6,Indianwear,global desi,2699.0,2159.0,20.0
17089,7,Indianwear,get wrapped,2638.2167045910855,599.0,44.84758845312988
17090,8,Indianwear,janasya,1099.0,549.0,50.0
17091,9,Indianwear,w,2638.2167045910855,2499.0,44.84758845312988
17092,10,Indianwear,global desi,2299.0,1839.0,20.0
17093,11,Indianwear,yuris,1499.0,599.0,60.0
17094,12,Indianwear,janasya,799.0,479.0,40.0
17095,13,Indianwear,varanga,1399.0,629.0,55.0
17096,14,Indianwear,janasya,1549.0,774.0,50.0
17097,15,Indianwear,indya,1800.0,900.0,50.0
17098,16,Indianwear,ziyaa,1951.0,780.0,60.0
17099,17,Indianwear,global desi,2638.2167045910855,1399.0,44.84758845312988
17100,18,Indianwear,yuris,2799.0,1259.0,55.0
17101,19,Indianwear,janasya,1469.0,734.0,50.0
17102,20,Indianwear,ziyaa,1915.0,670.0,65.0
17103,21,Indianwear,ziyaa,2024.0,708.0,65.0
17105,23,Indianwear,amukti,1499.0,749.0,50.0
17106,24,Indianwear,indya,3400.0,1700.0,50.0
17107,25,Indianwear,indya,2200.0,1100.0,50.0
17108,0,Indianwear,indya,2800.0,1400.0,50.0
17109,1,Indianwear,ritu kumar,4900.0,3920.0,20.0
17110,2,Indianwear,neerus,3499.0,2799.0,20.0
17111,3,Indianwear,global desi,1899.0,1519.0,20.0
17112,4,Indianwear,haute curry,1499.0,749.0,50.0
17113,5,Indianwear,aurelia,2638.2167045910855,2499.0,44.84758845312988
17114,6,Indianwear,varanga,4399.0,2199.0,50.0
17115,7,Indianwear,w,1799.0,1349.0,25.0
17116,8,Indianwear,global desi,4999.0,3249.0,35.0
17117,9,Indianwear,myshka,3999.0,1199.0,70.0
17118,10,Indianwear,amukti,1999.0,999.0,50.0
17119,11,Indianwear,fusion beats,1499.0,599.0,60.0
17120,12,Indianwear,aurelia,2638.2167045910855,1399.0,44.84758845312988
17121,13,Indianwear,global desi,2199.0,1099.0,50.0
17122,14,Indianwear,ira soleil,2638.2167045910855,1999.0,44.84758845312988
17123,15,Indianwear,indya,3600.0,1800.0,50.0
17124,16,Indianwear,varkala silk sarees,4500.0,1350.0,70.0
17125,17,Indianwear,ziyaa,4417.0,1766.0,60.0
17126,18,Indianwear,global desi,1699.0,1104.0,35.0
17127,19,Indianwear,stop,1499.0,749.0,50.0
17128,20,Indianwear,w,2999.0,1499.0,50.0
17129,21,Indianwear,janasya,1999.0,1099.0,45.0
17131,23,Indianwear,varkala silk sarees,5000.0,1500.0,70.0
17132,24,Indianwear,ziyaa,1598.0,639.0,60.0
17133,25,Indianwear,indya,2638.2167045910855,3200.0,44.84758845312988
17134,0,Indianwear,indya,1200.0,600.0,50.0
17135,1,Indianwear,w,2638.2167045910855,1999.0,44.84758845312988
17136,2,Indianwear,juniper,2499.0,1249.0,50.0
17137,3,Indianwear,varanga,2999.0,1049.0,65.0
17138,4,Indianwear,global desi,2299.0,1609.0,30.0
17139,5,Indianwear,neerus,1499.0,749.0,50.0
17140,6,Indianwear,ziyaa,2697.0,1078.0,60.0
17141,7,Indianwear,ritu kumar,2638.2167045910855,4200.0,44.84758845312988
17142,8,Indianwear,global desi,1599.0,799.0,50.0
17143,9,Indianwear,ziyaa,3051.0,1220.0,60.0
17144,10,Indianwear,ziyaa,1477.0,590.0,60.0
17145,11,Indianwear,global desi,2699.0,1079.0,60.0
17146,12,Indianwear,de moza,2638.2167045910855,799.0,44.84758845312988
17147,13,Indianwear,sanaa,2638.2167045910855,1499.0,44.84758845312988
17148,14,Indianwear,aarke,2638.2167045910855,3900.0,44.84758845312988
17149,15,Indianwear,haute curry,1299.0,649.0,50.0
17150,16,Indianwear,aurelia,1399.0,699.0,50.0
17151,17,Indianwear,yuris,3999.0,1399.0,65.0
17152,18,Indianwear,yuris,2999.0,1349.0,55.0
17153,19,Indianwear,ziyaa,2990.0,1345.0,55.0
17154,20,Indianwear,get wrapped,2638.2167045910855,499.0,44.84758845312988
17155,21,Indianwear,myshka,3999.0,1199.0,70.0
17157,23,Indianwear,de moza,2638.2167045910855,999.0,44.84758845312988
17158,24,Indianwear,yuris,3499.0,1399.0,60.0
17159,25,Indianwear,yuris,2799.0,1259.0,55.0
17160,0,Indianwear,yuris,3999.0,1399.0,65.0
17161,1,Indianwear,global desi,2599.0,1689.0,35.0
17162,2,Indianwear,global desi,2999.0,1499.0,50.0
17163,3,Indianwear,kashish,1499.0,749.0,50.0
17164,4,Indianwear,global desi,1999.0,1199.0,40.0
17165,5,Indianwear,aurelia,1999.0,1399.0,30.0
17166,6,Indianwear,vastranand,3299.0,1814.0,45.0
17167,7,Indianwear,vastranand,5700.0,3135.0,45.0
17168,8,Indianwear,vastranand,5500.0,2475.0,55.0
17169,9,Indianwear,vastranand,4500.0,2025.0,55.0
17170,10,Indianwear,vastranand,4799.0,2159.0,55.0
17171,11,Indianwear,vastranand,3299.0,1814.0,45.0
17172,12,Indianwear,vastranand,5500.0,2200.0,60.0
17173,13,Indianwear,varanga,2199.0,1099.0,50.0
17174,14,Indianwear,vastranand,3950.0,2172.0,45.0
17175,15,Indianwear,vastranand,5500.0,3300.0,40.0
17176,16,Indianwear,kashish,1999.0,999.0,50.0
17177,17,Indianwear,varanga,2299.0,1149.0,50.0
17178,18,Indianwear,varanga,4599.0,1609.0,65.0
17179,19,Indianwear,vastranand,5900.0,2655.0,55.0
17180,20,Indianwear,vastranand,1998.0,1398.0,30.0
17181,21,Indianwear,vastranand,4995.0,2497.0,50.0
17183,23,Indianwear,vastranand,1998.0,1398.0,30.0
17184,24,Indianwear,vastranand,4799.0,2399.0,50.0
17185,25,Indianwear,varkala silk sarees,7500.0,1875.0,75.0
17186,0,Indianwear,vastranand,4545.0,2272.0,50.0
17187,1,Indianwear,vastranand,5700.0,2850.0,50.0
17188,2,Indianwear,vastranand,3475.0,1737.0,50.0
17189,3,Indianwear,varanga,1499.0,974.0,35.0
17190,4,Indianwear,vastranand,4599.0,2069.0,55.0
17191,5,Indianwear,vastranand,4599.0,2069.0,55.0
17192,6,Indianwear,varanga,2999.0,1499.0,50.0
17193,7,Indianwear,vastranand,3475.0,1737.0,50.0
17194,8,Indianwear,juniper,3499.0,1924.0,45.0
17195,9,Indianwear,fusion beats,2638.2167045910855,1699.0,44.84758845312988
17196,10,Indianwear,ayesha,2638.2167045910855,1298.0,44.84758845312988
17197,11,Indianwear,amukti,999.0,499.0,50.0
17198,12,Indianwear,aurelia,1799.0,899.0,50.0
17199,13,Indianwear,amukti,1599.0,799.0,50.0
17200,14,Indianwear,janasya,4299.0,1719.0,60.0
17201,15,Indianwear,janasya,1798.0,809.0,55.0
17202,16,Indianwear,janasya,1899.0,664.0,65.0
17203,17,Indianwear,global desi,2999.0,1949.0,35.0
17204,18,Indianwear,aurelia,2638.2167045910855,2599.0,44.84758845312988
17205,19,Indianwear,aurelia,2638.2167045910855,2799.0,44.84758845312988
17206,20,Indianwear,fusion beats,2299.0,919.0,60.0
17207,21,Indianwear,indya,2800.0,1400.0,50.0
17209,23,Indianwear,aurelia,3799.0,2659.0,30.0
17210,24,Indianwear,varanga,2599.0,1039.0,60.0
17211,25,Indianwear,janasya,1859.0,743.0,60.0
17212,0,Indianwear,janasya,2298.0,919.0,60.0
17213,1,Indianwear,global desi,2399.0,1439.0,40.0
17214,2,Indianwear,amukti,1499.0,749.0,50.0
17215,3,Indianwear,w,3999.0,2399.0,40.0
17216,4,Indianwear,w,2638.2167045910855,799.0,44.84758845312988
17217,5,Indianwear,janasya,1299.0,649.0,50.0
17218,6,Indianwear,global desi,1899.0,1139.0,40.0
17219,7,Indianwear,varanga,3399.0,1699.0,50.0
17220,8,Indianwear,indya,2400.0,1200.0,50.0
17221,9,Indianwear,indya,1950.0,975.0,50.0
17222,10,Indianwear,janasya,2899.0,1014.0,65.0
17223,11,Indianwear,indya,2638.2167045910855,2200.0,44.84758845312988
17224,12,Indianwear,global desi,5499.0,3574.0,35.0
17225,13,Indianwear,sanaa,2638.2167045910855,1049.0,44.84758845312988
17226,14,Indianwear,janasya,1549.0,619.0,60.0
17227,15,Indianwear,stop,1299.0,649.0,50.0
17228,16,Indianwear,kashish,2638.2167045910855,2499.0,44.84758845312988
17229,17,Indianwear,indya,2638.2167045910855,1700.0,44.84758845312988
17230,18,Indianwear,kami kubi,1999.0,899.0,55.0
17231,19,Indianwear,kami kubi,2299.0,1379.0,40.0
17232,20,Indianwear,yuris,3299.0,1319.0,60.0
17233,21,Indianwear,indya,2638.2167045910855,2200.0,44.84758845312988
17235,23,Indianwear,global desi,1999.0,1199.0,40.0
17236,24,Indianwear,yuris,3999.0,1399.0,65.0
17237,25,Indianwear,yuris,2799.0,1119.0,60.0
17238,0,Indianwear,yuris,1999.0,999.0,50.0
17239,1,Indianwear,yuris,1599.0,719.0,55.0
17240,2,Indianwear,yuris,2799.0,1259.0,55.0
17241,3,Indianwear,aurelia,1199.0,599.0,50.0
17242,4,Indianwear,juniper,3299.0,1319.0,60.0
17243,5,Indianwear,varanga,3199.0,1599.0,50.0
17244,6,Indianwear,juniper,4798.0,2399.0,50.0
17245,7,Indianwear,varanga,3199.0,1599.0,50.0
17246,8,Indianwear,varanga,1799.0,809.0,55.0
17247,9,Indianwear,ira soleil,2638.2167045910855,2998.0,44.84758845312988
17248,10,Indianwear,varanga,2499.0,624.0,75.0
17249,11,Indianwear,ziyaa,2507.0,1002.0,60.0
17250,12,Indianwear,de moza,2638.2167045910855,2499.0,44.84758845312988
17251,13,Indianwear,kashish,1599.0,799.0,50.0
17252,14,Indianwear,juniper,3599.0,1799.0,50.0
17253,15,Indianwear,w,2638.2167045910855,1499.0,44.84758845312988
17254,16,Indianwear,janasya,3598.0,1799.0,50.0
17255,17,Indianwear,kami kubi,1999.0,799.0,60.0
17256,18,Indianwear,get wrapped,2638.2167045910855,449.0,44.84758845312988
17257,19,Indianwear,kashish,2499.0,1249.0,50.0
17258,20,Indianwear,de moza,2638.2167045910855,1699.0,44.84758845312988
17259,21,Indianwear,ziyaa,3039.0,1215.0,60.0
17261,23,Indianwear,stop,399.0,199.0,50.0
17262,24,Indianwear,crimsoune club,1499.0,1049.0,30.0
17263,25,Indianwear,stop,999.0,499.0,50.0
17264,0,Indianwear,janasya,1469.0,881.0,40.0
17265,1,Indianwear,haute curry,899.0,449.0,50.0
17266,2,Indianwear,ritu kumar,2638.2167045910855,3900.0,44.84758845312988
17267,3,Indianwear,ziyaa,1627.0,650.0,60.0
17268,4,Indianwear,aarke,2638.2167045910855,2900.0,44.84758845312988
17269,5,Indianwear,neerus,2299.0,1379.0,40.0
17270,6,Indianwear,ritu kumar,2638.2167045910855,4400.0,44.84758845312988
17271,7,Indianwear,suti,4199.0,3359.0,20.0
17272,8,Indianwear,stop,999.0,499.0,50.0
17273,9,Indianwear,get wrapped,2638.2167045910855,299.0,44.84758845312988
17274,10,Indianwear,ziyaa,2857.0,1142.0,60.0
17275,11,Indianwear,ayesha,2638.2167045910855,2998.0,44.84758845312988
17276,12,Indianwear,global desi,1899.0,1519.0,20.0
17277,13,Indianwear,aurelia,3999.0,2799.0,30.0
17278,14,Indianwear,de moza,2638.2167045910855,449.0,44.84758845312988
17279,15,Indianwear,janasya,3098.0,1239.0,60.0
17280,16,Indianwear,stop,999.0,499.0,50.0
17281,17,Indianwear,ziyaa,1750.0,700.0,60.0
17282,18,Indianwear,kashish,1499.0,749.0,50.0
17283,19,Indianwear,ziyaa,3068.0,1227.0,60.0
17284,20,Indianwear,ayesha,2638.2167045910855,898.0,44.84758845312988
17285,21,Indianwear,fusion beats,1499.0,599.0,60.0
17287,23,Indianwear,global desi,2299.0,1839.0,20.0
17288,24,Indianwear,fusion beats,1999.0,799.0,60.0
17289,25,Indianwear,aurelia,1199.0,839.0,30.0
17290,0,Indianwear,ziyaa,4043.0,1617.0,60.0
17291,1,Indianwear,ira soleil,2638.2167045910855,1999.0,44.84758845312988
17292,2,Indianwear,varanga,3599.0,1439.0,60.0
17293,3,Indianwear,global desi,5699.0,4559.0,20.0
17295,5,Indianwear,janasya,3489.0,1395.0,60.0
17296,6,Indianwear,aurelia,1999.0,1399.0,30.0
17297,7,Indianwear,aurelia,2638.2167045910855,2999.0,44.84758845312988
17298,8,Indianwear,varkala silk sarees,4500.0,1350.0,70.0
17299,9,Indianwear,global desi,2599.0,1559.0,40.0
17300,10,Indianwear,global desi,1599.0,1119.0,30.0
17301,11,Indianwear,indya,1950.0,1560.0,20.0
17302,12,Indianwear,aurelia,2638.2167045910855,3999.0,44.84758845312988
17303,13,Indianwear,fusion beats,2299.0,919.0,60.0
17304,14,Indianwear,suti,2999.0,2399.0,20.0
17305,15,Indianwear,fusion beats,1899.0,719.0,62.0
17306,16,Indianwear,kami kubi,4499.0,1799.0,60.0
17307,17,Indianwear,de moza,2638.2167045910855,449.0,44.84758845312988
17308,18,Indianwear,varanga,2999.0,1649.0,45.0
17309,19,Indianwear,arteastri,2638.2167045910855,4800.0,44.84758845312988
17310,20,Indianwear,janasya,2949.0,1474.0,50.0
17311,21,Indianwear,arteastri,2638.2167045910855,1400.0,44.84758845312988
17313,23,Indianwear,global desi,3299.0,2639.0,20.0
17314,24,Indianwear,de moza,799.0,479.0,40.0
17315,25,Indianwear,global desi,2799.0,1819.0,35.0
17316,0,Indianwear,janasya,1949.0,1169.0,40.0
17317,1,Indianwear,global desi,2199.0,1099.0,50.0
17318,2,Indianwear,aurelia,1799.0,1259.0,30.0
17319,3,Indianwear,janasya,1499.0,824.0,45.0
17320,4,Indianwear,janasya,1339.0,736.0,45.0
17321,5,Indianwear,de moza,2638.2167045910855,499.0,44.84758845312988
17322,6,Indianwear,ziyaa,2848.0,1139.0,60.0
17323,7,Indianwear,global desi,2638.2167045910855,5499.0,44.84758845312988
17324,8,Indianwear,global desi,3099.0,2479.0,20.0
17325,9,Indianwear,ritu kumar,2638.2167045910855,4200.0,44.84758845312988
17326,10,Indianwear,w,1899.0,1424.0,25.0
17327,11,Indianwear,kami kubi,1999.0,799.0,60.0
17328,12,Indianwear,global desi,1399.0,979.0,30.0
17329,13,Indianwear,global desi,5499.0,2749.0,50.0
17330,14,Indianwear,fusion beats,999.0,899.0,10.0
17331,15,Indianwear,stop,1299.0,649.0,50.0
17332,16,Indianwear,ira soleil,2638.2167045910855,3248.0,44.84758845312988
17333,17,Indianwear,yuris,2499.0,1124.0,55.0
17334,18,Indianwear,myshka,2999.0,749.0,75.0
17335,19,Indianwear,global desi,2999.0,1949.0,35.0
17336,20,Indianwear,global desi,1999.0,799.0,60.0
17337,21,Indianwear,global desi,3399.0,1699.0,50.0
17339,23,Indianwear,global desi,1499.0,749.0,50.0
17340,24,Indianwear,global desi,2999.0,1499.0,50.0
17341,25,Indianwear,haute curry,799.0,399.0,50.0
17342,0,Indianwear,yuris,2799.0,1259.0,55.0
17343,1,Indianwear,yuris,1599.0,959.0,40.0
17344,2,Indianwear,global desi,1899.0,1519.0,20.0
17345,3,Indianwear,vastranand,2199.0,1319.0,40.0
17346,4,Indianwear,vastranand,4799.0,2159.0,55.0
17347,5,Indianwear,vastranand,3299.0,1814.0,45.0
17348,6,Indianwear,varanga,2999.0,1499.0,50.0
17349,7,Indianwear,juniper,2638.2167045910855,3799.0,44.84758845312988
17350,8,Indianwear,varanga,1999.0,899.0,55.0
17351,9,Indianwear,varanga,2599.0,1039.0,60.0
17352,10,Indianwear,vastranand,4799.0,2399.0,50.0
17353,11,Indianwear,vastranand,3475.0,1563.0,55.0
17354,12,Indianwear,vastranand,4799.0,2159.0,55.0
17355,13,Indianwear,vastranand,4500.0,2250.0,50.0
17356,14,Indianwear,vastranand,4799.0,2159.0,55.0
17357,15,Indianwear,vastranand,3199.0,1919.0,40.0
17358,16,Indianwear,ira soleil,2638.2167045910855,8999.0,44.84758845312988
17359,17,Indianwear,vastranand,4500.0,2250.0,50.0
17360,18,Indianwear,vastranand,5500.0,2200.0,60.0
17361,19,Indianwear,vastranand,1998.0,1398.0,30.0
17362,20,Indianwear,ira soleil,2638.2167045910855,2299.0,44.84758845312988
17363,21,Indianwear,varanga,1599.0,799.0,50.0
17365,23,Indianwear,varanga,2638.2167045910855,5299.0,44.84758845312988
17366,24,Indianwear,vastranand,1998.0,1398.0,30.0
17367,25,Indianwear,vastranand,4999.0,2999.0,40.0
17368,0,Indianwear,varanga,3999.0,1599.0,60.0
17369,1,Indianwear,vastranand,6500.0,3250.0,50.0
17370,2,Indianwear,varkala silk sarees,7500.0,1875.0,75.0
17371,3,Indianwear,vastranand,5500.0,2200.0,60.0
17372,4,Indianwear,kashish,2299.0,1149.0,50.0
17373,5,Indianwear,varanga,3999.0,1399.0,65.0
17374,6,Indianwear,global desi,2638.2167045910855,1799.0,44.84758845312988
17375,7,Indianwear,amukti,1599.0,799.0,50.0
17376,8,Indianwear,varanga,1799.0,989.0,45.0
17377,9,Indianwear,aurelia,4299.0,2149.0,50.0
17378,10,Indianwear,global desi,3299.0,2309.0,30.0
17379,11,Indianwear,global desi,1599.0,959.0,40.0
17380,12,Indianwear,indya,2850.0,1425.0,50.0
17381,13,Indianwear,de moza,2638.2167045910855,499.0,44.84758845312988
17382,14,Indianwear,ira soleil,2638.2167045910855,2499.0,44.84758845312988
17383,15,Indianwear,indya,1650.0,825.0,50.0
17384,16,Indianwear,janasya,2898.0,1014.0,65.0
17385,17,Indianwear,indya,2638.2167045910855,2100.0,44.84758845312988
17386,18,Indianwear,indya,3400.0,1700.0,50.0
17387,19,Indianwear,w,2638.2167045910855,1799.0,44.84758845312988
17388,20,Indianwear,global desi,5299.0,2649.0,50.0
17389,21,Indianwear,haute curry,1299.0,649.0,50.0
17391,23,Indianwear,yuris,1499.0,674.0,55.0
17392,24,Indianwear,w,799.0,599.0,25.0
17393,25,Indianwear,indya,2100.0,1050.0,50.0
17394,0,Indianwear,suti,1395.0,1116.0,20.0
17395,1,Indianwear,w,2638.2167045910855,1399.0,44.84758845312988
17396,2,Indianwear,janasya,2899.0,1014.0,65.0
17397,3,Indianwear,kami kubi,2999.0,1349.0,55.0
17398,4,Indianwear,ritu kumar,2638.2167045910855,4600.0,44.84758845312988
17399,5,Indianwear,biba,2638.2167045910855,1999.0,44.84758845312988
17400,6,Indianwear,global desi,2399.0,959.0,60.0
17401,7,Indianwear,yuris,2099.0,1049.0,50.0
17402,8,Indianwear,kami kubi,1999.0,899.0,55.0
17403,9,Indianwear,w,7999.0,3999.0,50.0
17404,10,Indianwear,indya,2638.2167045910855,1850.0,44.84758845312988
17405,11,Indianwear,global desi,2199.0,1319.0,40.0
17406,12,Indianwear,yuris,2899.0,1159.0,60.0
17407,13,Indianwear,yuris,3499.0,1399.0,60.0
17408,14,Indianwear,yuris,2499.0,1124.0,55.0
17409,15,Indianwear,indya,2638.2167045910855,1750.0,44.84758845312988
17410,16,Indianwear,aurelia,1199.0,599.0,50.0
17411,17,Indianwear,varanga,2499.0,1124.0,55.0
17412,18,Indianwear,varanga,2638.2167045910855,3799.0,44.84758845312988
17413,19,Indianwear,varanga,5999.0,2999.0,50.0
17414,20,Indianwear,juniper,2098.0,734.0,65.0
17415,21,Indianwear,varanga,1999.0,699.0,65.0
17417,23,Indianwear,varanga,2999.0,749.0,75.0
17418,24,Indianwear,haute curry,1499.0,749.0,50.0
17419,25,Indianwear,kami kubi,6999.0,2799.0,60.0
17420,0,Indianwear,global desi,2638.2167045910855,1999.0,44.84758845312988
17421,1,Indianwear,w,2638.2167045910855,1199.0,44.84758845312988
17422,2,Indianwear,janasya,1899.0,759.0,60.0
17423,3,Indianwear,ira soleil,2638.2167045910855,1999.0,44.84758845312988
17424,4,Indianwear,indya,1800.0,900.0,50.0
17425,5,Indianwear,stop,799.0,399.0,50.0
17426,6,Indianwear,ziyaa,3781.0,1512.0,60.0
17427,7,Indianwear,de moza,1299.0,779.0,40.0
17428,8,Indianwear,neerus,2638.2167045910855,2499.0,44.84758845312988
17429,9,Indianwear,aurelia,2638.2167045910855,2999.0,44.84758845312988
17430,10,Indianwear,indya,1200.0,600.0,50.0
17431,11,Indianwear,aurelia,2638.2167045910855,1399.0,44.84758845312988
17432,12,Indianwear,ziyaa,1797.0,808.0,55.0
17433,13,Indianwear,w,2638.2167045910855,1499.0,44.84758845312988
17434,14,Indianwear,janasya,3069.0,1227.0,60.0
17435,15,Indianwear,aurelia,2638.2167045910855,1599.0,44.84758845312988
17436,16,Indianwear,ziyaa,1674.0,669.0,60.0
17437,17,Indianwear,fusion beats,1699.0,679.0,60.0
17438,18,Indianwear,indya,2638.2167045910855,1600.0,44.84758845312988
17439,19,Indianwear,w,2638.2167045910855,2799.0,44.84758845312988
17440,20,Indianwear,indya,2638.2167045910855,3500.0,44.84758845312988
17441,21,Indianwear,de moza,2638.2167045910855,2499.0,44.84758845312988
17443,23,Indianwear,w,2638.2167045910855,1999.0,44.84758845312988
17444,24,Indianwear,w,1899.0,1424.0,25.0
17445,25,Indianwear,ziyaa,4767.0,1906.0,60.0
17446,0,Indianwear,global desi,2699.0,2159.0,20.0
17447,1,Indianwear,de moza,2638.2167045910855,499.0,44.84758845312988
17448,2,Indianwear,janasya,2699.0,1349.0,50.0
17449,3,Indianwear,yuris,1599.0,639.0,60.0
17450,4,Indianwear,janasya,1499.0,674.0,55.0
17451,5,Indianwear,global desi,4699.0,3759.0,20.0
17452,6,Indianwear,indya,2638.2167045910855,1950.0,44.84758845312988
17453,7,Indianwear,varanga,3399.0,1699.0,50.0
17454,8,Indianwear,global desi,2399.0,1439.0,40.0
17455,9,Indianwear,global desi,2638.2167045910855,1399.0,44.84758845312988
17456,10,Indianwear,janasya,3379.0,1351.0,60.0
17457,11,Indianwear,aurelia,2638.2167045910855,1599.0,44.84758845312988
17458,12,Indianwear,arteastri,2638.2167045910855,2799.0,44.84758845312988
17459,13,Indianwear,janasya,1199.0,479.0,60.0
17460,14,Indianwear,de moza,2638.2167045910855,1299.0,44.84758845312988
17461,15,Indianwear,ira soleil,2638.2167045910855,875.0,44.84758845312988
17462,16,Indianwear,janasya,2699.0,1484.0,45.0
17463,17,Indianwear,ziyaa,2077.0,830.0,60.0
17464,18,Indianwear,janasya,4598.0,2299.0,50.0
17465,19,Indianwear,aurelia,1499.0,1049.0,30.0
17466,20,Indianwear,w,2638.2167045910855,1099.0,44.84758845312988
17467,21,Indianwear,suti,5499.0,4399.0,20.0
17470,24,Indianwear,varkala silk sarees,4500.0,1350.0,70.0
17471,25,Indianwear,aarke,2638.2167045910855,2900.0,44.84758845312988
17472,0,Indianwear,janasya,2399.0,1199.0,50.0
17473,1,Indianwear,janasya,2219.0,998.0,55.0
17474,2,Indianwear,global desi,2199.0,879.0,60.0
17475,3,Indianwear,janasya,4398.0,1759.0,60.0
17476,4,Indianwear,de moza,2638.2167045910855,699.0,44.84758845312988
17477,5,Indianwear,get wrapped,2638.2167045910855,499.0,44.84758845312988
17478,6,Indianwear,ziyaa,1991.0,895.0,55.0
17479,7,Indianwear,ziyaa,2333.0,933.0,60.0
17480,8,Indianwear,fusion beats,1599.0,559.0,65.0
17481,9,Indianwear,aurelia,2638.2167045910855,1799.0,44.84758845312988
17482,10,Indianwear,global desi,2599.0,1559.0,40.0
17483,11,Indianwear,janasya,2729.0,1364.0,50.0
17484,12,Indianwear,janasya,3998.0,1999.0,50.0
17485,13,Indianwear,indya,2950.0,1475.0,50.0
17486,14,Indianwear,janasya,2089.0,940.0,55.0
17487,15,Indianwear,aurelia,2638.2167045910855,1499.0,44.84758845312988
17488,16,Indianwear,w,2638.2167045910855,2799.0,44.84758845312988
17489,17,Indianwear,fusion beats,1499.0,449.0,70.0
17490,18,Indianwear,janasya,1899.0,664.0,65.0
17491,19,Indianwear,de moza,999.0,599.0,40.0
17492,20,Indianwear,w,2799.0,1399.0,50.0
17493,21,Indianwear,w,2999.0,2249.0,25.0
17495,23,Indianwear,indya,2850.0,1425.0,50.0
17496,24,Indianwear,ziyaa,1822.0,728.0,60.0
17497,25,Indianwear,aurelia,3999.0,1999.0,50.0
17498,0,Indianwear,global desi,2999.0,2099.0,30.0
17499,1,Indianwear,w,3599.0,2699.0,25.0
17500,2,Indianwear,global desi,1999.0,999.0,50.0
17501,3,Indianwear,aurelia,1599.0,1119.0,30.0
17502,4,Indianwear,indya,2638.2167045910855,1950.0,44.84758845312988
17503,5,Indianwear,fusion beats,1799.0,719.0,60.0
17504,6,Indianwear,indya,2300.0,1150.0,50.0
17505,7,Indianwear,indya,2638.2167045910855,2600.0,44.84758845312988
17506,8,Indianwear,janasya,2899.0,1014.0,65.0
17507,9,Indianwear,w,2638.2167045910855,1399.0,44.84758845312988
17508,10,Indianwear,aurelia,2638.2167045910855,1999.0,44.84758845312988
17509,11,Indianwear,w,2638.2167045910855,2799.0,44.84758845312988
17510,12,Indianwear,aurelia,2638.2167045910855,1399.0,44.84758845312988
17511,13,Indianwear,fusion beats,1499.0,559.0,63.0
17512,14,Indianwear,indya,2638.2167045910855,1600.0,44.84758845312988
17513,15,Indianwear,janasya,3799.0,2089.0,45.0
17514,16,Indianwear,arteastri,2638.2167045910855,2250.0,44.84758845312988
17515,17,Indianwear,ritu kumar,2638.2167045910855,4900.0,44.84758845312988
17516,18,Indianwear,de moza,2638.2167045910855,599.0,44.84758845312988
17517,19,Indianwear,w,2638.2167045910855,1799.0,44.84758845312988
17518,20,Indianwear,aurelia,2499.0,1749.0,30.0
17519,21,Indianwear,indya,2638.2167045910855,1600.0,44.84758845312988
17521,23,Indianwear,zink london,1899.0,1519.0,20.0
17522,24,Indianwear,stop,1299.0,649.0,50.0
17523,25,Indianwear,janasya,1399.0,699.0,50.0
17524,0,Indianwear,global desi,1899.0,1234.0,35.0
17525,1,Indianwear,global desi,2599.0,1299.0,50.0
17526,2,Indianwear,de moza,1499.0,899.0,40.0
17527,3,Indianwear,w,2638.2167045910855,1999.0,44.84758845312988
17528,4,Indianwear,indya,3200.0,1600.0,50.0
17529,5,Indianwear,aurelia,2638.2167045910855,1399.0,44.84758845312988
17530,6,Indianwear,myshka,1999.0,699.0,65.0
17531,7,Indianwear,janasya,1549.0,619.0,60.0
17532,8,Indianwear,aurelia,2638.2167045910855,599.0,44.84758845312988
17533,9,Indianwear,global desi,1799.0,899.0,50.0
17534,10,Indianwear,varkala silk sarees,6000.0,2400.0,60.0
17535,11,Indianwear,global desi,2799.0,2239.0,20.0
17536,12,Indianwear,ziyaa,2118.0,847.0,60.0
17537,13,Indianwear,global desi,2799.0,1399.0,50.0
17538,14,Indianwear,stop,2638.2167045910855,799.0,44.84758845312988
17539,15,Indianwear,fusion beats,1199.0,479.0,60.0
17540,16,Indianwear,ayesha,2638.2167045910855,1598.0,44.84758845312988
17541,17,Indianwear,neerus,2499.0,1249.0,50.0
17542,18,Indianwear,faballey,1950.0,975.0,50.0
17543,19,Indianwear,get wrapped,2638.2167045910855,499.0,44.84758845312988
17544,20,Indianwear,w,2638.2167045910855,1699.0,44.84758845312988
17545,21,Indianwear,ziyaa,4353.0,1741.0,60.0
17547,23,Indianwear,global desi,1999.0,1299.0,35.0
17548,24,Indianwear,global desi,1899.0,1329.0,30.0
17549,25,Indianwear,aurelia,2638.2167045910855,3599.0,44.84758845312988
17550,0,Indianwear,indya,2200.0,1760.0,20.0
17551,1,Indianwear,janasya,1399.0,629.0,55.0
17552,2,Indianwear,de moza,2638.2167045910855,1299.0,44.84758845312988
17553,3,Indianwear,yuris,2799.0,1259.0,55.0
17554,4,Indianwear,ziyaa,2885.0,1298.0,55.0
17555,5,Indianwear,indya,3200.0,1600.0,50.0
17556,6,Indianwear,fusion beats,1499.0,599.0,60.0
17557,7,Indianwear,varkala silk sarees,5000.0,1250.0,75.0
17558,8,Indianwear,infuse,899.0,449.0,50.0
17559,9,Indianwear,yuris,3499.0,1399.0,60.0
17560,10,Indianwear,janasya,1199.0,659.0,45.0
17561,11,Indianwear,kami kubi,2299.0,919.0,60.0
17562,12,Indianwear,global desi,1899.0,1519.0,20.0
17563,13,Indianwear,global desi,2799.0,1959.0,30.0
17564,14,Indianwear,aurelia,2638.2167045910855,1299.0,44.84758845312988
17565,15,Indianwear,aurelia,2638.2167045910855,1999.0,44.84758845312988
17566,16,Indianwear,yuris,2499.0,1124.0,55.0
17567,17,Indianwear,yuris,3999.0,1399.0,65.0
17568,18,Indianwear,yuris,3999.0,1399.0,65.0
17569,19,Indianwear,yuris,3999.0,1599.0,60.0
17570,20,Indianwear,global desi,1999.0,1399.0,30.0
17571,21,Indianwear,varanga,4999.0,1999.0,60.0
17573,23,Indianwear,stop,2638.2167045910855,1199.0,44.84758845312988
17574,24,Indianwear,vastranand,3675.0,2021.0,45.0
17575,25,Indianwear,vastranand,3000.0,1500.0,50.0
17576,0,Indianwear,varanga,3499.0,1224.0,65.0
17577,1,Indianwear,varanga,3999.0,1799.0,55.0
17578,2,Indianwear,vastranand,4799.0,2159.0,55.0
17579,3,Indianwear,varanga,1999.0,899.0,55.0
17580,4,Indianwear,vastranand,3475.0,1563.0,55.0
17581,5,Indianwear,vastranand,5500.0,2750.0,50.0
17582,6,Indianwear,varanga,4999.0,1749.0,65.0
17583,7,Indianwear,vastranand,4799.0,2159.0,55.0
17584,8,Indianwear,vastranand,3995.0,2397.0,40.0
17585,9,Indianwear,vastranand,5700.0,2850.0,50.0
17586,10,Indianwear,vastranand,5700.0,3135.0,45.0
17587,11,Indianwear,varanga,2799.0,979.0,65.0
17588,12,Indianwear,varanga,5999.0,2099.0,65.0
17589,13,Indianwear,vastranand,4545.0,2272.0,50.0
17590,14,Indianwear,vastranand,4995.0,2247.0,55.0
17591,15,Indianwear,varanga,3599.0,1259.0,65.0
17592,16,Indianwear,vastranand,5500.0,3025.0,45.0
17593,17,Indianwear,vastranand,4545.0,2272.0,50.0
17594,18,Indianwear,vastranand,3995.0,1997.0,50.0
17595,19,Indianwear,vastranand,3475.0,1563.0,55.0
17596,20,Indianwear,vastranand,3475.0,1911.0,45.0
17597,21,Indianwear,vastranand,4799.0,2159.0,55.0
17599,23,Indianwear,vastranand,4599.0,2299.0,50.0
17600,24,Indianwear,vastranand,4799.0,2159.0,55.0
17601,25,Indianwear,varanga,3499.0,1399.0,60.0
17602,0,Indianwear,varanga,1399.0,769.0,45.0
17603,1,Indianwear,vastranand,3000.0,1500.0,50.0
17604,2,Indianwear,vastranand,4999.0,2999.0,40.0
17605,3,Indianwear,varanga,1399.0,559.0,60.0
17606,4,Indianwear,vastranand,2200.0,1320.0,40.0
17607,5,Indianwear,varanga,4399.0,1979.0,55.0
17608,6,Indianwear,kashish,1999.0,999.0,50.0
17609,7,Indianwear,varanga,1999.0,999.0,50.0
17610,8,Indianwear,de moza,2638.2167045910855,999.0,44.84758845312988
17611,9,Indianwear,vastranand,4599.0,2069.0,55.0
17612,10,Indianwear,varanga,2899.0,1159.0,60.0
17613,11,Indianwear,vastranand,5555.0,3333.0,40.0
17614,12,Indianwear,vastranand,3475.0,1911.0,45.0
17615,13,Indianwear,vastranand,3475.0,1563.0,55.0
17616,14,Indianwear,vastranand,3475.0,1911.0,45.0
17617,15,Indianwear,vastranand,3475.0,1390.0,60.0
17618,16,Indianwear,varanga,2799.0,699.0,75.0
17619,17,Indianwear,vastranand,3675.0,2021.0,45.0
17620,18,Indianwear,juniper,2999.0,1499.0,50.0
17621,19,Indianwear,varanga,5999.0,2099.0,65.0
17622,20,Indianwear,fusion beats,1799.0,679.0,62.0
17623,21,Indianwear,vastranand,5500.0,2475.0,55.0
17625,23,Indianwear,varanga,2638.2167045910855,6999.0,44.84758845312988
17626,24,Indianwear,vastranand,3995.0,1997.0,50.0
17627,25,Indianwear,vastranand,3500.0,1750.0,50.0
17628,0,Indianwear,vastranand,3500.0,1925.0,45.0
17629,1,Indianwear,vastranand,3475.0,1563.0,55.0
17630,2,Indianwear,varanga,5999.0,2099.0,65.0
17631,3,Indianwear,vastranand,3475.0,1737.0,50.0
17632,4,Indianwear,vastranand,4799.0,2159.0,55.0
17633,5,Indianwear,vastranand,4995.0,2247.0,55.0
17634,6,Indianwear,varanga,1499.0,899.0,40.0
17635,7,Indianwear,juniper,2999.0,1799.0,40.0
17636,8,Indianwear,de moza,999.0,599.0,40.0
17637,9,Indianwear,amukti,1299.0,649.0,50.0
17638,10,Indianwear,janasya,3599.0,1799.0,50.0
17639,11,Indianwear,global desi,2799.0,1399.0,50.0
17640,12,Indianwear,w,1299.0,779.0,40.0
17641,13,Indianwear,janasya,2298.0,804.0,65.0
17642,14,Indianwear,w,1799.0,899.0,50.0
17643,15,Indianwear,w,1899.0,1139.0,40.0
17644,16,Indianwear,indya,2400.0,1200.0,50.0
17645,17,Indianwear,myshka,4999.0,1249.0,75.0
17646,18,Indianwear,neerus,1899.0,1519.0,20.0
17647,19,Indianwear,yuris,3499.0,1399.0,60.0
17648,20,Indianwear,janasya,3499.0,1924.0,45.0
17649,21,Indianwear,janasya,1799.0,899.0,50.0
17651,23,Indianwear,janasya,1469.0,734.0,50.0
17652,24,Indianwear,global desi,1999.0,799.0,60.0
17653,25,Indianwear,global desi,2099.0,1469.0,30.0
17654,0,Indianwear,global desi,1599.0,959.0,40.0
17655,1,Indianwear,indya,1950.0,975.0,50.0
17656,2,Indianwear,suti,2945.0,2356.0,20.0
17657,3,Indianwear,indya,1700.0,850.0,50.0
17658,4,Indianwear,global desi,1499.0,749.0,50.0
17659,5,Indianwear,indya,2638.2167045910855,2800.0,44.84758845312988
17660,6,Indianwear,indya,3400.0,1700.0,50.0
17661,7,Indianwear,global desi,1599.0,959.0,40.0
17662,8,Indianwear,aurelia,1399.0,699.0,50.0
17663,9,Indianwear,aurelia,3999.0,1999.0,50.0
17664,10,Indianwear,aarke,2638.2167045910855,1900.0,44.84758845312988
17665,11,Indianwear,aurelia,1199.0,599.0,50.0
17666,12,Indianwear,aurelia,2299.0,1379.0,40.0
17667,13,Indianwear,faballey,1700.0,850.0,50.0
17668,14,Indianwear,janasya,3299.0,1484.0,55.0
17669,15,Indianwear,indya,3400.0,1700.0,50.0
17670,16,Indianwear,aurelia,2638.2167045910855,599.0,44.84758845312988
17671,17,Indianwear,janasya,1299.0,649.0,50.0
17672,18,Indianwear,yuris,1999.0,699.0,65.0
17673,19,Indianwear,yuris,2799.0,1119.0,60.0
17674,20,Indianwear,global desi,2999.0,1499.0,50.0
17675,21,Indianwear,varanga,1399.0,629.0,55.0
17677,23,Indianwear,varanga,2599.0,1299.0,50.0
17678,24,Indianwear,stop,999.0,499.0,50.0
17679,25,Indianwear,varanga,4599.0,1609.0,65.0
17680,0,Indianwear,ziyaa,2803.0,1121.0,60.0
17681,1,Indianwear,ziyaa,1860.0,744.0,60.0
17682,2,Indianwear,aurelia,1049.0,734.0,30.0
17683,3,Indianwear,indya,2638.2167045910855,1200.0,44.84758845312988
17684,4,Indianwear,global desi,1699.0,1189.0,30.0
17685,5,Indianwear,vip,2638.2167045910855,349.0,44.84758845312988
17686,6,Indianwear,w,2638.2167045910855,1799.0,44.84758845312988
17687,7,Indianwear,de moza,2638.2167045910855,1299.0,44.84758845312988
17688,8,Indianwear,de moza,2638.2167045910855,799.0,44.84758845312988
17689,9,Indianwear,de moza,1699.0,1019.0,40.0
17690,10,Indianwear,ayesha,2638.2167045910855,2498.0,44.84758845312988
17691,11,Indianwear,aurelia,2638.2167045910855,1499.0,44.84758845312988
17692,12,Indianwear,global desi,1799.0,1259.0,30.0
17693,13,Indianwear,ritu kumar,2638.2167045910855,2200.0,44.84758845312988
17694,14,Indianwear,global desi,2638.2167045910855,2099.0,44.84758845312988
17695,15,Indianwear,arteastri,2638.2167045910855,4900.0,44.84758845312988
17696,16,Indianwear,de moza,2638.2167045910855,899.0,44.84758845312988
17697,17,Indianwear,janasya,3598.0,1439.0,60.0
17698,18,Indianwear,de moza,2638.2167045910855,999.0,44.84758845312988
17699,19,Indianwear,fusion beats,2299.0,919.0,60.0
17700,20,Indianwear,aurelia,2599.0,1819.0,30.0
17701,21,Indianwear,global desi,2899.0,2319.0,20.0
17703,23,Indianwear,ayesha,2638.2167045910855,998.0,44.84758845312988
17704,24,Indianwear,faballey,2400.0,1200.0,50.0
17705,25,Indianwear,global desi,1599.0,1279.0,20.0
17706,0,Indianwear,ziyaa,2038.0,1426.0,30.0
17707,1,Indianwear,global desi,4299.0,3009.0,30.0
17708,2,Indianwear,arteastri,2638.2167045910855,3975.0,44.84758845312988
17709,3,Indianwear,ayesha,2638.2167045910855,898.0,44.84758845312988
17710,4,Indianwear,de moza,2638.2167045910855,1299.0,44.84758845312988
17711,5,Indianwear,kashish,1599.0,799.0,50.0
17712,6,Indianwear,w,2638.2167045910855,1799.0,44.84758845312988
17713,7,Indianwear,stop,1299.0,649.0,50.0
17714,8,Indianwear,w,2999.0,2249.0,25.0
17715,9,Indianwear,arteastri,2638.2167045910855,4900.0,44.84758845312988
17716,10,Indianwear,ziyaa,3577.0,1430.0,60.0
17717,11,Indianwear,arteastri,2638.2167045910855,5000.0,44.84758845312988
17718,12,Indianwear,janasya,1399.0,699.0,50.0
17719,13,Indianwear,w,3999.0,1999.0,50.0
17720,14,Indianwear,fusion beats,1799.0,679.0,62.0
17721,15,Indianwear,myshka,2199.0,879.0,60.0
17722,16,Indianwear,indya,1700.0,850.0,50.0
17723,17,Indianwear,w,2499.0,1874.0,25.0
17724,18,Indianwear,w,2638.2167045910855,1999.0,44.84758845312988
17725,19,Indianwear,aurelia,2638.2167045910855,1599.0,44.84758845312988
17727,21,Indianwear,aurelia,2799.0,1959.0,30.0
17729,23,Indianwear,ziyaa,1248.0,561.0,55.0
17730,24,Indianwear,w,2638.2167045910855,5999.0,44.84758845312988
17731,25,Indianwear,w,2638.2167045910855,2999.0,44.84758845312988
17732,0,Indianwear,de moza,2638.2167045910855,1299.0,44.84758845312988
17733,1,Indianwear,indya,2400.0,1200.0,50.0
17734,2,Indianwear,de moza,2638.2167045910855,999.0,44.84758845312988
17735,3,Indianwear,ziyaa,4367.0,1746.0,60.0
17736,4,Indianwear,ira soleil,2638.2167045910855,3999.0,44.84758845312988
17737,5,Indianwear,ira soleil,2638.2167045910855,1999.0,44.84758845312988
17738,6,Indianwear,ziyaa,3013.0,1205.0,60.0
17739,7,Indianwear,janasya,3399.0,2039.0,40.0
17740,8,Indianwear,ziyaa,1943.0,777.0,60.0
17741,9,Indianwear,arteastri,2638.2167045910855,2799.0,44.84758845312988
17742,10,Indianwear,global desi,3699.0,2404.0,35.0
17743,11,Indianwear,aarke,2638.2167045910855,5500.0,44.84758845312988
17744,12,Indianwear,ziyaa,1853.0,741.0,60.0
17745,13,Indianwear,ira soleil,2638.2167045910855,3499.0,44.84758845312988
17746,14,Indianwear,w,3999.0,1999.0,50.0
17747,15,Indianwear,de moza,2638.2167045910855,1499.0,44.84758845312988
17748,16,Indianwear,janasya,1029.0,514.0,50.0
17749,17,Indianwear,janasya,1169.0,584.0,50.0
17750,18,Indianwear,global desi,2999.0,1499.0,50.0
17751,19,Indianwear,de moza,2638.2167045910855,499.0,44.84758845312988
17752,20,Indianwear,aurelia,2638.2167045910855,799.0,44.84758845312988
17753,21,Indianwear,varanga,1999.0,999.0,50.0
17755,23,Indianwear,global desi,3199.0,1599.0,50.0
17756,24,Indianwear,myshka,1999.0,699.0,65.0
17757,25,Indianwear,aurelia,2638.2167045910855,799.0,44.84758845312988
17758,0,Indianwear,janasya,899.0,494.0,45.0
17759,1,Indianwear,global desi,2499.0,1999.0,20.0
17760,2,Indianwear,global desi,4499.0,3599.0,20.0
17761,3,Indianwear,w,2638.2167045910855,1699.0,44.84758845312988
17762,4,Indianwear,neerus,2638.2167045910855,2499.0,44.84758845312988
17763,5,Indianwear,janasya,1299.0,519.0,60.0
17764,6,Indianwear,de moza,2638.2167045910855,1299.0,44.84758845312988
17765,7,Indianwear,w,2638.2167045910855,2799.0,44.84758845312988
17766,8,Indianwear,indya,2638.2167045910855,1400.0,44.84758845312988
17767,9,Indianwear,janasya,1499.0,599.0,60.0
17768,10,Indianwear,ziyaa,2580.0,1032.0,60.0
17769,11,Indianwear,global desi,1699.0,1359.0,20.0
17770,12,Indianwear,indya,2400.0,1200.0,50.0
17771,13,Indianwear,janasya,4298.0,1934.0,55.0
17772,14,Indianwear,fusion beats,1699.0,679.0,60.0
17773,15,Indianwear,fusion beats,1999.0,799.0,60.0
17774,16,Indianwear,de moza,1499.0,899.0,40.0
17775,17,Indianwear,w,2638.2167045910855,1299.0,44.84758845312988
17776,18,Indianwear,ziyaa,1623.0,649.0,60.0
17777,19,Indianwear,janasya,899.0,494.0,45.0
17778,20,Indianwear,de moza,2638.2167045910855,1299.0,44.84758845312988
17779,21,Indianwear,de moza,2638.2167045910855,799.0,44.84758845312988
17781,23,Indianwear,fusion beats,1399.0,519.0,63.0
17782,24,Indianwear,w,2638.2167045910855,1899.0,44.84758845312988
17783,25,Indianwear,aarke,2638.2167045910855,2400.0,44.84758845312988
17784,0,Indianwear,de moza,2638.2167045910855,999.0,44.84758845312988
17785,1,Indianwear,ziyaa,2117.0,952.0,55.0
17786,2,Indianwear,janasya,2949.0,1474.0,50.0
17787,3,Indianwear,ayesha,2638.2167045910855,1498.0,44.84758845312988
17788,4,Indianwear,juniper,1899.0,949.0,50.0
17789,5,Indianwear,arteastri,2638.2167045910855,6790.0,44.84758845312988
17790,6,Indianwear,indya,1850.0,925.0,50.0
17791,7,Indianwear,myshka,1899.0,474.0,75.0
17792,8,Indianwear,w,2638.2167045910855,1999.0,44.84758845312988
17793,9,Indianwear,yuris,3999.0,1399.0,65.0
17794,10,Indianwear,yuris,2799.0,1259.0,55.0
17795,11,Indianwear,stop,2638.2167045910855,999.0,44.84758845312988
17796,12,Indianwear,global desi,2638.2167045910855,2099.0,44.84758845312988
17797,13,Indianwear,janasya,1499.0,674.0,55.0
17798,14,Indianwear,janasya,1199.0,719.0,40.0
17799,15,Indianwear,global desi,1799.0,1259.0,30.0
17800,16,Indianwear,aurelia,1299.0,649.0,50.0
17801,17,Indianwear,yuris,1799.0,809.0,55.0
17802,18,Indianwear,yuris,2499.0,1124.0,55.0
17803,19,Indianwear,janasya,2089.0,940.0,55.0
17804,20,Indianwear,global desi,4299.0,3439.0,20.0
17805,21,Indianwear,global desi,2999.0,1949.0,35.0
17807,23,Indianwear,janasya,1339.0,736.0,45.0
17808,24,Indianwear,aurelia,2638.2167045910855,1599.0,44.84758845312988
17809,25,Indianwear,ira soleil,2638.2167045910855,1999.0,44.84758845312988
17810,0,Indianwear,vastranand,6500.0,2925.0,55.0
17811,1,Indianwear,vastranand,5700.0,3135.0,45.0
17812,2,Indianwear,juniper,4999.0,2499.0,50.0
17813,3,Indianwear,vastranand,3475.0,1563.0,55.0
17814,4,Indianwear,vastranand,4799.0,2159.0,55.0
17815,5,Indianwear,vastranand,1998.0,1398.0,30.0
17816,6,Indianwear,vastranand,4545.0,2272.0,50.0
17817,7,Indianwear,varanga,3499.0,1224.0,65.0
17818,8,Indianwear,vastranand,1995.0,1396.0,30.0
17819,9,Indianwear,vastranand,3675.0,2021.0,45.0
17820,10,Indianwear,ira soleil,2638.2167045910855,2299.0,44.84758845312988
17821,11,Indianwear,vastranand,3675.0,2021.0,45.0
17822,12,Indianwear,vastranand,5555.0,3333.0,40.0
17823,13,Indianwear,vastranand,4799.0,2159.0,55.0
17824,14,Indianwear,varanga,4799.0,1199.0,75.0
17825,15,Indianwear,vastranand,4799.0,2159.0,55.0
17826,16,Indianwear,vastranand,1995.0,1396.0,30.0
17828,18,Indianwear,vastranand,4599.0,2069.0,55.0
17829,19,Indianwear,vastranand,3500.0,1925.0,45.0
17830,20,Indianwear,vastranand,3500.0,1925.0,45.0
17831,21,Indianwear,vastranand,5700.0,2565.0,55.0
17833,23,Indianwear,vastranand,4799.0,2159.0,55.0
17834,24,Indianwear,vastranand,3475.0,1563.0,55.0
17835,25,Indianwear,vastranand,5500.0,2200.0,60.0
17836,0,Indianwear,varanga,2638.2167045910855,7999.0,44.84758845312988
17837,1,Indianwear,vastranand,5500.0,2475.0,55.0
17838,2,Indianwear,vastranand,4799.0,2159.0,55.0
17839,3,Indianwear,vastranand,5700.0,2850.0,50.0
17840,4,Indianwear,vastranand,5700.0,2850.0,50.0
17841,5,Indianwear,vastranand,5500.0,2475.0,55.0
17842,6,Indianwear,varanga,5999.0,2399.0,60.0
17843,7,Indianwear,vastranand,4799.0,2159.0,55.0
17844,8,Indianwear,vastranand,3500.0,1925.0,45.0
17845,9,Indianwear,vastranand,1998.0,1398.0,30.0
17846,10,Indianwear,varanga,2638.2167045910855,6599.0,44.84758845312988
17847,11,Indianwear,vastranand,3000.0,1500.0,50.0
17848,12,Indianwear,vastranand,4599.0,2069.0,55.0
17849,13,Indianwear,varanga,2199.0,1099.0,50.0
17850,14,Indianwear,vastranand,4799.0,2159.0,55.0
17851,15,Indianwear,vastranand,3000.0,1500.0,50.0
17852,16,Indianwear,vastranand,3475.0,1563.0,55.0
17853,17,Indianwear,vastranand,4545.0,2272.0,50.0
17854,18,Indianwear,vastranand,4995.0,2247.0,55.0
17855,19,Indianwear,vastranand,1998.0,1398.0,30.0
17856,20,Indianwear,vastranand,4545.0,2272.0,50.0
17857,21,Indianwear,varanga,2199.0,989.0,55.0
17859,23,Indianwear,ira soleil,2638.2167045910855,1999.0,44.84758845312988
17860,24,Indianwear,ira soleil,2638.2167045910855,6999.0,44.84758845312988
17861,25,Indianwear,vastranand,3675.0,2021.0,45.0
17862,0,Indianwear,vastranand,4545.0,1818.0,60.0
17863,1,Indianwear,vastranand,6500.0,3250.0,50.0
17864,2,Indianwear,vastranand,5700.0,2280.0,60.0
17865,3,Indianwear,vastranand,4599.0,2069.0,55.0
17866,4,Indianwear,vastranand,3475.0,1737.0,50.0
17867,5,Indianwear,vastranand,3475.0,1911.0,45.0
17868,6,Indianwear,vastranand,5700.0,3135.0,45.0
17869,7,Indianwear,vastranand,3675.0,2021.0,45.0
17870,8,Indianwear,vastranand,6600.0,3300.0,50.0
17871,9,Indianwear,varanga,2099.0,1154.0,45.0
17872,10,Indianwear,janasya,3059.0,1070.0,65.0
17873,11,Indianwear,global desi,1799.0,1079.0,40.0
17874,12,Indianwear,indya,2200.0,1100.0,50.0
17875,13,Indianwear,global desi,3299.0,2309.0,30.0
17876,14,Indianwear,janasya,3999.0,1399.0,65.0
17877,15,Indianwear,neerus,2999.0,2399.0,20.0
17878,16,Indianwear,janasya,1999.0,999.0,50.0
17879,17,Indianwear,janasya,1499.0,599.0,60.0
17880,18,Indianwear,janasya,4798.0,2159.0,55.0
17881,19,Indianwear,janasya,3949.0,1382.0,65.0
17882,20,Indianwear,biba,4995.0,3496.0,30.0
17883,21,Indianwear,global desi,2099.0,1469.0,30.0
17885,23,Indianwear,global desi,2199.0,1319.0,40.0
17886,24,Indianwear,global desi,1799.0,1259.0,30.0
17887,25,Indianwear,global desi,2899.0,1884.0,35.0
17888,0,Indianwear,ira soleil,2638.2167045910855,1695.0,44.84758845312988
17889,1,Indianwear,varanga,1799.0,899.0,50.0
17890,2,Indianwear,global desi,1599.0,959.0,40.0
17891,3,Indianwear,janasya,1299.0,584.0,55.0
17892,4,Indianwear,global desi,1399.0,559.0,60.0
17893,5,Indianwear,yuris,1499.0,599.0,60.0
17894,6,Indianwear,global desi,5999.0,4199.0,30.0
17895,7,Indianwear,yuris,1899.0,664.0,65.0
17896,8,Indianwear,indya,2638.2167045910855,1900.0,44.84758845312988
17897,9,Indianwear,indya,2500.0,1250.0,50.0
17898,10,Indianwear,janasya,1999.0,799.0,60.0
17899,11,Indianwear,de moza,2638.2167045910855,1699.0,44.84758845312988
17900,12,Indianwear,janasya,3299.0,1154.0,65.0
17901,13,Indianwear,indya,2600.0,1300.0,50.0
17902,14,Indianwear,aurelia,699.0,419.0,40.0
17903,15,Indianwear,w,4599.0,2299.0,50.0
17904,16,Indianwear,indya,2200.0,1100.0,50.0
17905,17,Indianwear,varanga,1399.0,699.0,50.0
17906,18,Indianwear,global desi,2599.0,1559.0,40.0
17907,19,Indianwear,varanga,2399.0,839.0,65.0
17908,20,Indianwear,w,2599.0,1299.0,50.0
17909,21,Indianwear,indya,2500.0,1250.0,50.0
17911,23,Indianwear,global desi,4499.0,1799.0,60.0
17912,24,Indianwear,janasya,2398.0,959.0,60.0
17913,25,Indianwear,janasya,1499.0,674.0,55.0
17914,0,Indianwear,w,3599.0,1799.0,50.0
17915,1,Indianwear,janasya,3719.0,2045.0,45.0
17916,2,Indianwear,janasya,1399.0,559.0,60.0
17917,3,Indianwear,janasya,3798.0,2088.0,45.0
17918,4,Indianwear,yuris,2799.0,1259.0,55.0
17919,5,Indianwear,yuris,3999.0,1399.0,65.0
17920,6,Indianwear,yuris,1899.0,949.0,50.0
17921,7,Indianwear,varanga,2299.0,1149.0,50.0
17922,8,Indianwear,juniper,1799.0,629.0,65.0
17923,9,Indianwear,varanga,1999.0,899.0,55.0
17924,10,Indianwear,juniper,2699.0,1484.0,45.0
17925,11,Indianwear,varanga,4199.0,2099.0,50.0
17926,12,Indianwear,haute curry,1699.0,849.0,50.0
17927,13,Indianwear,global desi,2699.0,1349.0,50.0
17928,14,Indianwear,varanga,2638.2167045910855,5599.0,44.84758845312988
17929,15,Indianwear,varanga,1599.0,879.0,45.0
17930,16,Indianwear,fusion beats,1199.0,359.0,70.0
17931,17,Indianwear,indya,2800.0,1400.0,50.0
17932,18,Indianwear,janasya,1949.0,682.0,65.0
17933,19,Indianwear,de moza,2638.2167045910855,1299.0,44.84758845312988
17934,20,Indianwear,indya,2638.2167045910855,1600.0,44.84758845312988
17935,21,Indianwear,janasya,1399.0,699.0,50.0
17937,23,Indianwear,ayesha,2638.2167045910855,1398.0,44.84758845312988
17938,24,Indianwear,janasya,1599.0,639.0,60.0
17939,25,Indianwear,global desi,2499.0,1249.0,50.0
17940,0,Indianwear,ira soleil,2638.2167045910855,1499.0,44.84758845312988
17941,1,Indianwear,indya,2400.0,1200.0,50.0
17942,2,Indianwear,global desi,1599.0,799.0,50.0
17943,3,Indianwear,aurelia,2638.2167045910855,1999.0,44.84758845312988
17944,4,Indianwear,global desi,1999.0,799.0,60.0
17945,5,Indianwear,janasya,3098.0,1239.0,60.0
17946,6,Indianwear,arteastri,2638.2167045910855,2250.0,44.84758845312988
17947,7,Indianwear,janasya,4798.0,2399.0,50.0
17948,8,Indianwear,neerus,2638.2167045910855,1699.0,44.84758845312988
17949,9,Indianwear,ziyaa,3042.0,1216.0,60.0
17950,10,Indianwear,w,2638.2167045910855,1799.0,44.84758845312988
17951,11,Indianwear,ziyaa,2677.0,1070.0,60.0
17952,12,Indianwear,ziyaa,2103.0,841.0,60.0
17953,13,Indianwear,ziyaa,3124.0,1249.0,60.0
17954,14,Indianwear,ayesha,2638.2167045910855,998.0,44.84758845312988
17955,15,Indianwear,ziyaa,2140.0,963.0,55.0
17956,16,Indianwear,arteastri,2638.2167045910855,4500.0,44.84758845312988
17957,17,Indianwear,w,2638.2167045910855,1799.0,44.84758845312988
17958,18,Indianwear,janasya,5598.0,2799.0,50.0
17959,19,Indianwear,ritu kumar,2638.2167045910855,3900.0,44.84758845312988
17960,20,Indianwear,yuris,2799.0,1119.0,60.0
17961,21,Indianwear,indya,2638.2167045910855,1100.0,44.84758845312988
17963,23,Indianwear,global desi,1699.0,1359.0,20.0
17964,24,Indianwear,global desi,1599.0,1279.0,20.0
17965,25,Indianwear,myshka,3999.0,1199.0,70.0
17966,0,Indianwear,aurelia,2638.2167045910855,1299.0,44.84758845312988
17967,1,Indianwear,neerus,3499.0,2799.0,20.0
17968,2,Indianwear,global desi,2399.0,959.0,60.0
17969,3,Indianwear,aurelia,2638.2167045910855,1499.0,44.84758845312988
17970,4,Indianwear,varkala silk sarees,4500.0,1350.0,70.0
17971,5,Indianwear,janasya,4998.0,1249.0,75.0
17972,6,Indianwear,ritu kumar,2638.2167045910855,2900.0,44.84758845312988
17973,7,Indianwear,indya,3600.0,1800.0,50.0
17974,8,Indianwear,ziyaa,2390.0,956.0,60.0
17975,9,Indianwear,de moza,999.0,599.0,40.0
17976,10,Indianwear,ziyaa,2227.0,890.0,60.0
17977,11,Indianwear,global desi,2638.2167045910855,2499.0,44.84758845312988
17978,12,Indianwear,ayesha,2638.2167045910855,898.0,44.84758845312988
17979,13,Indianwear,ziyaa,3173.0,1269.0,60.0
17980,14,Indianwear,neerus,2999.0,2399.0,20.0
17981,15,Indianwear,kami kubi,999.0,599.0,40.0
17982,16,Indianwear,w,2638.2167045910855,1199.0,44.84758845312988
17983,17,Indianwear,global desi,1899.0,1519.0,20.0
17984,18,Indianwear,ziyaa,4335.0,1734.0,60.0
17985,19,Indianwear,de moza,1499.0,899.0,40.0
17986,20,Indianwear,arteastri,2638.2167045910855,3500.0,44.84758845312988
17987,21,Indianwear,de moza,2638.2167045910855,599.0,44.84758845312988
17989,23,Indianwear,janasya,1729.0,1037.0,40.0
17990,24,Indianwear,global desi,2599.0,2079.0,20.0
17991,25,Indianwear,aurelia,2638.2167045910855,1599.0,44.84758845312988
17992,0,Indianwear,indya,2638.2167045910855,2600.0,44.84758845312988
17993,1,Indianwear,aurelia,2638.2167045910855,499.0,44.84758845312988
17994,2,Indianwear,global desi,1999.0,799.0,60.0
17995,3,Indianwear,global desi,3699.0,1849.0,50.0
17996,4,Indianwear,w,2999.0,1799.0,40.0
17997,5,Indianwear,w,2638.2167045910855,1699.0,44.84758845312988
17998,6,Indianwear,w,1999.0,999.0,50.0
17999,7,Indianwear,fusion beats,1799.0,719.0,60.0
18000,8,Indianwear,global desi,2799.0,1959.0,30.0
18001,9,Indianwear,arteastri,2638.2167045910855,1650.0,44.84758845312988
18002,10,Indianwear,global desi,2499.0,1749.0,30.0
18003,11,Indianwear,stop,999.0,499.0,50.0
18004,12,Indianwear,de moza,2638.2167045910855,1299.0,44.84758845312988
18005,13,Indianwear,arteastri,2638.2167045910855,6500.0,44.84758845312988
18006,14,Indianwear,ziyaa,2203.0,881.0,60.0
18007,15,Indianwear,ziyaa,2553.0,1021.0,60.0
18008,16,Indianwear,indya,2638.2167045910855,2250.0,44.84758845312988
18009,17,Indianwear,aurelia,999.0,699.0,30.0
18010,18,Indianwear,janasya,4799.0,2399.0,50.0
18011,19,Indianwear,amukti,1799.0,1259.0,30.0
18012,20,Indianwear,ziyaa,1646.0,823.0,50.0
18013,21,Indianwear,indya,2638.2167045910855,2600.0,44.84758845312988
18015,23,Indianwear,suti,1399.0,1119.0,20.0
18016,24,Indianwear,w,2638.2167045910855,1799.0,44.84758845312988
18017,25,Indianwear,janasya,1599.0,639.0,60.0
18018,0,Indianwear,global desi,2199.0,1319.0,40.0
18019,1,Indianwear,varanga,4599.0,1839.0,60.0
18020,2,Indianwear,faballey,2200.0,1100.0,50.0
18021,3,Indianwear,janasya,1529.0,917.0,40.0
18022,4,Indianwear,fusion beats,1499.0,599.0,60.0
18023,5,Indianwear,janasya,4998.0,2748.0,45.0
18024,6,Indianwear,aarke,2638.2167045910855,4700.0,44.84758845312988
18025,7,Indianwear,janasya,1599.0,639.0,60.0
18026,8,Indianwear,janasya,2898.0,1159.0,60.0
18027,9,Indianwear,arteastri,2638.2167045910855,3100.0,44.84758845312988
18028,10,Indianwear,global desi,2999.0,2099.0,30.0
18029,11,Indianwear,arteastri,2638.2167045910855,3975.0,44.84758845312988
18030,12,Indianwear,global desi,2899.0,1884.0,35.0
18031,13,Indianwear,global desi,2599.0,1819.0,30.0
18032,14,Indianwear,de moza,1999.0,1199.0,40.0
18034,16,Indianwear,w,4999.0,2999.0,40.0
18035,17,Indianwear,stop,999.0,499.0,50.0
18036,18,Indianwear,de moza,2638.2167045910855,1299.0,44.84758845312988
18037,19,Indianwear,aarke,2638.2167045910855,3900.0,44.84758845312988
18038,20,Indianwear,global desi,2199.0,1099.0,50.0
18039,21,Indianwear,arteastri,2638.2167045910855,1890.0,44.84758845312988
18041,23,Indianwear,w,2638.2167045910855,1699.0,44.84758845312988
18042,24,Indianwear,global desi,3299.0,2309.0,30.0
18043,25,Indianwear,janasya,1299.0,779.0,40.0
18044,0,Indianwear,ziyaa,2245.0,1010.0,55.0
18045,1,Indianwear,w,2638.2167045910855,799.0,44.84758845312988
18046,2,Indianwear,arteastri,2638.2167045910855,2350.0,44.84758845312988
18047,3,Indianwear,w,3599.0,2699.0,25.0
18048,4,Indianwear,puma,2499.0,1749.0,30.0
18049,5,Indianwear,stop,999.0,499.0,50.0
18050,6,Indianwear,janasya,1599.0,1039.0,35.0
18051,7,Indianwear,w,2638.2167045910855,1299.0,44.84758845312988
18052,8,Indianwear,aurelia,2638.2167045910855,1399.0,44.84758845312988
18053,9,Indianwear,global desi,2499.0,1499.0,40.0
18054,10,Indianwear,ira soleil,2638.2167045910855,3999.0,44.84758845312988
18055,11,Indianwear,fusion beats,2299.0,919.0,60.0
18056,12,Indianwear,ziyaa,4260.0,1704.0,60.0
18057,13,Indianwear,w,5999.0,2999.0,50.0
18058,14,Indianwear,ayesha,2638.2167045910855,1398.0,44.84758845312988
18059,15,Indianwear,de moza,2638.2167045910855,799.0,44.84758845312988
18060,16,Indianwear,janasya,1549.0,619.0,60.0
18061,17,Indianwear,w,2638.2167045910855,4799.0,44.84758845312988
18062,18,Indianwear,global desi,3499.0,1749.0,50.0
18063,19,Indianwear,w,2999.0,1499.0,50.0
18064,20,Indianwear,de moza,1499.0,899.0,40.0
18065,21,Indianwear,stop,799.0,399.0,50.0
18067,23,Indianwear,global desi,1999.0,1199.0,40.0
18068,24,Indianwear,ayesha,2638.2167045910855,1298.0,44.84758845312988
18069,25,Indianwear,indya,1900.0,950.0,50.0
18070,0,Indianwear,varanga,4299.0,1934.0,55.0
18071,1,Indianwear,aurelia,2638.2167045910855,1599.0,44.84758845312988
18072,2,Indianwear,indya,2650.0,2120.0,20.0
18073,3,Indianwear,varanga,4999.0,2249.0,55.0
18074,4,Indianwear,global desi,1999.0,999.0,50.0
18075,5,Indianwear,ritu kumar,2638.2167045910855,3600.0,44.84758845312988
18076,6,Indianwear,fusion beats,2299.0,919.0,60.0
18077,7,Indianwear,fusion beats,1799.0,899.0,50.0
18078,8,Indianwear,aurelia,1199.0,839.0,30.0
18079,9,Indianwear,ayesha,2638.2167045910855,998.0,44.84758845312988
18080,10,Indianwear,de moza,2638.2167045910855,999.0,44.84758845312988
18082,12,Indianwear,varanga,1999.0,999.0,50.0
18083,13,Indianwear,janasya,1798.0,899.0,50.0
18084,14,Indianwear,indya,2700.0,1350.0,50.0
18085,15,Indianwear,ziyaa,5058.0,2023.0,60.0
18086,16,Indianwear,global desi,2638.2167045910855,1699.0,44.84758845312988
18087,17,Indianwear,indya,1700.0,850.0,50.0
18088,18,Indianwear,get wrapped,2638.2167045910855,599.0,44.84758845312988
18089,19,Indianwear,indya,2200.0,1100.0,50.0
18090,20,Indianwear,global desi,3599.0,1799.0,50.0
18091,21,Indianwear,global desi,3799.0,1899.0,50.0
18093,23,Indianwear,janasya,2079.0,831.0,60.0
18094,24,Indianwear,janasya,1699.0,594.0,65.0
18095,25,Indianwear,kashish,2499.0,1249.0,50.0
18096,0,Indianwear,stop,1299.0,649.0,50.0
18097,1,Indianwear,ritu kumar,2638.2167045910855,4600.0,44.84758845312988
18098,2,Indianwear,global desi,1499.0,749.0,50.0
18099,3,Indianwear,aurelia,2638.2167045910855,799.0,44.84758845312988
18100,4,Indianwear,amukti,999.0,499.0,50.0
18101,5,Indianwear,ziyaa,2798.0,1119.0,60.0
18102,6,Indianwear,de moza,999.0,599.0,40.0
18103,7,Indianwear,varkala silk sarees,6000.0,2400.0,60.0
18104,8,Indianwear,janasya,1998.0,1398.0,30.0
18105,9,Indianwear,ziyaa,1943.0,1360.0,30.0
18106,10,Indianwear,global desi,2638.2167045910855,7999.0,44.84758845312988
18107,11,Indianwear,aurelia,2638.2167045910855,599.0,44.84758845312988
18109,13,Indianwear,janasya,3069.0,1227.0,60.0
18110,14,Indianwear,aurelia,2638.2167045910855,3999.0,44.84758845312988
18111,15,Indianwear,aarke,2638.2167045910855,2900.0,44.84758845312988
18112,16,Indianwear,indya,1600.0,800.0,50.0
18113,17,Indianwear,kashish,1599.0,799.0,50.0
18114,18,Indianwear,w,4999.0,2999.0,40.0
18115,19,Indianwear,lil' star,2638.2167045910855,699.0,44.84758845312988
18116,20,Indianwear,de moza,2638.2167045910855,449.0,44.84758845312988
18117,21,Indianwear,arteastri,2638.2167045910855,2400.0,44.84758845312988
18119,23,Indianwear,janasya,3799.0,1709.0,55.0
18120,24,Indianwear,stop,799.0,399.0,50.0
18121,25,Indianwear,kami kubi,2499.0,1499.0,40.0
18122,0,Indianwear,indya,2450.0,1225.0,50.0
18123,1,Indianwear,varanga,1599.0,799.0,50.0
18124,2,Indianwear,global desi,1599.0,1279.0,20.0
18125,3,Indianwear,indya,1850.0,925.0,50.0
18126,4,Indianwear,ziyaa,3181.0,1272.0,60.0
18127,5,Indianwear,global desi,1899.0,759.0,60.0
18128,6,Indianwear,global desi,2199.0,1319.0,40.0
18129,7,Indianwear,global desi,2499.0,1499.0,40.0
18130,8,Indianwear,global desi,1699.0,1189.0,30.0
18131,9,Indianwear,global desi,2399.0,1679.0,30.0
18132,10,Indianwear,global desi,2638.2167045910855,2599.0,44.84758845312988
18133,11,Indianwear,global desi,1799.0,719.0,60.0
18134,12,Indianwear,yuris,1799.0,719.0,60.0
18135,13,Indianwear,yuris,3999.0,1399.0,65.0
18136,14,Indianwear,yuris,2899.0,1159.0,60.0
18137,15,Indianwear,yuris,3999.0,1399.0,65.0
18138,16,Indianwear,yuris,3999.0,1399.0,65.0
18139,17,Indianwear,yuris,3499.0,1399.0,60.0
18140,18,Indianwear,global desi,2699.0,2159.0,20.0
18141,19,Indianwear,stop,899.0,449.0,50.0
18142,20,Indianwear,stop,2638.2167045910855,1199.0,44.84758845312988
18143,21,Indianwear,kashish,1699.0,849.0,50.0
18145,23,Indianwear,haute curry,699.0,349.0,50.0
18146,24,Indianwear,haute curry,899.0,449.0,50.0
18147,25,Indianwear,vastranand,3500.0,1925.0,45.0
18148,0,Indianwear,vastranand,6500.0,3250.0,50.0
18149,1,Indianwear,vastranand,3475.0,1563.0,55.0
18150,2,Indianwear,vastranand,3700.0,2035.0,45.0
18151,3,Indianwear,vastranand,4799.0,2159.0,55.0
18152,4,Indianwear,vastranand,3500.0,1925.0,45.0
18153,5,Indianwear,varanga,3399.0,1869.0,45.0
18154,6,Indianwear,varanga,3399.0,1699.0,50.0
18155,7,Indianwear,vastranand,3299.0,1649.0,50.0
18156,8,Indianwear,varanga,3699.0,924.0,75.0
18157,9,Indianwear,vastranand,4999.0,2999.0,40.0
18158,10,Indianwear,vastranand,3475.0,1911.0,45.0
18159,11,Indianwear,vastranand,4999.0,2999.0,40.0
18160,12,Indianwear,varanga,4999.0,1749.0,65.0
18161,13,Indianwear,vastranand,4995.0,2247.0,55.0
18162,14,Indianwear,ira soleil,2638.2167045910855,4599.0,44.84758845312988
18163,15,Indianwear,vastranand,3475.0,1911.0,45.0
18164,16,Indianwear,vastranand,3475.0,1911.0,45.0
18165,17,Indianwear,vastranand,3475.0,1563.0,55.0
18166,18,Indianwear,vastranand,5700.0,2280.0,60.0
18167,19,Indianwear,vastranand,3299.0,1814.0,45.0
18168,20,Indianwear,vastranand,4799.0,2159.0,55.0
18169,21,Indianwear,vastranand,5500.0,2475.0,55.0
18171,23,Indianwear,vastranand,4500.0,2025.0,55.0
18172,24,Indianwear,vastranand,3700.0,2035.0,45.0
18173,25,Indianwear,vastranand,2199.0,1319.0,40.0
18174,0,Indianwear,ira soleil,2638.2167045910855,1199.0,44.84758845312988
18175,1,Indianwear,vastranand,5700.0,2280.0,60.0
18176,2,Indianwear,vastranand,4799.0,2159.0,55.0
18177,3,Indianwear,vastranand,6500.0,3250.0,50.0
18178,4,Indianwear,vastranand,4799.0,2159.0,55.0
18179,5,Indianwear,vastranand,3199.0,1919.0,40.0
18180,6,Indianwear,vastranand,5500.0,2475.0,55.0
18181,7,Indianwear,vastranand,5500.0,2200.0,60.0
18182,8,Indianwear,varanga,3199.0,1599.0,50.0
18183,9,Indianwear,vastranand,3500.0,1925.0,45.0
18184,10,Indianwear,vastranand,6500.0,3250.0,50.0
18185,11,Indianwear,vastranand,5500.0,2200.0,60.0
18187,13,Indianwear,vastranand,3475.0,1911.0,45.0
18188,14,Indianwear,vastranand,4599.0,2069.0,55.0
18189,15,Indianwear,vastranand,5700.0,2850.0,50.0
18190,16,Indianwear,ira soleil,2638.2167045910855,1199.0,44.84758845312988
18191,17,Indianwear,vastranand,4599.0,2069.0,55.0
18192,18,Indianwear,varanga,2638.2167045910855,4599.0,44.84758845312988
18193,19,Indianwear,vastranand,5555.0,3333.0,40.0
18194,20,Indianwear,vastranand,3700.0,2035.0,45.0
18195,21,Indianwear,vastranand,4599.0,2069.0,55.0
18197,23,Indianwear,vastranand,3475.0,1563.0,55.0
18198,24,Indianwear,vastranand,3675.0,2021.0,45.0
18199,25,Indianwear,vastranand,5500.0,2475.0,55.0
18200,0,Indianwear,varanga,1399.0,559.0,60.0
18201,1,Indianwear,varanga,2999.0,899.0,70.0
18202,2,Indianwear,ira soleil,2638.2167045910855,1999.0,44.84758845312988
18203,3,Indianwear,vastranand,3675.0,2021.0,45.0
18204,4,Indianwear,vastranand,2199.0,1319.0,40.0
18205,5,Indianwear,vastranand,4599.0,2529.0,45.0
18206,6,Indianwear,varanga,2638.2167045910855,4999.0,44.84758845312988
18207,7,Indianwear,vastranand,3475.0,1737.0,50.0
18208,8,Indianwear,vastranand,4545.0,2272.0,50.0
18209,9,Indianwear,vastranand,5500.0,3025.0,45.0
18210,10,Indianwear,vastranand,3000.0,1500.0,50.0
18211,11,Indianwear,vastranand,5700.0,2850.0,50.0
18212,12,Indianwear,juniper,2638.2167045910855,1799.0,44.84758845312988
18213,13,Indianwear,vastranand,3535.0,1767.0,50.0
18214,14,Indianwear,juniper,2638.2167045910855,2999.0,44.84758845312988
18215,15,Indianwear,vastranand,5700.0,2280.0,60.0
18216,16,Indianwear,varkala silk sarees,7500.0,1875.0,75.0
18217,17,Indianwear,vastranand,5500.0,2750.0,50.0
18218,18,Indianwear,vastranand,3475.0,1911.0,45.0
18219,19,Indianwear,varanga,3399.0,1699.0,50.0
18220,20,Indianwear,vastranand,3475.0,1737.0,50.0
18221,21,Indianwear,varanga,3399.0,1359.0,60.0
18223,23,Indianwear,ira soleil,2638.2167045910855,4599.0,44.84758845312988
18224,24,Indianwear,vastranand,4500.0,2025.0,55.0
18225,25,Indianwear,vastranand,1995.0,1396.0,30.0
18226,0,Indianwear,vastranand,5500.0,2750.0,50.0
18227,1,Indianwear,varanga,3299.0,824.0,75.0
18228,2,Indianwear,vastranand,3475.0,1911.0,45.0
18229,3,Indianwear,vastranand,5500.0,2200.0,60.0
18230,4,Indianwear,vastranand,3675.0,2021.0,45.0
18231,5,Indianwear,varanga,2638.2167045910855,5999.0,44.84758845312988
18232,6,Indianwear,vastranand,6500.0,3250.0,50.0
18233,7,Indianwear,haute curry,899.0,449.0,50.0
18234,8,Indianwear,vastranand,5555.0,3333.0,40.0
18235,9,Indianwear,ira soleil,2638.2167045910855,2199.0,44.84758845312988
18236,10,Indianwear,vastranand,3475.0,1563.0,55.0
18237,11,Indianwear,vastranand,4799.0,2159.0,55.0
18238,12,Indianwear,vastranand,3675.0,2021.0,45.0
18239,13,Indianwear,vastranand,5700.0,2280.0,60.0
18240,14,Indianwear,vastranand,5700.0,2280.0,60.0
18241,15,Indianwear,vastranand,5700.0,2565.0,55.0
18242,16,Indianwear,varanga,2638.2167045910855,4599.0,44.84758845312988
18243,17,Indianwear,varanga,5999.0,2099.0,65.0
18244,18,Indianwear,janasya,1549.0,542.0,65.0
18245,19,Indianwear,janasya,3349.0,1674.0,50.0
18246,20,Indianwear,indya,2400.0,1200.0,50.0
18247,21,Indianwear,janasya,1499.0,674.0,55.0
18249,23,Indianwear,amukti,1599.0,799.0,50.0
18250,24,Indianwear,aurelia,2299.0,1609.0,30.0
18251,25,Indianwear,janasya,1499.0,599.0,60.0
18252,0,Indianwear,aurelia,1699.0,849.0,50.0
18253,1,Indianwear,global desi,3299.0,2309.0,30.0
18254,2,Indianwear,indya,4500.0,2250.0,50.0
18255,3,Indianwear,global desi,1999.0,1299.0,35.0
18256,4,Indianwear,global desi,3999.0,1599.0,60.0
18257,5,Indianwear,aurelia,2638.2167045910855,2599.0,44.84758845312988
18258,6,Indianwear,w,1499.0,899.0,40.0
18259,7,Indianwear,w,1799.0,899.0,50.0
18260,8,Indianwear,neerus,2399.0,1919.0,20.0
18261,9,Indianwear,w,1799.0,1349.0,25.0
18262,10,Indianwear,indya,2638.2167045910855,2900.0,44.84758845312988
18263,11,Indianwear,indya,2600.0,1300.0,50.0
18264,12,Indianwear,aurelia,2638.2167045910855,1199.0,44.84758845312988
18265,13,Indianwear,aurelia,1599.0,799.0,50.0
18266,14,Indianwear,global desi,1799.0,1169.0,35.0
18267,15,Indianwear,janasya,2049.0,717.0,65.0
18268,16,Indianwear,w,1899.0,949.0,50.0
18269,17,Indianwear,janasya,1499.0,599.0,60.0
18270,18,Indianwear,faballey,1950.0,975.0,50.0
18271,19,Indianwear,kami kubi,4999.0,2249.0,55.0
18272,20,Indianwear,indya,2638.2167045910855,1400.0,44.84758845312988
18273,21,Indianwear,janasya,3799.0,2089.0,45.0
18275,23,Indianwear,amukti,1299.0,909.0,30.0
18276,24,Indianwear,aurelia,1049.0,734.0,30.0
18277,25,Indianwear,amukti,2499.0,1249.0,50.0
18278,0,Indianwear,global desi,2799.0,1399.0,50.0
18279,1,Indianwear,juniper,1599.0,799.0,50.0
18280,2,Indianwear,indya,3500.0,1750.0,50.0
18281,3,Indianwear,janasya,2199.0,989.0,55.0
18282,4,Indianwear,global desi,2399.0,1439.0,40.0
18283,5,Indianwear,w,1299.0,779.0,40.0
18284,6,Indianwear,janasya,1399.0,559.0,60.0
18285,7,Indianwear,amukti,1599.0,799.0,50.0
18286,8,Indianwear,neerus,2638.2167045910855,2299.0,44.84758845312988
18287,9,Indianwear,yuris,2799.0,1259.0,55.0
18288,10,Indianwear,aurelia,1499.0,899.0,40.0
18289,11,Indianwear,yuris,3499.0,1399.0,60.0
18290,12,Indianwear,yuris,3499.0,1399.0,60.0
18291,13,Indianwear,yuris,2799.0,1259.0,55.0
18292,14,Indianwear,yuris,2499.0,1249.0,50.0
18293,15,Indianwear,global desi,1499.0,599.0,60.0
18294,16,Indianwear,varanga,1999.0,799.0,60.0
18295,17,Indianwear,juniper,1999.0,999.0,50.0
18296,18,Indianwear,varanga,3399.0,1699.0,50.0
18297,19,Indianwear,varanga,2199.0,989.0,55.0
18298,20,Indianwear,ira soleil,2638.2167045910855,2699.0,44.84758845312988
18299,21,Indianwear,juniper,1799.0,899.0,50.0
18301,23,Indianwear,global desi,1999.0,799.0,60.0
18302,24,Indianwear,varanga,1499.0,749.0,50.0
18303,25,Indianwear,juniper,3299.0,1484.0,55.0
18304,0,Indianwear,de moza,2638.2167045910855,999.0,44.84758845312988
18305,1,Indianwear,ziyaa,1332.0,666.0,50.0
18306,2,Indianwear,global desi,1899.0,1234.0,35.0
18307,3,Indianwear,juniper,1999.0,1299.0,35.0
18308,4,Indianwear,global desi,2638.2167045910855,2199.0,44.84758845312988
18309,5,Indianwear,w,2638.2167045910855,1699.0,44.84758845312988
18310,6,Indianwear,arteastri,2638.2167045910855,2400.0,44.84758845312988
18311,7,Indianwear,de moza,2638.2167045910855,999.0,44.84758845312988
18312,8,Indianwear,global desi,1699.0,1359.0,20.0
18313,9,Indianwear,de moza,2638.2167045910855,1299.0,44.84758845312988
18314,10,Indianwear,ziyaa,2285.0,1599.0,30.0
18315,11,Indianwear,arteastri,2638.2167045910855,2890.0,44.84758845312988
18316,12,Indianwear,ziyaa,3120.0,1248.0,60.0
18317,13,Indianwear,global desi,2499.0,1749.0,30.0
18318,14,Indianwear,stop,899.0,449.0,50.0
18319,15,Indianwear,global desi,2999.0,1949.0,35.0
18320,16,Indianwear,janasya,1099.0,549.0,50.0
18321,17,Indianwear,janasya,1699.0,849.0,50.0
18322,18,Indianwear,global desi,1799.0,899.0,50.0
18323,19,Indianwear,indya,2638.2167045910855,1100.0,44.84758845312988
18324,20,Indianwear,global desi,5999.0,4799.0,20.0
18325,21,Indianwear,arteastri,2638.2167045910855,4800.0,44.84758845312988
18327,23,Indianwear,indya,3200.0,1600.0,50.0
18328,24,Indianwear,haute curry,1499.0,749.0,50.0
18329,25,Indianwear,janasya,3599.0,1439.0,60.0
18330,0,Indianwear,fusion beats,1999.0,799.0,60.0
18331,1,Indianwear,ayesha,2638.2167045910855,1498.0,44.84758845312988
18332,2,Indianwear,de moza,2638.2167045910855,599.0,44.84758845312988
18333,3,Indianwear,arteastri,2638.2167045910855,3100.0,44.84758845312988
18334,4,Indianwear,ziyaa,4510.0,1804.0,60.0
18335,5,Indianwear,fusion beats,2799.0,1119.0,60.0
18336,6,Indianwear,de moza,2638.2167045910855,499.0,44.84758845312988
18337,7,Indianwear,janasya,1699.0,679.0,60.0
18338,8,Indianwear,w,1899.0,1424.0,25.0
18339,9,Indianwear,w,1699.0,1019.0,40.0
18340,10,Indianwear,arteastri,2638.2167045910855,4900.0,44.84758845312988
18341,11,Indianwear,nachtmann,1599.0,1279.0,20.0
18342,12,Indianwear,janasya,3798.0,1709.0,55.0
18343,13,Indianwear,varanga,4999.0,1749.0,65.0
18344,14,Indianwear,ira soleil,2638.2167045910855,2699.0,44.84758845312988
18345,15,Indianwear,arteastri,2638.2167045910855,1690.0,44.84758845312988
18346,16,Indianwear,w,2799.0,1399.0,50.0
18347,17,Indianwear,janasya,3839.0,2111.0,45.0
18348,18,Indianwear,indya,2400.0,1200.0,50.0
18349,19,Indianwear,varkala silk sarees,4500.0,1350.0,70.0
18350,20,Indianwear,aarke,2638.2167045910855,3400.0,44.84758845312988
18351,21,Indianwear,fusion beats,2299.0,919.0,60.0
18353,23,Indianwear,ziyaa,4645.0,1858.0,60.0
18354,24,Indianwear,w,2638.2167045910855,1399.0,44.84758845312988
18355,25,Indianwear,de moza,2638.2167045910855,499.0,44.84758845312988
18356,0,Indianwear,global desi,1699.0,1189.0,30.0
18357,1,Indianwear,global desi,2638.2167045910855,1799.0,44.84758845312988
18358,2,Indianwear,global desi,2699.0,1754.0,35.0
18359,3,Indianwear,indya,3200.0,1600.0,50.0
18360,4,Indianwear,indya,2400.0,1920.0,20.0
18361,5,Indianwear,fusion beats,1999.0,799.0,60.0
18362,6,Indianwear,arteastri,2638.2167045910855,1650.0,44.84758845312988
18363,7,Indianwear,neerus,2399.0,1199.0,50.0
18364,8,Indianwear,ziyaa,2063.0,825.0,60.0
18365,9,Indianwear,arteastri,2638.2167045910855,1700.0,44.84758845312988
18366,10,Indianwear,haute curry,899.0,449.0,50.0
18367,11,Indianwear,janasya,1399.0,559.0,60.0
18368,12,Indianwear,janasya,1649.0,824.0,50.0
18369,13,Indianwear,yuris,3499.0,1399.0,60.0
18370,14,Indianwear,aurelia,2638.2167045910855,1699.0,44.84758845312988
18371,15,Indianwear,get wrapped,2638.2167045910855,599.0,44.84758845312988
18372,16,Indianwear,global desi,2638.2167045910855,1899.0,44.84758845312988
18373,17,Indianwear,varanga,3799.0,1519.0,60.0
18374,18,Indianwear,global desi,1699.0,849.0,50.0
18375,19,Indianwear,indya,2200.0,1100.0,50.0
18376,20,Indianwear,de moza,2638.2167045910855,799.0,44.84758845312988
18377,21,Indianwear,de moza,1499.0,899.0,40.0
18379,23,Indianwear,janasya,1549.0,619.0,60.0
18380,24,Indianwear,ziyaa,1715.0,600.0,65.0
18381,25,Indianwear,kami kubi,5999.0,2399.0,60.0
18382,0,Indianwear,arteastri,2638.2167045910855,2799.0,44.84758845312988
18383,1,Indianwear,janasya,1499.0,524.0,65.0
18384,2,Indianwear,ayesha,2638.2167045910855,998.0,44.84758845312988
18385,3,Indianwear,ziyaa,2333.0,933.0,60.0
18386,4,Indianwear,janasya,969.0,484.0,50.0
18387,5,Indianwear,de moza,2638.2167045910855,449.0,44.84758845312988
18388,6,Indianwear,aurelia,2638.2167045910855,799.0,44.84758845312988
18389,7,Indianwear,de moza,1299.0,779.0,40.0
18390,8,Indianwear,janasya,1499.0,824.0,45.0
18391,9,Indianwear,stop,1299.0,649.0,50.0
18393,11,Indianwear,indya,2638.2167045910855,1400.0,44.84758845312988
18394,12,Indianwear,de moza,2638.2167045910855,1499.0,44.84758845312988
18395,13,Indianwear,ziyaa,3903.0,1561.0,60.0
18396,14,Indianwear,kami kubi,4999.0,1999.0,60.0
18397,15,Indianwear,ira soleil,2638.2167045910855,1489.0,44.84758845312988
18398,16,Indianwear,global desi,3799.0,1899.0,50.0
18399,17,Indianwear,global desi,1999.0,1299.0,35.0
18400,18,Indianwear,janasya,2299.0,1034.0,55.0
18401,19,Indianwear,ziyaa,1390.0,625.0,55.0
18402,20,Indianwear,stop,1299.0,649.0,50.0
18403,21,Indianwear,de moza,2638.2167045910855,999.0,44.84758845312988
18405,23,Indianwear,aurelia,2638.2167045910855,799.0,44.84758845312988
18406,24,Indianwear,janasya,3699.0,1479.0,60.0
18407,25,Indianwear,de moza,2638.2167045910855,449.0,44.84758845312988
18408,0,Indianwear,w,2638.2167045910855,1699.0,44.84758845312988
18409,1,Indianwear,aarke,2638.2167045910855,2900.0,44.84758845312988
18410,2,Indianwear,de moza,2638.2167045910855,2499.0,44.84758845312988
18411,3,Indianwear,ziyaa,1830.0,732.0,60.0
18412,4,Indianwear,de moza,2638.2167045910855,999.0,44.84758845312988
18413,5,Indianwear,global desi,1999.0,799.0,60.0
18414,6,Indianwear,aurelia,2638.2167045910855,1299.0,44.84758845312988
18415,7,Indianwear,janasya,1599.0,639.0,60.0
18416,8,Indianwear,ziyaa,4637.0,1854.0,60.0
18417,9,Indianwear,de moza,2638.2167045910855,599.0,44.84758845312988
18418,10,Indianwear,varkala silk sarees,1999.0,1499.0,25.0
18419,11,Indianwear,ziyaa,3023.0,1209.0,60.0
18420,12,Indianwear,varanga,5299.0,2384.0,55.0
18421,13,Indianwear,fusion beats,1499.0,599.0,60.0
18422,14,Indianwear,janasya,1399.0,559.0,60.0
18423,15,Indianwear,w,2638.2167045910855,1399.0,44.84758845312988
18424,16,Indianwear,aurelia,2638.2167045910855,1299.0,44.84758845312988
18425,17,Indianwear,fusion beats,1399.0,559.0,60.0
18426,18,Indianwear,ziyaa,1248.0,561.0,55.0
18427,19,Indianwear,ziyaa,3609.0,1443.0,60.0
18428,20,Indianwear,ziyaa,2755.0,1102.0,60.0
18429,21,Indianwear,ayesha,2638.2167045910855,3598.0,44.84758845312988
18431,23,Indianwear,ayesha,2638.2167045910855,998.0,44.84758845312988
18432,24,Indianwear,indya,2950.0,2360.0,20.0
18433,25,Indianwear,arteastri,2638.2167045910855,1650.0,44.84758845312988
18434,0,Indianwear,janasya,1099.0,549.0,50.0
18435,1,Indianwear,arteastri,2638.2167045910855,1600.0,44.84758845312988
18436,2,Indianwear,janasya,1029.0,514.0,50.0
18437,3,Indianwear,indya,2600.0,1300.0,50.0
18438,4,Indianwear,myshka,4999.0,2499.0,50.0
18439,5,Indianwear,fusion beats,1899.0,759.0,60.0
18440,6,Indianwear,fusion beats,1699.0,679.0,60.0
18441,7,Indianwear,stop,899.0,449.0,50.0
18442,8,Indianwear,kashish,1699.0,849.0,50.0
18443,9,Indianwear,de moza,2638.2167045910855,499.0,44.84758845312988
18444,10,Indianwear,arteastri,2638.2167045910855,3250.0,44.84758845312988
18445,11,Indianwear,ziyaa,4767.0,1906.0,60.0
18446,12,Indianwear,ziyaa,3045.0,1218.0,60.0
18447,13,Indianwear,de moza,2638.2167045910855,1299.0,44.84758845312988
18448,14,Indianwear,ziyaa,3013.0,1205.0,60.0
18449,15,Indianwear,global desi,2099.0,1364.0,35.0
18450,16,Indianwear,varanga,3199.0,1599.0,50.0
18451,17,Indianwear,ziyaa,1955.0,782.0,60.0
18452,18,Indianwear,janasya,1099.0,549.0,50.0
18453,19,Indianwear,ziyaa,1853.0,741.0,60.0
18454,20,Indianwear,arteastri,2638.2167045910855,2400.0,44.84758845312988
18455,21,Indianwear,global desi,1699.0,1189.0,30.0
18457,23,Indianwear,get wrapped,2638.2167045910855,299.0,44.84758845312988
18458,24,Indianwear,de moza,1299.0,779.0,40.0
18459,25,Indianwear,ziyaa,2395.0,958.0,60.0
18460,0,Indianwear,ayesha,2638.2167045910855,1498.0,44.84758845312988
18461,1,Indianwear,de moza,2638.2167045910855,1099.0,44.84758845312988
18462,2,Indianwear,ayesha,2638.2167045910855,998.0,44.84758845312988
18463,3,Indianwear,ziyaa,2713.0,1085.0,60.0
18464,4,Indianwear,aurelia,2638.2167045910855,1699.0,44.84758845312988
18465,5,Indianwear,janasya,4998.0,2249.0,55.0
18466,6,Indianwear,aarke,2638.2167045910855,3600.0,44.84758845312988
18467,7,Indianwear,fusion beats,1799.0,899.0,50.0
18468,8,Indianwear,w,1899.0,1424.0,25.0
18469,9,Indianwear,ziyaa,2663.0,1065.0,60.0
18470,10,Indianwear,janasya,969.0,484.0,50.0
18471,11,Indianwear,de moza,999.0,599.0,40.0
18472,12,Indianwear,varanga,3999.0,1799.0,55.0
18473,13,Indianwear,global desi,2999.0,1949.0,35.0
18474,14,Indianwear,arteastri,2638.2167045910855,3500.0,44.84758845312988
18475,15,Indianwear,yuris,2499.0,1124.0,55.0
18476,16,Indianwear,kami kubi,2499.0,874.0,65.0
18477,17,Indianwear,w,2638.2167045910855,1499.0,44.84758845312988
18478,18,Indianwear,janasya,2949.0,1474.0,50.0
18479,19,Indianwear,global desi,2999.0,2399.0,20.0
18480,20,Indianwear,w,1899.0,1424.0,25.0
18481,21,Indianwear,de moza,2638.2167045910855,2499.0,44.84758845312988
18483,23,Indianwear,global desi,2999.0,1949.0,35.0
18484,24,Indianwear,aurelia,1599.0,799.0,50.0
18485,25,Indianwear,yuris,3499.0,1399.0,60.0
18486,0,Indianwear,yuris,3999.0,1399.0,65.0
18487,1,Indianwear,yuris,3999.0,1399.0,65.0
18488,2,Indianwear,global desi,2099.0,1469.0,30.0
18489,3,Indianwear,ayesha,2638.2167045910855,2998.0,44.84758845312988
18491,5,Indianwear,stop,1299.0,649.0,50.0
18492,6,Indianwear,stop,2638.2167045910855,599.0,44.84758845312988
18493,7,Indianwear,arteastri,2638.2167045910855,11200.0,44.84758845312988
18494,8,Indianwear,vastranand,4599.0,2069.0,55.0
18495,9,Indianwear,vastranand,4799.0,2159.0,55.0
18496,10,Indianwear,vastranand,4545.0,2272.0,50.0
18497,11,Indianwear,vastranand,2727.0,1772.0,35.0
18498,12,Indianwear,vastranand,4995.0,2247.0,55.0
18499,13,Indianwear,vastranand,4799.0,2159.0,55.0
18500,14,Indianwear,vastranand,3500.0,1925.0,45.0
18501,15,Indianwear,vastranand,4545.0,2272.0,50.0
18502,16,Indianwear,varanga,5999.0,2099.0,65.0
18503,17,Indianwear,vastranand,4799.0,2159.0,55.0
18504,18,Indianwear,varkala silk sarees,7500.0,1875.0,75.0
18505,19,Indianwear,vastranand,3675.0,2021.0,45.0
18506,20,Indianwear,vastranand,5700.0,3420.0,40.0
18507,21,Indianwear,vastranand,3475.0,1911.0,45.0
18509,23,Indianwear,vastranand,5500.0,2475.0,55.0
18510,24,Indianwear,ira soleil,2638.2167045910855,2999.0,44.84758845312988
18511,25,Indianwear,vastranand,5500.0,2475.0,55.0
18512,0,Indianwear,vastranand,2200.0,1320.0,40.0
18513,1,Indianwear,varanga,2199.0,879.0,60.0
18514,2,Indianwear,vastranand,5500.0,2475.0,55.0
18515,3,Indianwear,vastranand,5500.0,2200.0,60.0
18516,4,Indianwear,vastranand,4995.0,2247.0,55.0
18517,5,Indianwear,varanga,3999.0,1799.0,55.0
18518,6,Indianwear,vastranand,4799.0,2159.0,55.0
18519,7,Indianwear,vastranand,3675.0,2021.0,45.0
18520,8,Indianwear,vastranand,3500.0,1925.0,45.0
18521,9,Indianwear,vastranand,4599.0,2069.0,55.0
18522,10,Indianwear,vastranand,4599.0,2069.0,55.0
18523,11,Indianwear,varanga,2999.0,1499.0,50.0
18524,12,Indianwear,varkala silk sarees,7500.0,1875.0,75.0
18525,13,Indianwear,vastranand,3475.0,1737.0,50.0
18526,14,Indianwear,vastranand,4599.0,2069.0,55.0
18527,15,Indianwear,vastranand,3700.0,2035.0,45.0
18528,16,Indianwear,vastranand,4799.0,2159.0,55.0
18529,17,Indianwear,vastranand,4545.0,2272.0,50.0
18530,18,Indianwear,vastranand,5500.0,2475.0,55.0
18531,19,Indianwear,vastranand,5500.0,2200.0,60.0
18532,20,Indianwear,vastranand,5700.0,2565.0,55.0
18533,21,Indianwear,vastranand,4545.0,2272.0,50.0
18535,23,Indianwear,vastranand,3299.0,1649.0,50.0
18536,24,Indianwear,ira soleil,2638.2167045910855,1999.0,44.84758845312988
18537,25,Indianwear,vastranand,3475.0,1563.0,55.0
18538,0,Indianwear,vastranand,4799.0,2159.0,55.0
18539,1,Indianwear,vastranand,4599.0,2069.0,55.0
18540,2,Indianwear,vastranand,3475.0,1737.0,50.0
18541,3,Indianwear,vastranand,5500.0,2475.0,55.0
18542,4,Indianwear,vastranand,3700.0,2035.0,45.0
18543,5,Indianwear,vastranand,5700.0,2280.0,60.0
18544,6,Indianwear,vastranand,4799.0,2159.0,55.0
18545,7,Indianwear,vastranand,3000.0,1500.0,50.0
18546,8,Indianwear,vastranand,3675.0,2021.0,45.0
18547,9,Indianwear,vastranand,1998.0,1398.0,30.0
18548,10,Indianwear,vastranand,6500.0,2925.0,55.0
18549,11,Indianwear,vastranand,5500.0,2200.0,60.0
18550,12,Indianwear,vastranand,5500.0,2750.0,50.0
18551,13,Indianwear,ira soleil,2638.2167045910855,2999.0,44.84758845312988
18552,14,Indianwear,vastranand,5555.0,2777.0,50.0
18553,15,Indianwear,vastranand,6500.0,3250.0,50.0
18554,16,Indianwear,vastranand,4775.0,2387.0,50.0
18555,17,Indianwear,vastranand,5500.0,2475.0,55.0
18556,18,Indianwear,vastranand,4599.0,2529.0,45.0
18557,19,Indianwear,vastranand,5700.0,2565.0,55.0
18558,20,Indianwear,vastranand,4999.0,2999.0,40.0
18559,21,Indianwear,vastranand,5500.0,2200.0,60.0
18561,23,Indianwear,vastranand,3500.0,1925.0,45.0
18563,25,Indianwear,vastranand,2727.0,1772.0,35.0
18564,0,Indianwear,vastranand,5700.0,2280.0,60.0
18565,1,Indianwear,vastranand,3999.0,1599.0,60.0
18566,2,Indianwear,vastranand,5700.0,2565.0,55.0
18567,3,Indianwear,vastranand,4545.0,2272.0,50.0
18568,4,Indianwear,vastranand,4995.0,2247.0,55.0
18569,5,Indianwear,vastranand,5700.0,2850.0,50.0
18570,6,Indianwear,varanga,2199.0,989.0,55.0
18571,7,Indianwear,varanga,2638.2167045910855,3999.0,44.84758845312988
18572,8,Indianwear,vastranand,3675.0,2021.0,45.0
18573,9,Indianwear,vastranand,5500.0,2200.0,60.0
18574,10,Indianwear,juniper,2599.0,1039.0,60.0
18575,11,Indianwear,vastranand,3995.0,2397.0,40.0
18577,13,Indianwear,vastranand,3500.0,1925.0,45.0
18578,14,Indianwear,vastranand,3475.0,1737.0,50.0
18579,15,Indianwear,varanga,1799.0,899.0,50.0
18580,16,Indianwear,vastranand,3675.0,2021.0,45.0
18581,17,Indianwear,vastranand,5700.0,2280.0,60.0
18582,18,Indianwear,vastranand,5500.0,2475.0,55.0
18583,19,Indianwear,vastranand,5500.0,2750.0,50.0
18584,20,Indianwear,vastranand,4799.0,2399.0,50.0
18585,21,Indianwear,vastranand,3475.0,1737.0,50.0
18587,23,Indianwear,vastranand,3475.0,1911.0,45.0
18588,24,Indianwear,vastranand,5500.0,2200.0,60.0
18589,25,Indianwear,vastranand,5700.0,3420.0,40.0
18590,0,Indianwear,vastranand,5500.0,3025.0,45.0
18591,1,Indianwear,vastranand,4599.0,2069.0,55.0
18592,2,Indianwear,varanga,1799.0,989.0,45.0
18593,3,Indianwear,vastranand,5700.0,2280.0,60.0
18594,4,Indianwear,vastranand,3700.0,2035.0,45.0
18595,5,Indianwear,vastranand,3475.0,1911.0,45.0
18596,6,Indianwear,vastranand,3675.0,1837.0,50.0
18597,7,Indianwear,vastranand,4500.0,2025.0,55.0
18598,8,Indianwear,vastranand,4500.0,2250.0,50.0
18599,9,Indianwear,vastranand,5500.0,2200.0,60.0
18600,10,Indianwear,vastranand,5700.0,2280.0,60.0
18601,11,Indianwear,varanga,2999.0,1049.0,65.0
18602,12,Indianwear,vastranand,3950.0,2172.0,45.0
18603,13,Indianwear,vastranand,4799.0,2159.0,55.0
18604,14,Indianwear,vastranand,5700.0,2280.0,60.0
18605,15,Indianwear,haute curry,1299.0,649.0,50.0
18606,16,Indianwear,w,2638.2167045910855,1799.0,44.84758845312988
18607,17,Indianwear,aurelia,1899.0,1329.0,30.0
18608,18,Indianwear,janasya,2298.0,1263.0,45.0
18609,19,Indianwear,iti,2638.2167045910855,1699.0,44.84758845312988
18610,20,Indianwear,aurelia,1899.0,949.0,50.0
18611,21,Indianwear,indya,3500.0,1750.0,50.0
18613,23,Indianwear,juniper,1299.0,909.0,30.0
18614,24,Indianwear,kami kubi,4999.0,1999.0,60.0
18615,25,Indianwear,w,8999.0,6749.0,25.0
18616,0,Indianwear,janasya,3299.0,1154.0,65.0
18617,1,Indianwear,global desi,2099.0,1679.0,20.0
18618,2,Indianwear,janasya,1299.0,519.0,60.0
18619,3,Indianwear,global desi,1599.0,959.0,40.0
18620,4,Indianwear,varanga,1599.0,639.0,60.0
18621,5,Indianwear,aarke,2638.2167045910855,1700.0,44.84758845312988
18622,6,Indianwear,indya,3200.0,1600.0,50.0
18623,7,Indianwear,varanga,3199.0,1599.0,50.0
18624,8,Indianwear,aurelia,699.0,419.0,40.0
18625,9,Indianwear,varanga,3599.0,899.0,75.0
18626,10,Indianwear,w,2999.0,1799.0,40.0
18627,11,Indianwear,indya,2950.0,1475.0,50.0
18628,12,Indianwear,janasya,1299.0,519.0,60.0
18629,13,Indianwear,w,9999.0,7499.0,25.0
18630,14,Indianwear,global desi,1999.0,799.0,60.0
18631,15,Indianwear,kami kubi,4999.0,2249.0,55.0
18632,16,Indianwear,varanga,6999.0,2449.0,65.0
18633,17,Indianwear,neerus,2699.0,2159.0,20.0
18634,18,Indianwear,global desi,2199.0,1429.0,35.0
18635,19,Indianwear,indya,2638.2167045910855,2950.0,44.84758845312988
18636,20,Indianwear,de moza,2638.2167045910855,999.0,44.84758845312988
18637,21,Indianwear,global desi,2299.0,1379.0,40.0
18639,23,Indianwear,aurelia,2638.2167045910855,2999.0,44.84758845312988
18640,24,Indianwear,yuris,1599.0,799.0,50.0
18641,25,Indianwear,janasya,1499.0,524.0,65.0
18642,0,Indianwear,janasya,3599.0,1259.0,65.0
18643,1,Indianwear,w,2299.0,1149.0,50.0
18644,2,Indianwear,indya,2638.2167045910855,2100.0,44.84758845312988
18645,3,Indianwear,janasya,3598.0,1619.0,55.0
18646,4,Indianwear,global desi,1499.0,899.0,40.0
18647,5,Indianwear,aarke,2638.2167045910855,5900.0,44.84758845312988
18648,6,Indianwear,indya,2638.2167045910855,2200.0,44.84758845312988
18649,7,Indianwear,w,2638.2167045910855,1699.0,44.84758845312988
18650,8,Indianwear,sanaa,2638.2167045910855,1349.0,44.84758845312988
18651,9,Indianwear,global desi,2299.0,1379.0,40.0
18652,10,Indianwear,fusion beats,1999.0,799.0,60.0
18653,11,Indianwear,global desi,3199.0,2559.0,20.0
18654,12,Indianwear,global desi,2699.0,1349.0,50.0
18655,13,Indianwear,global desi,2599.0,1039.0,60.0
18656,14,Indianwear,global desi,1999.0,1199.0,40.0
18657,15,Indianwear,yuris,2499.0,1124.0,55.0
18658,16,Indianwear,yuris,1799.0,809.0,55.0
18659,17,Indianwear,yuris,1299.0,649.0,50.0
18660,18,Indianwear,janasya,2129.0,1170.0,45.0
18661,19,Indianwear,yuris,3999.0,1599.0,60.0
18662,20,Indianwear,yuris,2999.0,1199.0,60.0
18663,21,Indianwear,global desi,2199.0,1099.0,50.0
18665,23,Indianwear,varanga,2799.0,839.0,70.0
18666,24,Indianwear,varanga,4399.0,1979.0,55.0
18667,25,Indianwear,varanga,1599.0,719.0,55.0
18668,0,Indianwear,varanga,1999.0,899.0,55.0
18669,1,Indianwear,global desi,2199.0,1539.0,30.0
18670,2,Indianwear,get wrapped,2638.2167045910855,699.0,44.84758845312988
18671,3,Indianwear,janasya,1899.0,759.0,60.0
18672,4,Indianwear,indya,2638.2167045910855,2950.0,44.84758845312988
18673,5,Indianwear,indya,1900.0,950.0,50.0
18674,6,Indianwear,w,1999.0,1199.0,40.0
18675,7,Indianwear,global desi,1499.0,899.0,40.0
18676,8,Indianwear,indya,2638.2167045910855,1800.0,44.84758845312988
18677,9,Indianwear,global desi,2638.2167045910855,1699.0,44.84758845312988
18678,10,Indianwear,arteastri,2638.2167045910855,6500.0,44.84758845312988
18679,11,Indianwear,global desi,1599.0,959.0,40.0
18680,12,Indianwear,ziyaa,1296.0,648.0,50.0
18681,13,Indianwear,aurelia,2638.2167045910855,1399.0,44.84758845312988
18682,14,Indianwear,ayesha,2638.2167045910855,598.0,44.84758845312988
18683,15,Indianwear,indya,2200.0,1100.0,50.0
18684,16,Indianwear,fusion beats,3499.0,1399.0,60.0
18685,17,Indianwear,indya,2638.2167045910855,1100.0,44.84758845312988
18686,18,Indianwear,amukti,1499.0,749.0,50.0
18687,19,Indianwear,global desi,1999.0,1199.0,40.0
18688,20,Indianwear,janasya,3798.0,1709.0,55.0
18689,21,Indianwear,global desi,2638.2167045910855,1699.0,44.84758845312988
18691,23,Indianwear,varanga,3799.0,1519.0,60.0
18692,24,Indianwear,kashish,2638.2167045910855,2199.0,44.84758845312988
18693,25,Indianwear,ziyaa,1993.0,797.0,60.0
18694,0,Indianwear,janasya,1998.0,1198.0,40.0
18695,1,Indianwear,arteastri,2638.2167045910855,2550.0,44.84758845312988
18696,2,Indianwear,de moza,2638.2167045910855,1499.0,44.84758845312988
18697,3,Indianwear,ziyaa,1808.0,1265.0,30.0
18698,4,Indianwear,de moza,2638.2167045910855,1299.0,44.84758845312988
18699,5,Indianwear,indya,1850.0,925.0,50.0
18700,6,Indianwear,amukti,1049.0,524.0,50.0
18701,7,Indianwear,arteastri,2638.2167045910855,1990.0,44.84758845312988
18702,8,Indianwear,janasya,1399.0,699.0,50.0
18703,9,Indianwear,de moza,2638.2167045910855,1299.0,44.84758845312988
18704,10,Indianwear,janasya,969.0,484.0,50.0
18705,11,Indianwear,varanga,3599.0,1439.0,60.0
18706,12,Indianwear,amukti,1299.0,909.0,30.0
18707,13,Indianwear,varkala silk sarees,4500.0,1350.0,70.0
18708,14,Indianwear,w,2638.2167045910855,1799.0,44.84758845312988
18709,15,Indianwear,indya,2638.2167045910855,1400.0,44.84758845312988
18710,16,Indianwear,de moza,2638.2167045910855,499.0,44.84758845312988
18711,17,Indianwear,w,2638.2167045910855,2499.0,44.84758845312988
18712,18,Indianwear,stop,899.0,449.0,50.0
18713,19,Indianwear,ayesha,2638.2167045910855,898.0,44.84758845312988
18714,20,Indianwear,de moza,2638.2167045910855,499.0,44.84758845312988
18715,21,Indianwear,janasya,2198.0,1099.0,50.0
18717,23,Indianwear,aurelia,1699.0,849.0,50.0
18718,24,Indianwear,kami kubi,3999.0,1399.0,65.0
18719,25,Indianwear,ayesha,2638.2167045910855,998.0,44.84758845312988
18720,0,Indianwear,ziyaa,2680.0,1072.0,60.0
18721,1,Indianwear,de moza,2638.2167045910855,999.0,44.84758845312988
18722,2,Indianwear,indya,2200.0,1100.0,50.0
18723,3,Indianwear,neerus,2999.0,1499.0,50.0
18724,4,Indianwear,global desi,1899.0,1519.0,20.0
18725,5,Indianwear,janasya,1029.0,514.0,50.0
18726,6,Indianwear,ira soleil,2638.2167045910855,3999.0,44.84758845312988
18727,7,Indianwear,varanga,2199.0,1099.0,50.0
18728,8,Indianwear,stop,399.0,199.0,50.0
18729,9,Indianwear,neerus,2638.2167045910855,1699.0,44.84758845312988
18730,10,Indianwear,w,1799.0,1349.0,25.0
18731,11,Indianwear,myshka,1499.0,524.0,65.0
18732,12,Indianwear,global desi,2799.0,1819.0,35.0
18733,13,Indianwear,arteastri,2638.2167045910855,4800.0,44.84758845312988
18734,14,Indianwear,ziyaa,2801.0,1120.0,60.0
18735,15,Indianwear,de moza,2638.2167045910855,999.0,44.84758845312988
18736,16,Indianwear,global desi,2599.0,1689.0,35.0
18737,17,Indianwear,global desi,1699.0,1359.0,20.0
18738,18,Indianwear,varanga,6999.0,2449.0,65.0
18739,19,Indianwear,de moza,2638.2167045910855,499.0,44.84758845312988
18740,20,Indianwear,de moza,2638.2167045910855,599.0,44.84758845312988
18741,21,Indianwear,w,799.0,599.0,25.0
18743,23,Indianwear,varanga,1499.0,749.0,50.0
18744,24,Indianwear,amukti,1299.0,909.0,30.0
18745,25,Indianwear,w,2638.2167045910855,999.0,44.84758845312988
18746,0,Indianwear,ziyaa,2667.0,1066.0,60.0
18747,1,Indianwear,ziyaa,4303.0,1721.0,60.0
18748,2,Indianwear,global desi,2399.0,1679.0,30.0
18749,3,Indianwear,ziyaa,4796.0,1918.0,60.0
18750,4,Indianwear,janasya,1549.0,542.0,65.0
18751,5,Indianwear,janasya,2498.0,1498.0,40.0
18752,6,Indianwear,janasya,3798.0,1709.0,55.0
18753,7,Indianwear,de moza,2638.2167045910855,1299.0,44.84758845312988
18754,8,Indianwear,de moza,2638.2167045910855,1499.0,44.84758845312988
18755,9,Indianwear,suti,2699.0,2159.0,20.0
18756,10,Indianwear,w,2638.2167045910855,1699.0,44.84758845312988
18757,11,Indianwear,varkala silk sarees,6000.0,2400.0,60.0
18758,12,Indianwear,ziyaa,3023.0,1209.0,60.0
18759,13,Indianwear,ira soleil,2638.2167045910855,1699.0,44.84758845312988
18760,14,Indianwear,aurelia,2638.2167045910855,1299.0,44.84758845312988
18761,15,Indianwear,stop,499.0,349.0,30.0
18762,16,Indianwear,janasya,1798.0,809.0,55.0
18763,17,Indianwear,indya,936.0,468.0,50.0
18764,18,Indianwear,indya,2400.0,1200.0,50.0
18765,19,Indianwear,arteastri,2638.2167045910855,2400.0,44.84758845312988
18766,20,Indianwear,janasya,798.0,478.0,40.0
18767,21,Indianwear,amukti,1499.0,1049.0,30.0
18769,23,Indianwear,fusion beats,1999.0,799.0,60.0
18770,24,Indianwear,janasya,1299.0,649.0,50.0
18772,0,Indianwear,ziyaa,2867.0,1146.0,60.0
18773,1,Indianwear,indya,2638.2167045910855,1300.0,44.84758845312988
18774,2,Indianwear,global desi,1799.0,899.0,50.0
18775,3,Indianwear,global desi,2399.0,1559.0,35.0
18776,4,Indianwear,ziyaa,2667.0,1066.0,60.0
18777,5,Indianwear,janasya,1649.0,577.0,65.0
18778,6,Indianwear,global desi,2199.0,1099.0,50.0
18779,7,Indianwear,amukti,1499.0,749.0,50.0
18780,8,Indianwear,global desi,6999.0,4549.0,35.0
18781,9,Indianwear,kami kubi,4999.0,1749.0,65.0
18782,10,Indianwear,fusion beats,1899.0,759.0,60.0
18783,11,Indianwear,fusion beats,2399.0,959.0,60.0
18784,12,Indianwear,arteastri,2638.2167045910855,4900.0,44.84758845312988
18785,13,Indianwear,de moza,2638.2167045910855,999.0,44.84758845312988
18786,14,Indianwear,amukti,1999.0,999.0,50.0
18787,15,Indianwear,kashish,2999.0,1499.0,50.0
18788,16,Indianwear,fusion beats,1999.0,799.0,60.0
18789,17,Indianwear,haute curry,899.0,449.0,50.0
18790,18,Indianwear,de moza,2638.2167045910855,499.0,44.84758845312988
18791,19,Indianwear,indya,2638.2167045910855,3200.0,44.84758845312988
18792,20,Indianwear,janasya,3599.0,1979.0,45.0
18793,21,Indianwear,janasya,2299.0,1034.0,55.0
18795,23,Indianwear,kami kubi,1999.0,899.0,55.0
18796,24,Indianwear,global desi,1699.0,1189.0,30.0
18798,0,Indianwear,amukti,1499.0,749.0,50.0
18799,1,Indianwear,janasya,3059.0,1376.0,55.0
18800,2,Indianwear,indya,3200.0,1600.0,50.0
18801,3,Indianwear,aurelia,2638.2167045910855,1499.0,44.84758845312988
18802,4,Indianwear,de moza,2638.2167045910855,1299.0,44.84758845312988
18803,5,Indianwear,global desi,2638.2167045910855,1899.0,44.84758845312988
18804,6,Indianwear,janasya,1649.0,659.0,60.0
18805,7,Indianwear,ziyaa,4353.0,1741.0,60.0
18806,8,Indianwear,de moza,2638.2167045910855,599.0,44.84758845312988
18807,9,Indianwear,varanga,3799.0,1709.0,55.0
18808,10,Indianwear,arteastri,2638.2167045910855,2250.0,44.84758845312988
18809,11,Indianwear,global desi,2999.0,1949.0,35.0
18810,12,Indianwear,ziyaa,1752.0,700.0,60.0
18811,13,Indianwear,global desi,4499.0,3599.0,20.0
18812,14,Indianwear,global desi,3099.0,2479.0,20.0
18813,15,Indianwear,de moza,2638.2167045910855,1299.0,44.84758845312988
18814,16,Indianwear,janasya,1399.0,629.0,55.0
18815,17,Indianwear,arteastri,2638.2167045910855,2150.0,44.84758845312988
18816,18,Indianwear,arteastri,2638.2167045910855,2350.0,44.84758845312988
18817,19,Indianwear,w,2638.2167045910855,899.0,44.84758845312988
18818,20,Indianwear,global desi,3499.0,2274.0,35.0
18819,21,Indianwear,janasya,2299.0,1034.0,55.0
18821,23,Indianwear,ayesha,2638.2167045910855,998.0,44.84758845312988
18822,24,Indianwear,get wrapped,2638.2167045910855,299.0,44.84758845312988
18823,25,Indianwear,lil' star,2638.2167045910855,699.0,44.84758845312988
18824,0,Indianwear,arteastri,2638.2167045910855,6750.0,44.84758845312988
18825,1,Indianwear,ritu kumar,2638.2167045910855,3800.0,44.84758845312988
18826,2,Indianwear,aurelia,2499.0,1749.0,30.0
18827,3,Indianwear,arteastri,2638.2167045910855,1750.0,44.84758845312988
18828,4,Indianwear,janasya,1399.0,769.0,45.0
18829,5,Indianwear,janasya,1199.0,479.0,60.0
18830,6,Indianwear,faballey,2400.0,1200.0,50.0
18831,7,Indianwear,de moza,2638.2167045910855,449.0,44.84758845312988
18832,8,Indianwear,janasya,1029.0,463.0,55.0
18833,9,Indianwear,varanga,1999.0,999.0,50.0
18834,10,Indianwear,faballey,2400.0,1200.0,50.0
18835,11,Indianwear,arteastri,2638.2167045910855,2690.0,44.84758845312988
18836,12,Indianwear,w,1699.0,849.0,50.0
18837,13,Indianwear,janasya,1498.0,749.0,50.0
18838,14,Indianwear,ayesha,2638.2167045910855,898.0,44.84758845312988
18839,15,Indianwear,de moza,2638.2167045910855,449.0,44.84758845312988
18840,16,Indianwear,ayesha,2638.2167045910855,698.0,44.84758845312988
18841,17,Indianwear,aurelia,1399.0,979.0,30.0
18842,18,Indianwear,aurelia,2638.2167045910855,499.0,44.84758845312988
18843,19,Indianwear,de moza,1499.0,899.0,40.0
18844,20,Indianwear,kami kubi,2299.0,919.0,60.0
18845,21,Indianwear,de moza,2638.2167045910855,499.0,44.84758845312988
18847,23,Indianwear,janasya,4998.0,2998.0,40.0
18848,24,Indianwear,fusion beats,2999.0,1199.0,60.0
18850,0,Indianwear,varanga,3999.0,1999.0,50.0
18851,1,Indianwear,janasya,2699.0,1214.0,55.0
18852,2,Indianwear,arteastri,2638.2167045910855,2550.0,44.84758845312988
18853,3,Indianwear,global desi,2638.2167045910855,1799.0,44.84758845312988
18854,4,Indianwear,varanga,4599.0,2069.0,55.0
18855,5,Indianwear,de moza,2638.2167045910855,999.0,44.84758845312988
18856,6,Indianwear,w,2638.2167045910855,1999.0,44.84758845312988
18857,7,Indianwear,global desi,2399.0,1439.0,40.0
18858,8,Indianwear,w,2638.2167045910855,1499.0,44.84758845312988
18859,9,Indianwear,w,7999.0,5999.0,25.0
18860,10,Indianwear,global desi,8999.0,5849.0,35.0
18861,11,Indianwear,ira soleil,2638.2167045910855,3999.0,44.84758845312988
18862,12,Indianwear,indya,2400.0,1200.0,50.0
18863,13,Indianwear,fusion beats,1999.0,799.0,60.0
18864,14,Indianwear,global desi,3799.0,2469.0,35.0
18865,15,Indianwear,varanga,4999.0,2249.0,55.0
18866,16,Indianwear,global desi,4699.0,3759.0,20.0
18867,17,Indianwear,janasya,1499.0,599.0,60.0
18868,18,Indianwear,indya,2200.0,1100.0,50.0
18870,20,Indianwear,indya,2800.0,1400.0,50.0
18871,21,Indianwear,indya,2200.0,1100.0,50.0
18873,23,Indianwear,global desi,2499.0,1249.0,50.0
18874,24,Indianwear,janasya,2399.0,1439.0,40.0
18875,25,Indianwear,de moza,999.0,599.0,40.0
18876,0,Indianwear,ziyaa,2562.0,1024.0,60.0
18877,1,Indianwear,w,3599.0,1799.0,50.0
18878,2,Indianwear,fusion beats,2499.0,999.0,60.0
18879,3,Indianwear,global desi,1999.0,1399.0,30.0
18880,4,Indianwear,ayesha,2638.2167045910855,998.0,44.84758845312988
18881,5,Indianwear,ritu kumar,2638.2167045910855,3900.0,44.84758845312988
18882,6,Indianwear,haute curry,899.0,449.0,50.0
18883,7,Indianwear,kami kubi,1999.0,899.0,55.0
18884,8,Indianwear,kashish,2499.0,1249.0,50.0
18885,9,Indianwear,w,2638.2167045910855,1499.0,44.84758845312988
18886,10,Indianwear,varanga,3999.0,1799.0,55.0
18887,11,Indianwear,w,2999.0,1499.0,50.0
18888,12,Indianwear,amukti,1299.0,649.0,50.0
18889,13,Indianwear,de moza,2638.2167045910855,599.0,44.84758845312988
18890,14,Indianwear,w,1999.0,999.0,50.0
18891,15,Indianwear,de moza,2638.2167045910855,449.0,44.84758845312988
18892,16,Indianwear,janasya,3499.0,1924.0,45.0
18893,17,Indianwear,yuris,3499.0,1399.0,60.0
18894,18,Indianwear,yuris,3999.0,1399.0,65.0
18895,19,Indianwear,global desi,2638.2167045910855,2599.0,44.84758845312988
18896,20,Indianwear,w,2638.2167045910855,1499.0,44.84758845312988
18897,21,Indianwear,fusion beats,3199.0,1279.0,60.0
18899,23,Indianwear,haute curry,2638.2167045910855,799.0,44.84758845312988
18900,24,Indianwear,global desi,2499.0,1999.0,20.0
18901,25,Indianwear,w,2638.2167045910855,1499.0,44.84758845312988
18902,0,Indianwear,w,1699.0,1019.0,40.0
18903,1,Indianwear,de moza,1499.0,899.0,40.0
18904,2,Indianwear,janasya,2599.0,1039.0,60.0
18905,3,Indianwear,aurelia,2638.2167045910855,1299.0,44.84758845312988
18906,4,Indianwear,global desi,1799.0,719.0,60.0
18907,5,Indianwear,global desi,1999.0,999.0,50.0
18908,6,Indianwear,aurelia,2638.2167045910855,1499.0,44.84758845312988
18909,7,Indianwear,yuris,1499.0,749.0,50.0
18910,8,Indianwear,yuris,1599.0,959.0,40.0
18911,9,Indianwear,yuris,3499.0,1399.0,60.0
18912,10,Indianwear,yuris,3999.0,1399.0,65.0
18913,11,Indianwear,yuris,2499.0,1124.0,55.0
18914,12,Indianwear,yuris,1799.0,809.0,55.0
18915,13,Indianwear,yuris,3499.0,1399.0,60.0
18916,14,Indianwear,yuris,2499.0,1249.0,50.0
18917,15,Indianwear,yuris,2499.0,1249.0,50.0
18918,16,Indianwear,yuris,2699.0,1214.0,55.0
18919,17,Indianwear,yuris,3999.0,1399.0,65.0
18920,18,Indianwear,yuris,3999.0,1399.0,65.0
18921,19,Indianwear,global desi,2799.0,1119.0,60.0
18922,20,Indianwear,varanga,1799.0,809.0,55.0
18923,21,Indianwear,yuris,3499.0,1399.0,60.0
18925,23,Indianwear,global desi,2899.0,2319.0,20.0
18926,24,Indianwear,vastranand,5700.0,2565.0,55.0
18927,25,Indianwear,vastranand,3299.0,1814.0,45.0
18928,0,Indianwear,vastranand,5500.0,2200.0,60.0
18929,1,Indianwear,vastranand,1998.0,1398.0,30.0
18930,2,Indianwear,vastranand,5500.0,2475.0,55.0
18931,3,Indianwear,vastranand,4799.0,2159.0,55.0
18932,4,Indianwear,vastranand,4545.0,2272.0,50.0
18933,5,Indianwear,vastranand,6500.0,3250.0,50.0
18934,6,Indianwear,vastranand,2500.0,1250.0,50.0
18935,7,Indianwear,varanga,2399.0,1199.0,50.0
18936,8,Indianwear,vastranand,3995.0,2397.0,40.0
18937,9,Indianwear,vastranand,3675.0,2021.0,45.0
18938,10,Indianwear,vastranand,5500.0,2200.0,60.0
18939,11,Indianwear,vastranand,6500.0,3250.0,50.0
18940,12,Indianwear,vastranand,4747.0,2136.0,55.0
18941,13,Indianwear,vastranand,3700.0,2035.0,45.0
18942,14,Indianwear,vastranand,3535.0,1767.0,50.0
18943,15,Indianwear,vastranand,4599.0,2069.0,55.0
18944,16,Indianwear,vastranand,6500.0,3250.0,50.0
18945,17,Indianwear,vastranand,5500.0,2475.0,55.0
18946,18,Indianwear,vastranand,5700.0,2565.0,55.0
18947,19,Indianwear,varanga,2199.0,989.0,55.0
18948,20,Indianwear,ira soleil,2638.2167045910855,1199.0,44.84758845312988
18949,21,Indianwear,vastranand,3500.0,1925.0,45.0
18951,23,Indianwear,vastranand,3500.0,1750.0,50.0
18952,24,Indianwear,vastranand,2638.2167045910855,5500.0,44.84758845312988
18953,25,Indianwear,ira soleil,2638.2167045910855,1199.0,44.84758845312988
18954,0,Indianwear,vastranand,3475.0,1911.0,45.0
18955,1,Indianwear,vastranand,5500.0,2475.0,55.0
18956,2,Indianwear,vastranand,5700.0,2565.0,55.0
18957,3,Indianwear,vastranand,4500.0,2025.0,55.0
18958,4,Indianwear,vastranand,6500.0,3250.0,50.0
18959,5,Indianwear,vastranand,3500.0,1925.0,45.0
18960,6,Indianwear,vastranand,4599.0,2069.0,55.0
18961,7,Indianwear,varanga,3399.0,1699.0,50.0
18962,8,Indianwear,vastranand,4545.0,2272.0,50.0
18963,9,Indianwear,vastranand,4599.0,2299.0,50.0
18964,10,Indianwear,vastranand,3999.0,1799.0,55.0
18965,11,Indianwear,vastranand,4599.0,2299.0,50.0
18966,12,Indianwear,vastranand,5500.0,2475.0,55.0
18967,13,Indianwear,vastranand,3700.0,2035.0,45.0
18968,14,Indianwear,vastranand,4599.0,2069.0,55.0
18969,15,Indianwear,vastranand,4545.0,2272.0,50.0
18970,16,Indianwear,ira soleil,2638.2167045910855,2999.0,44.84758845312988
18971,17,Indianwear,ira soleil,2638.2167045910855,8999.0,44.84758845312988
18972,18,Indianwear,vastranand,3500.0,1925.0,45.0
18973,19,Indianwear,vastranand,3500.0,1925.0,45.0
18974,20,Indianwear,vastranand,4799.0,2159.0,55.0
18975,21,Indianwear,vastranand,4599.0,2529.0,45.0
18977,23,Indianwear,vastranand,4599.0,2299.0,50.0
18978,24,Indianwear,vastranand,4545.0,2272.0,50.0
18979,25,Indianwear,vastranand,5700.0,2850.0,50.0
18980,0,Indianwear,vastranand,5500.0,2200.0,60.0
18981,1,Indianwear,vastranand,3475.0,1563.0,55.0
18982,2,Indianwear,vastranand,4799.0,2159.0,55.0
18983,3,Indianwear,vastranand,3475.0,1563.0,55.0
18984,4,Indianwear,vastranand,3475.0,1911.0,45.0
18985,5,Indianwear,vastranand,4500.0,2025.0,55.0
18986,6,Indianwear,vastranand,5700.0,2565.0,55.0
18987,7,Indianwear,vastranand,5500.0,2200.0,60.0
18988,8,Indianwear,vastranand,5500.0,3025.0,45.0
18989,9,Indianwear,vastranand,3500.0,1925.0,45.0
18990,10,Indianwear,vastranand,4799.0,2159.0,55.0
18991,11,Indianwear,vastranand,5500.0,2475.0,55.0
18992,12,Indianwear,vastranand,4599.0,2069.0,55.0
18993,13,Indianwear,vastranand,3429.0,1543.0,55.0
18994,14,Indianwear,vastranand,4799.0,2159.0,55.0
18995,15,Indianwear,vastranand,3700.0,2035.0,45.0
18996,16,Indianwear,vastranand,3299.0,1814.0,45.0
18997,17,Indianwear,vastranand,4599.0,2069.0,55.0
18998,18,Indianwear,vastranand,5700.0,2280.0,60.0
18999,19,Indianwear,vastranand,3500.0,1925.0,45.0
19000,20,Indianwear,vastranand,2200.0,1320.0,40.0
19001,21,Indianwear,vastranand,3700.0,2035.0,45.0
19003,23,Indianwear,ira soleil,2638.2167045910855,4499.0,44.84758845312988
19004,24,Indianwear,vastranand,5500.0,2475.0,55.0
19005,25,Indianwear,vastranand,1998.0,1398.0,30.0
19006,0,Indianwear,vastranand,5700.0,2850.0,50.0
19007,1,Indianwear,varanga,3999.0,1999.0,50.0
19008,2,Indianwear,vastranand,5900.0,2655.0,55.0
19009,3,Indianwear,vastranand,5500.0,2475.0,55.0
19010,4,Indianwear,vastranand,3475.0,1563.0,55.0
19011,5,Indianwear,vastranand,3535.0,1767.0,50.0
19012,6,Indianwear,vastranand,5700.0,2850.0,50.0
19013,7,Indianwear,vastranand,5500.0,2200.0,60.0
19014,8,Indianwear,vastranand,3535.0,1767.0,50.0
19015,9,Indianwear,vastranand,3299.0,1814.0,45.0
19016,10,Indianwear,vastranand,3500.0,1925.0,45.0
19018,12,Indianwear,vastranand,3000.0,1500.0,50.0
19019,13,Indianwear,vastranand,4995.0,2497.0,50.0
19020,14,Indianwear,vastranand,3675.0,2021.0,45.0
19021,15,Indianwear,vastranand,3299.0,1814.0,45.0
19022,16,Indianwear,vastranand,3500.0,1925.0,45.0
19023,17,Indianwear,varanga,3599.0,1259.0,65.0
19024,18,Indianwear,vastranand,5500.0,2200.0,60.0
19025,19,Indianwear,vastranand,3199.0,1919.0,40.0
19026,20,Indianwear,vastranand,4775.0,2387.0,50.0
19027,21,Indianwear,vastranand,4995.0,2497.0,50.0
19029,23,Indianwear,vastranand,5900.0,2360.0,60.0
19030,24,Indianwear,vastranand,5500.0,2200.0,60.0
19031,25,Indianwear,vastranand,4775.0,2387.0,50.0
19032,0,Indianwear,vastranand,4599.0,2069.0,55.0
19033,1,Indianwear,vastranand,3675.0,1837.0,50.0
19035,3,Indianwear,vastranand,3475.0,1911.0,45.0
19036,4,Indianwear,vastranand,5500.0,2475.0,55.0
19037,5,Indianwear,vastranand,4775.0,2387.0,50.0
19038,6,Indianwear,vastranand,5700.0,2565.0,55.0
19039,7,Indianwear,vastranand,4545.0,2272.0,50.0
19040,8,Indianwear,vastranand,3475.0,1737.0,50.0
19041,9,Indianwear,vastranand,4545.0,2272.0,50.0
19042,10,Indianwear,vastranand,5500.0,2200.0,60.0
19043,11,Indianwear,vastranand,3199.0,1919.0,40.0
19044,12,Indianwear,vastranand,5500.0,2200.0,60.0
19045,13,Indianwear,vastranand,6500.0,3250.0,50.0
19046,14,Indianwear,vastranand,3475.0,1911.0,45.0
19047,15,Indianwear,vastranand,5700.0,2280.0,60.0
19048,16,Indianwear,vastranand,3999.0,1599.0,60.0
19049,17,Indianwear,vastranand,3999.0,1799.0,55.0
19050,18,Indianwear,varanga,4999.0,1749.0,65.0
19051,19,Indianwear,vastranand,5500.0,2200.0,60.0
19052,20,Indianwear,vastranand,3475.0,1911.0,45.0
19053,21,Indianwear,vastranand,3475.0,1737.0,50.0
19055,23,Indianwear,vastranand,3995.0,2397.0,40.0
19056,24,Indianwear,vastranand,3500.0,1925.0,45.0
19057,25,Indianwear,vastranand,5700.0,2850.0,50.0
19058,0,Indianwear,vastranand,3675.0,2021.0,45.0
19059,1,Indianwear,vastranand,4799.0,2159.0,55.0
19060,2,Indianwear,vastranand,4599.0,2069.0,55.0
19061,3,Indianwear,ira soleil,2638.2167045910855,1199.0,44.84758845312988
19062,4,Indianwear,vastranand,5500.0,2200.0,60.0
19063,5,Indianwear,vastranand,5500.0,2475.0,55.0
19064,6,Indianwear,vastranand,3475.0,1737.0,50.0
19065,7,Indianwear,vastranand,3475.0,1563.0,55.0
19066,8,Indianwear,vastranand,5700.0,2850.0,50.0
19067,9,Indianwear,vastranand,3475.0,1911.0,45.0
19068,10,Indianwear,vastranand,4500.0,2025.0,55.0
19069,11,Indianwear,vastranand,3429.0,1543.0,55.0
19070,12,Indianwear,vastranand,5500.0,2475.0,55.0
19071,13,Indianwear,vastranand,3475.0,1563.0,55.0
19072,14,Indianwear,vastranand,5500.0,2200.0,60.0
19073,15,Indianwear,vastranand,5700.0,2280.0,60.0
19074,16,Indianwear,vastranand,3535.0,1767.0,50.0
19075,17,Indianwear,vastranand,3500.0,1925.0,45.0
19076,18,Indianwear,vastranand,5700.0,2280.0,60.0
19077,19,Indianwear,vastranand,3475.0,1737.0,50.0
19078,20,Indianwear,vastranand,4599.0,2069.0,55.0
19079,21,Indianwear,vastranand,5500.0,2200.0,60.0
19082,24,Indianwear,vastranand,3475.0,1563.0,55.0
19083,25,Indianwear,vastranand,4799.0,2159.0,55.0
19084,0,Indianwear,vastranand,2200.0,1320.0,40.0
19085,1,Indianwear,vastranand,5555.0,3333.0,40.0
19086,2,Indianwear,vastranand,5700.0,2850.0,50.0
19087,3,Indianwear,vastranand,2200.0,1320.0,40.0
19088,4,Indianwear,vastranand,5500.0,2475.0,55.0
19089,5,Indianwear,vastranand,4545.0,2272.0,50.0
19090,6,Indianwear,varanga,2638.2167045910855,5599.0,44.84758845312988
19091,7,Indianwear,vastranand,3299.0,1814.0,45.0
19092,8,Indianwear,vastranand,5700.0,2850.0,50.0
19093,9,Indianwear,vastranand,3475.0,1737.0,50.0
19094,10,Indianwear,vastranand,5500.0,2475.0,55.0
19095,11,Indianwear,vastranand,3700.0,2035.0,45.0
19096,12,Indianwear,vastranand,4995.0,2247.0,55.0
19097,13,Indianwear,vastranand,5500.0,2750.0,50.0
19098,14,Indianwear,vastranand,4545.0,2272.0,50.0
19099,15,Indianwear,vastranand,4799.0,2159.0,55.0
19100,16,Indianwear,vastranand,5500.0,2475.0,55.0
19101,17,Indianwear,vastranand,5500.0,2475.0,55.0
19102,18,Indianwear,vastranand,5500.0,2475.0,55.0
19103,19,Indianwear,vastranand,4799.0,2159.0,55.0
19104,20,Indianwear,vastranand,5700.0,2280.0,60.0
19105,21,Indianwear,vastranand,4599.0,2069.0,55.0
19107,23,Indianwear,ira soleil,2638.2167045910855,2999.0,44.84758845312988
19108,24,Indianwear,vastranand,4799.0,2399.0,50.0
19109,25,Indianwear,vastranand,4799.0,2159.0,55.0
19110,0,Indianwear,vastranand,3000.0,1500.0,50.0
19111,1,Indianwear,vastranand,3475.0,1563.0,55.0
19112,2,Indianwear,vastranand,3500.0,1925.0,45.0
19113,3,Indianwear,vastranand,4599.0,2299.0,50.0
19114,4,Indianwear,vastranand,4799.0,2159.0,55.0
19115,5,Indianwear,vastranand,5500.0,2475.0,55.0
19116,6,Indianwear,vastranand,4545.0,2272.0,50.0
19117,7,Indianwear,vastranand,4545.0,2272.0,50.0
19118,8,Indianwear,vastranand,5555.0,3333.0,40.0
19119,9,Indianwear,vastranand,3500.0,1925.0,45.0
19120,10,Indianwear,global desi,2599.0,1039.0,60.0
19121,11,Indianwear,varanga,4299.0,1504.0,65.0
19122,12,Indianwear,varanga,5999.0,2099.0,65.0
19123,13,Indianwear,varanga,6999.0,2449.0,65.0
19124,14,Indianwear,varanga,5999.0,2399.0,60.0
19125,15,Indianwear,varanga,4199.0,1679.0,60.0
19126,16,Indianwear,varanga,5799.0,2029.0,65.0
19127,17,Indianwear,global desi,1999.0,1199.0,40.0
19128,18,Indianwear,janasya,2199.0,769.0,65.0
19129,19,Indianwear,indya,4400.0,2200.0,50.0
19130,20,Indianwear,global desi,1799.0,1079.0,40.0
19131,21,Indianwear,janasya,2399.0,959.0,60.0
19133,23,Indianwear,amukti,1999.0,999.0,50.0
19134,24,Indianwear,kami kubi,3999.0,1399.0,65.0
19135,25,Indianwear,w,2638.2167045910855,1599.0,44.84758845312988
19136,0,Indianwear,indya,2100.0,1680.0,20.0
19137,1,Indianwear,indya,3600.0,1800.0,50.0
19138,2,Indianwear,ira soleil,2638.2167045910855,1499.0,44.84758845312988
19139,3,Indianwear,global desi,1799.0,1169.0,35.0
19140,4,Indianwear,de moza,2638.2167045910855,799.0,44.84758845312988
19141,5,Indianwear,indya,1900.0,950.0,50.0
19142,6,Indianwear,varanga,1399.0,769.0,45.0
19143,7,Indianwear,global desi,1799.0,1079.0,40.0
19144,8,Indianwear,indya,2638.2167045910855,1850.0,44.84758845312988
19145,9,Indianwear,indya,2638.2167045910855,1400.0,44.84758845312988
19146,10,Indianwear,juniper,2098.0,734.0,65.0
19147,11,Indianwear,indya,2100.0,1050.0,50.0
19148,12,Indianwear,ritu kumar,2638.2167045910855,2900.0,44.84758845312988
19149,13,Indianwear,indya,3900.0,1950.0,50.0
19150,14,Indianwear,global desi,1599.0,959.0,40.0
19151,15,Indianwear,global desi,1499.0,1049.0,30.0
19152,16,Indianwear,indya,1250.0,625.0,50.0
19153,17,Indianwear,indya,2400.0,1200.0,50.0
19154,18,Indianwear,global desi,2199.0,1319.0,40.0
19155,19,Indianwear,janasya,1549.0,619.0,60.0
19156,20,Indianwear,w,1499.0,899.0,40.0
19157,21,Indianwear,janasya,1499.0,599.0,60.0
19159,23,Indianwear,yuris,1099.0,604.0,45.0
19160,24,Indianwear,indya,1300.0,650.0,50.0
19161,25,Indianwear,global desi,2399.0,959.0,60.0
19162,0,Indianwear,faballey,2400.0,1200.0,50.0
19163,1,Indianwear,de moza,2638.2167045910855,449.0,44.84758845312988
19164,2,Indianwear,varanga,2199.0,769.0,65.0
19165,3,Indianwear,aarke,1900.0,1140.0,40.0
19166,4,Indianwear,yuris,3999.0,1399.0,65.0
19167,5,Indianwear,janasya,1898.0,1043.0,45.0
19168,6,Indianwear,indya,2638.2167045910855,2400.0,44.84758845312988
19169,7,Indianwear,indya,2638.2167045910855,1400.0,44.84758845312988
19170,8,Indianwear,varanga,2999.0,1649.0,45.0
19171,9,Indianwear,janasya,1999.0,799.0,60.0
19172,10,Indianwear,juniper,2638.2167045910855,1299.0,44.84758845312988
19173,11,Indianwear,varanga,3699.0,1664.0,55.0
19174,12,Indianwear,aurelia,1499.0,749.0,50.0
19175,13,Indianwear,yuris,1599.0,719.0,55.0
19176,14,Indianwear,suti,2999.0,2399.0,20.0
19177,15,Indianwear,global desi,2499.0,1499.0,40.0
19178,16,Indianwear,aurelia,1499.0,1049.0,30.0
19179,17,Indianwear,global desi,1499.0,899.0,40.0
19180,18,Indianwear,yuris,1499.0,599.0,60.0
19181,19,Indianwear,indya,2950.0,1475.0,50.0
19182,20,Indianwear,yuris,1599.0,799.0,50.0
19183,21,Indianwear,global desi,4999.0,3249.0,35.0
19185,23,Indianwear,janasya,4198.0,2099.0,50.0
19186,24,Indianwear,ira soleil,2638.2167045910855,1499.0,44.84758845312988
19187,25,Indianwear,indya,1400.0,700.0,50.0
19188,0,Indianwear,aurelia,2638.2167045910855,1799.0,44.84758845312988
19189,1,Indianwear,de moza,999.0,599.0,40.0
19190,2,Indianwear,aurelia,2638.2167045910855,1499.0,44.84758845312988
19191,3,Indianwear,janasya,1299.0,584.0,55.0
19192,4,Indianwear,ziyaa,3617.0,1446.0,60.0
19193,5,Indianwear,faballey,1900.0,950.0,50.0
19194,6,Indianwear,aurelia,2638.2167045910855,2999.0,44.84758845312988
19195,7,Indianwear,janasya,4999.0,2499.0,50.0
19196,8,Indianwear,indya,2638.2167045910855,1950.0,44.84758845312988
19197,9,Indianwear,w,2638.2167045910855,1699.0,44.84758845312988
19198,10,Indianwear,amukti,1999.0,999.0,50.0
19199,11,Indianwear,aurelia,2638.2167045910855,1899.0,44.84758845312988
19200,12,Indianwear,kami kubi,2799.0,839.0,70.0
19201,13,Indianwear,aarke,2638.2167045910855,2900.0,44.84758845312988
19202,14,Indianwear,global desi,2699.0,1754.0,35.0
19203,15,Indianwear,global desi,1599.0,1119.0,30.0
19204,16,Indianwear,yuris,3999.0,1399.0,65.0
19205,17,Indianwear,yuris,1299.0,649.0,50.0
19206,18,Indianwear,yuris,3999.0,1399.0,65.0
19207,19,Indianwear,yuris,2499.0,1124.0,55.0
19208,20,Indianwear,global desi,3499.0,1749.0,50.0
19209,21,Indianwear,varanga,3599.0,1259.0,65.0
19211,23,Indianwear,varanga,1999.0,999.0,50.0
19212,24,Indianwear,varanga,2999.0,1499.0,50.0
19213,25,Indianwear,juniper,1049.0,786.0,25.0
19214,0,Indianwear,varanga,5999.0,2099.0,65.0
19215,1,Indianwear,varanga,1999.0,899.0,55.0
19216,2,Indianwear,varanga,2999.0,1049.0,65.0
19217,3,Indianwear,global desi,2999.0,1199.0,60.0
19218,4,Indianwear,aurelia,2638.2167045910855,1299.0,44.84758845312988
19219,5,Indianwear,arteastri,2638.2167045910855,1690.0,44.84758845312988
19220,6,Indianwear,arteastri,2638.2167045910855,2800.0,44.84758845312988
19221,7,Indianwear,global desi,1699.0,1019.0,40.0
19222,8,Indianwear,arteastri,2638.2167045910855,2000.0,44.84758845312988
19223,9,Indianwear,ira soleil,2638.2167045910855,2998.0,44.84758845312988
19224,10,Indianwear,de moza,2638.2167045910855,1299.0,44.84758845312988
19225,11,Indianwear,global desi,1899.0,1234.0,35.0
19226,12,Indianwear,fusion beats,1999.0,799.0,60.0
19227,13,Indianwear,global desi,3799.0,3039.0,20.0
19228,14,Indianwear,arteastri,2638.2167045910855,2990.0,44.84758845312988
19229,15,Indianwear,arteastri,2638.2167045910855,2800.0,44.84758845312988
19230,16,Indianwear,varanga,4999.0,1999.0,60.0
19231,17,Indianwear,de moza,2638.2167045910855,999.0,44.84758845312988
19232,18,Indianwear,janasya,1699.0,934.0,45.0
19233,19,Indianwear,janasya,969.0,484.0,50.0
19234,20,Indianwear,janasya,3598.0,1799.0,50.0
19235,21,Indianwear,de moza,2638.2167045910855,499.0,44.84758845312988
19237,23,Indianwear,de moza,2638.2167045910855,599.0,44.84758845312988
19238,24,Indianwear,ziyaa,2725.0,1090.0,60.0
19239,25,Indianwear,de moza,2638.2167045910855,799.0,44.84758845312988
19240,0,Indianwear,arteastri,2638.2167045910855,2425.0,44.84758845312988
19241,1,Indianwear,ayesha,2638.2167045910855,998.0,44.84758845312988
19242,2,Indianwear,aarke,2638.2167045910855,1900.0,44.84758845312988
19243,3,Indianwear,arteastri,2638.2167045910855,2250.0,44.84758845312988
19244,4,Indianwear,de moza,2638.2167045910855,999.0,44.84758845312988
19245,5,Indianwear,arteastri,2638.2167045910855,1650.0,44.84758845312988
19246,6,Indianwear,global desi,2799.0,1399.0,50.0
19247,7,Indianwear,myshka,1899.0,474.0,75.0
19248,8,Indianwear,ayesha,2638.2167045910855,598.0,44.84758845312988
19249,9,Indianwear,varkala silk sarees,4500.0,1350.0,70.0
19250,10,Indianwear,w,2638.2167045910855,1699.0,44.84758845312988
19251,11,Indianwear,arteastri,2638.2167045910855,2250.0,44.84758845312988
19252,12,Indianwear,indya,2638.2167045910855,1100.0,44.84758845312988
19253,13,Indianwear,ayesha,2638.2167045910855,598.0,44.84758845312988
19254,14,Indianwear,de moza,1499.0,899.0,40.0
19255,15,Indianwear,ziyaa,3297.0,1318.0,60.0
19256,16,Indianwear,global desi,2999.0,2399.0,20.0
19257,17,Indianwear,ziyaa,2103.0,1472.0,30.0
19258,18,Indianwear,indya,2638.2167045910855,1500.0,44.84758845312988
19259,19,Indianwear,aurelia,2638.2167045910855,1999.0,44.84758845312988
19260,20,Indianwear,stop,999.0,499.0,50.0
19261,21,Indianwear,ayesha,2638.2167045910855,1298.0,44.84758845312988
19263,23,Indianwear,janasya,2798.0,979.0,65.0
19264,24,Indianwear,arteastri,2638.2167045910855,3250.0,44.84758845312988
19265,25,Indianwear,w,3999.0,1999.0,50.0
19266,0,Indianwear,aurelia,2638.2167045910855,1299.0,44.84758845312988
19267,1,Indianwear,arteastri,2638.2167045910855,3100.0,44.84758845312988
19269,3,Indianwear,ayesha,2638.2167045910855,1498.0,44.84758845312988
19270,4,Indianwear,fusion beats,1799.0,899.0,50.0
19271,5,Indianwear,indya,3450.0,2760.0,20.0
19272,6,Indianwear,de moza,2638.2167045910855,599.0,44.84758845312988
19273,7,Indianwear,arteastri,2638.2167045910855,2350.0,44.84758845312988
19274,8,Indianwear,janasya,1169.0,584.0,50.0
19275,9,Indianwear,ayesha,2638.2167045910855,1398.0,44.84758845312988
19276,10,Indianwear,ayesha,2638.2167045910855,1298.0,44.84758845312988
19277,11,Indianwear,arteastri,2638.2167045910855,2690.0,44.84758845312988
19278,12,Indianwear,de moza,2638.2167045910855,599.0,44.84758845312988
19279,13,Indianwear,aurelia,2638.2167045910855,1699.0,44.84758845312988
19280,14,Indianwear,de moza,2638.2167045910855,1299.0,44.84758845312988
19281,15,Indianwear,arteastri,2638.2167045910855,4800.0,44.84758845312988
19282,16,Indianwear,arteastri,2638.2167045910855,4800.0,44.84758845312988
19283,17,Indianwear,ayesha,2638.2167045910855,998.0,44.84758845312988
19284,18,Indianwear,global desi,2599.0,1039.0,60.0
19285,19,Indianwear,arteastri,2638.2167045910855,1650.0,44.84758845312988
19286,20,Indianwear,neerus,2499.0,1249.0,50.0
19287,21,Indianwear,ira soleil,2638.2167045910855,999.0,44.84758845312988
19289,23,Indianwear,indya,2638.2167045910855,1100.0,44.84758845312988
19290,24,Indianwear,ayesha,2638.2167045910855,1398.0,44.84758845312988
19291,25,Indianwear,faballey,2400.0,1200.0,50.0
19292,0,Indianwear,arteastri,2638.2167045910855,3455.0,44.84758845312988
19293,1,Indianwear,de moza,2638.2167045910855,499.0,44.84758845312988
19294,2,Indianwear,global desi,1599.0,1279.0,20.0
19295,3,Indianwear,arteastri,2638.2167045910855,1650.0,44.84758845312988
19296,4,Indianwear,de moza,2638.2167045910855,599.0,44.84758845312988
19297,5,Indianwear,arteastri,2638.2167045910855,2990.0,44.84758845312988
19298,6,Indianwear,arteastri,2638.2167045910855,2990.0,44.84758845312988
19299,7,Indianwear,arteastri,2638.2167045910855,3250.0,44.84758845312988
19300,8,Indianwear,aurelia,1199.0,839.0,30.0
19301,9,Indianwear,ayesha,2638.2167045910855,1598.0,44.84758845312988
19302,10,Indianwear,de moza,2638.2167045910855,449.0,44.84758845312988
19303,11,Indianwear,arteastri,2638.2167045910855,4900.0,44.84758845312988
19304,12,Indianwear,aarke,2638.2167045910855,2900.0,44.84758845312988
19305,13,Indianwear,arteastri,2638.2167045910855,1990.0,44.84758845312988
19306,14,Indianwear,de moza,2638.2167045910855,499.0,44.84758845312988
19307,15,Indianwear,ziyaa,3170.0,1268.0,60.0
19308,16,Indianwear,arteastri,2638.2167045910855,2425.0,44.84758845312988
19309,17,Indianwear,ziyaa,3708.0,1483.0,60.0
19310,18,Indianwear,global desi,2999.0,2399.0,20.0
19311,19,Indianwear,ayesha,2638.2167045910855,998.0,44.84758845312988
19312,20,Indianwear,aurelia,2638.2167045910855,1299.0,44.84758845312988
19313,21,Indianwear,fusion beats,1899.0,679.0,64.0
19315,23,Indianwear,ayesha,2638.2167045910855,798.0,44.84758845312988
19316,24,Indianwear,arteastri,2638.2167045910855,4800.0,44.84758845312988
19317,25,Indianwear,global desi,2599.0,1299.0,50.0
19318,0,Indianwear,global desi,2299.0,1839.0,20.0
19319,1,Indianwear,arteastri,2638.2167045910855,2990.0,44.84758845312988
19320,2,Indianwear,varanga,3599.0,1799.0,50.0
19321,3,Indianwear,arteastri,2638.2167045910855,2890.0,44.84758845312988
19322,4,Indianwear,w,2638.2167045910855,1499.0,44.84758845312988
19323,5,Indianwear,arteastri,2638.2167045910855,3990.0,44.84758845312988
19324,6,Indianwear,w,2638.2167045910855,1699.0,44.84758845312988
19325,7,Indianwear,global desi,3999.0,3199.0,20.0
19326,8,Indianwear,arteastri,2638.2167045910855,2150.0,44.84758845312988
19327,9,Indianwear,janasya,1299.0,519.0,60.0
19328,10,Indianwear,arteastri,2638.2167045910855,2600.0,44.84758845312988
19329,11,Indianwear,de moza,999.0,599.0,40.0
19330,12,Indianwear,varanga,1999.0,999.0,50.0
19331,13,Indianwear,de moza,2638.2167045910855,599.0,44.84758845312988
19332,14,Indianwear,aurelia,2638.2167045910855,1399.0,44.84758845312988
19333,15,Indianwear,de moza,2638.2167045910855,499.0,44.84758845312988
19334,16,Indianwear,de moza,2638.2167045910855,1299.0,44.84758845312988
19335,17,Indianwear,ziyaa,1248.0,624.0,50.0
19336,18,Indianwear,aurelia,2638.2167045910855,599.0,44.84758845312988
19337,19,Indianwear,varanga,4999.0,2249.0,55.0
19338,20,Indianwear,arteastri,2638.2167045910855,1550.0,44.84758845312988
19339,21,Indianwear,de moza,2638.2167045910855,999.0,44.84758845312988
19341,23,Indianwear,janasya,2499.0,874.0,65.0
19342,24,Indianwear,de moza,2638.2167045910855,499.0,44.84758845312988
19343,25,Indianwear,arteastri,2638.2167045910855,1400.0,44.84758845312988
19344,0,Indianwear,arteastri,2638.2167045910855,3455.0,44.84758845312988
19345,1,Indianwear,varanga,3599.0,1439.0,60.0
19346,2,Indianwear,aurelia,1499.0,899.0,40.0
19347,3,Indianwear,aurelia,2638.2167045910855,999.0,44.84758845312988
19348,4,Indianwear,ziyaa,3238.0,1295.0,60.0
19349,5,Indianwear,de moza,2638.2167045910855,599.0,44.84758845312988
19350,6,Indianwear,arteastri,2638.2167045910855,3100.0,44.84758845312988
19351,7,Indianwear,indya,2200.0,1100.0,50.0
19352,8,Indianwear,ayesha,2638.2167045910855,998.0,44.84758845312988
19353,9,Indianwear,janasya,798.0,438.0,45.0
19354,10,Indianwear,ayesha,2638.2167045910855,998.0,44.84758845312988
19355,11,Indianwear,ziyaa,3180.0,1272.0,60.0
19356,12,Indianwear,global desi,2638.2167045910855,2799.0,44.84758845312988
19357,13,Indianwear,arteastri,2638.2167045910855,1650.0,44.84758845312988
19358,14,Indianwear,suti,4199.0,3359.0,20.0
19359,15,Indianwear,fusion beats,1599.0,599.0,63.0
19360,16,Indianwear,janasya,1169.0,584.0,50.0
19361,17,Indianwear,de moza,2638.2167045910855,499.0,44.84758845312988
19362,18,Indianwear,arteastri,2638.2167045910855,4900.0,44.84758845312988
19363,19,Indianwear,global desi,2299.0,1149.0,50.0
19364,20,Indianwear,arteastri,2638.2167045910855,1800.0,44.84758845312988
19365,21,Indianwear,indya,1850.0,925.0,50.0
19367,23,Indianwear,ira soleil,2638.2167045910855,2899.0,44.84758845312988
19368,24,Indianwear,janasya,1169.0,584.0,50.0
19369,25,Indianwear,janasya,3899.0,2144.0,45.0
19370,0,Indianwear,global desi,2638.2167045910855,1999.0,44.84758845312988
19371,1,Indianwear,global desi,2099.0,1679.0,20.0
19372,2,Indianwear,w,2638.2167045910855,799.0,44.84758845312988
19373,3,Indianwear,w,2638.2167045910855,1499.0,44.84758845312988
19374,4,Indianwear,ziyaa,3849.0,1539.0,60.0
19375,5,Indianwear,arteastri,2638.2167045910855,2425.0,44.84758845312988
19376,6,Indianwear,ayesha,2638.2167045910855,998.0,44.84758845312988
19377,7,Indianwear,w,1999.0,1199.0,40.0
19378,8,Indianwear,janasya,1498.0,749.0,50.0
19379,9,Indianwear,de moza,2638.2167045910855,2499.0,44.84758845312988
19380,10,Indianwear,arteastri,2638.2167045910855,2550.0,44.84758845312988
19381,11,Indianwear,arteastri,2638.2167045910855,3250.0,44.84758845312988
19382,12,Indianwear,kami kubi,5499.0,1924.0,65.0
19383,13,Indianwear,arteastri,2638.2167045910855,2690.0,44.84758845312988
19384,14,Indianwear,fusion beats,1799.0,719.0,60.0
19385,15,Indianwear,ayesha,2638.2167045910855,3598.0,44.84758845312988
19386,16,Indianwear,arteastri,2638.2167045910855,1500.0,44.84758845312988
19387,17,Indianwear,myshka,3999.0,999.0,75.0
19388,18,Indianwear,ayesha,2638.2167045910855,998.0,44.84758845312988
19389,19,Indianwear,janasya,949.0,521.0,45.0
19390,20,Indianwear,indya,2638.2167045910855,1400.0,44.84758845312988
19391,21,Indianwear,arteastri,2638.2167045910855,4900.0,44.84758845312988
19393,23,Indianwear,de moza,2638.2167045910855,2499.0,44.84758845312988
19394,24,Indianwear,fusion beats,1699.0,849.0,50.0
19395,25,Indianwear,de moza,2638.2167045910855,499.0,44.84758845312988
19396,0,Indianwear,de moza,2638.2167045910855,499.0,44.84758845312988
19397,1,Indianwear,stop,399.0,199.0,50.0
19398,2,Indianwear,de moza,2638.2167045910855,449.0,44.84758845312988
19400,4,Indianwear,varanga,5299.0,2384.0,55.0
19401,5,Indianwear,janasya,4349.0,1739.0,60.0
19402,6,Indianwear,global desi,2638.2167045910855,1699.0,44.84758845312988
19403,7,Indianwear,ira soleil,2638.2167045910855,2399.0,44.84758845312988
19404,8,Indianwear,ziyaa,2900.0,1160.0,60.0
19405,9,Indianwear,arteastri,2638.2167045910855,1700.0,44.84758845312988
19406,10,Indianwear,de moza,2638.2167045910855,599.0,44.84758845312988
19407,11,Indianwear,global desi,1699.0,849.0,50.0
19408,12,Indianwear,aurelia,2638.2167045910855,2299.0,44.84758845312988
19409,13,Indianwear,faballey,2200.0,1100.0,50.0
19410,14,Indianwear,global desi,2638.2167045910855,1699.0,44.84758845312988
19411,15,Indianwear,de moza,1499.0,899.0,40.0
19412,16,Indianwear,ziyaa,4063.0,1625.0,60.0
19413,17,Indianwear,global desi,2638.2167045910855,2299.0,44.84758845312988
19415,19,Indianwear,ayesha,2638.2167045910855,2498.0,44.84758845312988
19416,20,Indianwear,neerus,2499.0,1249.0,50.0
19417,21,Indianwear,get wrapped,2638.2167045910855,699.0,44.84758845312988
19419,23,Indianwear,ayesha,2638.2167045910855,1498.0,44.84758845312988
19420,24,Indianwear,yuris,1799.0,809.0,55.0
19421,25,Indianwear,janasya,1049.0,524.0,50.0
19422,0,Indianwear,janasya,2179.0,762.0,65.0
19423,1,Indianwear,janasya,1099.0,549.0,50.0
19424,2,Indianwear,ziyaa,1373.0,549.0,60.0
19426,4,Indianwear,global desi,2638.2167045910855,1399.0,44.84758845312988
19427,5,Indianwear,global desi,2299.0,1609.0,30.0
19428,6,Indianwear,global desi,1799.0,899.0,50.0
19429,7,Indianwear,global desi,1999.0,999.0,50.0
19430,8,Indianwear,yuris,2999.0,1349.0,55.0
19431,9,Indianwear,yuris,3499.0,1399.0,60.0
19432,10,Indianwear,global desi,2299.0,1609.0,30.0
19433,11,Indianwear,global desi,2099.0,1364.0,35.0
19434,12,Indianwear,global desi,1499.0,1049.0,30.0
19435,13,Indianwear,varanga,1999.0,999.0,50.0
19436,14,Indianwear,stop,1299.0,649.0,50.0
19437,15,Indianwear,stop,2638.2167045910855,1299.0,44.84758845312988
19438,16,Indianwear,ira soleil,2638.2167045910855,2499.0,44.84758845312988
19439,17,Indianwear,vastranand,3475.0,1911.0,45.0
19440,18,Indianwear,vastranand,5700.0,2850.0,50.0
19441,19,Indianwear,vastranand,3675.0,2021.0,45.0
19442,20,Indianwear,vastranand,5500.0,2475.0,55.0
19443,21,Indianwear,vastranand,4599.0,2299.0,50.0
19446,24,Indianwear,vastranand,4545.0,2272.0,50.0
19448,0,Indianwear,vastranand,3475.0,1737.0,50.0
19449,1,Indianwear,vastranand,4799.0,2159.0,55.0
19451,3,Indianwear,vastranand,3475.0,1563.0,55.0
19452,4,Indianwear,vastranand,4545.0,2272.0,50.0
19453,5,Indianwear,vastranand,5700.0,2850.0,50.0
19454,6,Indianwear,vastranand,3675.0,1837.0,50.0
19455,7,Indianwear,vastranand,4799.0,2159.0,55.0
19456,8,Indianwear,vastranand,4545.0,1818.0,60.0
19457,9,Indianwear,vastranand,3999.0,1599.0,60.0
19458,10,Indianwear,vastranand,5500.0,2475.0,55.0
19459,11,Indianwear,vastranand,5500.0,2200.0,60.0
19460,12,Indianwear,vastranand,3999.0,1599.0,60.0
19461,13,Indianwear,vastranand,4500.0,2025.0,55.0
19462,14,Indianwear,vastranand,4500.0,2025.0,55.0
19463,15,Indianwear,vastranand,3700.0,2035.0,45.0
19464,16,Indianwear,vastranand,5500.0,2475.0,55.0
19465,17,Indianwear,vastranand,4999.0,2999.0,40.0
19466,18,Indianwear,vastranand,3675.0,2021.0,45.0
19467,19,Indianwear,vastranand,5900.0,2360.0,60.0
19468,20,Indianwear,vastranand,5500.0,2475.0,55.0
19469,21,Indianwear,vastranand,3675.0,2021.0,45.0
19471,23,Indianwear,vastranand,5500.0,2475.0,55.0
19472,24,Indianwear,vastranand,3995.0,2397.0,40.0
19473,25,Indianwear,vastranand,5700.0,3135.0,45.0
19474,0,Indianwear,vastranand,3299.0,1814.0,45.0
19475,1,Indianwear,vastranand,5500.0,2475.0,55.0
19476,2,Indianwear,vastranand,3675.0,2021.0,45.0
19477,3,Indianwear,vastranand,4999.0,2999.0,40.0
19478,4,Indianwear,vastranand,3475.0,1563.0,55.0
19479,5,Indianwear,vastranand,3475.0,1563.0,55.0
19480,6,Indianwear,vastranand,3475.0,1737.0,50.0
19481,7,Indianwear,vastranand,4500.0,2025.0,55.0
19482,8,Indianwear,vastranand,3475.0,1563.0,55.0
19483,9,Indianwear,ira soleil,2638.2167045910855,2999.0,44.84758845312988
19484,10,Indianwear,vastranand,4799.0,2159.0,55.0
19486,12,Indianwear,vastranand,3500.0,1925.0,45.0
19487,13,Indianwear,vastranand,3475.0,1563.0,55.0
19488,14,Indianwear,vastranand,3475.0,1911.0,45.0
19489,15,Indianwear,varanga,2638.2167045910855,5999.0,44.84758845312988
19490,16,Indianwear,vastranand,5500.0,2475.0,55.0
19491,17,Indianwear,vastranand,3675.0,2021.0,45.0
19492,18,Indianwear,vastranand,3475.0,1563.0,55.0
19493,19,Indianwear,vastranand,3199.0,1919.0,40.0
19494,20,Indianwear,vastranand,5500.0,2200.0,60.0
19497,23,Indianwear,vastranand,6500.0,3250.0,50.0
19498,24,Indianwear,vastranand,5555.0,2777.0,50.0
19499,25,Indianwear,vastranand,4799.0,2159.0,55.0
19500,0,Indianwear,vastranand,4799.0,2159.0,55.0
19501,1,Indianwear,vastranand,1995.0,1396.0,30.0
19502,2,Indianwear,vastranand,3675.0,2021.0,45.0
19503,3,Indianwear,vastranand,4775.0,2387.0,50.0
19504,4,Indianwear,vastranand,4545.0,2272.0,50.0
19505,5,Indianwear,vastranand,5500.0,2475.0,55.0
19506,6,Indianwear,vastranand,4999.0,2999.0,40.0
19507,7,Indianwear,vastranand,5500.0,2200.0,60.0
19508,8,Indianwear,vastranand,6500.0,2925.0,55.0
19509,9,Indianwear,varanga,2638.2167045910855,5999.0,44.84758845312988
19510,10,Indianwear,vastranand,4545.0,2272.0,50.0
19511,11,Indianwear,vastranand,5500.0,2475.0,55.0
19512,12,Indianwear,varkala silk sarees,7500.0,1875.0,75.0
19513,13,Indianwear,vastranand,4747.0,2136.0,55.0
19514,14,Indianwear,vastranand,3475.0,1737.0,50.0
19515,15,Indianwear,vastranand,5500.0,2200.0,60.0
19516,16,Indianwear,vastranand,3475.0,1737.0,50.0
19517,17,Indianwear,vastranand,3475.0,1737.0,50.0
19518,18,Indianwear,vastranand,3000.0,1500.0,50.0
19519,19,Indianwear,vastranand,3475.0,1737.0,50.0
19520,20,Indianwear,vastranand,4599.0,2069.0,55.0
19521,21,Indianwear,vastranand,3475.0,1563.0,55.0
19523,23,Indianwear,vastranand,5500.0,2475.0,55.0
19524,24,Indianwear,vastranand,5500.0,2475.0,55.0
19525,25,Indianwear,vastranand,5500.0,2475.0,55.0
19527,1,Indianwear,vastranand,5500.0,2475.0,55.0
19528,2,Indianwear,vastranand,4799.0,2159.0,55.0
19530,4,Indianwear,vastranand,4799.0,2159.0,55.0
19531,5,Indianwear,vastranand,4747.0,2136.0,55.0
19532,6,Indianwear,vastranand,5500.0,2475.0,55.0
19533,7,Indianwear,vastranand,5500.0,2200.0,60.0
19534,8,Indianwear,vastranand,4599.0,2069.0,55.0
19535,9,Indianwear,vastranand,4545.0,2272.0,50.0
19536,10,Indianwear,vastranand,4747.0,2136.0,55.0
19537,11,Indianwear,vastranand,5500.0,2475.0,55.0
19538,12,Indianwear,vastranand,4799.0,2159.0,55.0
19540,14,Indianwear,vastranand,5500.0,2475.0,55.0
19541,15,Indianwear,vastranand,5500.0,2200.0,60.0
19542,16,Indianwear,vastranand,5500.0,2200.0,60.0
19543,17,Indianwear,vastranand,4599.0,2069.0,55.0
19544,18,Indianwear,vastranand,3700.0,2035.0,45.0
19545,19,Indianwear,vastranand,3995.0,2397.0,40.0
19546,20,Indianwear,vastranand,4575.0,2287.0,50.0
19547,21,Indianwear,vastranand,3000.0,1500.0,50.0
19549,23,Indianwear,vastranand,5500.0,2475.0,55.0
19550,24,Indianwear,vastranand,4599.0,2069.0,55.0
19551,25,Indianwear,vastranand,3475.0,1737.0,50.0
19552,0,Indianwear,vastranand,4799.0,2399.0,50.0
19553,1,Indianwear,vastranand,4799.0,2399.0,50.0
19554,2,Indianwear,vastranand,4599.0,2069.0,55.0
19555,3,Indianwear,vastranand,4799.0,2159.0,55.0
19557,5,Indianwear,vastranand,3500.0,1750.0,50.0
19558,6,Indianwear,vastranand,4799.0,2159.0,55.0
19559,7,Indianwear,vastranand,5500.0,2475.0,55.0
19560,8,Indianwear,varanga,2638.2167045910855,5999.0,44.84758845312988
19561,9,Indianwear,vastranand,4995.0,1998.0,60.0
19562,10,Indianwear,vastranand,4747.0,2136.0,55.0
19563,11,Indianwear,vastranand,4599.0,2069.0,55.0
19564,12,Indianwear,vastranand,3475.0,1737.0,50.0
19565,13,Indianwear,vastranand,3475.0,1911.0,45.0
19566,14,Indianwear,vastranand,3700.0,2035.0,45.0
19567,15,Indianwear,vastranand,5500.0,2200.0,60.0
19568,16,Indianwear,vastranand,3950.0,2172.0,45.0
19569,17,Indianwear,vastranand,4599.0,2529.0,45.0
19570,18,Indianwear,vastranand,5500.0,2200.0,60.0
19572,20,Indianwear,vastranand,5500.0,2200.0,60.0
19573,21,Indianwear,vastranand,4545.0,2272.0,50.0
19575,23,Indianwear,vastranand,5700.0,2280.0,60.0
19576,24,Indianwear,vastranand,3000.0,1500.0,50.0
19577,25,Indianwear,vastranand,4599.0,2069.0,55.0
19578,0,Indianwear,vastranand,4545.0,2272.0,50.0
19579,1,Indianwear,vastranand,5500.0,2475.0,55.0
19580,2,Indianwear,juniper,4799.0,2159.0,55.0
19581,3,Indianwear,vastranand,5500.0,2475.0,55.0
19582,4,Indianwear,vastranand,6500.0,3250.0,50.0
19583,5,Indianwear,vastranand,3995.0,1997.0,50.0
19586,8,Indianwear,vastranand,4747.0,2136.0,55.0
19587,9,Indianwear,vastranand,3475.0,1911.0,45.0
19588,10,Indianwear,vastranand,1995.0,1396.0,30.0
19589,11,Indianwear,vastranand,5500.0,2475.0,55.0
19590,12,Indianwear,vastranand,6500.0,3250.0,50.0
19591,13,Indianwear,vastranand,5500.0,2475.0,55.0
19592,14,Indianwear,vastranand,4545.0,2272.0,50.0
19593,15,Indianwear,vastranand,4799.0,2399.0,50.0
19594,16,Indianwear,vastranand,3475.0,1911.0,45.0
19595,17,Indianwear,vastranand,3500.0,1750.0,50.0
19596,18,Indianwear,vastranand,3475.0,1737.0,50.0
19597,19,Indianwear,vastranand,4545.0,2272.0,50.0
19598,20,Indianwear,vastranand,4500.0,2025.0,55.0
19599,21,Indianwear,vastranand,3995.0,2397.0,40.0
19601,23,Indianwear,vastranand,5700.0,2850.0,50.0
19602,24,Indianwear,vastranand,4545.0,2272.0,50.0
19603,25,Indianwear,vastranand,3299.0,1814.0,45.0
19604,0,Indianwear,vastranand,4995.0,2247.0,55.0
19605,1,Indianwear,vastranand,5700.0,3135.0,45.0
19606,2,Indianwear,vastranand,4545.0,2272.0,50.0
19607,3,Indianwear,vastranand,4999.0,2999.0,40.0
19608,4,Indianwear,vastranand,3500.0,1925.0,45.0
19609,5,Indianwear,vastranand,5500.0,2200.0,60.0
19610,6,Indianwear,vastranand,5500.0,2475.0,55.0
19611,7,Indianwear,vastranand,3675.0,2021.0,45.0
19612,8,Indianwear,vastranand,5500.0,2200.0,60.0
19613,9,Indianwear,vastranand,6500.0,3250.0,50.0
19614,10,Indianwear,vastranand,6500.0,3250.0,50.0
19615,11,Indianwear,vastranand,3475.0,1737.0,50.0
19616,12,Indianwear,vastranand,3475.0,1911.0,45.0
19617,13,Indianwear,vastranand,4775.0,2387.0,50.0
19618,14,Indianwear,vastranand,5700.0,2280.0,60.0
19619,15,Indianwear,vastranand,4747.0,2136.0,55.0
19620,16,Indianwear,vastranand,4799.0,2159.0,55.0
19621,17,Indianwear,vastranand,3500.0,1750.0,50.0
19622,18,Indianwear,vastranand,5500.0,2475.0,55.0
19623,19,Indianwear,vastranand,3675.0,2021.0,45.0
19624,20,Indianwear,vastranand,4799.0,2159.0,55.0
19625,21,Indianwear,vastranand,4799.0,2159.0,55.0
19627,23,Indianwear,vastranand,5500.0,2475.0,55.0
19628,24,Indianwear,vastranand,4999.0,2999.0,40.0
19629,25,Indianwear,vastranand,5700.0,2280.0,60.0
19630,0,Indianwear,vastranand,4799.0,2159.0,55.0
19631,1,Indianwear,vastranand,4995.0,2247.0,55.0
19632,2,Indianwear,vastranand,4747.0,2136.0,55.0
19633,3,Indianwear,vastranand,5500.0,2475.0,55.0
19634,4,Indianwear,vastranand,4599.0,2069.0,55.0
19635,5,Indianwear,vastranand,5500.0,2475.0,55.0
19637,7,Indianwear,vastranand,3995.0,2397.0,40.0
19639,9,Indianwear,vastranand,3475.0,1911.0,45.0
19640,10,Indianwear,ira soleil,2638.2167045910855,2499.0,44.84758845312988
19641,11,Indianwear,vastranand,5500.0,2475.0,55.0
19642,12,Indianwear,ira soleil,2638.2167045910855,2599.0,44.84758845312988
19643,13,Indianwear,vastranand,4545.0,2272.0,50.0
19644,14,Indianwear,vastranand,4599.0,2069.0,55.0
19645,15,Indianwear,vastranand,3475.0,1563.0,55.0
19646,16,Indianwear,vastranand,4545.0,2272.0,50.0
19647,17,Indianwear,vastranand,5500.0,2750.0,50.0
19648,18,Indianwear,vastranand,3475.0,1911.0,45.0
19649,19,Indianwear,vastranand,4999.0,2999.0,40.0
19650,20,Indianwear,vastranand,3199.0,1919.0,40.0
19651,21,Indianwear,vastranand,4747.0,2136.0,55.0
19653,23,Indianwear,vastranand,4599.0,2069.0,55.0
19654,24,Indianwear,vastranand,5500.0,2200.0,60.0
19655,25,Indianwear,vastranand,4799.0,2399.0,50.0
19656,0,Indianwear,vastranand,3675.0,2021.0,45.0
19657,1,Indianwear,vastranand,5500.0,3025.0,45.0
19658,2,Indianwear,vastranand,3299.0,1649.0,50.0
19659,3,Indianwear,varanga,3199.0,1119.0,65.0
19660,4,Indianwear,vastranand,3995.0,2397.0,40.0
19661,5,Indianwear,vastranand,3675.0,2021.0,45.0
19662,6,Indianwear,vastranand,3475.0,1911.0,45.0
19663,7,Indianwear,vastranand,4747.0,2136.0,55.0
19664,8,Indianwear,varanga,3399.0,1699.0,50.0
19665,9,Indianwear,varanga,3599.0,1799.0,50.0
19666,10,Indianwear,vastranand,3500.0,1925.0,45.0
19667,11,Indianwear,vastranand,4799.0,2159.0,55.0
19668,12,Indianwear,vastranand,3475.0,1911.0,45.0
19670,14,Indianwear,vastranand,3500.0,1750.0,50.0
19671,15,Indianwear,vastranand,1998.0,1398.0,30.0
19672,16,Indianwear,vastranand,3475.0,1737.0,50.0
19673,17,Indianwear,vastranand,4599.0,2069.0,55.0
19674,18,Indianwear,vastranand,4599.0,2069.0,55.0
19675,19,Indianwear,vastranand,4799.0,2159.0,55.0
19676,20,Indianwear,vastranand,5545.0,2495.0,55.0
19677,21,Indianwear,varanga,4599.0,2299.0,50.0
19680,24,Indianwear,vastranand,4500.0,2025.0,55.0
19681,25,Indianwear,vastranand,3475.0,1737.0,50.0
19683,1,Indianwear,vastranand,4799.0,2159.0,55.0
19684,2,Indianwear,vastranand,5500.0,2200.0,60.0
19686,4,Indianwear,vastranand,5500.0,2475.0,55.0
19687,5,Indianwear,vastranand,3675.0,2021.0,45.0
19688,6,Indianwear,vastranand,4799.0,2159.0,55.0
19689,7,Indianwear,vastranand,4599.0,2069.0,55.0
19690,8,Indianwear,vastranand,6500.0,3250.0,50.0
19691,9,Indianwear,vastranand,3475.0,1911.0,45.0
19692,10,Indianwear,vastranand,3475.0,1911.0,45.0
19693,11,Indianwear,vastranand,5700.0,2565.0,55.0
19694,12,Indianwear,vastranand,4799.0,2159.0,55.0
19695,13,Indianwear,vastranand,4545.0,2272.0,50.0
19696,14,Indianwear,vastranand,4799.0,2159.0,55.0
19697,15,Indianwear,vastranand,4747.0,2136.0,55.0
19698,16,Indianwear,vastranand,4545.0,2045.0,55.0
19699,17,Indianwear,vastranand,4999.0,2999.0,40.0
19700,18,Indianwear,vastranand,5500.0,2475.0,55.0
19701,19,Indianwear,vastranand,4775.0,2387.0,50.0
19702,20,Indianwear,vastranand,5700.0,2850.0,50.0
19703,21,Indianwear,vastranand,4799.0,2159.0,55.0
19705,23,Indianwear,vastranand,4799.0,2159.0,55.0
19706,24,Indianwear,vastranand,3000.0,1500.0,50.0
19707,25,Indianwear,vastranand,3299.0,1814.0,45.0
19708,0,Indianwear,vastranand,5900.0,2655.0,55.0
19709,1,Indianwear,vastranand,5700.0,2565.0,55.0
19710,2,Indianwear,vastranand,5500.0,2200.0,60.0
19711,3,Indianwear,vastranand,4747.0,2136.0,55.0
19712,4,Indianwear,vastranand,5700.0,3135.0,45.0
19713,5,Indianwear,ira soleil,2638.2167045910855,2999.0,44.84758845312988
19714,6,Indianwear,vastranand,4775.0,2387.0,50.0
19715,7,Indianwear,vastranand,5500.0,2475.0,55.0
19716,8,Indianwear,vastranand,6500.0,3250.0,50.0
19717,9,Indianwear,vastranand,4799.0,2159.0,55.0
19718,10,Indianwear,vastranand,4545.0,2272.0,50.0
19719,11,Indianwear,vastranand,4747.0,2136.0,55.0
19720,12,Indianwear,vastranand,3475.0,1737.0,50.0
19721,13,Indianwear,vastranand,3299.0,1814.0,45.0
19722,14,Indianwear,vastranand,4500.0,2250.0,50.0
19723,15,Indianwear,vastranand,4545.0,2272.0,50.0
19724,16,Indianwear,vastranand,5500.0,2475.0,55.0
19725,17,Indianwear,vastranand,4500.0,2250.0,50.0
19726,18,Indianwear,vastranand,3475.0,1563.0,55.0
19727,19,Indianwear,vastranand,3500.0,1925.0,45.0
19728,20,Indianwear,vastranand,5500.0,2750.0,50.0
19731,23,Indianwear,vastranand,3475.0,1911.0,45.0
19732,24,Indianwear,vastranand,3475.0,1563.0,55.0
19733,25,Indianwear,vastranand,3475.0,1737.0,50.0
19734,0,Indianwear,vastranand,4545.0,2272.0,50.0
19735,1,Indianwear,vastranand,3500.0,1925.0,45.0
19736,2,Indianwear,vastranand,3535.0,1767.0,50.0
19737,3,Indianwear,vastranand,4575.0,2287.0,50.0
19738,4,Indianwear,vastranand,2199.0,1429.0,35.0
19739,5,Indianwear,vastranand,3475.0,1911.0,45.0
19740,6,Indianwear,vastranand,4545.0,2272.0,50.0
19741,7,Indianwear,vastranand,5500.0,2200.0,60.0
19742,8,Indianwear,vastranand,5700.0,2280.0,60.0
19743,9,Indianwear,vastranand,4799.0,2159.0,55.0
19744,10,Indianwear,vastranand,4545.0,2272.0,50.0
19745,11,Indianwear,vastranand,4599.0,2529.0,45.0
19746,12,Indianwear,vastranand,4599.0,2069.0,55.0
19747,13,Indianwear,vastranand,4999.0,2999.0,40.0
19748,14,Indianwear,vastranand,3475.0,1563.0,55.0
19749,15,Indianwear,vastranand,4747.0,2136.0,55.0
19750,16,Indianwear,vastranand,3000.0,1500.0,50.0
19751,17,Indianwear,vastranand,3000.0,1500.0,50.0
19752,18,Indianwear,vastranand,4545.0,2272.0,50.0
19753,19,Indianwear,vastranand,2599.0,1559.0,40.0
19754,20,Indianwear,vastranand,3675.0,2021.0,45.0
19755,21,Indianwear,vastranand,3500.0,1925.0,45.0
19757,23,Indianwear,vastranand,3995.0,2397.0,40.0
19758,24,Indianwear,ira soleil,2638.2167045910855,2299.0,44.84758845312988
19759,25,Indianwear,vastranand,3475.0,1911.0,45.0
19760,0,Indianwear,vastranand,4500.0,2250.0,50.0
19761,1,Indianwear,vastranand,3000.0,1500.0,50.0
19762,2,Indianwear,vastranand,4599.0,2069.0,55.0
19763,3,Indianwear,vastranand,4799.0,2159.0,55.0
19764,4,Indianwear,vastranand,3675.0,2021.0,45.0
19765,5,Indianwear,vastranand,4545.0,2272.0,50.0
19766,6,Indianwear,vastranand,3500.0,1925.0,45.0
19767,7,Indianwear,vastranand,4999.0,2999.0,40.0
19768,8,Indianwear,vastranand,3475.0,1911.0,45.0
19769,9,Indianwear,vastranand,1995.0,1396.0,30.0
19770,10,Indianwear,vastranand,4999.0,2999.0,40.0
19771,11,Indianwear,vastranand,3475.0,1563.0,55.0
19772,12,Indianwear,vastranand,4995.0,2247.0,55.0
19773,13,Indianwear,vastranand,4545.0,2272.0,50.0
19774,14,Indianwear,vastranand,4799.0,2399.0,50.0
19775,15,Indianwear,vastranand,4545.0,2272.0,50.0
19776,16,Indianwear,vastranand,3700.0,2035.0,45.0
19777,17,Indianwear,vastranand,4747.0,2136.0,55.0
19778,18,Indianwear,vastranand,4545.0,2272.0,50.0
19779,19,Indianwear,varanga,1599.0,799.0,50.0
19780,20,Indianwear,vastranand,4545.0,2272.0,50.0
19781,21,Indianwear,vastranand,4599.0,2529.0,45.0
19783,23,Indianwear,vastranand,5900.0,2655.0,55.0
19784,24,Indianwear,vastranand,5500.0,2475.0,55.0
19785,25,Indianwear,vastranand,5500.0,2200.0,60.0
19786,0,Indianwear,vastranand,3675.0,2021.0,45.0
19787,1,Indianwear,vastranand,4799.0,2159.0,55.0
19788,2,Indianwear,vastranand,4799.0,2159.0,55.0
19790,4,Indianwear,vastranand,5700.0,2850.0,50.0
19791,5,Indianwear,vastranand,3299.0,1814.0,45.0
19792,6,Indianwear,vastranand,3299.0,1814.0,45.0
19793,7,Indianwear,vastranand,3475.0,1911.0,45.0
19794,8,Indianwear,vastranand,5700.0,3135.0,45.0
19795,9,Indianwear,vastranand,4995.0,2247.0,55.0
19796,10,Indianwear,vastranand,3675.0,2021.0,45.0
19797,11,Indianwear,vastranand,2200.0,1320.0,40.0
19798,12,Indianwear,vastranand,4747.0,2136.0,55.0
19799,13,Indianwear,w,1699.0,1019.0,40.0
19800,14,Indianwear,ziyaa,4922.0,1968.0,60.0
19801,15,Indianwear,ritu kumar,2638.2167045910855,2900.0,44.84758845312988
19802,16,Indianwear,indya,3200.0,1600.0,50.0
19803,17,Indianwear,janasya,1498.0,599.0,60.0
19804,18,Indianwear,janasya,3598.0,1799.0,50.0
19805,19,Indianwear,janasya,899.0,449.0,50.0
19806,20,Indianwear,janasya,4399.0,1979.0,55.0
19807,21,Indianwear,janasya,1799.0,989.0,45.0
19809,23,Indianwear,de moza,999.0,599.0,40.0
19810,24,Indianwear,neerus,2699.0,2159.0,20.0
19811,25,Indianwear,w,1299.0,779.0,40.0
19812,0,Indianwear,global desi,2599.0,1299.0,50.0
19813,1,Indianwear,ritu kumar,2638.2167045910855,7500.0,44.84758845312988
19814,2,Indianwear,indya,3400.0,1700.0,50.0
19815,3,Indianwear,yuris,2899.0,1159.0,60.0
19816,4,Indianwear,amukti,1499.0,1049.0,30.0
19817,5,Indianwear,global desi,2599.0,1819.0,30.0
19818,6,Indianwear,kami kubi,1999.0,899.0,55.0
19819,7,Indianwear,aurelia,2638.2167045910855,4699.0,44.84758845312988
19820,8,Indianwear,neerus,3799.0,3039.0,20.0
19821,9,Indianwear,global desi,2499.0,1624.0,35.0
19822,10,Indianwear,ritu kumar,2638.2167045910855,5900.0,44.84758845312988
19823,11,Indianwear,varanga,3999.0,1999.0,50.0
19824,12,Indianwear,aurelia,1199.0,599.0,50.0
19825,13,Indianwear,fusion beats,1799.0,719.0,60.0
19826,14,Indianwear,de moza,2638.2167045910855,1299.0,44.84758845312988
19827,15,Indianwear,janasya,2498.0,1623.0,35.0
19828,16,Indianwear,global desi,2099.0,1679.0,20.0
19829,17,Indianwear,janasya,2299.0,1034.0,55.0
19830,18,Indianwear,aarke,2638.2167045910855,2400.0,44.84758845312988
19831,19,Indianwear,global desi,1599.0,959.0,40.0
19832,20,Indianwear,w,2638.2167045910855,1499.0,44.84758845312988
19833,21,Indianwear,global desi,2199.0,1099.0,50.0
19835,23,Indianwear,global desi,1799.0,1079.0,40.0
19836,24,Indianwear,indya,2638.2167045910855,2400.0,44.84758845312988
19837,25,Indianwear,aurelia,1049.0,629.0,40.0
19838,0,Indianwear,janasya,2799.0,1539.0,45.0
19839,1,Indianwear,kami kubi,4999.0,1999.0,60.0
19840,2,Indianwear,amukti,1299.0,649.0,50.0
19841,3,Indianwear,stop,1299.0,649.0,50.0
19842,4,Indianwear,ritu kumar,2638.2167045910855,5800.0,44.84758845312988
19843,5,Indianwear,global desi,2199.0,879.0,60.0
19844,6,Indianwear,aurelia,3999.0,1999.0,50.0
19845,7,Indianwear,varanga,1799.0,899.0,50.0
19846,8,Indianwear,w,2638.2167045910855,1099.0,44.84758845312988
19847,9,Indianwear,de moza,2638.2167045910855,799.0,44.84758845312988
19848,10,Indianwear,aurelia,2638.2167045910855,899.0,44.84758845312988
19849,11,Indianwear,indya,2638.2167045910855,2450.0,44.84758845312988
19850,12,Indianwear,janasya,2299.0,804.0,65.0
19851,13,Indianwear,de moza,999.0,599.0,40.0
19852,14,Indianwear,w,2799.0,2099.0,25.0
19853,15,Indianwear,indya,2638.2167045910855,1400.0,44.84758845312988
19854,16,Indianwear,varanga,2999.0,1649.0,45.0
19855,17,Indianwear,global desi,1799.0,1079.0,40.0
19856,18,Indianwear,aarke,2638.2167045910855,3600.0,44.84758845312988
19857,19,Indianwear,ziyaa,5437.0,2174.0,60.0
19858,20,Indianwear,global desi,2999.0,1499.0,50.0
19859,21,Indianwear,w,2638.2167045910855,799.0,44.84758845312988
19861,23,Indianwear,w,1499.0,899.0,40.0
19862,24,Indianwear,aurelia,1049.0,629.0,40.0
19863,25,Indianwear,janasya,2799.0,1119.0,60.0
19864,0,Indianwear,amukti,1499.0,749.0,50.0
19865,1,Indianwear,aurelia,2638.2167045910855,3399.0,44.84758845312988
19866,2,Indianwear,aarke,2638.2167045910855,1900.0,44.84758845312988
19867,3,Indianwear,aurelia,2638.2167045910855,1699.0,44.84758845312988
19868,4,Indianwear,global desi,1699.0,1359.0,20.0
19869,5,Indianwear,yuris,2099.0,1154.0,45.0
19870,6,Indianwear,janasya,1399.0,559.0,60.0
19871,7,Indianwear,yuris,2699.0,1214.0,55.0
19872,8,Indianwear,yuris,2499.0,1124.0,55.0
19873,9,Indianwear,yuris,2899.0,1159.0,60.0
19874,10,Indianwear,yuris,3499.0,1399.0,60.0
19875,11,Indianwear,yuris,2899.0,1159.0,60.0
19876,12,Indianwear,varanga,1399.0,559.0,60.0
19877,13,Indianwear,varanga,2699.0,1349.0,50.0
19878,14,Indianwear,varanga,3399.0,1699.0,50.0
19879,15,Indianwear,varanga,2799.0,979.0,65.0
19880,16,Indianwear,varanga,2299.0,1149.0,50.0
19881,17,Indianwear,varanga,1999.0,899.0,55.0
19882,18,Indianwear,varanga,2199.0,879.0,60.0
19883,19,Indianwear,janasya,1499.0,674.0,55.0
19884,20,Indianwear,arteastri,2638.2167045910855,2250.0,44.84758845312988
19885,21,Indianwear,janasya,798.0,478.0,40.0
19887,23,Indianwear,de moza,2638.2167045910855,499.0,44.84758845312988
19888,24,Indianwear,janasya,798.0,438.0,45.0
19889,25,Indianwear,arteastri,2638.2167045910855,1890.0,44.84758845312988
19890,0,Indianwear,de moza,2638.2167045910855,599.0,44.84758845312988
19891,1,Indianwear,indya,1900.0,950.0,50.0
19892,2,Indianwear,janasya,2299.0,1149.0,50.0
19893,3,Indianwear,de moza,2638.2167045910855,499.0,44.84758845312988
19894,4,Indianwear,janasya,2299.0,1149.0,50.0
19895,5,Indianwear,arteastri,2638.2167045910855,4900.0,44.84758845312988
19896,6,Indianwear,w,2638.2167045910855,1499.0,44.84758845312988
19897,7,Indianwear,aurelia,2638.2167045910855,999.0,44.84758845312988
19898,8,Indianwear,arteastri,2638.2167045910855,1800.0,44.84758845312988
19899,9,Indianwear,aurelia,2638.2167045910855,599.0,44.84758845312988
19900,10,Indianwear,de moza,2638.2167045910855,499.0,44.84758845312988
19901,11,Indianwear,arteastri,2638.2167045910855,2690.0,44.84758845312988
19902,12,Indianwear,arteastri,2638.2167045910855,4900.0,44.84758845312988
19903,13,Indianwear,fusion beats,1299.0,479.0,63.0
19904,14,Indianwear,arteastri,2638.2167045910855,1650.0,44.84758845312988
19905,15,Indianwear,arteastri,2638.2167045910855,1775.0,44.84758845312988
19906,16,Indianwear,aurelia,2638.2167045910855,699.0,44.84758845312988
19907,17,Indianwear,janasya,1998.0,799.0,60.0
19908,18,Indianwear,kami kubi,2638.2167045910855,6999.0,44.84758845312988
19909,19,Indianwear,aurelia,2638.2167045910855,2599.0,44.84758845312988
19910,20,Indianwear,w,2638.2167045910855,899.0,44.84758845312988
19911,21,Indianwear,arteastri,2638.2167045910855,2799.0,44.84758845312988
19913,23,Indianwear,janasya,1399.0,629.0,55.0
19914,24,Indianwear,fusion beats,1799.0,899.0,50.0
19915,25,Indianwear,global desi,1599.0,1279.0,20.0
19916,0,Indianwear,ziyaa,3509.0,1403.0,60.0
19917,1,Indianwear,ayesha,2638.2167045910855,798.0,44.84758845312988
19918,2,Indianwear,global desi,3499.0,1749.0,50.0
19919,3,Indianwear,ziyaa,3013.0,1205.0,60.0
19920,4,Indianwear,amukti,1999.0,999.0,50.0
19921,5,Indianwear,janasya,1529.0,917.0,40.0
19922,6,Indianwear,indya,1950.0,975.0,50.0
19923,7,Indianwear,de moza,2638.2167045910855,699.0,44.84758845312988
19924,8,Indianwear,ayesha,2638.2167045910855,898.0,44.84758845312988
19925,9,Indianwear,indya,2638.2167045910855,2450.0,44.84758845312988
19926,10,Indianwear,de moza,2638.2167045910855,499.0,44.84758845312988
19927,11,Indianwear,arteastri,2638.2167045910855,4900.0,44.84758845312988
19928,12,Indianwear,ayesha,2638.2167045910855,1498.0,44.84758845312988
19929,13,Indianwear,global desi,2199.0,1319.0,40.0
19930,14,Indianwear,global desi,2599.0,1039.0,60.0
19931,15,Indianwear,fusion beats,1699.0,849.0,50.0
19932,16,Indianwear,stop,1499.0,749.0,50.0
19933,17,Indianwear,janasya,2599.0,1299.0,50.0
19934,18,Indianwear,stop,799.0,399.0,50.0
19935,19,Indianwear,global desi,2999.0,2099.0,30.0
19936,20,Indianwear,aurelia,1199.0,839.0,30.0
19937,21,Indianwear,janasya,4269.0,2347.0,45.0
19939,23,Indianwear,arteastri,2638.2167045910855,4500.0,44.84758845312988
19940,24,Indianwear,ayesha,2638.2167045910855,1198.0,44.84758845312988
19941,25,Indianwear,de moza,2638.2167045910855,449.0,44.84758845312988
19942,0,Indianwear,ritu kumar,2638.2167045910855,2900.0,44.84758845312988
19943,1,Indianwear,global desi,2638.2167045910855,3799.0,44.84758845312988
19944,2,Indianwear,w,2638.2167045910855,1499.0,44.84758845312988
19945,3,Indianwear,janasya,1799.0,989.0,45.0
19946,4,Indianwear,arteastri,2638.2167045910855,1775.0,44.84758845312988
19947,5,Indianwear,arteastri,2638.2167045910855,1500.0,44.84758845312988
19948,6,Indianwear,indya,1650.0,825.0,50.0
19950,8,Indianwear,de moza,2638.2167045910855,1049.0,44.84758845312988
19951,9,Indianwear,ayesha,2638.2167045910855,998.0,44.84758845312988
19952,10,Indianwear,global desi,1699.0,1019.0,40.0
19953,11,Indianwear,ziyaa,2938.0,1175.0,60.0
19954,12,Indianwear,myshka,1499.0,674.0,55.0
19955,13,Indianwear,ziyaa,3400.0,1360.0,60.0
19956,14,Indianwear,w,1899.0,949.0,50.0
19957,15,Indianwear,ziyaa,5477.0,2190.0,60.0
19958,16,Indianwear,global desi,3599.0,1799.0,50.0
19959,17,Indianwear,indya,2638.2167045910855,1400.0,44.84758845312988
19960,18,Indianwear,w,2638.2167045910855,2999.0,44.84758845312988
19961,19,Indianwear,de moza,999.0,599.0,40.0
19962,20,Indianwear,global desi,2499.0,1749.0,30.0
19963,21,Indianwear,stop,999.0,699.0,30.0
19965,23,Indianwear,ayesha,2638.2167045910855,1498.0,44.84758845312988
19966,24,Indianwear,w,2299.0,1379.0,40.0
19967,25,Indianwear,de moza,2638.2167045910855,599.0,44.84758845312988
19968,0,Indianwear,global desi,3599.0,2339.0,35.0
19969,1,Indianwear,global desi,1599.0,1279.0,20.0
19970,2,Indianwear,janasya,2199.0,1099.0,50.0
19971,3,Indianwear,de moza,2638.2167045910855,599.0,44.84758845312988
19972,4,Indianwear,aurelia,2638.2167045910855,1499.0,44.84758845312988
19973,5,Indianwear,arteastri,2638.2167045910855,4900.0,44.84758845312988
19974,6,Indianwear,ayesha,2638.2167045910855,698.0,44.84758845312988
19975,7,Indianwear,arteastri,2638.2167045910855,4800.0,44.84758845312988
19976,8,Indianwear,crimsoune club,1999.0,799.0,60.0
19977,9,Indianwear,arteastri,2638.2167045910855,1650.0,44.84758845312988
19978,10,Indianwear,ayesha,2638.2167045910855,1198.0,44.84758845312988
19979,11,Indianwear,w,2638.2167045910855,1499.0,44.84758845312988
19980,12,Indianwear,fusion beats,1899.0,759.0,60.0
19981,13,Indianwear,ayesha,2638.2167045910855,598.0,44.84758845312988
19982,14,Indianwear,de moza,2638.2167045910855,1299.0,44.84758845312988
19983,15,Indianwear,fusion beats,2699.0,1079.0,60.0
19984,16,Indianwear,fusion beats,1799.0,899.0,50.0
19985,17,Indianwear,global desi,2999.0,1949.0,35.0
19986,18,Indianwear,global desi,2599.0,1689.0,35.0
19987,19,Indianwear,w,2638.2167045910855,1599.0,44.84758845312988
19988,20,Indianwear,global desi,2399.0,1199.0,50.0
19989,21,Indianwear,aurelia,2638.2167045910855,1199.0,44.84758845312988
19991,23,Indianwear,fusion beats,2399.0,959.0,60.0
19992,24,Indianwear,kami kubi,3999.0,1599.0,60.0
19993,25,Indianwear,ayesha,2638.2167045910855,1298.0,44.84758845312988
19994,0,Indianwear,ayesha,2638.2167045910855,898.0,44.84758845312988
19995,1,Indianwear,indya,2638.2167045910855,3400.0,44.84758845312988
19996,2,Indianwear,de moza,799.0,479.0,40.0
19997,3,Indianwear,w,2638.2167045910855,799.0,44.84758845312988
19998,4,Indianwear,indya,2100.0,1680.0,20.0
19999,5,Indianwear,varanga,3799.0,1519.0,60.0
20000,6,Indianwear,w,2638.2167045910855,2499.0,44.84758845312988
20001,7,Indianwear,global desi,2999.0,1499.0,50.0
20002,8,Indianwear,neerus,2499.0,1249.0,50.0
20003,9,Indianwear,global desi,3499.0,1749.0,50.0
20004,10,Indianwear,arteastri,2638.2167045910855,2690.0,44.84758845312988
20005,11,Indianwear,janasya,3998.0,2198.0,45.0
20006,12,Indianwear,ayesha,2638.2167045910855,2498.0,44.84758845312988
20007,13,Indianwear,w,2638.2167045910855,1699.0,44.84758845312988
20008,14,Indianwear,ziyaa,3202.0,1280.0,60.0
20009,15,Indianwear,indya,3400.0,1700.0,50.0
20010,16,Indianwear,indya,3600.0,1800.0,50.0
20011,17,Indianwear,arteastri,2638.2167045910855,1650.0,44.84758845312988
20012,18,Indianwear,de moza,2638.2167045910855,599.0,44.84758845312988
20013,19,Indianwear,global desi,1599.0,639.0,60.0
20014,20,Indianwear,de moza,2638.2167045910855,499.0,44.84758845312988
20015,21,Indianwear,w,1699.0,1019.0,40.0
20017,23,Indianwear,arteastri,2638.2167045910855,2550.0,44.84758845312988
20018,24,Indianwear,de moza,1499.0,899.0,40.0
20019,25,Indianwear,ira soleil,2638.2167045910855,1599.0,44.84758845312988
20020,0,Indianwear,arteastri,2638.2167045910855,4900.0,44.84758845312988
20021,1,Indianwear,de moza,2638.2167045910855,599.0,44.84758845312988
20022,2,Indianwear,global desi,4199.0,3359.0,20.0
20023,3,Indianwear,de moza,2638.2167045910855,599.0,44.84758845312988
20024,4,Indianwear,arteastri,2638.2167045910855,2799.0,44.84758845312988
20025,5,Indianwear,global desi,1999.0,999.0,50.0
20026,6,Indianwear,kami kubi,5999.0,2399.0,60.0
20027,7,Indianwear,fusion beats,1999.0,799.0,60.0
20028,8,Indianwear,janasya,4799.0,1679.0,65.0
20029,9,Indianwear,kami kubi,4999.0,1999.0,60.0
20031,11,Indianwear,arteastri,2638.2167045910855,1775.0,44.84758845312988
20032,12,Indianwear,arteastri,2638.2167045910855,2150.0,44.84758845312988
20033,13,Indianwear,aurelia,2638.2167045910855,1699.0,44.84758845312988
20034,14,Indianwear,de moza,2638.2167045910855,799.0,44.84758845312988
20035,15,Indianwear,de moza,2638.2167045910855,499.0,44.84758845312988
20036,16,Indianwear,w,2299.0,1379.0,40.0
20037,17,Indianwear,neerus,2999.0,2399.0,20.0
20038,18,Indianwear,indya,2638.2167045910855,1500.0,44.84758845312988
20039,19,Indianwear,de moza,2638.2167045910855,499.0,44.84758845312988
20040,20,Indianwear,fusion beats,1299.0,519.0,60.0
20041,21,Indianwear,ayesha,2638.2167045910855,998.0,44.84758845312988
20043,23,Indianwear,janasya,2349.0,939.0,60.0
20044,24,Indianwear,indya,2638.2167045910855,1850.0,44.84758845312988
20045,25,Indianwear,fusion beats,1899.0,759.0,60.0
20046,0,Indianwear,w,2638.2167045910855,1799.0,44.84758845312988
20047,1,Indianwear,arteastri,2638.2167045910855,1650.0,44.84758845312988
20048,2,Indianwear,varanga,2999.0,1199.0,60.0
20049,3,Indianwear,amukti,1599.0,799.0,50.0
20050,4,Indianwear,de moza,2638.2167045910855,499.0,44.84758845312988
20051,5,Indianwear,aurelia,2638.2167045910855,599.0,44.84758845312988
20052,6,Indianwear,global desi,5999.0,3899.0,35.0
20053,7,Indianwear,de moza,2638.2167045910855,599.0,44.84758845312988
20054,8,Indianwear,fusion beats,2499.0,999.0,60.0
20055,9,Indianwear,fusion beats,3299.0,1319.0,60.0
20056,10,Indianwear,ayesha,2638.2167045910855,3598.0,44.84758845312988
20057,11,Indianwear,fusion beats,1799.0,719.0,60.0
20058,12,Indianwear,janasya,1198.0,599.0,50.0
20059,13,Indianwear,kashish,1999.0,999.0,50.0
20060,14,Indianwear,aurelia,2638.2167045910855,999.0,44.84758845312988
20061,15,Indianwear,arteastri,2638.2167045910855,1690.0,44.84758845312988
20062,16,Indianwear,arteastri,2638.2167045910855,2425.0,44.84758845312988
20063,17,Indianwear,w,2638.2167045910855,1499.0,44.84758845312988
20064,18,Indianwear,janasya,1399.0,769.0,45.0
20065,19,Indianwear,global desi,2999.0,1499.0,50.0
20066,20,Indianwear,global desi,2399.0,1199.0,50.0
20067,21,Indianwear,de moza,2638.2167045910855,799.0,44.84758845312988
20069,23,Indianwear,global desi,2699.0,1079.0,60.0
20070,24,Indianwear,varanga,2599.0,1429.0,45.0
20071,25,Indianwear,de moza,2638.2167045910855,599.0,44.84758845312988
20072,0,Indianwear,fusion beats,2499.0,999.0,60.0
20073,1,Indianwear,global desi,2999.0,1949.0,35.0
20074,2,Indianwear,w,2638.2167045910855,1999.0,44.84758845312988
20075,3,Indianwear,indya,1650.0,825.0,50.0
20076,4,Indianwear,global desi,2899.0,2319.0,20.0
20077,5,Indianwear,indya,2638.2167045910855,1950.0,44.84758845312988
20078,6,Indianwear,fusion beats,1199.0,479.0,60.0
20079,7,Indianwear,amukti,1499.0,749.0,50.0
20080,8,Indianwear,de moza,2638.2167045910855,599.0,44.84758845312988
20081,9,Indianwear,varanga,4799.0,2399.0,50.0
20082,10,Indianwear,arteastri,2638.2167045910855,1690.0,44.84758845312988
20083,11,Indianwear,de moza,2638.2167045910855,499.0,44.84758845312988
20084,12,Indianwear,fusion beats,1999.0,799.0,60.0
20085,13,Indianwear,de moza,2638.2167045910855,599.0,44.84758845312988
20086,14,Indianwear,juniper,1599.0,799.0,50.0
20087,15,Indianwear,de moza,2638.2167045910855,599.0,44.84758845312988
20088,16,Indianwear,arteastri,2638.2167045910855,2600.0,44.84758845312988
20089,17,Indianwear,global desi,2638.2167045910855,5499.0,44.84758845312988
20090,18,Indianwear,global desi,2499.0,1249.0,50.0
20091,19,Indianwear,w,2638.2167045910855,1299.0,44.84758845312988
20092,20,Indianwear,janasya,4398.0,2199.0,50.0
20093,21,Indianwear,arteastri,2638.2167045910855,2990.0,44.84758845312988
20095,23,Indianwear,amukti,1499.0,749.0,50.0
20096,24,Indianwear,w,2638.2167045910855,1699.0,44.84758845312988
20097,25,Indianwear,global desi,2638.2167045910855,1699.0,44.84758845312988
20098,0,Indianwear,global desi,2299.0,1494.0,35.0
20099,1,Indianwear,ayesha,2638.2167045910855,1498.0,44.84758845312988
20100,2,Indianwear,aarke,2638.2167045910855,2400.0,44.84758845312988
20101,3,Indianwear,ayesha,1998.0,898.0,55.0
20102,4,Indianwear,de moza,2638.2167045910855,449.0,44.84758845312988
20104,6,Indianwear,arteastri,2638.2167045910855,2425.0,44.84758845312988
20105,7,Indianwear,global desi,2399.0,1919.0,20.0
20106,8,Indianwear,indya,2950.0,1475.0,50.0
20107,9,Indianwear,de moza,2638.2167045910855,499.0,44.84758845312988
20108,10,Indianwear,indya,2400.0,1200.0,50.0
20109,11,Indianwear,de moza,2638.2167045910855,499.0,44.84758845312988
20110,12,Indianwear,amukti,1699.0,849.0,50.0
20111,13,Indianwear,arteastri,2638.2167045910855,2350.0,44.84758845312988
20112,14,Indianwear,w,2638.2167045910855,1499.0,44.84758845312988
20113,15,Indianwear,ayesha,2638.2167045910855,998.0,44.84758845312988
20114,16,Indianwear,de moza,2638.2167045910855,499.0,44.84758845312988
20115,17,Indianwear,get wrapped,2638.2167045910855,299.0,44.84758845312988
20116,18,Indianwear,neerus,2199.0,1759.0,20.0
20117,19,Indianwear,indya,1650.0,825.0,50.0
20118,20,Indianwear,de moza,2638.2167045910855,599.0,44.84758845312988
20119,21,Indianwear,haute curry,799.0,399.0,50.0
20121,23,Indianwear,aurelia,2638.2167045910855,1999.0,44.84758845312988
20122,24,Indianwear,ayesha,2638.2167045910855,598.0,44.84758845312988
20123,25,Indianwear,indya,2638.2167045910855,1200.0,44.84758845312988
20124,0,Indianwear,ziyaa,2562.0,1024.0,60.0
20125,1,Indianwear,janasya,949.0,521.0,45.0
20126,2,Indianwear,de moza,2638.2167045910855,599.0,44.84758845312988
20127,3,Indianwear,indya,2700.0,1350.0,50.0
20128,4,Indianwear,amukti,1999.0,999.0,50.0
20129,5,Indianwear,indya,2500.0,1250.0,50.0
20130,6,Indianwear,fusion beats,1899.0,759.0,60.0
20131,7,Indianwear,janasya,1299.0,519.0,60.0
20132,8,Indianwear,janasya,4798.0,2399.0,50.0
20133,9,Indianwear,de moza,2638.2167045910855,799.0,44.84758845312988
20134,10,Indianwear,indya,2638.2167045910855,900.0,44.84758845312988
20135,11,Indianwear,de moza,2638.2167045910855,449.0,44.84758845312988
20136,12,Indianwear,yuris,3999.0,1399.0,65.0
20137,13,Indianwear,yuris,2799.0,1259.0,55.0
20138,14,Indianwear,de moza,2638.2167045910855,499.0,44.84758845312988
20139,15,Indianwear,janasya,3499.0,1924.0,45.0
20140,16,Indianwear,arteastri,2638.2167045910855,1650.0,44.84758845312988
20141,17,Indianwear,global desi,2999.0,2399.0,20.0
20142,18,Indianwear,stop,999.0,499.0,50.0
20143,19,Indianwear,stop,499.0,349.0,30.0
20144,20,Indianwear,yuris,1799.0,809.0,55.0
20147,23,Indianwear,aurelia,2638.2167045910855,699.0,44.84758845312988
20148,24,Indianwear,varanga,4299.0,1934.0,55.0
20149,25,Indianwear,aurelia,2638.2167045910855,599.0,44.84758845312988
20150,0,Indianwear,aurelia,1499.0,1049.0,30.0
20151,1,Indianwear,varkala silk sarees,7500.0,1875.0,75.0
20152,2,Indianwear,vastranand,4545.0,2272.0,50.0
20153,3,Indianwear,vastranand,4999.0,2999.0,40.0
20154,4,Indianwear,vastranand,4599.0,2069.0,55.0
20155,5,Indianwear,vastranand,4799.0,2159.0,55.0
20156,6,Indianwear,varanga,1799.0,719.0,60.0
20157,7,Indianwear,vastranand,5500.0,2475.0,55.0
20160,10,Indianwear,vastranand,5500.0,2200.0,60.0
20161,11,Indianwear,vastranand,4545.0,2272.0,50.0
20162,12,Indianwear,vastranand,3700.0,2035.0,45.0
20164,14,Indianwear,ira soleil,2638.2167045910855,2499.0,44.84758845312988
20165,15,Indianwear,vastranand,5700.0,2280.0,60.0
20166,16,Indianwear,vastranand,5700.0,2280.0,60.0
20167,17,Indianwear,vastranand,5700.0,2565.0,55.0
20168,18,Indianwear,vastranand,5500.0,2475.0,55.0
20169,19,Indianwear,vastranand,4799.0,2159.0,55.0
20170,20,Indianwear,vastranand,3475.0,1563.0,55.0
20171,21,Indianwear,vastranand,4500.0,2025.0,55.0
20173,23,Indianwear,vastranand,4999.0,2999.0,40.0
20174,24,Indianwear,vastranand,6500.0,3250.0,50.0
20175,25,Indianwear,vastranand,3475.0,1911.0,45.0
20176,0,Indianwear,vastranand,5500.0,2750.0,50.0
20177,1,Indianwear,vastranand,5700.0,2565.0,55.0
20178,2,Indianwear,vastranand,5500.0,2475.0,55.0
20179,3,Indianwear,vastranand,4999.0,2999.0,40.0
20180,4,Indianwear,varanga,2699.0,1079.0,60.0
20181,5,Indianwear,vastranand,4747.0,2136.0,55.0
20182,6,Indianwear,vastranand,5500.0,2200.0,60.0
20183,7,Indianwear,vastranand,4599.0,2299.0,50.0
20184,8,Indianwear,vastranand,5500.0,2475.0,55.0
20185,9,Indianwear,vastranand,5900.0,2655.0,55.0
20186,10,Indianwear,vastranand,3475.0,1911.0,45.0
20187,11,Indianwear,vastranand,4799.0,2399.0,50.0
20188,12,Indianwear,vastranand,1998.0,1398.0,30.0
20189,13,Indianwear,vastranand,4599.0,2069.0,55.0
20190,14,Indianwear,vastranand,3475.0,1911.0,45.0
20191,15,Indianwear,vastranand,4599.0,2069.0,55.0
20192,16,Indianwear,vastranand,3475.0,1911.0,45.0
20193,17,Indianwear,vastranand,3475.0,1563.0,55.0
20194,18,Indianwear,varanga,4099.0,1639.0,60.0
20195,19,Indianwear,vastranand,4599.0,2069.0,55.0
20196,20,Indianwear,vastranand,4799.0,2399.0,50.0
20197,21,Indianwear,vastranand,3675.0,2021.0,45.0
20199,23,Indianwear,vastranand,4599.0,2069.0,55.0
20200,24,Indianwear,vastranand,3950.0,2172.0,45.0
20201,25,Indianwear,ira soleil,2638.2167045910855,2399.0,44.84758845312988
20202,0,Indianwear,vastranand,4545.0,2272.0,50.0
20203,1,Indianwear,vastranand,4545.0,2272.0,50.0
20204,2,Indianwear,vastranand,4799.0,2159.0,55.0
20205,3,Indianwear,vastranand,4500.0,2025.0,55.0
20206,4,Indianwear,vastranand,3995.0,2397.0,40.0
20207,5,Indianwear,vastranand,4799.0,2159.0,55.0
20208,6,Indianwear,vastranand,5500.0,2475.0,55.0
20209,7,Indianwear,vastranand,3475.0,1911.0,45.0
20210,8,Indianwear,vastranand,3475.0,1737.0,50.0
20211,9,Indianwear,vastranand,4545.0,2272.0,50.0
20212,10,Indianwear,vastranand,4799.0,2159.0,55.0
20213,11,Indianwear,vastranand,5500.0,2475.0,55.0
20214,12,Indianwear,vastranand,4775.0,2387.0,50.0
20215,13,Indianwear,vastranand,4599.0,2069.0,55.0
20216,14,Indianwear,vastranand,3475.0,1563.0,55.0
20217,15,Indianwear,vastranand,4545.0,2272.0,50.0
20218,16,Indianwear,vastranand,3475.0,1737.0,50.0
20219,17,Indianwear,vastranand,3475.0,1563.0,55.0
20220,18,Indianwear,vastranand,4500.0,2025.0,55.0
20221,19,Indianwear,vastranand,3675.0,2021.0,45.0
20222,20,Indianwear,vastranand,3500.0,1925.0,45.0
20223,21,Indianwear,vastranand,4747.0,2136.0,55.0
20226,24,Indianwear,vastranand,4545.0,2272.0,50.0
20227,25,Indianwear,vastranand,4799.0,2159.0,55.0
20228,0,Indianwear,vastranand,4799.0,2399.0,50.0
20229,1,Indianwear,vastranand,3475.0,1737.0,50.0
20230,2,Indianwear,vastranand,1995.0,1396.0,30.0
20231,3,Indianwear,vastranand,5500.0,2475.0,55.0
20232,4,Indianwear,vastranand,3475.0,1911.0,45.0
20233,5,Indianwear,vastranand,4545.0,2272.0,50.0
20234,6,Indianwear,vastranand,5500.0,2200.0,60.0
20235,7,Indianwear,vastranand,3675.0,2021.0,45.0
20236,8,Indianwear,vastranand,5500.0,2200.0,60.0
20237,9,Indianwear,vastranand,4599.0,2069.0,55.0
20238,10,Indianwear,vastranand,5500.0,2475.0,55.0
20239,11,Indianwear,vastranand,4799.0,2159.0,55.0
20240,12,Indianwear,vastranand,4545.0,2272.0,50.0
20241,13,Indianwear,vastranand,5500.0,2200.0,60.0
20242,14,Indianwear,vastranand,3500.0,1925.0,45.0
20243,15,Indianwear,vastranand,4799.0,2159.0,55.0
20244,16,Indianwear,vastranand,3475.0,1563.0,55.0
20245,17,Indianwear,vastranand,5500.0,2475.0,55.0
20246,18,Indianwear,vastranand,4799.0,2159.0,55.0
20247,19,Indianwear,vastranand,4545.0,2272.0,50.0
20248,20,Indianwear,vastranand,5700.0,2280.0,60.0
20249,21,Indianwear,vastranand,5500.0,2475.0,55.0
20251,23,Indianwear,vastranand,3500.0,1925.0,45.0
20252,24,Indianwear,vastranand,3700.0,2035.0,45.0
20253,25,Indianwear,vastranand,4799.0,2159.0,55.0
20254,0,Indianwear,vastranand,3995.0,2397.0,40.0
20255,1,Indianwear,vastranand,4775.0,2387.0,50.0
20256,2,Indianwear,vastranand,4799.0,2399.0,50.0
20257,3,Indianwear,vastranand,4599.0,2069.0,55.0
20258,4,Indianwear,vastranand,5700.0,2565.0,55.0
20260,6,Indianwear,vastranand,3299.0,1814.0,45.0
20261,7,Indianwear,vastranand,4500.0,1800.0,60.0
20263,9,Indianwear,vastranand,3475.0,1737.0,50.0
20264,10,Indianwear,vastranand,3675.0,1837.0,50.0
20265,11,Indianwear,vastranand,5700.0,2280.0,60.0
20266,12,Indianwear,vastranand,3675.0,2021.0,45.0
20267,13,Indianwear,vastranand,3999.0,1599.0,60.0
20268,14,Indianwear,vastranand,5500.0,2475.0,55.0
20269,15,Indianwear,vastranand,3475.0,1563.0,55.0
20270,16,Indianwear,vastranand,5500.0,2200.0,60.0
20272,18,Indianwear,vastranand,3000.0,1500.0,50.0
20273,19,Indianwear,vastranand,4599.0,2069.0,55.0
20274,20,Indianwear,vastranand,4799.0,2159.0,55.0
20275,21,Indianwear,vastranand,3475.0,1911.0,45.0
20277,23,Indianwear,vastranand,4599.0,2069.0,55.0
20278,24,Indianwear,vastranand,3999.0,1599.0,60.0
20279,25,Indianwear,vastranand,4545.0,2272.0,50.0
20280,0,Indianwear,vastranand,6500.0,3250.0,50.0
20281,1,Indianwear,vastranand,3475.0,1911.0,45.0
20282,2,Indianwear,vastranand,5500.0,2750.0,50.0
20283,3,Indianwear,vastranand,5900.0,2360.0,60.0
20284,4,Indianwear,vastranand,1995.0,1396.0,30.0
20285,5,Indianwear,vastranand,3475.0,1911.0,45.0
20286,6,Indianwear,vastranand,3675.0,2021.0,45.0
20287,7,Indianwear,vastranand,4599.0,2069.0,55.0
20288,8,Indianwear,vastranand,3299.0,1814.0,45.0
20291,11,Indianwear,vastranand,4545.0,1818.0,60.0
20292,12,Indianwear,vastranand,5500.0,2200.0,60.0
20293,13,Indianwear,vastranand,4995.0,2247.0,55.0
20294,14,Indianwear,vastranand,4799.0,2159.0,55.0
20295,15,Indianwear,vastranand,5900.0,2655.0,55.0
20296,16,Indianwear,vastranand,4500.0,2025.0,55.0
20297,17,Indianwear,vastranand,5500.0,2475.0,55.0
20298,18,Indianwear,vastranand,5700.0,2565.0,55.0
20299,19,Indianwear,vastranand,3475.0,1563.0,55.0
20300,20,Indianwear,vastranand,3475.0,1911.0,45.0
20301,21,Indianwear,vastranand,3475.0,1737.0,50.0
20303,23,Indianwear,vastranand,6500.0,3250.0,50.0
20304,24,Indianwear,vastranand,5500.0,2475.0,55.0
20305,25,Indianwear,vastranand,3475.0,1911.0,45.0
20306,0,Indianwear,vastranand,3475.0,1737.0,50.0
20307,1,Indianwear,vastranand,5500.0,2200.0,60.0
20308,2,Indianwear,vastranand,6600.0,3300.0,50.0
20309,3,Indianwear,vastranand,3475.0,1563.0,55.0
20310,4,Indianwear,vastranand,5900.0,2655.0,55.0
20311,5,Indianwear,vastranand,4995.0,2247.0,55.0
20312,6,Indianwear,vastranand,5700.0,2280.0,60.0
20313,7,Indianwear,vastranand,5500.0,2475.0,55.0
20314,8,Indianwear,vastranand,3500.0,1925.0,45.0
20315,9,Indianwear,vastranand,5500.0,2475.0,55.0
20316,10,Indianwear,vastranand,4545.0,2272.0,50.0
20317,11,Indianwear,vastranand,3475.0,1911.0,45.0
20318,12,Indianwear,vastranand,5700.0,2280.0,60.0
20319,13,Indianwear,vastranand,3475.0,1911.0,45.0
20320,14,Indianwear,vastranand,3999.0,1599.0,60.0
20321,15,Indianwear,vastranand,6500.0,3250.0,50.0
20323,17,Indianwear,vastranand,5700.0,2280.0,60.0
20324,18,Indianwear,vastranand,4799.0,2159.0,55.0
20325,19,Indianwear,vastranand,4545.0,2272.0,50.0
20326,20,Indianwear,vastranand,5700.0,2280.0,60.0
20327,21,Indianwear,varanga,2638.2167045910855,7999.0,44.84758845312988
20329,23,Indianwear,vastranand,3475.0,1737.0,50.0
20330,24,Indianwear,vastranand,3500.0,1925.0,45.0
20331,25,Indianwear,vastranand,4599.0,2529.0,45.0
20332,0,Indianwear,vastranand,3475.0,1737.0,50.0
20333,1,Indianwear,vastranand,6500.0,2925.0,55.0
20334,2,Indianwear,vastranand,3299.0,1814.0,45.0
20335,3,Indianwear,vastranand,4545.0,2272.0,50.0
20336,4,Indianwear,vastranand,4775.0,2387.0,50.0
20337,5,Indianwear,vastranand,3475.0,1563.0,55.0
20339,7,Indianwear,vastranand,4500.0,2250.0,50.0
20340,8,Indianwear,varanga,2638.2167045910855,4599.0,44.84758845312988
20341,9,Indianwear,vastranand,5700.0,2565.0,55.0
20343,11,Indianwear,vastranand,3995.0,2397.0,40.0
20344,12,Indianwear,vastranand,3475.0,1563.0,55.0
20345,13,Indianwear,vastranand,3995.0,2397.0,40.0
20346,14,Indianwear,vastranand,3675.0,2021.0,45.0
20347,15,Indianwear,vastranand,3475.0,1563.0,55.0
20348,16,Indianwear,vastranand,5500.0,2200.0,60.0
20349,17,Indianwear,vastranand,5700.0,2280.0,60.0
20350,18,Indianwear,vastranand,3675.0,2021.0,45.0
20351,19,Indianwear,vastranand,4599.0,2069.0,55.0
20352,20,Indianwear,vastranand,4599.0,2069.0,55.0
20353,21,Indianwear,vastranand,1995.0,1396.0,30.0
20355,23,Indianwear,vastranand,4995.0,2497.0,50.0
20356,24,Indianwear,vastranand,3475.0,1563.0,55.0
20357,25,Indianwear,vastranand,5500.0,2200.0,60.0
20358,0,Indianwear,vastranand,3475.0,1737.0,50.0
20359,1,Indianwear,vastranand,5500.0,2200.0,60.0
20360,2,Indianwear,vastranand,3475.0,1911.0,45.0
20361,3,Indianwear,vastranand,5500.0,2200.0,60.0
20362,4,Indianwear,vastranand,3475.0,1737.0,50.0
20363,5,Indianwear,vastranand,4995.0,2247.0,55.0
20364,6,Indianwear,vastranand,3475.0,1911.0,45.0
20366,8,Indianwear,vastranand,2200.0,1320.0,40.0
20367,9,Indianwear,vastranand,3700.0,2035.0,45.0
20368,10,Indianwear,vastranand,2200.0,1320.0,40.0
20369,11,Indianwear,vastranand,4995.0,2247.0,55.0
20370,12,Indianwear,vastranand,5500.0,2200.0,60.0
20371,13,Indianwear,vastranand,5700.0,2280.0,60.0
20372,14,Indianwear,vastranand,4545.0,2272.0,50.0
20373,15,Indianwear,vastranand,4545.0,1818.0,60.0
20374,16,Indianwear,vastranand,4599.0,2069.0,55.0
20375,17,Indianwear,varkala silk sarees,7500.0,1875.0,75.0
20376,18,Indianwear,vastranand,4995.0,2247.0,55.0
20378,20,Indianwear,vastranand,4799.0,2159.0,55.0
20379,21,Indianwear,vastranand,3500.0,1925.0,45.0
20381,23,Indianwear,vastranand,3999.0,1599.0,60.0
20382,24,Indianwear,vastranand,3475.0,1911.0,45.0
20383,25,Indianwear,vastranand,5500.0,2200.0,60.0
20384,0,Indianwear,vastranand,3675.0,2021.0,45.0
20385,1,Indianwear,vastranand,4799.0,2159.0,55.0
20386,2,Indianwear,vastranand,3475.0,1911.0,45.0
20387,3,Indianwear,vastranand,5700.0,2280.0,60.0
20388,4,Indianwear,vastranand,4599.0,2069.0,55.0
20389,5,Indianwear,vastranand,4545.0,2272.0,50.0
20390,6,Indianwear,vastranand,5500.0,2200.0,60.0
20391,7,Indianwear,vastranand,5700.0,2280.0,60.0
20392,8,Indianwear,vastranand,4799.0,2159.0,55.0
20393,9,Indianwear,vastranand,4799.0,2159.0,55.0
20394,10,Indianwear,vastranand,5500.0,2200.0,60.0
20395,11,Indianwear,vastranand,5700.0,2565.0,55.0
20396,12,Indianwear,vastranand,3700.0,2035.0,45.0
20397,13,Indianwear,vastranand,4799.0,2159.0,55.0
20398,14,Indianwear,vastranand,5500.0,2475.0,55.0
20399,15,Indianwear,ira soleil,2638.2167045910855,2999.0,44.84758845312988
20400,16,Indianwear,vastranand,4799.0,2159.0,55.0
20401,17,Indianwear,vastranand,3475.0,1911.0,45.0
20402,18,Indianwear,vastranand,3500.0,1925.0,45.0
20403,19,Indianwear,vastranand,5700.0,2565.0,55.0
20405,21,Indianwear,vastranand,4545.0,2045.0,55.0
20408,24,Indianwear,vastranand,4799.0,2159.0,55.0
20409,25,Indianwear,vastranand,5500.0,2200.0,60.0
20411,1,Indianwear,vastranand,3299.0,1814.0,45.0
20412,2,Indianwear,vastranand,3500.0,1925.0,45.0
20413,3,Indianwear,vastranand,4545.0,2272.0,50.0
20414,4,Indianwear,varanga,5999.0,2099.0,65.0
20415,5,Indianwear,vastranand,4799.0,2159.0,55.0
20416,6,Indianwear,vastranand,3475.0,1737.0,50.0
20417,7,Indianwear,vastranand,3429.0,1543.0,55.0
20418,8,Indianwear,vastranand,3475.0,1911.0,45.0
20419,9,Indianwear,vastranand,4747.0,2136.0,55.0
20420,10,Indianwear,vastranand,3675.0,2021.0,45.0
20421,11,Indianwear,vastranand,4500.0,2025.0,55.0
20422,12,Indianwear,vastranand,3700.0,2035.0,45.0
20423,13,Indianwear,varkala silk sarees,7500.0,1875.0,75.0
20424,14,Indianwear,vastranand,3475.0,1737.0,50.0
20425,15,Indianwear,vastranand,4799.0,2159.0,55.0
20426,16,Indianwear,vastranand,4799.0,2159.0,55.0
20427,17,Indianwear,vastranand,4799.0,2159.0,55.0
20428,18,Indianwear,vastranand,4799.0,2159.0,55.0
20429,19,Indianwear,vastranand,4799.0,2159.0,55.0
20431,21,Indianwear,vastranand,5500.0,2475.0,55.0
20433,23,Indianwear,vastranand,3475.0,1563.0,55.0
20434,24,Indianwear,vastranand,3475.0,1737.0,50.0
20435,25,Indianwear,vastranand,6600.0,3300.0,50.0
20436,0,Indianwear,vastranand,4799.0,2159.0,55.0
20437,1,Indianwear,vastranand,5700.0,2280.0,60.0
20438,2,Indianwear,vastranand,3475.0,1911.0,45.0
20439,3,Indianwear,vastranand,4599.0,2069.0,55.0
20440,4,Indianwear,vastranand,6600.0,3300.0,50.0
20441,5,Indianwear,vastranand,4799.0,2399.0,50.0
20442,6,Indianwear,vastranand,3700.0,2035.0,45.0
20443,7,Indianwear,vastranand,4545.0,2272.0,50.0
20444,8,Indianwear,vastranand,2199.0,1319.0,40.0
20446,10,Indianwear,vastranand,5500.0,3025.0,45.0
20447,11,Indianwear,vastranand,5500.0,2475.0,55.0
20448,12,Indianwear,vastranand,6500.0,3250.0,50.0
20449,13,Indianwear,vastranand,4799.0,2399.0,50.0
20450,14,Indianwear,vastranand,4545.0,2272.0,50.0
20451,15,Indianwear,vastranand,4799.0,2159.0,55.0
20452,16,Indianwear,vastranand,5700.0,3420.0,40.0
20453,17,Indianwear,vastranand,3675.0,2021.0,45.0
20455,19,Indianwear,vastranand,4500.0,2025.0,55.0
20456,20,Indianwear,vastranand,3675.0,2021.0,45.0
20457,21,Indianwear,vastranand,3475.0,1563.0,55.0
20459,23,Indianwear,vastranand,5500.0,2200.0,60.0
20460,24,Indianwear,vastranand,3475.0,1911.0,45.0
20461,25,Indianwear,vastranand,4500.0,1800.0,60.0
20462,0,Indianwear,vastranand,5500.0,2475.0,55.0
20463,1,Indianwear,vastranand,5500.0,2200.0,60.0
20465,3,Indianwear,vastranand,5500.0,2475.0,55.0
20466,4,Indianwear,vastranand,3675.0,1837.0,50.0
20467,5,Indianwear,vastranand,3950.0,2172.0,45.0
20468,6,Indianwear,vastranand,4747.0,2136.0,55.0
20469,7,Indianwear,vastranand,3475.0,1911.0,45.0
20470,8,Indianwear,vastranand,4599.0,2069.0,55.0
20471,9,Indianwear,vastranand,5500.0,2475.0,55.0
20472,10,Indianwear,vastranand,4545.0,2045.0,55.0
20473,11,Indianwear,vastranand,3500.0,1925.0,45.0
20474,12,Indianwear,vastranand,4545.0,2272.0,50.0
20475,13,Indianwear,vastranand,4999.0,2999.0,40.0
20476,14,Indianwear,vastranand,3995.0,2397.0,40.0
20477,15,Indianwear,vastranand,3475.0,1911.0,45.0
20478,16,Indianwear,vastranand,3475.0,1737.0,50.0
20479,17,Indianwear,vastranand,1995.0,1396.0,30.0
20480,18,Indianwear,vastranand,4799.0,2159.0,55.0
20481,19,Indianwear,vastranand,4799.0,2399.0,50.0
20482,20,Indianwear,vastranand,4747.0,2136.0,55.0
20483,21,Indianwear,vastranand,4995.0,2247.0,55.0
20485,23,Indianwear,vastranand,3475.0,1737.0,50.0
20487,25,Indianwear,vastranand,4799.0,2399.0,50.0
20488,0,Indianwear,vastranand,5900.0,2360.0,60.0
20489,1,Indianwear,vastranand,4599.0,2069.0,55.0
20490,2,Indianwear,vastranand,3999.0,1599.0,60.0
20491,3,Indianwear,vastranand,4500.0,2250.0,50.0
20492,4,Indianwear,vastranand,4545.0,1818.0,60.0
20493,5,Indianwear,varanga,1699.0,1104.0,35.0
20494,6,Indianwear,vastranand,6500.0,2925.0,55.0
20495,7,Indianwear,vastranand,4799.0,2159.0,55.0
20496,8,Indianwear,vastranand,5500.0,2200.0,60.0
20497,9,Indianwear,vastranand,3700.0,2035.0,45.0
20498,10,Indianwear,vastranand,3475.0,1911.0,45.0
20499,11,Indianwear,vastranand,3500.0,1750.0,50.0
20500,12,Indianwear,vastranand,4747.0,2136.0,55.0
20501,13,Indianwear,vastranand,4747.0,2136.0,55.0
20502,14,Indianwear,vastranand,4799.0,2159.0,55.0
20503,15,Indianwear,vastranand,6500.0,3250.0,50.0
20504,16,Indianwear,vastranand,3675.0,2021.0,45.0
20505,17,Indianwear,vastranand,3995.0,2397.0,40.0
20506,18,Indianwear,vastranand,4599.0,2529.0,45.0
20507,19,Indianwear,vastranand,5700.0,2280.0,60.0
20508,20,Indianwear,varanga,1999.0,899.0,55.0
20509,21,Indianwear,vastranand,5500.0,2475.0,55.0
20512,24,Indianwear,vastranand,5900.0,2360.0,60.0
20513,25,Indianwear,vastranand,5500.0,2475.0,55.0
20514,0,Indianwear,vastranand,5700.0,2280.0,60.0
20515,1,Indianwear,vastranand,4995.0,2247.0,55.0
20516,2,Indianwear,vastranand,4747.0,2136.0,55.0
20517,3,Indianwear,vastranand,5700.0,2280.0,60.0
20518,4,Indianwear,vastranand,3999.0,1599.0,60.0
20519,5,Indianwear,vastranand,3995.0,2397.0,40.0
20520,6,Indianwear,vastranand,4799.0,2159.0,55.0
20521,7,Indianwear,vastranand,5700.0,2280.0,60.0
20522,8,Indianwear,vastranand,4799.0,2399.0,50.0
20523,9,Indianwear,vastranand,4799.0,2159.0,55.0
20524,10,Indianwear,vastranand,4599.0,2299.0,50.0
20525,11,Indianwear,vastranand,5500.0,2200.0,60.0
20527,13,Indianwear,vastranand,3675.0,2021.0,45.0
20528,14,Indianwear,vastranand,3475.0,1563.0,55.0
20529,15,Indianwear,vastranand,4599.0,2069.0,55.0
20530,16,Indianwear,vastranand,3475.0,1737.0,50.0
20531,17,Indianwear,vastranand,4799.0,2399.0,50.0
20532,18,Indianwear,vastranand,4995.0,2497.0,50.0
20533,19,Indianwear,vastranand,3475.0,1911.0,45.0
20534,20,Indianwear,vastranand,3475.0,1737.0,50.0
20535,21,Indianwear,vastranand,4747.0,2136.0,55.0
20538,24,Indianwear,vastranand,3299.0,1814.0,45.0
20539,25,Indianwear,vastranand,5500.0,2475.0,55.0
20540,0,Indianwear,vastranand,5500.0,2475.0,55.0
20541,1,Indianwear,vastranand,4545.0,2272.0,50.0
20542,2,Indianwear,vastranand,5500.0,2475.0,55.0
20543,3,Indianwear,vastranand,4599.0,2069.0,55.0
20544,4,Indianwear,vastranand,3475.0,1737.0,50.0
20545,5,Indianwear,vastranand,4999.0,2999.0,40.0
20546,6,Indianwear,vastranand,3475.0,1911.0,45.0
20547,7,Indianwear,vastranand,4747.0,2136.0,55.0
20548,8,Indianwear,vastranand,5500.0,2475.0,55.0
20549,9,Indianwear,vastranand,5700.0,2280.0,60.0
20550,10,Indianwear,vastranand,4747.0,2136.0,55.0
20551,11,Indianwear,vastranand,3675.0,2021.0,45.0
20552,12,Indianwear,vastranand,5500.0,2750.0,50.0
20553,13,Indianwear,vastranand,3475.0,1563.0,55.0
20554,14,Indianwear,vastranand,5500.0,2750.0,50.0
20555,15,Indianwear,vastranand,5700.0,2850.0,50.0
20556,16,Indianwear,vastranand,4599.0,2299.0,50.0
20557,17,Indianwear,vastranand,5500.0,3025.0,45.0
20558,18,Indianwear,vastranand,4599.0,2069.0,55.0
20559,19,Indianwear,vastranand,3995.0,2397.0,40.0
20560,20,Indianwear,vastranand,3475.0,1737.0,50.0
20561,21,Indianwear,vastranand,4545.0,2272.0,50.0
20563,23,Indianwear,vastranand,4799.0,2159.0,55.0
20564,24,Indianwear,vastranand,5900.0,2655.0,55.0
20565,25,Indianwear,vastranand,4799.0,2159.0,55.0
20566,0,Indianwear,vastranand,4545.0,2272.0,50.0
20568,2,Indianwear,vastranand,3475.0,1737.0,50.0
20569,3,Indianwear,vastranand,4799.0,2159.0,55.0
20570,4,Indianwear,vastranand,4599.0,2069.0,55.0
20571,5,Indianwear,vastranand,3299.0,1814.0,45.0
20573,7,Indianwear,vastranand,3475.0,1911.0,45.0
20574,8,Indianwear,vastranand,3475.0,1911.0,45.0
20576,10,Indianwear,vastranand,4799.0,2159.0,55.0
20577,11,Indianwear,vastranand,3475.0,1563.0,55.0
20578,12,Indianwear,vastranand,3675.0,2021.0,45.0
20580,14,Indianwear,vastranand,3475.0,1911.0,45.0
20581,15,Indianwear,vastranand,6500.0,3250.0,50.0
20582,16,Indianwear,vastranand,4747.0,2136.0,55.0
20583,17,Indianwear,vastranand,4545.0,2272.0,50.0
20585,19,Indianwear,vastranand,5500.0,2200.0,60.0
20586,20,Indianwear,vastranand,3675.0,2021.0,45.0
20587,21,Indianwear,varkala silk sarees,7500.0,1875.0,75.0
20589,23,Indianwear,vastranand,4799.0,2159.0,55.0
20590,24,Indianwear,vastranand,5500.0,2200.0,60.0
20591,25,Indianwear,vastranand,5500.0,2475.0,55.0
20592,0,Indianwear,vastranand,1995.0,1396.0,30.0
20594,2,Indianwear,vastranand,3475.0,1563.0,55.0
20595,3,Indianwear,vastranand,5900.0,2655.0,55.0
20596,4,Indianwear,vastranand,4545.0,2272.0,50.0
20597,5,Indianwear,vastranand,4799.0,2159.0,55.0
20598,6,Indianwear,vastranand,5500.0,2475.0,55.0
20599,7,Indianwear,vastranand,4545.0,2272.0,50.0
20600,8,Indianwear,vastranand,3475.0,1911.0,45.0
20601,9,Indianwear,vastranand,4799.0,2159.0,55.0
20603,11,Indianwear,vastranand,3675.0,2021.0,45.0
20604,12,Indianwear,vastranand,4500.0,2025.0,55.0
20605,13,Indianwear,vastranand,5500.0,2200.0,60.0
20606,14,Indianwear,vastranand,3675.0,2021.0,45.0
20607,15,Indianwear,vastranand,3675.0,2021.0,45.0
20608,16,Indianwear,vastranand,3299.0,1814.0,45.0
20609,17,Indianwear,vastranand,5700.0,2850.0,50.0
20610,18,Indianwear,vastranand,4799.0,2159.0,55.0
20611,19,Indianwear,vastranand,6500.0,3250.0,50.0
20612,20,Indianwear,vastranand,5900.0,2655.0,55.0
20613,21,Indianwear,vastranand,5700.0,2850.0,50.0
20615,23,Indianwear,vastranand,4599.0,2069.0,55.0
20616,24,Indianwear,vastranand,5500.0,2200.0,60.0
20617,25,Indianwear,vastranand,3299.0,1649.0,50.0
20618,0,Indianwear,vastranand,4999.0,2999.0,40.0
20619,1,Indianwear,vastranand,4799.0,2159.0,55.0
20621,3,Indianwear,vastranand,4545.0,2272.0,50.0
20622,4,Indianwear,vastranand,3475.0,1737.0,50.0
20623,5,Indianwear,vastranand,5700.0,2280.0,60.0
20624,6,Indianwear,vastranand,5700.0,2565.0,55.0
20625,7,Indianwear,vastranand,4599.0,2069.0,55.0
20626,8,Indianwear,vastranand,4747.0,2136.0,55.0
20627,9,Indianwear,vastranand,4545.0,2272.0,50.0
20628,10,Indianwear,vastranand,4599.0,2069.0,55.0
20629,11,Indianwear,vastranand,5500.0,3025.0,45.0
20630,12,Indianwear,vastranand,5500.0,2750.0,50.0
20631,13,Indianwear,vastranand,5500.0,2475.0,55.0
20632,14,Indianwear,vastranand,3475.0,1911.0,45.0
20633,15,Indianwear,vastranand,5500.0,2200.0,60.0
20634,16,Indianwear,vastranand,4799.0,2159.0,55.0
20635,17,Indianwear,vastranand,3475.0,1737.0,50.0
20636,18,Indianwear,vastranand,4799.0,2159.0,55.0
20637,19,Indianwear,vastranand,6500.0,3250.0,50.0
20638,20,Indianwear,vastranand,6500.0,3250.0,50.0
20639,21,Indianwear,vastranand,5700.0,2565.0,55.0
20642,24,Indianwear,vastranand,4545.0,2272.0,50.0
20643,25,Indianwear,vastranand,3500.0,1925.0,45.0
20644,0,Indianwear,vastranand,3675.0,2021.0,45.0
20646,2,Indianwear,vastranand,5500.0,2475.0,55.0
20647,3,Indianwear,vastranand,3500.0,1925.0,45.0
20648,4,Indianwear,vastranand,4799.0,2159.0,55.0
20650,6,Indianwear,vastranand,3475.0,1911.0,45.0
20652,8,Indianwear,vastranand,5500.0,2475.0,55.0
20654,10,Indianwear,vastranand,3475.0,1737.0,50.0
20655,11,Indianwear,vastranand,4999.0,2999.0,40.0
20656,12,Indianwear,vastranand,5500.0,2475.0,55.0
20657,13,Indianwear,vastranand,4799.0,2399.0,50.0
20658,14,Indianwear,vastranand,3700.0,2035.0,45.0
20659,15,Indianwear,vastranand,2727.0,1772.0,35.0
20660,16,Indianwear,vastranand,3475.0,1563.0,55.0
20661,17,Indianwear,vastranand,5500.0,2475.0,55.0
20662,18,Indianwear,vastranand,6500.0,3250.0,50.0
20663,19,Indianwear,vastranand,5500.0,2200.0,60.0
20664,20,Indianwear,vastranand,5700.0,2280.0,60.0
20667,23,Indianwear,vastranand,4500.0,2025.0,55.0
20669,25,Indianwear,vastranand,4799.0,2159.0,55.0
20670,0,Indianwear,vastranand,5500.0,2475.0,55.0
20671,1,Indianwear,vastranand,3475.0,1563.0,55.0
20672,2,Indianwear,vastranand,4599.0,2069.0,55.0
20673,3,Indianwear,vastranand,4799.0,2159.0,55.0
20674,4,Indianwear,vastranand,3995.0,2397.0,40.0
20675,5,Indianwear,vastranand,4545.0,2272.0,50.0
20676,6,Indianwear,vastranand,5500.0,2475.0,55.0
20677,7,Indianwear,vastranand,3475.0,1737.0,50.0
20678,8,Indianwear,vastranand,3475.0,1911.0,45.0
20679,9,Indianwear,vastranand,3675.0,2021.0,45.0
20680,10,Indianwear,vastranand,3475.0,1911.0,45.0
20681,11,Indianwear,vastranand,4799.0,2159.0,55.0
20683,13,Indianwear,varanga,2638.2167045910855,5999.0,44.84758845312988
20684,14,Indianwear,vastranand,3000.0,1500.0,50.0
20685,15,Indianwear,vastranand,3700.0,2035.0,45.0
20686,16,Indianwear,vastranand,5700.0,2850.0,50.0
20687,17,Indianwear,vastranand,4995.0,2497.0,50.0
20688,18,Indianwear,vastranand,3675.0,2021.0,45.0
20689,19,Indianwear,vastranand,3475.0,1563.0,55.0
20690,20,Indianwear,vastranand,3475.0,1911.0,45.0
20691,21,Indianwear,vastranand,4747.0,2136.0,55.0
20693,23,Indianwear,vastranand,5500.0,2475.0,55.0
20694,24,Indianwear,vastranand,4545.0,2272.0,50.0
20695,25,Indianwear,vastranand,5700.0,2565.0,55.0
20696,0,Indianwear,vastranand,4599.0,2069.0,55.0
20697,1,Indianwear,vastranand,4599.0,2069.0,55.0
20698,2,Indianwear,vastranand,3700.0,2035.0,45.0
20699,3,Indianwear,vastranand,3299.0,1814.0,45.0
20701,5,Indianwear,vastranand,3475.0,1911.0,45.0
20703,7,Indianwear,vastranand,3995.0,2397.0,40.0
20704,8,Indianwear,vastranand,4545.0,2272.0,50.0
20705,9,Indianwear,vastranand,3299.0,1814.0,45.0
20708,12,Indianwear,vastranand,3500.0,1925.0,45.0
20709,13,Indianwear,vastranand,3999.0,1799.0,55.0
20710,14,Indianwear,vastranand,3995.0,2397.0,40.0
20711,15,Indianwear,vastranand,5500.0,2200.0,60.0
20712,16,Indianwear,vastranand,4799.0,2159.0,55.0
20713,17,Indianwear,vastranand,5500.0,2475.0,55.0
20714,18,Indianwear,vastranand,4775.0,2387.0,50.0
20715,19,Indianwear,vastranand,4545.0,2272.0,50.0
20716,20,Indianwear,vastranand,5500.0,2475.0,55.0
20717,21,Indianwear,vastranand,3500.0,1925.0,45.0
20719,23,Indianwear,vastranand,3995.0,2397.0,40.0
20720,24,Indianwear,vastranand,3475.0,1563.0,55.0
20722,0,Indianwear,vastranand,5500.0,2475.0,55.0
20723,1,Indianwear,vastranand,4799.0,2159.0,55.0
20725,3,Indianwear,vastranand,4799.0,2399.0,50.0
20726,4,Indianwear,vastranand,4545.0,2272.0,50.0
20727,5,Indianwear,vastranand,5500.0,2475.0,55.0
20728,6,Indianwear,vastranand,4599.0,2069.0,55.0
20729,7,Indianwear,vastranand,4599.0,2069.0,55.0
20730,8,Indianwear,vastranand,4995.0,2247.0,55.0
20731,9,Indianwear,vastranand,3475.0,1737.0,50.0
20732,10,Indianwear,vastranand,5500.0,2475.0,55.0
20733,11,Indianwear,vastranand,4599.0,2069.0,55.0
20734,12,Indianwear,vastranand,4500.0,2025.0,55.0
20735,13,Indianwear,vastranand,3475.0,1737.0,50.0
20736,14,Indianwear,vastranand,5500.0,2475.0,55.0
20737,15,Indianwear,vastranand,6500.0,2925.0,55.0
20738,16,Indianwear,vastranand,3995.0,2397.0,40.0
20739,17,Indianwear,vastranand,5500.0,2475.0,55.0
20740,18,Indianwear,vastranand,1998.0,1398.0,30.0
20742,20,Indianwear,vastranand,3995.0,1997.0,50.0
20743,21,Indianwear,vastranand,3675.0,2021.0,45.0
20745,23,Indianwear,varanga,2199.0,879.0,60.0
20746,24,Indianwear,varanga,5999.0,2699.0,55.0
20747,25,Indianwear,varanga,3599.0,1259.0,65.0
