,Sales_id,Category,Brand,MRP,Selling price,Discount in %
20748,0,Lingerie&Nightwear,insense,799.0,399.0,50.0
20749,1,Lingerie&Nightwear,insense,599.0,299.0,50.0
20750,2,Lingerie&Nightwear,insense,1499.0,749.0,50.0
20751,3,Lingerie&Nightwear,insense,599.0,299.0,50.0
20752,4,Lingerie&Nightwear,insense,799.0,399.0,50.0
20753,5,Lingerie&Nightwear,insense,799.0,399.0,50.0
20754,6,Lingerie&Nightwear,insense,1499.0,749.0,50.0
20755,7,Lingerie&Nightwear,insense,399.0,199.0,50.0
20756,8,Lingerie&Nightwear,insense,1199.0,599.0,50.0
20757,9,Lingerie&Nightwear,enamor,949.0,474.0,50.0
20758,10,Lingerie&Nightwear,clovia,285.0,114.0,60.0
20759,11,Lingerie&Nightwear,insense,1199.0,599.0,50.0
20760,12,Lingerie&Nightwear,insense,1499.0,749.0,50.0
20761,13,Lingerie&Nightwear,insense,1199.0,599.0,50.0
20762,14,Lingerie&Nightwear,insense,1499.0,749.0,50.0
20763,15,Lingerie&Nightwear,insense,399.0,199.0,50.0
20764,16,Lingerie&Nightwear,insense,499.0,249.0,50.0
20765,17,Lingerie&Nightwear,triumph,858.0,429.0,50.0
20766,18,Lingerie&Nightwear,insense,1499.0,749.0,50.0
20767,19,Lingerie&Nightwear,myshka,2499.0,749.0,70.0
20768,20,Lingerie&Nightwear,insense,1499.0,749.0,50.0
20769,21,Lingerie&Nightwear,insense,599.0,299.0,50.0
20770,22,Lingerie&Nightwear,vastranand,2638.2167045910855,1925.3425560842963,44.84758845312988
20771,23,Lingerie&Nightwear,insense,1499.0,749.0,50.0
20772,24,Lingerie&Nightwear,insense,399.0,199.0,50.0
20773,25,Lingerie&Nightwear,enamor,949.0,474.0,50.0
20774,0,Lingerie&Nightwear,insense,1199.0,599.0,50.0
20775,1,Lingerie&Nightwear,clovia,342.0,137.0,60.0
20776,2,Lingerie&Nightwear,sweet dreams,1799.0,1259.0,30.0
20777,3,Lingerie&Nightwear,insense,799.0,399.0,50.0
20778,4,Lingerie&Nightwear,insense,499.0,249.0,50.0
20779,5,Lingerie&Nightwear,enamor,799.0,399.0,50.0
20780,6,Lingerie&Nightwear,insense,799.0,399.0,50.0
20781,7,Lingerie&Nightwear,enamor,699.0,349.0,50.0
20782,8,Lingerie&Nightwear,insense,1199.0,599.0,50.0
20783,9,Lingerie&Nightwear,insense,499.0,249.0,50.0
20784,10,Lingerie&Nightwear,insense,1499.0,749.0,50.0
20785,11,Lingerie&Nightwear,insense,499.0,249.0,50.0
20786,12,Lingerie&Nightwear,enamor,399.0,199.0,50.0
20787,13,Lingerie&Nightwear,insense,999.0,499.0,50.0
20788,14,Lingerie&Nightwear,enamor,949.0,474.0,50.0
20789,15,Lingerie&Nightwear,enamor,699.0,349.0,50.0
20790,16,Lingerie&Nightwear,insense,499.0,249.0,50.0
20791,17,Lingerie&Nightwear,insense,799.0,399.0,50.0
20792,18,Lingerie&Nightwear,insense,499.0,249.0,50.0
20793,19,Lingerie&Nightwear,insense,799.0,399.0,50.0
20794,20,Lingerie&Nightwear,insense,499.0,249.0,50.0
20795,21,Lingerie&Nightwear,insense,1299.0,649.0,50.0
20797,23,Lingerie&Nightwear,insense,399.0,199.0,50.0
20798,24,Lingerie&Nightwear,enamor,1199.0,599.0,50.0
20799,25,Lingerie&Nightwear,triumph,1499.0,749.0,50.0
20800,0,Lingerie&Nightwear,insense,799.0,399.0,50.0
20801,1,Lingerie&Nightwear,enamor,1099.0,549.0,50.0
20802,2,Lingerie&Nightwear,enamor,949.0,474.0,50.0
20803,3,Lingerie&Nightwear,insense,499.0,249.0,50.0
20804,4,Lingerie&Nightwear,insense,599.0,299.0,50.0
20805,5,Lingerie&Nightwear,enamor,699.0,349.0,50.0
20806,6,Lingerie&Nightwear,insense,1199.0,599.0,50.0
20807,7,Lingerie&Nightwear,insense,1299.0,649.0,50.0
20808,8,Lingerie&Nightwear,insense,399.0,199.0,50.0
20809,9,Lingerie&Nightwear,triumph,999.0,499.0,50.0
20810,10,Lingerie&Nightwear,enamor,399.0,199.0,50.0
20811,11,Lingerie&Nightwear,insense,999.0,499.0,50.0
20812,12,Lingerie&Nightwear,enamor,799.0,399.0,50.0
20813,13,Lingerie&Nightwear,enamor,699.0,349.0,50.0
20814,14,Lingerie&Nightwear,insense,799.0,399.0,50.0
20815,15,Lingerie&Nightwear,insense,1299.0,649.0,50.0
20816,16,Lingerie&Nightwear,enamor,749.0,374.0,50.0
20817,17,Lingerie&Nightwear,insense,1299.0,649.0,50.0
20818,18,Lingerie&Nightwear,insense,999.0,499.0,50.0
20819,19,Lingerie&Nightwear,enamor,799.0,399.0,50.0
20820,20,Lingerie&Nightwear,amante,1295.0,647.0,50.0
20821,21,Lingerie&Nightwear,insense,899.0,449.0,50.0
20823,23,Lingerie&Nightwear,insense,499.0,249.0,50.0
20824,24,Lingerie&Nightwear,clovia,599.0,239.0,60.0
20825,25,Lingerie&Nightwear,insense,499.0,249.0,50.0
20826,0,Lingerie&Nightwear,enamor,699.0,349.0,50.0
20827,1,Lingerie&Nightwear,myshka,3999.0,799.0,80.0
20828,2,Lingerie&Nightwear,enamor,799.0,399.0,50.0
20829,3,Lingerie&Nightwear,enamor,1399.0,699.0,50.0
20830,4,Lingerie&Nightwear,sweet dreams,1799.0,1259.0,30.0
20831,5,Lingerie&Nightwear,insense,599.0,299.0,50.0
20832,6,Lingerie&Nightwear,enamor,949.0,474.0,50.0
20833,7,Lingerie&Nightwear,insense,799.0,399.0,50.0
20834,8,Lingerie&Nightwear,insense,499.0,249.0,50.0
20835,9,Lingerie&Nightwear,insense,499.0,249.0,50.0
20836,10,Lingerie&Nightwear,enamor,799.0,399.0,50.0
20837,11,Lingerie&Nightwear,enamor,399.0,199.0,50.0
20838,12,Lingerie&Nightwear,insense,499.0,249.0,50.0
20839,13,Lingerie&Nightwear,insense,1499.0,749.0,50.0
20840,14,Lingerie&Nightwear,enamor,1199.0,599.0,50.0
20841,15,Lingerie&Nightwear,enamor,409.0,286.0,30.0
20842,16,Lingerie&Nightwear,enamor,949.0,474.0,50.0
20843,17,Lingerie&Nightwear,insense,499.0,249.0,50.0
20844,18,Lingerie&Nightwear,insense,499.0,249.0,50.0
20845,19,Lingerie&Nightwear,enamor,399.0,199.0,50.0
20846,20,Lingerie&Nightwear,triumph,1199.0,599.0,50.0
20847,21,Lingerie&Nightwear,enamor,699.0,349.0,50.0
20849,23,Lingerie&Nightwear,enamor,399.0,199.0,50.0
20850,24,Lingerie&Nightwear,insense,599.0,299.0,50.0
20851,25,Lingerie&Nightwear,enamor,949.0,474.0,50.0
20852,0,Lingerie&Nightwear,insense,1299.0,649.0,50.0
20853,1,Lingerie&Nightwear,enamor,949.0,474.0,50.0
20854,2,Lingerie&Nightwear,enamor,699.0,349.0,50.0
20855,3,Lingerie&Nightwear,insense,799.0,399.0,50.0
20856,4,Lingerie&Nightwear,myshka,2499.0,749.0,70.0
20857,5,Lingerie&Nightwear,insense,499.0,249.0,50.0
20858,6,Lingerie&Nightwear,insense,599.0,299.0,50.0
20859,7,Lingerie&Nightwear,insense,1299.0,649.0,50.0
20860,8,Lingerie&Nightwear,enamor,949.0,474.0,50.0
20861,9,Lingerie&Nightwear,insense,499.0,249.0,50.0
20862,10,Lingerie&Nightwear,madame,1199.0,719.0,40.0
20863,11,Lingerie&Nightwear,enamor,1099.0,549.0,50.0
20864,12,Lingerie&Nightwear,enamor,1099.0,549.0,50.0
20865,13,Lingerie&Nightwear,enamor,949.0,474.0,50.0
20866,14,Lingerie&Nightwear,insense,399.0,199.0,50.0
20867,15,Lingerie&Nightwear,enamor,799.0,399.0,50.0
20868,16,Lingerie&Nightwear,insense,899.0,449.0,50.0
20869,17,Lingerie&Nightwear,insense,1299.0,649.0,50.0
20870,18,Lingerie&Nightwear,insense,999.0,499.0,50.0
20871,19,Lingerie&Nightwear,insense,399.0,199.0,50.0
20872,20,Lingerie&Nightwear,insense,399.0,119.0,70.0
20873,21,Lingerie&Nightwear,enamor,1049.0,524.0,50.0
20875,23,Lingerie&Nightwear,insense,399.0,199.0,50.0
20876,24,Lingerie&Nightwear,insense,1199.0,599.0,50.0
20877,25,Lingerie&Nightwear,sweet dreams,1899.0,1329.0,30.0
20878,0,Lingerie&Nightwear,insense,1499.0,749.0,50.0
20879,1,Lingerie&Nightwear,enamor,1049.0,524.0,50.0
20880,2,Lingerie&Nightwear,enamor,699.0,349.0,50.0
20881,3,Lingerie&Nightwear,insense,999.0,499.0,50.0
20882,4,Lingerie&Nightwear,madame,1799.0,1079.0,40.0
20883,5,Lingerie&Nightwear,insense,499.0,249.0,50.0
20884,6,Lingerie&Nightwear,insense,1299.0,649.0,50.0
20885,7,Lingerie&Nightwear,insense,599.0,299.0,50.0
20886,8,Lingerie&Nightwear,triumph,1699.0,849.0,50.0
20887,9,Lingerie&Nightwear,enamor,799.0,399.0,50.0
20888,10,Lingerie&Nightwear,insense,599.0,299.0,50.0
20889,11,Lingerie&Nightwear,shaya by caratlane,2638.2167045910855,1550.0,44.84758845312988
20890,12,Lingerie&Nightwear,triumph,2638.2167045910855,1599.0,44.84758845312988
20891,13,Lingerie&Nightwear,insense,499.0,249.0,50.0
20892,14,Lingerie&Nightwear,enamor,599.0,299.0,50.0
20893,15,Lingerie&Nightwear,enamor,779.0,389.0,50.0
20894,16,Lingerie&Nightwear,enamor,849.0,424.0,50.0
20895,17,Lingerie&Nightwear,insense,399.0,199.0,50.0
20896,18,Lingerie&Nightwear,enamor,749.0,374.0,50.0
20897,19,Lingerie&Nightwear,insense,1199.0,599.0,50.0
20898,20,Lingerie&Nightwear,enamor,399.0,199.0,50.0
20899,21,Lingerie&Nightwear,insense,1499.0,749.0,50.0
20901,23,Lingerie&Nightwear,triumph,1099.0,549.0,50.0
20902,24,Lingerie&Nightwear,enamor,799.0,399.0,50.0
20903,25,Lingerie&Nightwear,enamor,1099.0,549.0,50.0
20904,0,Lingerie&Nightwear,insense,1199.0,599.0,50.0
20905,1,Lingerie&Nightwear,juniper,2299.0,1609.0,30.0
20906,2,Lingerie&Nightwear,madame,1499.0,899.0,40.0
20907,3,Lingerie&Nightwear,insense,499.0,249.0,50.0
20908,4,Lingerie&Nightwear,shaya by caratlane,2100.0,1995.0,5.0
20909,5,Lingerie&Nightwear,insense,399.0,199.0,50.0
20910,6,Lingerie&Nightwear,enamor,705.0,352.0,50.0
20911,7,Lingerie&Nightwear,insense,1199.0,599.0,50.0
20912,8,Lingerie&Nightwear,myshka,2999.0,599.0,80.0
20913,9,Lingerie&Nightwear,insense,1299.0,649.0,50.0
20914,10,Lingerie&Nightwear,triumph,1249.0,624.0,50.0
20915,11,Lingerie&Nightwear,insense,999.0,499.0,50.0
20916,12,Lingerie&Nightwear,insense,399.0,119.0,70.0
20917,13,Lingerie&Nightwear,enamor,399.0,199.0,50.0
20918,14,Lingerie&Nightwear,enamor,699.0,349.0,50.0
20919,15,Lingerie&Nightwear,insense,499.0,249.0,50.0
20920,16,Lingerie&Nightwear,insense,499.0,249.0,50.0
20921,17,Lingerie&Nightwear,nayomi,499.0,149.0,70.0
20922,18,Lingerie&Nightwear,insense,499.0,249.0,50.0
20923,19,Lingerie&Nightwear,enamor,659.0,329.0,50.0
20924,20,Lingerie&Nightwear,juniper,2299.0,804.0,65.0
20925,21,Lingerie&Nightwear,enamor,949.0,474.0,50.0
20927,23,Lingerie&Nightwear,enamor,399.0,199.0,50.0
20928,24,Lingerie&Nightwear,insense,999.0,499.0,50.0
20929,25,Lingerie&Nightwear,insense,999.0,499.0,50.0
20930,0,Lingerie&Nightwear,insense,399.0,199.0,50.0
20931,1,Lingerie&Nightwear,enamor,699.0,349.0,50.0
20932,2,Lingerie&Nightwear,enamor,1099.0,549.0,50.0
20933,3,Lingerie&Nightwear,insense,999.0,499.0,50.0
20934,4,Lingerie&Nightwear,insense,499.0,249.0,50.0
20935,5,Lingerie&Nightwear,enamor,949.0,474.0,50.0
20936,6,Lingerie&Nightwear,insense,799.0,399.0,50.0
20937,7,Lingerie&Nightwear,enamor,399.0,199.0,50.0
20938,8,Lingerie&Nightwear,enamor,409.0,286.0,30.0
20939,9,Lingerie&Nightwear,madame,1999.0,1199.0,40.0
20940,10,Lingerie&Nightwear,insense,399.0,199.0,50.0
20941,11,Lingerie&Nightwear,enamor,699.0,349.0,50.0
20942,12,Lingerie&Nightwear,enamor,399.0,199.0,50.0
20943,13,Lingerie&Nightwear,enamor,1099.0,549.0,50.0
20944,14,Lingerie&Nightwear,enamor,779.0,389.0,50.0
20945,15,Lingerie&Nightwear,insense,399.0,119.0,70.0
20946,16,Lingerie&Nightwear,enamor,1399.0,699.0,50.0
20947,17,Lingerie&Nightwear,madame,1199.0,719.0,40.0
20948,18,Lingerie&Nightwear,insense,399.0,199.0,50.0
20949,19,Lingerie&Nightwear,insense,399.0,199.0,50.0
20950,20,Lingerie&Nightwear,enamor,399.0,199.0,50.0
20951,21,Lingerie&Nightwear,enamor,399.0,199.0,50.0
20953,23,Lingerie&Nightwear,insense,399.0,199.0,50.0
20954,24,Lingerie&Nightwear,insense,799.0,399.0,50.0
20955,25,Lingerie&Nightwear,enamor,899.0,449.0,50.0
20956,0,Lingerie&Nightwear,enamor,1049.0,524.0,50.0
20957,1,Lingerie&Nightwear,insense,1299.0,649.0,50.0
20958,2,Lingerie&Nightwear,madame,1599.0,959.0,40.0
20959,3,Lingerie&Nightwear,insense,1299.0,649.0,50.0
20960,4,Lingerie&Nightwear,enamor,949.0,474.0,50.0
20961,5,Lingerie&Nightwear,insense,599.0,299.0,50.0
20962,6,Lingerie&Nightwear,insense,799.0,399.0,50.0
20963,7,Lingerie&Nightwear,madame,1099.0,659.0,40.0
20964,8,Lingerie&Nightwear,enamor,1399.0,839.0,40.0
20965,9,Lingerie&Nightwear,amante,695.0,347.0,50.0
20966,10,Lingerie&Nightwear,enamor,1099.0,549.0,50.0
20967,11,Lingerie&Nightwear,insense,499.0,249.0,50.0
20968,12,Lingerie&Nightwear,triumph,2699.0,1349.0,50.0
20969,13,Lingerie&Nightwear,triumph,1099.0,549.0,50.0
20970,14,Lingerie&Nightwear,myshka,2999.0,749.0,75.0
20971,15,Lingerie&Nightwear,insense,799.0,399.0,50.0
20972,16,Lingerie&Nightwear,triumph,1199.0,599.0,50.0
20973,17,Lingerie&Nightwear,insense,799.0,399.0,50.0
20974,18,Lingerie&Nightwear,enamor,399.0,199.0,50.0
20975,19,Lingerie&Nightwear,insense,499.0,249.0,50.0
20976,20,Lingerie&Nightwear,triumph,1499.0,749.0,50.0
20977,21,Lingerie&Nightwear,insense,799.0,399.0,50.0
20979,23,Lingerie&Nightwear,insense,799.0,399.0,50.0
20980,24,Lingerie&Nightwear,enamor,699.0,349.0,50.0
20981,25,Lingerie&Nightwear,enamor,1099.0,549.0,50.0
20982,0,Lingerie&Nightwear,insense,599.0,299.0,50.0
20983,1,Lingerie&Nightwear,insense,499.0,249.0,50.0
20984,2,Lingerie&Nightwear,enamor,1199.0,599.0,50.0
20985,3,Lingerie&Nightwear,insense,499.0,249.0,50.0
20986,4,Lingerie&Nightwear,insense,799.0,399.0,50.0
20987,5,Lingerie&Nightwear,enamor,1099.0,549.0,50.0
20988,6,Lingerie&Nightwear,enamor,1099.0,549.0,50.0
20989,7,Lingerie&Nightwear,enamor,799.0,399.0,50.0
20990,8,Lingerie&Nightwear,enamor,849.0,424.0,50.0
20991,9,Lingerie&Nightwear,enamor,399.0,199.0,50.0
20992,10,Lingerie&Nightwear,infuse,499.0,199.0,60.0
20993,11,Lingerie&Nightwear,enamor,399.0,199.0,50.0
20994,12,Lingerie&Nightwear,triumph,744.0,446.0,40.0
20995,13,Lingerie&Nightwear,enamor,799.0,399.0,50.0
20996,14,Lingerie&Nightwear,insense,799.0,399.0,50.0
20997,15,Lingerie&Nightwear,jockey,2638.2167045910855,259.0,44.84758845312988
20998,16,Lingerie&Nightwear,enamor,409.0,286.0,30.0
20999,17,Lingerie&Nightwear,insense,599.0,299.0,50.0
21000,18,Lingerie&Nightwear,enamor,1049.0,524.0,50.0
21001,19,Lingerie&Nightwear,enamor,849.0,224.0,74.0
21002,20,Lingerie&Nightwear,enamor,409.0,286.0,30.0
21003,21,Lingerie&Nightwear,madame,1999.0,1199.0,40.0
21005,23,Lingerie&Nightwear,madame,1499.0,899.0,40.0
21006,24,Lingerie&Nightwear,erotissch,1600.0,720.0,55.0
21007,25,Lingerie&Nightwear,enamor,399.0,199.0,50.0
21008,0,Lingerie&Nightwear,enamor,799.0,399.0,50.0
21009,1,Lingerie&Nightwear,triumph,1299.0,649.0,50.0
21010,2,Lingerie&Nightwear,insense,999.0,499.0,50.0
21011,3,Lingerie&Nightwear,insense,1199.0,599.0,50.0
21012,4,Lingerie&Nightwear,insense,799.0,399.0,50.0
21013,5,Lingerie&Nightwear,triumph,2638.2167045910855,1199.0,44.84758845312988
21014,6,Lingerie&Nightwear,enamor,399.0,199.0,50.0
21015,7,Lingerie&Nightwear,insense,999.0,499.0,50.0
21016,8,Lingerie&Nightwear,insense,999.0,499.0,50.0
21017,9,Lingerie&Nightwear,insense,499.0,249.0,50.0
21018,10,Lingerie&Nightwear,insense,1299.0,649.0,50.0
21019,11,Lingerie&Nightwear,insense,499.0,249.0,50.0
21020,12,Lingerie&Nightwear,enamor,1099.0,769.0,30.0
21021,13,Lingerie&Nightwear,insense,399.0,199.0,50.0
21022,14,Lingerie&Nightwear,enamor,399.0,199.0,50.0
21023,15,Lingerie&Nightwear,insense,399.0,199.0,50.0
21024,16,Lingerie&Nightwear,insense,999.0,499.0,50.0
21025,17,Lingerie&Nightwear,enamor,2638.2167045910855,1449.0,44.84758845312988
21026,18,Lingerie&Nightwear,madame,1099.0,659.0,40.0
21027,19,Lingerie&Nightwear,insense,499.0,249.0,50.0
21028,20,Lingerie&Nightwear,insense,399.0,199.0,50.0
21029,21,Lingerie&Nightwear,infuse,799.0,319.0,60.0
21031,23,Lingerie&Nightwear,insense,799.0,399.0,50.0
21032,24,Lingerie&Nightwear,triumph,1899.0,949.0,50.0
21033,25,Lingerie&Nightwear,insense,499.0,249.0,50.0
21034,0,Lingerie&Nightwear,triumph,1249.0,624.0,50.0
21035,1,Lingerie&Nightwear,triumph,1699.0,849.0,50.0
21036,2,Lingerie&Nightwear,infuse,799.0,319.0,60.0
21037,3,Lingerie&Nightwear,enamor,2638.2167045910855,469.0,44.84758845312988
21038,4,Lingerie&Nightwear,insense,399.0,199.0,50.0
21039,5,Lingerie&Nightwear,insense,599.0,299.0,50.0
21040,6,Lingerie&Nightwear,madame,1099.0,659.0,40.0
21041,7,Lingerie&Nightwear,enamor,949.0,474.0,50.0
21042,8,Lingerie&Nightwear,insense,1299.0,649.0,50.0
21043,9,Lingerie&Nightwear,enamor,699.0,489.0,30.0
21044,10,Lingerie&Nightwear,clovia,342.0,137.0,60.0
21045,11,Lingerie&Nightwear,insense,599.0,299.0,50.0
21046,12,Lingerie&Nightwear,life,699.0,489.0,30.0
21047,13,Lingerie&Nightwear,myshka,3499.0,874.0,75.0
21049,15,Lingerie&Nightwear,triumph,1499.0,749.0,50.0
21050,16,Lingerie&Nightwear,insense,499.0,249.0,50.0
21051,17,Lingerie&Nightwear,enamor,399.0,199.0,50.0
21052,18,Lingerie&Nightwear,insense,499.0,249.0,50.0
21053,19,Lingerie&Nightwear,insense,499.0,249.0,50.0
21054,20,Lingerie&Nightwear,insense,799.0,399.0,50.0
21055,21,Lingerie&Nightwear,enamor,599.0,299.0,50.0
21057,23,Lingerie&Nightwear,jockey,2638.2167045910855,429.0,44.84758845312988
21058,24,Lingerie&Nightwear,enamor,649.0,324.0,50.0
21059,25,Lingerie&Nightwear,insense,599.0,299.0,50.0
21060,0,Lingerie&Nightwear,insense,499.0,249.0,50.0
21061,1,Lingerie&Nightwear,insense,499.0,249.0,50.0
21062,2,Lingerie&Nightwear,enamor,799.0,399.0,50.0
21063,3,Lingerie&Nightwear,insense,499.0,249.0,50.0
21064,4,Lingerie&Nightwear,triumph,2638.2167045910855,1799.0,44.84758845312988
21065,5,Lingerie&Nightwear,insense,799.0,399.0,50.0
21066,6,Lingerie&Nightwear,enamor,1049.0,524.0,50.0
21067,7,Lingerie&Nightwear,enamor,1099.0,549.0,50.0
21068,8,Lingerie&Nightwear,enamor,300.0,150.0,50.0
21069,9,Lingerie&Nightwear,triumph,799.0,399.0,50.0
21070,10,Lingerie&Nightwear,insense,399.0,199.0,50.0
21071,11,Lingerie&Nightwear,enamor,849.0,424.0,50.0
21072,12,Lingerie&Nightwear,insense,499.0,249.0,50.0
21073,13,Lingerie&Nightwear,enamor,1049.0,524.0,50.0
21074,14,Lingerie&Nightwear,amante,695.0,417.0,40.0
21075,15,Lingerie&Nightwear,insense,399.0,199.0,50.0
21076,16,Lingerie&Nightwear,insense,1299.0,649.0,50.0
21077,17,Lingerie&Nightwear,insense,399.0,199.0,50.0
21078,18,Lingerie&Nightwear,insense,899.0,449.0,50.0
21079,19,Lingerie&Nightwear,enamor,2638.2167045910855,1449.0,44.84758845312988
21080,20,Lingerie&Nightwear,insense,1199.0,599.0,50.0
21081,21,Lingerie&Nightwear,enamor,1049.0,524.0,50.0
21083,23,Lingerie&Nightwear,enamor,1499.0,749.0,50.0
21084,24,Lingerie&Nightwear,enamor,749.0,374.0,50.0
21085,25,Lingerie&Nightwear,insense,499.0,249.0,50.0
21086,0,Lingerie&Nightwear,enamor,1099.0,549.0,50.0
21087,1,Lingerie&Nightwear,infuse,499.0,199.0,60.0
21088,2,Lingerie&Nightwear,insense,399.0,199.0,50.0
21089,3,Lingerie&Nightwear,enamor,1699.0,849.0,50.0
21090,4,Lingerie&Nightwear,insense,499.0,249.0,50.0
21091,5,Lingerie&Nightwear,enamor,799.0,399.0,50.0
21092,6,Lingerie&Nightwear,triumph,1249.0,624.0,50.0
21093,7,Lingerie&Nightwear,insense,1299.0,649.0,50.0
21094,8,Lingerie&Nightwear,triumph,1899.0,949.0,50.0
21095,9,Lingerie&Nightwear,enamor,2638.2167045910855,649.0,44.84758845312988
21096,10,Lingerie&Nightwear,kaftan company,2638.2167045910855,2899.0,44.84758845312988
21097,11,Lingerie&Nightwear,sweet dreams,1999.0,1399.0,30.0
21098,12,Lingerie&Nightwear,myshka,3999.0,799.0,80.0
21099,13,Lingerie&Nightwear,enamor,759.0,379.0,50.0
21100,14,Lingerie&Nightwear,enamor,2638.2167045910855,1449.0,44.84758845312988
21101,15,Lingerie&Nightwear,insense,999.0,499.0,50.0
21102,16,Lingerie&Nightwear,erotissch,499.0,224.0,55.0
21103,17,Lingerie&Nightwear,insense,499.0,249.0,50.0
21104,18,Lingerie&Nightwear,jockey,2638.2167045910855,259.0,44.84758845312988
21105,19,Lingerie&Nightwear,enamor,799.0,399.0,50.0
21106,20,Lingerie&Nightwear,insense,399.0,199.0,50.0
21107,21,Lingerie&Nightwear,triumph,2638.2167045910855,1699.0,44.84758845312988
21109,23,Lingerie&Nightwear,insense,399.0,199.0,50.0
21110,24,Lingerie&Nightwear,insense,799.0,399.0,50.0
21111,25,Lingerie&Nightwear,insense,599.0,299.0,50.0
21112,0,Lingerie&Nightwear,triumph,2638.2167045910855,1099.0,44.84758845312988
21113,1,Lingerie&Nightwear,enamor,899.0,449.0,50.0
21114,2,Lingerie&Nightwear,enamor,779.0,389.0,50.0
21115,3,Lingerie&Nightwear,insense,499.0,249.0,50.0
21116,4,Lingerie&Nightwear,insense,499.0,249.0,50.0
21117,5,Lingerie&Nightwear,sweet dreams,1699.0,1189.0,30.0
21118,6,Lingerie&Nightwear,insense,1299.0,649.0,50.0
21119,7,Lingerie&Nightwear,infuse,799.0,319.0,60.0
21120,8,Lingerie&Nightwear,insense,1499.0,749.0,50.0
21121,9,Lingerie&Nightwear,insense,499.0,249.0,50.0
21122,10,Lingerie&Nightwear,insense,1299.0,649.0,50.0
21123,11,Lingerie&Nightwear,kaftan company,2638.2167045910855,2199.0,44.84758845312988
21124,12,Lingerie&Nightwear,insense,599.0,299.0,50.0
21125,13,Lingerie&Nightwear,insense,999.0,499.0,50.0
21126,14,Lingerie&Nightwear,insense,499.0,249.0,50.0
21127,15,Lingerie&Nightwear,insense,399.0,199.0,50.0
21128,16,Lingerie&Nightwear,life,1199.0,599.0,50.0
21129,17,Lingerie&Nightwear,triumph,1099.0,549.0,50.0
21130,18,Lingerie&Nightwear,madame,1199.0,719.0,40.0
21131,19,Lingerie&Nightwear,insense,1299.0,649.0,50.0
21132,20,Lingerie&Nightwear,insense,1499.0,749.0,50.0
21133,21,Lingerie&Nightwear,insense,899.0,449.0,50.0
21135,23,Lingerie&Nightwear,enamor,1499.0,749.0,50.0
21136,24,Lingerie&Nightwear,enamor,1399.0,839.0,40.0
21137,25,Lingerie&Nightwear,insense,999.0,499.0,50.0
21138,0,Lingerie&Nightwear,enamor,399.0,199.0,50.0
21139,1,Lingerie&Nightwear,insense,399.0,199.0,50.0
21140,2,Lingerie&Nightwear,enamor,779.0,389.0,50.0
21141,3,Lingerie&Nightwear,insense,499.0,249.0,50.0
21142,4,Lingerie&Nightwear,enamor,1849.0,924.0,50.0
21143,5,Lingerie&Nightwear,insense,899.0,449.0,50.0
21144,6,Lingerie&Nightwear,enamor,699.0,349.0,50.0
21145,7,Lingerie&Nightwear,enamor,409.0,286.0,30.0
21146,8,Lingerie&Nightwear,enamor,1849.0,924.0,50.0
21147,9,Lingerie&Nightwear,insense,499.0,249.0,50.0
21148,10,Lingerie&Nightwear,insense,399.0,199.0,50.0
21149,11,Lingerie&Nightwear,enamor,399.0,199.0,50.0
21150,12,Lingerie&Nightwear,madame,1099.0,659.0,40.0
21151,13,Lingerie&Nightwear,insense,1299.0,649.0,50.0
21152,14,Lingerie&Nightwear,enamor,2638.2167045910855,1449.0,44.84758845312988
21153,15,Lingerie&Nightwear,clovia,600.0,240.0,60.0
21154,16,Lingerie&Nightwear,clovia,499.0,199.0,60.0
21155,17,Lingerie&Nightwear,sweet dreams,1999.0,1399.0,30.0
21156,18,Lingerie&Nightwear,enamor,799.0,399.0,50.0
21157,19,Lingerie&Nightwear,insense,399.0,199.0,50.0
21158,20,Lingerie&Nightwear,insense,799.0,399.0,50.0
21159,21,Lingerie&Nightwear,clovia,999.0,699.0,30.0
21161,23,Lingerie&Nightwear,insense,1199.0,599.0,50.0
21162,24,Lingerie&Nightwear,enamor,2638.2167045910855,1299.0,44.84758845312988
21163,25,Lingerie&Nightwear,enamor,1049.0,524.0,50.0
21164,0,Lingerie&Nightwear,insense,599.0,299.0,50.0
21165,1,Lingerie&Nightwear,insense,499.0,249.0,50.0
21166,2,Lingerie&Nightwear,insense,499.0,249.0,50.0
21167,3,Lingerie&Nightwear,enamor,1049.0,524.0,50.0
21168,4,Lingerie&Nightwear,clovia,599.0,359.0,40.0
21169,5,Lingerie&Nightwear,insense,499.0,249.0,50.0
21170,6,Lingerie&Nightwear,insense,399.0,119.0,70.0
21171,7,Lingerie&Nightwear,enamor,1399.0,699.0,50.0
21172,8,Lingerie&Nightwear,triumph,599.0,299.0,50.0
21173,9,Lingerie&Nightwear,enamor,779.0,389.0,50.0
21174,10,Lingerie&Nightwear,triumph,1899.0,1139.0,40.0
21175,11,Lingerie&Nightwear,insense,399.0,119.0,70.0
21176,12,Lingerie&Nightwear,enamor,749.0,374.0,50.0
21177,13,Lingerie&Nightwear,insense,599.0,299.0,50.0
21178,14,Lingerie&Nightwear,insense,399.0,199.0,50.0
21179,15,Lingerie&Nightwear,enamor,1299.0,649.0,50.0
21180,16,Lingerie&Nightwear,insense,799.0,399.0,50.0
21181,17,Lingerie&Nightwear,erotissch,1600.0,720.0,55.0
21182,18,Lingerie&Nightwear,jockey,2638.2167045910855,629.0,44.84758845312988
21183,19,Lingerie&Nightwear,insense,2638.2167045910855,799.0,44.84758845312988
21184,20,Lingerie&Nightwear,insense,799.0,399.0,50.0
21185,21,Lingerie&Nightwear,triumph,1499.0,749.0,50.0
21187,23,Lingerie&Nightwear,enamor,779.0,389.0,50.0
21188,24,Lingerie&Nightwear,clovia,342.0,137.0,60.0
21189,25,Lingerie&Nightwear,enamor,1049.0,524.0,50.0
21190,0,Lingerie&Nightwear,enamor,399.0,199.0,50.0
21191,1,Lingerie&Nightwear,faballey,1900.0,950.0,50.0
21192,2,Lingerie&Nightwear,triumph,1199.0,599.0,50.0
21193,3,Lingerie&Nightwear,insense,499.0,249.0,50.0
21194,4,Lingerie&Nightwear,insense,599.0,299.0,50.0
21195,5,Lingerie&Nightwear,triumph,744.0,446.0,40.0
21196,6,Lingerie&Nightwear,enamor,1749.0,1049.0,40.0
21197,7,Lingerie&Nightwear,insense,999.0,499.0,50.0
21198,8,Lingerie&Nightwear,triumph,799.0,399.0,50.0
21199,9,Lingerie&Nightwear,sweet dreams,1899.0,1329.0,30.0
21200,10,Lingerie&Nightwear,enamor,2638.2167045910855,1449.0,44.84758845312988
21201,11,Lingerie&Nightwear,triumph,2638.2167045910855,1099.0,44.84758845312988
21202,12,Lingerie&Nightwear,sweet dreams,1599.0,1119.0,30.0
21203,13,Lingerie&Nightwear,triumph,2638.2167045910855,1199.0,44.84758845312988
21204,14,Lingerie&Nightwear,enamor,1749.0,1049.0,40.0
21205,15,Lingerie&Nightwear,erotissch,1299.0,584.0,55.0
21206,16,Lingerie&Nightwear,parfait,2499.0,2249.0,10.0
21207,17,Lingerie&Nightwear,clovia,171.0,119.0,30.0
21208,18,Lingerie&Nightwear,insense,1299.0,649.0,50.0
21209,19,Lingerie&Nightwear,infuse,1999.0,999.0,50.0
21210,20,Lingerie&Nightwear,enamor,649.0,324.0,50.0
21211,21,Lingerie&Nightwear,insense,999.0,499.0,50.0
21213,23,Lingerie&Nightwear,triumph,2638.2167045910855,1799.0,44.84758845312988
21214,24,Lingerie&Nightwear,erotissch,1299.0,584.0,55.0
21215,25,Lingerie&Nightwear,insense,399.0,119.0,70.0
21216,0,Lingerie&Nightwear,insense,1299.0,649.0,50.0
21217,1,Lingerie&Nightwear,insense,499.0,249.0,50.0
21218,2,Lingerie&Nightwear,insense,899.0,449.0,50.0
21219,3,Lingerie&Nightwear,insense,999.0,499.0,50.0
21220,4,Lingerie&Nightwear,clovia,599.0,299.0,50.0
21221,5,Lingerie&Nightwear,insense,899.0,449.0,50.0
21222,6,Lingerie&Nightwear,enamor,868.0,520.0,40.0
21223,7,Lingerie&Nightwear,enamor,541.0,216.0,60.0
21224,8,Lingerie&Nightwear,insense,1299.0,649.0,50.0
21225,9,Lingerie&Nightwear,madame,1799.0,1079.0,40.0
21226,10,Lingerie&Nightwear,sweet dreams,1799.0,1259.0,30.0
21227,11,Lingerie&Nightwear,enamor,2638.2167045910855,1099.0,44.84758845312988
21228,12,Lingerie&Nightwear,insense,499.0,249.0,50.0
21229,13,Lingerie&Nightwear,faballey,739.0,369.0,50.0
21230,14,Lingerie&Nightwear,erotissch,1600.0,720.0,55.0
21231,15,Lingerie&Nightwear,enamor,1349.0,809.0,40.0
21232,16,Lingerie&Nightwear,insense,399.0,199.0,50.0
21233,17,Lingerie&Nightwear,enamor,2638.2167045910855,999.0,44.84758845312988
21234,18,Lingerie&Nightwear,insense,499.0,249.0,50.0
21235,19,Lingerie&Nightwear,madame,1399.0,839.0,40.0
21236,20,Lingerie&Nightwear,insense,1299.0,649.0,50.0
21237,21,Lingerie&Nightwear,insense,2638.2167045910855,299.0,44.84758845312988
21239,23,Lingerie&Nightwear,enamor,2638.2167045910855,1199.0,44.84758845312988
21240,24,Lingerie&Nightwear,triumph,1499.0,749.0,50.0
21241,25,Lingerie&Nightwear,insense,799.0,399.0,50.0
21242,0,Lingerie&Nightwear,madame,1899.0,1139.0,40.0
21243,1,Lingerie&Nightwear,insense,499.0,249.0,50.0
21244,2,Lingerie&Nightwear,clovia,799.0,319.0,60.0
21245,3,Lingerie&Nightwear,triumph,3699.0,1849.0,50.0
21246,4,Lingerie&Nightwear,enamor,2638.2167045910855,1149.0,44.84758845312988
21247,5,Lingerie&Nightwear,enamor,1099.0,549.0,50.0
21248,6,Lingerie&Nightwear,clovia,499.0,199.0,60.0
21249,7,Lingerie&Nightwear,enamor,390.0,195.0,50.0
21250,8,Lingerie&Nightwear,sweet dreams,859.0,601.0,30.0
21251,9,Lingerie&Nightwear,insense,1199.0,599.0,50.0
21252,10,Lingerie&Nightwear,insense,899.0,449.0,50.0
21253,11,Lingerie&Nightwear,erotissch,499.0,224.0,55.0
21254,12,Lingerie&Nightwear,erotissch,770.0,346.0,55.0
21255,13,Lingerie&Nightwear,enamor,409.0,286.0,30.0
21256,14,Lingerie&Nightwear,enamor,849.0,594.0,30.0
21257,15,Lingerie&Nightwear,insense,1299.0,649.0,50.0
21258,16,Lingerie&Nightwear,enamor,2638.2167045910855,1299.0,44.84758845312988
21259,17,Lingerie&Nightwear,insense,399.0,199.0,50.0
21260,18,Lingerie&Nightwear,enamor,649.0,324.0,50.0
21261,19,Lingerie&Nightwear,erotissch,499.0,224.0,55.0
21262,20,Lingerie&Nightwear,jockey,2638.2167045910855,418.0,44.84758845312988
21263,21,Lingerie&Nightwear,enamor,1849.0,924.0,50.0
21265,23,Lingerie&Nightwear,insense,999.0,499.0,50.0
21266,24,Lingerie&Nightwear,enamor,449.0,224.0,50.0
21267,25,Lingerie&Nightwear,juniper,2799.0,979.0,65.0
21268,0,Lingerie&Nightwear,enamor,699.0,349.0,50.0
21269,1,Lingerie&Nightwear,triumph,1899.0,1139.0,40.0
21270,2,Lingerie&Nightwear,enamor,849.0,594.0,30.0
21271,3,Lingerie&Nightwear,yuris,2199.0,989.0,55.0
21272,4,Lingerie&Nightwear,enamor,749.0,374.0,50.0
21273,5,Lingerie&Nightwear,enamor,749.0,374.0,50.0
21274,6,Lingerie&Nightwear,infuse,799.0,319.0,60.0
21275,7,Lingerie&Nightwear,sweet dreams,1999.0,1399.0,30.0
21276,8,Lingerie&Nightwear,triumph,549.0,274.0,50.0
21277,9,Lingerie&Nightwear,triumph,1499.0,749.0,50.0
21278,10,Lingerie&Nightwear,erotissch,1600.0,720.0,55.0
21279,11,Lingerie&Nightwear,enamor,1249.0,624.0,50.0
21280,12,Lingerie&Nightwear,insense,799.0,399.0,50.0
21281,13,Lingerie&Nightwear,wacoal,995.0,398.0,60.0
21282,14,Lingerie&Nightwear,jockey,2638.2167045910855,699.0,44.84758845312988
21283,15,Lingerie&Nightwear,enamor,1099.0,549.0,50.0
21284,16,Lingerie&Nightwear,clovia,599.0,239.0,60.0
21285,17,Lingerie&Nightwear,insense,499.0,249.0,50.0
21286,18,Lingerie&Nightwear,enamor,2638.2167045910855,299.0,44.84758845312988
21287,19,Lingerie&Nightwear,enamor,659.0,329.0,50.0
21288,20,Lingerie&Nightwear,van heusen,2638.2167045910855,299.0,44.84758845312988
21289,21,Lingerie&Nightwear,madame,1199.0,719.0,40.0
21291,23,Lingerie&Nightwear,triumph,1899.0,1139.0,40.0
21292,24,Lingerie&Nightwear,insense,2638.2167045910855,799.0,44.84758845312988
21293,25,Lingerie&Nightwear,triumph,2638.2167045910855,899.0,44.84758845312988
21294,0,Lingerie&Nightwear,insense,499.0,249.0,50.0
21295,1,Lingerie&Nightwear,clovia,342.0,205.0,40.0
21296,2,Lingerie&Nightwear,enamor,300.0,150.0,50.0
21297,3,Lingerie&Nightwear,enamor,2638.2167045910855,1799.0,44.84758845312988
21298,4,Lingerie&Nightwear,enamor,300.0,150.0,50.0
21299,5,Lingerie&Nightwear,jockey,2638.2167045910855,799.0,44.84758845312988
21300,6,Lingerie&Nightwear,amante,2638.2167045910855,1645.0,44.84758845312988
21301,7,Lingerie&Nightwear,sweet dreams,1999.0,1399.0,30.0
21302,8,Lingerie&Nightwear,insense,599.0,299.0,50.0
21303,9,Lingerie&Nightwear,insense,399.0,199.0,50.0
21304,10,Lingerie&Nightwear,insense,999.0,499.0,50.0
21305,11,Lingerie&Nightwear,infuse,799.0,319.0,60.0
21306,12,Lingerie&Nightwear,clovia,599.0,239.0,60.0
21307,13,Lingerie&Nightwear,life,1199.0,599.0,50.0
21308,14,Lingerie&Nightwear,insense,799.0,399.0,50.0
21309,15,Lingerie&Nightwear,insense,399.0,199.0,50.0
21310,16,Lingerie&Nightwear,insense,499.0,249.0,50.0
21311,17,Lingerie&Nightwear,sweet dreams,1799.0,1619.0,10.0
21312,18,Lingerie&Nightwear,jockey,2638.2167045910855,689.0,44.84758845312988
21313,19,Lingerie&Nightwear,enamor,699.0,349.0,50.0
21314,20,Lingerie&Nightwear,insense,799.0,399.0,50.0
21315,21,Lingerie&Nightwear,triumph,2599.0,1559.0,40.0
21317,23,Lingerie&Nightwear,triumph,1999.0,999.0,50.0
21318,24,Lingerie&Nightwear,triumph,1899.0,1139.0,40.0
21319,25,Lingerie&Nightwear,insense,499.0,249.0,50.0
21320,0,Lingerie&Nightwear,amante,995.0,597.0,40.0
21321,1,Lingerie&Nightwear,enamor,2638.2167045910855,1499.0,44.84758845312988
21322,2,Lingerie&Nightwear,enamor,1349.0,944.0,30.0
21323,3,Lingerie&Nightwear,triumph,2499.0,1249.0,50.0
21324,4,Lingerie&Nightwear,insense,399.0,199.0,50.0
21325,5,Lingerie&Nightwear,enamor,1299.0,779.0,40.0
21326,6,Lingerie&Nightwear,insense,999.0,499.0,50.0
21327,7,Lingerie&Nightwear,erotissch,499.0,224.0,55.0
21328,8,Lingerie&Nightwear,enamor,2638.2167045910855,1149.0,44.84758845312988
21329,9,Lingerie&Nightwear,clovia,599.0,239.0,60.0
21330,10,Lingerie&Nightwear,enamor,1349.0,944.0,30.0
21331,11,Lingerie&Nightwear,enamor,849.0,424.0,50.0
21332,12,Lingerie&Nightwear,adidas,2299.0,1609.0,30.0
21333,13,Lingerie&Nightwear,insense,799.0,399.0,50.0
21334,14,Lingerie&Nightwear,enamor,1499.0,749.0,50.0
21335,15,Lingerie&Nightwear,triumph,499.0,249.0,50.0
21336,16,Lingerie&Nightwear,sweet dreams,1049.0,629.0,40.0
21337,17,Lingerie&Nightwear,clovia,699.0,279.0,60.0
21338,18,Lingerie&Nightwear,enamor,749.0,374.0,50.0
21339,19,Lingerie&Nightwear,mystere paris,799.0,479.0,40.0
21340,20,Lingerie&Nightwear,erotissch,499.0,274.0,45.0
21341,21,Lingerie&Nightwear,infuse,1999.0,999.0,50.0
21343,23,Lingerie&Nightwear,yuris,2199.0,989.0,55.0
21344,24,Lingerie&Nightwear,erotissch,1600.0,720.0,55.0
21345,25,Lingerie&Nightwear,insense,499.0,249.0,50.0
21346,0,Lingerie&Nightwear,insense,499.0,249.0,50.0
21347,1,Lingerie&Nightwear,enamor,699.0,489.0,30.0
21348,2,Lingerie&Nightwear,jockey,2638.2167045910855,699.0,44.84758845312988
21349,3,Lingerie&Nightwear,insense,799.0,399.0,50.0
21350,4,Lingerie&Nightwear,erotissch,1600.0,720.0,55.0
21351,5,Lingerie&Nightwear,amante,945.0,567.0,40.0
21352,6,Lingerie&Nightwear,amante,2638.2167045910855,995.0,44.84758845312988
21353,7,Lingerie&Nightwear,amante,545.0,299.0,45.0
21354,8,Lingerie&Nightwear,enamor,669.0,468.0,30.0
21355,9,Lingerie&Nightwear,triumph,1299.0,649.0,50.0
21356,10,Lingerie&Nightwear,enamor,499.0,349.0,30.0
21357,11,Lingerie&Nightwear,sweet dreams,1899.0,1329.0,30.0
21358,12,Lingerie&Nightwear,triumph,1999.0,999.0,50.0
21359,13,Lingerie&Nightwear,enamor,1099.0,769.0,30.0
21360,14,Lingerie&Nightwear,enamor,749.0,374.0,50.0
21361,15,Lingerie&Nightwear,myshka,2499.0,749.0,70.0
21362,16,Lingerie&Nightwear,enamor,2638.2167045910855,999.0,44.84758845312988
21363,17,Lingerie&Nightwear,clovia,599.0,359.0,40.0
21364,18,Lingerie&Nightwear,kaftan company,2638.2167045910855,1999.0,44.84758845312988
21365,19,Lingerie&Nightwear,triumph,499.0,249.0,50.0
21366,20,Lingerie&Nightwear,jockey,2638.2167045910855,249.0,44.84758845312988
21367,21,Lingerie&Nightwear,triumph,2638.2167045910855,1799.0,44.84758845312988
21369,23,Lingerie&Nightwear,clovia,599.0,239.0,60.0
21370,24,Lingerie&Nightwear,triumph,799.0,399.0,50.0
21371,25,Lingerie&Nightwear,enamor,749.0,374.0,50.0
21372,0,Lingerie&Nightwear,insense,399.0,199.0,50.0
21373,1,Lingerie&Nightwear,enamor,749.0,374.0,50.0
21374,2,Lingerie&Nightwear,erotissch,690.0,310.0,55.0
21375,3,Lingerie&Nightwear,erotissch,499.0,224.0,55.0
21376,4,Lingerie&Nightwear,van heusen,2638.2167045910855,689.0,44.84758845312988
21377,5,Lingerie&Nightwear,enamor,849.0,594.0,30.0
21378,6,Lingerie&Nightwear,enamor,1499.0,749.0,50.0
21379,7,Lingerie&Nightwear,triumph,899.0,449.0,50.0
21380,8,Lingerie&Nightwear,insense,699.0,349.0,50.0
21381,9,Lingerie&Nightwear,sweet dreams,2099.0,1469.0,30.0
21382,10,Lingerie&Nightwear,insense,599.0,299.0,50.0
21383,11,Lingerie&Nightwear,enamor,390.0,195.0,50.0
21384,12,Lingerie&Nightwear,insense,399.0,199.0,50.0
21385,13,Lingerie&Nightwear,triumph,799.0,479.0,40.0
21386,14,Lingerie&Nightwear,insense,399.0,199.0,50.0
21387,15,Lingerie&Nightwear,enamor,2638.2167045910855,523.0,44.84758845312988
21388,16,Lingerie&Nightwear,insense,1299.0,649.0,50.0
21389,17,Lingerie&Nightwear,life,1199.0,599.0,50.0
21390,18,Lingerie&Nightwear,clovia,999.0,399.0,60.0
21391,19,Lingerie&Nightwear,enamor,299.0,209.0,30.0
21392,20,Lingerie&Nightwear,triumph,2638.2167045910855,1499.0,44.84758845312988
21393,21,Lingerie&Nightwear,insense,399.0,199.0,50.0
21395,23,Lingerie&Nightwear,erotissch,1600.0,720.0,55.0
21396,24,Lingerie&Nightwear,insense,799.0,399.0,50.0
21397,25,Lingerie&Nightwear,wacoal,395.0,197.0,50.0
21398,0,Lingerie&Nightwear,wacoal,595.0,416.0,30.0
21399,1,Lingerie&Nightwear,jockey,2638.2167045910855,549.0,44.84758845312988
21400,2,Lingerie&Nightwear,triumph,2638.2167045910855,1399.0,44.84758845312988
21401,3,Lingerie&Nightwear,insense,1299.0,649.0,50.0
21402,4,Lingerie&Nightwear,enamor,1049.0,524.0,50.0
21403,5,Lingerie&Nightwear,amante,2638.2167045910855,645.0,44.84758845312988
21404,6,Lingerie&Nightwear,amante,2638.2167045910855,295.0,44.84758845312988
21405,7,Lingerie&Nightwear,triumph,799.0,599.0,25.0
21406,8,Lingerie&Nightwear,insense,499.0,249.0,50.0
21407,9,Lingerie&Nightwear,adidas,2999.0,1499.0,50.0
21408,10,Lingerie&Nightwear,erotissch,2500.0,1000.0,60.0
21409,11,Lingerie&Nightwear,erotissch,659.0,296.0,55.0
21410,12,Lingerie&Nightwear,erotissch,1600.0,720.0,55.0
21411,13,Lingerie&Nightwear,triumph,2638.2167045910855,801.0,44.84758845312988
21412,14,Lingerie&Nightwear,enamor,749.0,374.0,50.0
21413,15,Lingerie&Nightwear,sweet dreams,1899.0,1329.0,30.0
21414,16,Lingerie&Nightwear,enamor,749.0,374.0,50.0
21415,17,Lingerie&Nightwear,enamor,649.0,324.0,50.0
21416,18,Lingerie&Nightwear,insense,599.0,299.0,50.0
21417,19,Lingerie&Nightwear,clovia,1999.0,799.0,60.0
21418,20,Lingerie&Nightwear,shaya by caratlane,2638.2167045910855,1700.0,44.84758845312988
21419,21,Lingerie&Nightwear,enamor,2638.2167045910855,1199.0,44.84758845312988
21421,23,Lingerie&Nightwear,jockey,2638.2167045910855,469.0,44.84758845312988
21422,24,Lingerie&Nightwear,triumph,2638.2167045910855,2999.0,44.84758845312988
21423,25,Lingerie&Nightwear,triumph,2099.0,1049.0,50.0
21424,0,Lingerie&Nightwear,insense,599.0,299.0,50.0
21425,1,Lingerie&Nightwear,triumph,2999.0,1499.0,50.0
21426,2,Lingerie&Nightwear,erotissch,1199.0,539.0,55.0
21427,3,Lingerie&Nightwear,clovia,599.0,239.0,60.0
21428,4,Lingerie&Nightwear,enamor,869.0,434.0,50.0
21429,5,Lingerie&Nightwear,enamor,2638.2167045910855,659.0,44.84758845312988
21430,6,Lingerie&Nightwear,enamor,1399.0,699.0,50.0
21431,7,Lingerie&Nightwear,triumph,1899.0,949.0,50.0
21432,8,Lingerie&Nightwear,insense,799.0,399.0,50.0
21433,9,Lingerie&Nightwear,van heusen,2638.2167045910855,499.0,44.84758845312988
21434,10,Lingerie&Nightwear,triumph,1499.0,749.0,50.0
21435,11,Lingerie&Nightwear,enamor,699.0,489.0,30.0
21436,12,Lingerie&Nightwear,wacoal,1495.0,1046.0,30.0
21437,13,Lingerie&Nightwear,sweet dreams,1799.0,1079.0,40.0
21438,14,Lingerie&Nightwear,triumph,599.0,299.0,50.0
21439,15,Lingerie&Nightwear,enamor,409.0,286.0,30.0
21440,16,Lingerie&Nightwear,infuse,799.0,319.0,60.0
21441,17,Lingerie&Nightwear,clovia,499.0,199.0,60.0
21442,18,Lingerie&Nightwear,clovia,499.0,199.0,60.0
21443,19,Lingerie&Nightwear,clovia,342.0,137.0,60.0
21444,20,Lingerie&Nightwear,amante,2638.2167045910855,1595.0,44.84758845312988
21445,21,Lingerie&Nightwear,jockey,2638.2167045910855,429.0,44.84758845312988
21447,23,Lingerie&Nightwear,sweet dreams,1499.0,899.0,40.0
21448,24,Lingerie&Nightwear,erotissch,499.0,224.0,55.0
21449,25,Lingerie&Nightwear,insense,599.0,299.0,50.0
21450,0,Lingerie&Nightwear,clovia,571.0,228.0,60.0
21451,1,Lingerie&Nightwear,clovia,499.0,299.0,40.0
21452,2,Lingerie&Nightwear,enamor,1199.0,599.0,50.0
21453,3,Lingerie&Nightwear,triumph,2699.0,1619.0,40.0
21454,4,Lingerie&Nightwear,erotissch,1600.0,720.0,55.0
21455,5,Lingerie&Nightwear,insense,1299.0,649.0,50.0
21456,6,Lingerie&Nightwear,clovia,342.0,205.0,40.0
21457,7,Lingerie&Nightwear,erotissch,499.0,224.0,55.0
21458,8,Lingerie&Nightwear,kaftan company,2638.2167045910855,1999.0,44.84758845312988
21459,9,Lingerie&Nightwear,enamor,2638.2167045910855,1849.0,44.84758845312988
21460,10,Lingerie&Nightwear,insense,1199.0,599.0,50.0
21461,11,Lingerie&Nightwear,van heusen,2638.2167045910855,479.0,44.84758845312988
21462,12,Lingerie&Nightwear,triumph,799.0,599.0,25.0
21463,13,Lingerie&Nightwear,enamor,2638.2167045910855,729.0,44.84758845312988
21464,14,Lingerie&Nightwear,infuse,1999.0,999.0,50.0
21465,15,Lingerie&Nightwear,jockey,2638.2167045910855,439.0,44.84758845312988
21466,16,Lingerie&Nightwear,enamor,849.0,424.0,50.0
21467,17,Lingerie&Nightwear,enamor,2638.2167045910855,1399.0,44.84758845312988
21468,18,Lingerie&Nightwear,enamor,2638.2167045910855,299.0,44.84758845312988
21469,19,Lingerie&Nightwear,enamor,2638.2167045910855,1149.0,44.84758845312988
21470,20,Lingerie&Nightwear,sweet dreams,1799.0,1259.0,30.0
21471,21,Lingerie&Nightwear,insense,799.0,399.0,50.0
21473,23,Lingerie&Nightwear,enamor,519.0,363.0,30.0
21474,24,Lingerie&Nightwear,enamor,749.0,374.0,50.0
21475,25,Lingerie&Nightwear,jockey,2638.2167045910855,699.0,44.84758845312988
21476,0,Lingerie&Nightwear,jockey,2638.2167045910855,399.0,44.84758845312988
21477,1,Lingerie&Nightwear,insense,399.0,199.0,50.0
21478,2,Lingerie&Nightwear,triumph,2638.2167045910855,1699.0,44.84758845312988
21479,3,Lingerie&Nightwear,amante,2638.2167045910855,1595.0,44.84758845312988
21480,4,Lingerie&Nightwear,life,1199.0,599.0,50.0
21481,5,Lingerie&Nightwear,clovia,2499.0,749.0,70.0
21482,6,Lingerie&Nightwear,enamor,2638.2167045910855,1799.0,44.84758845312988
21483,7,Lingerie&Nightwear,triumph,499.0,249.0,50.0
21484,8,Lingerie&Nightwear,enamor,1199.0,599.0,50.0
21485,9,Lingerie&Nightwear,triumph,599.0,299.0,50.0
21486,10,Lingerie&Nightwear,insense,899.0,449.0,50.0
21487,11,Lingerie&Nightwear,mystere paris,799.0,479.0,40.0
21488,12,Lingerie&Nightwear,enamor,1349.0,944.0,30.0
21489,13,Lingerie&Nightwear,jockey,2638.2167045910855,388.0,44.84758845312988
21490,14,Lingerie&Nightwear,enamor,1399.0,699.0,50.0
21491,15,Lingerie&Nightwear,insense,799.0,399.0,50.0
21492,16,Lingerie&Nightwear,erotissch,1449.0,652.0,55.0
21493,17,Lingerie&Nightwear,insense,499.0,249.0,50.0
21494,18,Lingerie&Nightwear,enamor,2638.2167045910855,1149.0,44.84758845312988
21495,19,Lingerie&Nightwear,clovia,614.0,245.0,60.0
21496,20,Lingerie&Nightwear,insense,899.0,449.0,50.0
21497,21,Lingerie&Nightwear,amante,2638.2167045910855,895.0,44.84758845312988
21499,23,Lingerie&Nightwear,triumph,1899.0,949.0,50.0
21500,24,Lingerie&Nightwear,erotissch,499.0,224.0,55.0
21501,25,Lingerie&Nightwear,erotissch,1449.0,652.0,55.0
21502,0,Lingerie&Nightwear,erotissch,499.0,224.0,55.0
21503,1,Lingerie&Nightwear,triumph,1199.0,599.0,50.0
21504,2,Lingerie&Nightwear,sweet dreams,1799.0,1259.0,30.0
21505,3,Lingerie&Nightwear,amante,2638.2167045910855,1495.0,44.84758845312988
21506,4,Lingerie&Nightwear,enamor,849.0,594.0,30.0
21507,5,Lingerie&Nightwear,enamor,1349.0,809.0,40.0
21508,6,Lingerie&Nightwear,sweet dreams,1899.0,1329.0,30.0
21509,7,Lingerie&Nightwear,wacoal,995.0,398.0,60.0
21510,8,Lingerie&Nightwear,enamor,409.0,286.0,30.0
21511,9,Lingerie&Nightwear,sweet dreams,1069.0,748.0,30.0
21512,10,Lingerie&Nightwear,enamor,849.0,594.0,30.0
21513,11,Lingerie&Nightwear,triumph,2699.0,1349.0,50.0
21514,12,Lingerie&Nightwear,enamor,1299.0,649.0,50.0
21515,13,Lingerie&Nightwear,sweet dreams,1799.0,1259.0,30.0
21516,14,Lingerie&Nightwear,infuse,699.0,419.0,40.0
21517,15,Lingerie&Nightwear,enamor,669.0,468.0,30.0
21518,16,Lingerie&Nightwear,soie,2638.2167045910855,380.0,44.84758845312988
21519,17,Lingerie&Nightwear,amante,895.0,626.0,30.0
21520,18,Lingerie&Nightwear,enamor,2638.2167045910855,299.0,44.84758845312988
21521,19,Lingerie&Nightwear,enamor,2638.2167045910855,1449.0,44.84758845312988
21522,20,Lingerie&Nightwear,enamor,2638.2167045910855,599.0,44.84758845312988
21523,21,Lingerie&Nightwear,enamor,699.0,489.0,30.0
21525,23,Lingerie&Nightwear,sweet dreams,599.0,539.0,10.0
21526,24,Lingerie&Nightwear,parfait,3499.0,2799.0,20.0
21527,25,Lingerie&Nightwear,sweet dreams,969.0,678.0,30.0
21528,0,Lingerie&Nightwear,jockey,2638.2167045910855,388.0,44.84758845312988
21529,1,Lingerie&Nightwear,enamor,749.0,524.0,30.0
21530,2,Lingerie&Nightwear,enamor,2638.2167045910855,299.0,44.84758845312988
21531,3,Lingerie&Nightwear,jockey,2638.2167045910855,1199.0,44.84758845312988
21532,4,Lingerie&Nightwear,enamor,1399.0,839.0,40.0
21533,5,Lingerie&Nightwear,insense,899.0,449.0,50.0
21534,6,Lingerie&Nightwear,triumph,2599.0,1559.0,40.0
21535,7,Lingerie&Nightwear,triumph,2399.0,1439.0,40.0
21536,8,Lingerie&Nightwear,triumph,2699.0,1349.0,50.0
21537,9,Lingerie&Nightwear,erotissch,499.0,224.0,55.0
21538,10,Lingerie&Nightwear,triumph,2199.0,1099.0,50.0
21539,11,Lingerie&Nightwear,triumph,1299.0,649.0,50.0
21540,12,Lingerie&Nightwear,amante,2638.2167045910855,495.0,44.84758845312988
21541,13,Lingerie&Nightwear,erotissch,499.0,249.0,50.0
21542,14,Lingerie&Nightwear,triumph,2638.2167045910855,801.0,44.84758845312988
21543,15,Lingerie&Nightwear,enamor,849.0,594.0,30.0
21544,16,Lingerie&Nightwear,enamor,849.0,424.0,50.0
21545,17,Lingerie&Nightwear,sweet dreams,699.0,629.0,10.0
21546,18,Lingerie&Nightwear,erotissch,1600.0,720.0,55.0
21547,19,Lingerie&Nightwear,jockey,2638.2167045910855,729.0,44.84758845312988
21548,20,Lingerie&Nightwear,jockey,2638.2167045910855,469.0,44.84758845312988
21549,21,Lingerie&Nightwear,insense,799.0,399.0,50.0
21551,23,Lingerie&Nightwear,clovia,599.0,239.0,60.0
21552,24,Lingerie&Nightwear,enamor,409.0,286.0,30.0
21553,25,Lingerie&Nightwear,triumph,1799.0,899.0,50.0
21554,0,Lingerie&Nightwear,kaftan company,2638.2167045910855,3299.0,44.84758845312988
21555,1,Lingerie&Nightwear,amante,845.0,591.0,30.0
21556,2,Lingerie&Nightwear,triumph,2638.2167045910855,2999.0,44.84758845312988
21557,3,Lingerie&Nightwear,enamor,1049.0,524.0,50.0
21558,4,Lingerie&Nightwear,triumph,2638.2167045910855,1099.0,44.84758845312988
21559,5,Lingerie&Nightwear,jockey,2638.2167045910855,499.0,44.84758845312988
21560,6,Lingerie&Nightwear,erotissch,1600.0,720.0,55.0
21561,7,Lingerie&Nightwear,erotissch,1449.0,652.0,55.0
21562,8,Lingerie&Nightwear,jockey,2638.2167045910855,1199.0,44.84758845312988
21563,9,Lingerie&Nightwear,triumph,1899.0,949.0,50.0
21564,10,Lingerie&Nightwear,van heusen,2638.2167045910855,289.0,44.84758845312988
21565,11,Lingerie&Nightwear,infuse,799.0,319.0,60.0
21566,12,Lingerie&Nightwear,enamor,1399.0,979.0,30.0
21567,13,Lingerie&Nightwear,wacoal,2638.2167045910855,1895.0,44.84758845312988
21568,14,Lingerie&Nightwear,parfait,3599.0,2879.0,20.0
21569,15,Lingerie&Nightwear,adidas,2799.0,1959.0,30.0
21570,16,Lingerie&Nightwear,enamor,849.0,424.0,50.0
21571,17,Lingerie&Nightwear,jockey,2638.2167045910855,689.0,44.84758845312988
21572,18,Lingerie&Nightwear,erotissch,499.0,224.0,55.0
21573,19,Lingerie&Nightwear,jockey,2638.2167045910855,279.0,44.84758845312988
21574,20,Lingerie&Nightwear,enamor,749.0,374.0,50.0
21575,21,Lingerie&Nightwear,clovia,1299.0,389.0,70.0
21577,23,Lingerie&Nightwear,wacoal,1495.0,1196.0,20.0
21578,24,Lingerie&Nightwear,sweet dreams,1649.0,1154.0,30.0
21579,25,Lingerie&Nightwear,sweet dreams,1899.0,1329.0,30.0
21580,0,Lingerie&Nightwear,amante,945.0,567.0,40.0
21581,1,Lingerie&Nightwear,triumph,1699.0,1019.0,40.0
21582,2,Lingerie&Nightwear,enamor,2638.2167045910855,469.0,44.84758845312988
21583,3,Lingerie&Nightwear,parfait,2499.0,2249.0,10.0
21584,4,Lingerie&Nightwear,van heusen,2638.2167045910855,899.0,44.84758845312988
21585,5,Lingerie&Nightwear,erotissch,1600.0,720.0,55.0
21586,6,Lingerie&Nightwear,clovia,599.0,359.0,40.0
21587,7,Lingerie&Nightwear,enamor,1049.0,524.0,50.0
21588,8,Lingerie&Nightwear,insense,399.0,199.0,50.0
21589,9,Lingerie&Nightwear,enamor,499.0,349.0,30.0
21590,10,Lingerie&Nightwear,soie,1040.0,780.0,25.0
21591,11,Lingerie&Nightwear,sweet dreams,799.0,719.0,10.0
21592,12,Lingerie&Nightwear,madame,1799.0,1079.0,40.0
21593,13,Lingerie&Nightwear,wacoal,1295.0,906.0,30.0
21594,14,Lingerie&Nightwear,erotissch,2399.0,1559.0,35.0
21595,15,Lingerie&Nightwear,enamor,2638.2167045910855,599.0,44.84758845312988
21596,16,Lingerie&Nightwear,enamor,2638.2167045910855,1599.0,44.84758845312988
21597,17,Lingerie&Nightwear,enamor,669.0,468.0,30.0
21598,18,Lingerie&Nightwear,erotissch,1600.0,720.0,55.0
21599,19,Lingerie&Nightwear,enamor,2638.2167045910855,1399.0,44.84758845312988
21600,20,Lingerie&Nightwear,amante,1045.0,731.0,30.0
21601,21,Lingerie&Nightwear,sweet dreams,1449.0,1014.0,30.0
21603,23,Lingerie&Nightwear,enamor,1499.0,749.0,50.0
21604,24,Lingerie&Nightwear,insense,399.0,199.0,50.0
21605,25,Lingerie&Nightwear,insense,499.0,249.0,50.0
21606,0,Lingerie&Nightwear,miss chase,2299.0,1149.0,50.0
21607,1,Lingerie&Nightwear,jockey,2638.2167045910855,265.0,44.84758845312988
21608,2,Lingerie&Nightwear,triumph,2638.2167045910855,1799.0,44.84758845312988
21609,3,Lingerie&Nightwear,jockey,2638.2167045910855,549.0,44.84758845312988
21610,4,Lingerie&Nightwear,enamor,2638.2167045910855,1149.0,44.84758845312988
21611,5,Lingerie&Nightwear,enamor,649.0,324.0,50.0
21612,6,Lingerie&Nightwear,life,1199.0,599.0,50.0
21613,7,Lingerie&Nightwear,triumph,799.0,479.0,40.0
21614,8,Lingerie&Nightwear,jockey,2638.2167045910855,599.0,44.84758845312988
21615,9,Lingerie&Nightwear,jockey,2638.2167045910855,699.0,44.84758845312988
21616,10,Lingerie&Nightwear,enamor,2638.2167045910855,549.0,44.84758845312988
21617,11,Lingerie&Nightwear,enamor,849.0,424.0,50.0
21618,12,Lingerie&Nightwear,clovia,1999.0,799.0,60.0
21619,13,Lingerie&Nightwear,jockey,2638.2167045910855,529.0,44.84758845312988
21620,14,Lingerie&Nightwear,jockey,2638.2167045910855,679.0,44.84758845312988
21621,15,Lingerie&Nightwear,enamor,2638.2167045910855,180.0,44.84758845312988
21622,16,Lingerie&Nightwear,insense,499.0,249.0,50.0
21623,17,Lingerie&Nightwear,triumph,799.0,399.0,50.0
21624,18,Lingerie&Nightwear,enamor,849.0,424.0,50.0
21625,19,Lingerie&Nightwear,enamor,390.0,195.0,50.0
21626,20,Lingerie&Nightwear,triumph,1799.0,899.0,50.0
21627,21,Lingerie&Nightwear,van heusen,2638.2167045910855,479.0,44.84758845312988
21629,23,Lingerie&Nightwear,triumph,799.0,599.0,25.0
21630,24,Lingerie&Nightwear,amante,895.0,626.0,30.0
21631,25,Lingerie&Nightwear,triumph,2638.2167045910855,1399.0,44.84758845312988
21632,0,Lingerie&Nightwear,insense,399.0,199.0,50.0
21633,1,Lingerie&Nightwear,enamor,2638.2167045910855,1499.0,44.84758845312988
21634,2,Lingerie&Nightwear,enamor,799.0,559.0,30.0
21635,3,Lingerie&Nightwear,erotissch,1600.0,720.0,55.0
21636,4,Lingerie&Nightwear,erotissch,1600.0,720.0,55.0
21637,5,Lingerie&Nightwear,triumph,1599.0,959.0,40.0
21638,6,Lingerie&Nightwear,enamor,2638.2167045910855,649.0,44.84758845312988
21639,7,Lingerie&Nightwear,enamor,2638.2167045910855,1799.0,44.84758845312988
21640,8,Lingerie&Nightwear,enamor,2638.2167045910855,999.0,44.84758845312988
21641,9,Lingerie&Nightwear,insense,399.0,199.0,50.0
21642,10,Lingerie&Nightwear,erotissch,1199.0,539.0,55.0
21643,11,Lingerie&Nightwear,jockey,2638.2167045910855,199.0,44.84758845312988
21644,12,Lingerie&Nightwear,triumph,2699.0,1349.0,50.0
21645,13,Lingerie&Nightwear,triumph,1899.0,949.0,50.0
21646,14,Lingerie&Nightwear,sweet dreams,1899.0,1329.0,30.0
21647,15,Lingerie&Nightwear,enamor,1299.0,649.0,50.0
21648,16,Lingerie&Nightwear,sweet dreams,1399.0,839.0,40.0
21649,17,Lingerie&Nightwear,sweet dreams,1699.0,1019.0,40.0
21650,18,Lingerie&Nightwear,parfait,3499.0,2799.0,20.0
21651,19,Lingerie&Nightwear,enamor,659.0,329.0,50.0
21652,20,Lingerie&Nightwear,triumph,2638.2167045910855,1799.0,44.84758845312988
21653,21,Lingerie&Nightwear,enamor,699.0,349.0,50.0
21655,23,Lingerie&Nightwear,clovia,1999.0,799.0,60.0
21656,24,Lingerie&Nightwear,sweet dreams,1699.0,1019.0,40.0
21657,25,Lingerie&Nightwear,life,1199.0,599.0,50.0
21658,0,Lingerie&Nightwear,stop,999.0,499.0,50.0
21659,1,Lingerie&Nightwear,sweet dreams,1499.0,899.0,40.0
21660,2,Lingerie&Nightwear,triumph,1599.0,959.0,40.0
21661,3,Lingerie&Nightwear,jockey,2638.2167045910855,399.0,44.84758845312988
21662,4,Lingerie&Nightwear,triumph,2999.0,1499.0,50.0
21663,5,Lingerie&Nightwear,amante,995.0,696.0,30.0
21664,6,Lingerie&Nightwear,sweet dreams,859.0,601.0,30.0
21665,7,Lingerie&Nightwear,jockey,2638.2167045910855,1199.0,44.84758845312988
21666,8,Lingerie&Nightwear,enamor,2638.2167045910855,799.0,44.84758845312988
21667,9,Lingerie&Nightwear,soie,1130.0,847.0,25.0
21668,10,Lingerie&Nightwear,triumph,2638.2167045910855,1049.0,44.84758845312988
21669,11,Lingerie&Nightwear,triumph,1799.0,899.0,50.0
21670,12,Lingerie&Nightwear,enamor,2638.2167045910855,649.0,44.84758845312988
21671,13,Lingerie&Nightwear,triumph,2699.0,1349.0,50.0
21672,14,Lingerie&Nightwear,triumph,1299.0,649.0,50.0
21673,15,Lingerie&Nightwear,triumph,2638.2167045910855,1399.0,44.84758845312988
21674,16,Lingerie&Nightwear,jockey,2638.2167045910855,1299.0,44.84758845312988
21675,17,Lingerie&Nightwear,triumph,2199.0,1099.0,50.0
21676,18,Lingerie&Nightwear,van heusen,2638.2167045910855,1249.0,44.84758845312988
21677,19,Lingerie&Nightwear,erotissch,690.0,310.0,55.0
21678,20,Lingerie&Nightwear,erotissch,499.0,224.0,55.0
21679,21,Lingerie&Nightwear,erotissch,1199.0,539.0,55.0
21681,23,Lingerie&Nightwear,jockey,2638.2167045910855,579.0,44.84758845312988
21682,24,Lingerie&Nightwear,enamor,749.0,374.0,50.0
21683,25,Lingerie&Nightwear,van heusen,2638.2167045910855,419.0,44.84758845312988
21684,0,Lingerie&Nightwear,amante,2638.2167045910855,1645.0,44.84758845312988
21685,1,Lingerie&Nightwear,sweet dreams,1069.0,748.0,30.0
21686,2,Lingerie&Nightwear,jockey,2638.2167045910855,279.0,44.84758845312988
21687,3,Lingerie&Nightwear,jockey,2638.2167045910855,1199.0,44.84758845312988
21688,4,Lingerie&Nightwear,triumph,2999.0,1499.0,50.0
21689,5,Lingerie&Nightwear,enamor,499.0,349.0,30.0
21690,6,Lingerie&Nightwear,enamor,649.0,324.0,50.0
21691,7,Lingerie&Nightwear,jockey,2638.2167045910855,1199.0,44.84758845312988
21692,8,Lingerie&Nightwear,triumph,2638.2167045910855,1399.0,44.84758845312988
21693,9,Lingerie&Nightwear,soie,650.0,422.0,35.0
21694,10,Lingerie&Nightwear,enamor,2638.2167045910855,799.0,44.84758845312988
21695,11,Lingerie&Nightwear,kaftan company,2638.2167045910855,1699.0,44.84758845312988
21696,12,Lingerie&Nightwear,sweet dreams,1499.0,899.0,40.0
21697,13,Lingerie&Nightwear,faballey,2400.0,1200.0,50.0
21698,14,Lingerie&Nightwear,amante,2638.2167045910855,1595.0,44.84758845312988
21699,15,Lingerie&Nightwear,triumph,2199.0,1319.0,40.0
21700,16,Lingerie&Nightwear,sweet dreams,1649.0,1154.0,30.0
21701,17,Lingerie&Nightwear,erotissch,1600.0,720.0,55.0
21702,18,Lingerie&Nightwear,erotissch,1600.0,720.0,55.0
21703,19,Lingerie&Nightwear,erotissch,1600.0,720.0,55.0
21704,20,Lingerie&Nightwear,insense,499.0,249.0,50.0
21705,21,Lingerie&Nightwear,soie,480.0,192.0,60.0
21707,23,Lingerie&Nightwear,nayomi,1499.0,349.0,77.0
21708,24,Lingerie&Nightwear,triumph,599.0,299.0,50.0
21709,25,Lingerie&Nightwear,enamor,1699.0,849.0,50.0
21710,0,Lingerie&Nightwear,sweet dreams,1999.0,1399.0,30.0
21711,1,Lingerie&Nightwear,jockey,2638.2167045910855,799.0,44.84758845312988
21712,2,Lingerie&Nightwear,sweet dreams,1599.0,1119.0,30.0
21713,3,Lingerie&Nightwear,triumph,1999.0,999.0,50.0
21714,4,Lingerie&Nightwear,van heusen,2638.2167045910855,1299.0,44.84758845312988
21715,5,Lingerie&Nightwear,triumph,2638.2167045910855,1499.0,44.84758845312988
21716,6,Lingerie&Nightwear,mystere paris,799.0,479.0,40.0
21717,7,Lingerie&Nightwear,janasya,2489.0,995.0,60.0
21718,8,Lingerie&Nightwear,insense,499.0,249.0,50.0
21719,9,Lingerie&Nightwear,sweet dreams,1049.0,629.0,40.0
21720,10,Lingerie&Nightwear,wacoal,595.0,416.0,30.0
21721,11,Lingerie&Nightwear,enamor,899.0,629.0,30.0
21722,12,Lingerie&Nightwear,jockey,2638.2167045910855,899.0,44.84758845312988
21723,13,Lingerie&Nightwear,enamor,2638.2167045910855,729.0,44.84758845312988
21724,14,Lingerie&Nightwear,wacoal,2195.0,1097.0,50.0
21725,15,Lingerie&Nightwear,wacoal,2995.0,1198.0,60.0
21726,16,Lingerie&Nightwear,jockey,2638.2167045910855,929.0,44.84758845312988
21727,17,Lingerie&Nightwear,triumph,2638.2167045910855,2599.0,44.84758845312988
21728,18,Lingerie&Nightwear,triumph,2299.0,1149.0,50.0
21729,19,Lingerie&Nightwear,jockey,2638.2167045910855,549.0,44.84758845312988
21730,20,Lingerie&Nightwear,insense,399.0,199.0,50.0
21731,21,Lingerie&Nightwear,erotissch,1600.0,720.0,55.0
21733,23,Lingerie&Nightwear,jockey,2638.2167045910855,469.0,44.84758845312988
21734,24,Lingerie&Nightwear,jockey,2638.2167045910855,699.0,44.84758845312988
21735,25,Lingerie&Nightwear,enamor,2638.2167045910855,1199.0,44.84758845312988
21736,0,Lingerie&Nightwear,van heusen,2638.2167045910855,899.0,44.84758845312988
21737,1,Lingerie&Nightwear,soie,1150.0,575.0,50.0
21738,2,Lingerie&Nightwear,amante,1045.0,731.0,30.0
21739,3,Lingerie&Nightwear,clovia,599.0,359.0,40.0
21740,4,Lingerie&Nightwear,triumph,3199.0,1599.0,50.0
21741,5,Lingerie&Nightwear,enamor,499.0,349.0,30.0
21742,6,Lingerie&Nightwear,soie,2638.2167045910855,350.0,44.84758845312988
21743,7,Lingerie&Nightwear,jockey,2638.2167045910855,629.0,44.84758845312988
21744,8,Lingerie&Nightwear,triumph,2638.2167045910855,699.0,44.84758845312988
21745,9,Lingerie&Nightwear,sweet dreams,1069.0,748.0,30.0
21746,10,Lingerie&Nightwear,erotissch,1299.0,584.0,55.0
21747,11,Lingerie&Nightwear,erotissch,499.0,249.0,50.0
21748,12,Lingerie&Nightwear,erotissch,1449.0,652.0,55.0
21749,13,Lingerie&Nightwear,insense,899.0,449.0,50.0
21750,14,Lingerie&Nightwear,enamor,299.0,209.0,30.0
21751,15,Lingerie&Nightwear,jockey,2638.2167045910855,259.0,44.84758845312988
21752,16,Lingerie&Nightwear,enamor,849.0,424.0,50.0
21753,17,Lingerie&Nightwear,soie,1640.0,1230.0,25.0
21754,18,Lingerie&Nightwear,enamor,699.0,349.0,50.0
21755,19,Lingerie&Nightwear,enamor,519.0,363.0,30.0
21756,20,Lingerie&Nightwear,enamor,399.0,279.0,30.0
21757,21,Lingerie&Nightwear,clovia,599.0,239.0,60.0
21759,23,Lingerie&Nightwear,enamor,2638.2167045910855,1499.0,44.84758845312988
21760,24,Lingerie&Nightwear,triumph,1799.0,899.0,50.0
21761,25,Lingerie&Nightwear,sweet dreams,1299.0,909.0,30.0
21762,0,Lingerie&Nightwear,sweet dreams,1299.0,909.0,30.0
21763,1,Lingerie&Nightwear,soie,1040.0,520.0,50.0
21764,2,Lingerie&Nightwear,triumph,1999.0,1199.0,40.0
21765,3,Lingerie&Nightwear,clovia,599.0,239.0,60.0
21766,4,Lingerie&Nightwear,erotissch,1099.0,494.0,55.0
21767,5,Lingerie&Nightwear,clovia,599.0,359.0,40.0
21768,6,Lingerie&Nightwear,enamor,2638.2167045910855,799.0,44.84758845312988
21769,7,Lingerie&Nightwear,insense,899.0,449.0,50.0
21770,8,Lingerie&Nightwear,wacoal,2638.2167045910855,1195.0,44.84758845312988
21771,9,Lingerie&Nightwear,triumph,2638.2167045910855,699.0,44.84758845312988
21772,10,Lingerie&Nightwear,enamor,2638.2167045910855,549.0,44.84758845312988
21773,11,Lingerie&Nightwear,enamor,2638.2167045910855,649.0,44.84758845312988
21774,12,Lingerie&Nightwear,sweet dreams,1069.0,748.0,30.0
21775,13,Lingerie&Nightwear,kaftan company,2638.2167045910855,1999.0,44.84758845312988
21776,14,Lingerie&Nightwear,insense,499.0,249.0,50.0
21777,15,Lingerie&Nightwear,jockey,2638.2167045910855,549.0,44.84758845312988
21778,16,Lingerie&Nightwear,sweet dreams,1999.0,1399.0,30.0
21779,17,Lingerie&Nightwear,enamor,649.0,324.0,50.0
21780,18,Lingerie&Nightwear,van heusen,2638.2167045910855,949.0,44.84758845312988
21781,19,Lingerie&Nightwear,amante,1045.0,940.0,10.0
21782,20,Lingerie&Nightwear,enamor,1299.0,649.0,50.0
21783,21,Lingerie&Nightwear,clovia,599.0,359.0,40.0
21785,23,Lingerie&Nightwear,triumph,2638.2167045910855,1499.0,44.84758845312988
21786,24,Lingerie&Nightwear,wacoal,995.0,398.0,60.0
21787,25,Lingerie&Nightwear,sweet dreams,499.0,449.0,10.0
21788,0,Lingerie&Nightwear,triumph,599.0,359.0,40.0
21789,1,Lingerie&Nightwear,enamor,2638.2167045910855,499.0,44.84758845312988
21790,2,Lingerie&Nightwear,enamor,849.0,424.0,50.0
21791,3,Lingerie&Nightwear,enamor,409.0,286.0,30.0
21792,4,Lingerie&Nightwear,enamor,541.0,216.0,60.0
21793,5,Lingerie&Nightwear,sweet dreams,859.0,601.0,30.0
21794,6,Lingerie&Nightwear,erotissch,899.0,449.0,50.0
21795,7,Lingerie&Nightwear,enamor,2638.2167045910855,949.0,44.84758845312988
21796,8,Lingerie&Nightwear,mystere paris,999.0,599.0,40.0
21797,9,Lingerie&Nightwear,triumph,3499.0,2624.0,25.0
21798,10,Lingerie&Nightwear,enamor,1599.0,1119.0,30.0
21799,11,Lingerie&Nightwear,enamor,2638.2167045910855,499.0,44.84758845312988
21800,12,Lingerie&Nightwear,wacoal,895.0,626.0,30.0
21801,13,Lingerie&Nightwear,triumph,1899.0,949.0,50.0
21802,14,Lingerie&Nightwear,triumph,499.0,299.0,40.0
21803,15,Lingerie&Nightwear,amante,2638.2167045910855,325.0,44.84758845312988
21804,16,Lingerie&Nightwear,enamor,2638.2167045910855,1549.0,44.84758845312988
21805,17,Lingerie&Nightwear,jockey,2638.2167045910855,729.0,44.84758845312988
21806,18,Lingerie&Nightwear,triumph,2099.0,1259.0,40.0
21807,19,Lingerie&Nightwear,erotissch,2999.0,1349.0,55.0
21808,20,Lingerie&Nightwear,jockey,2638.2167045910855,249.0,44.84758845312988
21809,21,Lingerie&Nightwear,enamor,2638.2167045910855,1149.0,44.84758845312988
21811,23,Lingerie&Nightwear,triumph,2199.0,1099.0,50.0
21812,24,Lingerie&Nightwear,sweet dreams,899.0,629.0,30.0
21813,25,Lingerie&Nightwear,enamor,2638.2167045910855,799.0,44.84758845312988
21814,0,Lingerie&Nightwear,insense,399.0,199.0,50.0
21815,1,Lingerie&Nightwear,sweet dreams,1299.0,779.0,40.0
21816,2,Lingerie&Nightwear,sweet dreams,1599.0,959.0,40.0
21817,3,Lingerie&Nightwear,jockey,2638.2167045910855,629.0,44.84758845312988
21818,4,Lingerie&Nightwear,wacoal,2195.0,1536.0,30.0
21819,5,Lingerie&Nightwear,enamor,1499.0,1049.0,30.0
21820,6,Lingerie&Nightwear,triumph,2638.2167045910855,1099.0,44.84758845312988
21821,7,Lingerie&Nightwear,sweet dreams,1899.0,1329.0,30.0
21822,8,Lingerie&Nightwear,triumph,1999.0,999.0,50.0
21823,9,Lingerie&Nightwear,triumph,799.0,599.0,25.0
21824,10,Lingerie&Nightwear,enamor,1049.0,524.0,50.0
21825,11,Lingerie&Nightwear,erotissch,1600.0,720.0,55.0
21826,12,Lingerie&Nightwear,erotissch,1299.0,584.0,55.0
21827,13,Lingerie&Nightwear,enamor,442.0,221.0,50.0
21828,14,Lingerie&Nightwear,soie,1130.0,847.0,25.0
21829,15,Lingerie&Nightwear,insense,499.0,249.0,50.0
21830,16,Lingerie&Nightwear,soie,1040.0,520.0,50.0
21831,17,Lingerie&Nightwear,soie,1040.0,520.0,50.0
21832,18,Lingerie&Nightwear,faballey,1950.0,975.0,50.0
21833,19,Lingerie&Nightwear,amante,2638.2167045910855,595.0,44.84758845312988
21834,20,Lingerie&Nightwear,van heusen,2638.2167045910855,749.0,44.84758845312988
21835,21,Lingerie&Nightwear,erotissch,1299.0,584.0,55.0
21837,23,Lingerie&Nightwear,triumph,2099.0,1049.0,50.0
21838,24,Lingerie&Nightwear,triumph,1999.0,1199.0,40.0
21839,25,Lingerie&Nightwear,enamor,2638.2167045910855,799.0,44.84758845312988
21840,0,Lingerie&Nightwear,sweet dreams,1299.0,909.0,30.0
21841,1,Lingerie&Nightwear,yuris,2199.0,989.0,55.0
21842,2,Lingerie&Nightwear,wacoal,2638.2167045910855,2699.0,44.84758845312988
21843,3,Lingerie&Nightwear,sweet dreams,2099.0,1469.0,30.0
21844,4,Lingerie&Nightwear,amante,2638.2167045910855,375.0,44.84758845312988
21845,5,Lingerie&Nightwear,jockey,2638.2167045910855,499.0,44.84758845312988
21846,6,Lingerie&Nightwear,mystere paris,799.0,479.0,40.0
21847,7,Lingerie&Nightwear,triumph,849.0,424.0,50.0
21848,8,Lingerie&Nightwear,triumph,899.0,449.0,50.0
21849,9,Lingerie&Nightwear,sweet dreams,699.0,629.0,10.0
21850,10,Lingerie&Nightwear,erotissch,1449.0,652.0,55.0
21851,11,Lingerie&Nightwear,erotissch,499.0,224.0,55.0
21852,12,Lingerie&Nightwear,insense,499.0,249.0,50.0
21853,13,Lingerie&Nightwear,jockey,2638.2167045910855,799.0,44.84758845312988
21854,14,Lingerie&Nightwear,enamor,2638.2167045910855,1399.0,44.84758845312988
21855,15,Lingerie&Nightwear,clovia,342.0,205.0,40.0
21856,16,Lingerie&Nightwear,enamor,2638.2167045910855,749.0,44.84758845312988
21857,17,Lingerie&Nightwear,amante,545.0,299.0,45.0
21858,18,Lingerie&Nightwear,enamor,1199.0,599.0,50.0
21859,19,Lingerie&Nightwear,jockey,2638.2167045910855,799.0,44.84758845312988
21860,20,Lingerie&Nightwear,mystere paris,599.0,359.0,40.0
21861,21,Lingerie&Nightwear,enamor,1299.0,779.0,40.0
21863,23,Lingerie&Nightwear,sweet dreams,1899.0,1329.0,30.0
21864,24,Lingerie&Nightwear,triumph,1299.0,649.0,50.0
21865,25,Lingerie&Nightwear,enamor,2638.2167045910855,1399.0,44.84758845312988
21866,0,Lingerie&Nightwear,infuse,1999.0,999.0,50.0
21867,1,Lingerie&Nightwear,soie,1230.0,922.0,25.0
21868,2,Lingerie&Nightwear,enamor,749.0,374.0,50.0
21869,3,Lingerie&Nightwear,enamor,2638.2167045910855,699.0,44.84758845312988
21870,4,Lingerie&Nightwear,jockey,2638.2167045910855,429.0,44.84758845312988
21871,5,Lingerie&Nightwear,jockey,2638.2167045910855,799.0,44.84758845312988
21872,6,Lingerie&Nightwear,clovia,2499.0,1499.0,40.0
21873,7,Lingerie&Nightwear,clovia,3999.0,1599.0,60.0
21874,8,Lingerie&Nightwear,jockey,2638.2167045910855,629.0,44.84758845312988
21875,9,Lingerie&Nightwear,parfait,1999.0,1799.0,10.0
21876,10,Lingerie&Nightwear,mystere paris,799.0,479.0,40.0
21877,11,Lingerie&Nightwear,adidas,2499.0,1749.0,30.0
21878,12,Lingerie&Nightwear,enamor,2638.2167045910855,1549.0,44.84758845312988
21879,13,Lingerie&Nightwear,enamor,2638.2167045910855,529.0,44.84758845312988
21880,14,Lingerie&Nightwear,insense,499.0,249.0,50.0
21881,15,Lingerie&Nightwear,enamor,699.0,489.0,30.0
21882,16,Lingerie&Nightwear,indya,2638.2167045910855,2100.0,44.84758845312988
21883,17,Lingerie&Nightwear,enamor,749.0,524.0,30.0
21884,18,Lingerie&Nightwear,enamor,2638.2167045910855,749.0,44.84758845312988
21885,19,Lingerie&Nightwear,erotissch,1600.0,720.0,55.0
21886,20,Lingerie&Nightwear,erotissch,1299.0,584.0,55.0
21887,21,Lingerie&Nightwear,erotissch,1600.0,720.0,55.0
21889,23,Lingerie&Nightwear,jockey,2638.2167045910855,239.0,44.84758845312988
21890,24,Lingerie&Nightwear,van heusen,2638.2167045910855,1199.0,44.84758845312988
21891,25,Lingerie&Nightwear,clovia,342.0,205.0,40.0
21892,0,Lingerie&Nightwear,amante,545.0,299.0,45.0
21893,1,Lingerie&Nightwear,triumph,2638.2167045910855,1599.0,44.84758845312988
21894,2,Lingerie&Nightwear,van heusen,2638.2167045910855,1249.0,44.84758845312988
21895,3,Lingerie&Nightwear,jockey,2638.2167045910855,629.0,44.84758845312988
21896,4,Lingerie&Nightwear,enamor,2638.2167045910855,1049.0,44.84758845312988
21897,5,Lingerie&Nightwear,jockey,2638.2167045910855,729.0,44.84758845312988
21898,6,Lingerie&Nightwear,amante,2638.2167045910855,1045.0,44.84758845312988
21899,7,Lingerie&Nightwear,clovia,599.0,359.0,40.0
21900,8,Lingerie&Nightwear,triumph,2638.2167045910855,2299.0,44.84758845312988
21901,9,Lingerie&Nightwear,triumph,1599.0,799.0,50.0
21902,10,Lingerie&Nightwear,enamor,2638.2167045910855,699.0,44.84758845312988
21903,11,Lingerie&Nightwear,mystere paris,999.0,599.0,40.0
21904,12,Lingerie&Nightwear,enamor,669.0,468.0,30.0
21905,13,Lingerie&Nightwear,enamor,390.0,195.0,50.0
21906,14,Lingerie&Nightwear,soie,490.0,245.0,50.0
21907,15,Lingerie&Nightwear,enamor,669.0,468.0,30.0
21908,16,Lingerie&Nightwear,amante,2638.2167045910855,595.0,44.84758845312988
21909,17,Lingerie&Nightwear,amante,2638.2167045910855,695.0,44.84758845312988
21910,18,Lingerie&Nightwear,insense,499.0,249.0,50.0
21911,19,Lingerie&Nightwear,enamor,499.0,349.0,30.0
21912,20,Lingerie&Nightwear,sweet dreams,1399.0,839.0,40.0
21913,21,Lingerie&Nightwear,erotissch,499.0,224.0,55.0
21915,23,Lingerie&Nightwear,jockey,2638.2167045910855,388.0,44.84758845312988
21916,24,Lingerie&Nightwear,jockey,2638.2167045910855,649.0,44.84758845312988
21917,25,Lingerie&Nightwear,enamor,2638.2167045910855,1799.0,44.84758845312988
21918,0,Lingerie&Nightwear,clovia,1299.0,519.0,60.0
21919,1,Lingerie&Nightwear,enamor,1599.0,959.0,40.0
21920,2,Lingerie&Nightwear,enamor,1899.0,1139.0,40.0
21921,3,Lingerie&Nightwear,sweet dreams,1269.0,888.0,30.0
21922,4,Lingerie&Nightwear,enamor,899.0,629.0,30.0
21923,5,Lingerie&Nightwear,triumph,2638.2167045910855,1799.0,44.84758845312988
21924,6,Lingerie&Nightwear,enamor,2638.2167045910855,729.0,44.84758845312988
21925,7,Lingerie&Nightwear,van heusen,2638.2167045910855,1499.0,44.84758845312988
21926,8,Lingerie&Nightwear,triumph,2638.2167045910855,1299.0,44.84758845312988
21927,9,Lingerie&Nightwear,enamor,1199.0,599.0,50.0
21928,10,Lingerie&Nightwear,triumph,2638.2167045910855,1999.0,44.84758845312988
21929,11,Lingerie&Nightwear,jockey,2638.2167045910855,519.0,44.84758845312988
21930,12,Lingerie&Nightwear,jockey,2638.2167045910855,429.0,44.84758845312988
21931,13,Lingerie&Nightwear,jockey,2638.2167045910855,399.0,44.84758845312988
21932,14,Lingerie&Nightwear,jockey,2638.2167045910855,629.0,44.84758845312988
21933,15,Lingerie&Nightwear,enamor,869.0,434.0,50.0
21934,16,Lingerie&Nightwear,erotissch,1449.0,652.0,55.0
21935,17,Lingerie&Nightwear,amante,2638.2167045910855,1595.0,44.84758845312988
21936,18,Lingerie&Nightwear,van heusen,2638.2167045910855,429.0,44.84758845312988
21937,19,Lingerie&Nightwear,enamor,749.0,374.0,50.0
21938,20,Lingerie&Nightwear,erotissch,499.0,224.0,55.0
21939,21,Lingerie&Nightwear,insense,899.0,449.0,50.0
21941,23,Lingerie&Nightwear,jockey,2638.2167045910855,259.0,44.84758845312988
21942,24,Lingerie&Nightwear,van heusen,2638.2167045910855,619.0,44.84758845312988
21943,25,Lingerie&Nightwear,amante,995.0,497.0,50.0
21944,0,Lingerie&Nightwear,jockey,2638.2167045910855,689.0,44.84758845312988
21945,1,Lingerie&Nightwear,amante,2638.2167045910855,695.0,44.84758845312988
21946,2,Lingerie&Nightwear,enamor,2638.2167045910855,669.0,44.84758845312988
21947,3,Lingerie&Nightwear,sweet dreams,1899.0,1329.0,30.0
21948,4,Lingerie&Nightwear,enamor,2638.2167045910855,1649.0,44.84758845312988
21949,5,Lingerie&Nightwear,juniper,2699.0,944.0,65.0
21950,6,Lingerie&Nightwear,triumph,599.0,299.0,50.0
21951,7,Lingerie&Nightwear,reebok,2799.0,1399.0,50.0
21952,8,Lingerie&Nightwear,jockey,2638.2167045910855,799.0,44.84758845312988
21953,9,Lingerie&Nightwear,reebok,1799.0,899.0,50.0
21954,10,Lingerie&Nightwear,triumph,2638.2167045910855,899.0,44.84758845312988
21955,11,Lingerie&Nightwear,enamor,2638.2167045910855,1549.0,44.84758845312988
21956,12,Lingerie&Nightwear,parfait,3499.0,2799.0,20.0
21957,13,Lingerie&Nightwear,amante,995.0,597.0,40.0
21958,14,Lingerie&Nightwear,erotissch,1299.0,584.0,55.0
21959,15,Lingerie&Nightwear,triumph,2638.2167045910855,1599.0,44.84758845312988
21960,16,Lingerie&Nightwear,van heusen,2638.2167045910855,1049.0,44.84758845312988
21961,17,Lingerie&Nightwear,triumph,2399.0,1199.0,50.0
21962,18,Lingerie&Nightwear,enamor,1199.0,599.0,50.0
21963,19,Lingerie&Nightwear,wacoal,2638.2167045910855,999.0,44.84758845312988
21964,20,Lingerie&Nightwear,triumph,2638.2167045910855,1299.0,44.84758845312988
21965,21,Lingerie&Nightwear,reebok,1799.0,899.0,50.0
21967,23,Lingerie&Nightwear,sweet dreams,2699.0,1889.0,30.0
21968,24,Lingerie&Nightwear,kaftan company,2638.2167045910855,1999.0,44.84758845312988
21969,25,Lingerie&Nightwear,enamor,2638.2167045910855,849.0,44.84758845312988
21970,0,Lingerie&Nightwear,enamor,799.0,559.0,30.0
21971,1,Lingerie&Nightwear,triumph,2638.2167045910855,899.0,44.84758845312988
21972,2,Lingerie&Nightwear,jockey,2638.2167045910855,1199.0,44.84758845312988
21973,3,Lingerie&Nightwear,faballey,2400.0,1200.0,50.0
21974,4,Lingerie&Nightwear,van heusen,1249.0,1199.0,4.0
21975,5,Lingerie&Nightwear,soie,1230.0,922.0,25.0
21976,6,Lingerie&Nightwear,insense,399.0,199.0,50.0
21977,7,Lingerie&Nightwear,allen solly,2638.2167045910855,799.0,44.84758845312988
21978,8,Lingerie&Nightwear,amante,2638.2167045910855,1595.0,44.84758845312988
21979,9,Lingerie&Nightwear,triumph,1599.0,799.0,50.0
21980,10,Lingerie&Nightwear,kaftan company,2638.2167045910855,2499.0,44.84758845312988
21981,11,Lingerie&Nightwear,erotissch,499.0,274.0,45.0
21982,12,Lingerie&Nightwear,enamor,1049.0,524.0,50.0
21983,13,Lingerie&Nightwear,triumph,2699.0,1349.0,50.0
21984,14,Lingerie&Nightwear,triumph,1899.0,949.0,50.0
21985,15,Lingerie&Nightwear,amante,2638.2167045910855,895.0,44.84758845312988
21986,16,Lingerie&Nightwear,enamor,599.0,419.0,30.0
21987,17,Lingerie&Nightwear,insense,399.0,199.0,50.0
21988,18,Lingerie&Nightwear,van heusen,2638.2167045910855,699.0,44.84758845312988
21989,19,Lingerie&Nightwear,faballey,2200.0,1100.0,50.0
21990,20,Lingerie&Nightwear,enamor,2638.2167045910855,499.0,44.84758845312988
21991,21,Lingerie&Nightwear,triumph,2499.0,1249.0,50.0
21993,23,Lingerie&Nightwear,wacoal,2638.2167045910855,999.0,44.84758845312988
21994,24,Lingerie&Nightwear,sweet dreams,1549.0,1084.0,30.0
21995,25,Lingerie&Nightwear,shaya by caratlane,2638.2167045910855,1600.0,44.84758845312988
21996,0,Lingerie&Nightwear,sweet dreams,2599.0,2339.0,10.0
21997,1,Lingerie&Nightwear,triumph,2638.2167045910855,599.0,44.84758845312988
21998,2,Lingerie&Nightwear,triumph,599.0,299.0,50.0
21999,3,Lingerie&Nightwear,mystere paris,799.0,479.0,40.0
22000,4,Lingerie&Nightwear,kaftan company,2638.2167045910855,2299.0,44.84758845312988
22001,5,Lingerie&Nightwear,soie,490.0,245.0,50.0
22002,6,Lingerie&Nightwear,mystere paris,999.0,599.0,40.0
22003,7,Lingerie&Nightwear,triumph,899.0,449.0,50.0
22004,8,Lingerie&Nightwear,amante,2638.2167045910855,545.0,44.84758845312988
22005,9,Lingerie&Nightwear,amante,2638.2167045910855,545.0,44.84758845312988
22006,10,Lingerie&Nightwear,enamor,1399.0,979.0,30.0
22007,11,Lingerie&Nightwear,enamor,749.0,524.0,30.0
22008,12,Lingerie&Nightwear,sweet dreams,1449.0,1014.0,30.0
22009,13,Lingerie&Nightwear,erotissch,499.0,224.0,55.0
22010,14,Lingerie&Nightwear,erotissch,1600.0,800.0,50.0
22011,15,Lingerie&Nightwear,clovia,599.0,239.0,60.0
22012,16,Lingerie&Nightwear,clovia,699.0,279.0,60.0
22013,17,Lingerie&Nightwear,triumph,1799.0,899.0,50.0
22014,18,Lingerie&Nightwear,triumph,1899.0,949.0,50.0
22015,19,Lingerie&Nightwear,erotissch,1600.0,720.0,55.0
22016,20,Lingerie&Nightwear,triumph,2099.0,1259.0,40.0
22017,21,Lingerie&Nightwear,soie,540.0,513.0,5.0
22019,23,Lingerie&Nightwear,sweet dreams,1399.0,839.0,40.0
22020,24,Lingerie&Nightwear,enamor,499.0,349.0,30.0
22021,25,Lingerie&Nightwear,amante,2638.2167045910855,795.0,44.84758845312988
22022,0,Lingerie&Nightwear,triumph,2638.2167045910855,1399.0,44.84758845312988
22023,1,Lingerie&Nightwear,enamor,2638.2167045910855,1999.0,44.84758845312988
22024,2,Lingerie&Nightwear,insense,799.0,399.0,50.0
22025,3,Lingerie&Nightwear,van heusen,2638.2167045910855,619.0,44.84758845312988
22026,4,Lingerie&Nightwear,triumph,1899.0,949.0,50.0
22027,5,Lingerie&Nightwear,van heusen,2638.2167045910855,299.0,44.84758845312988
22028,6,Lingerie&Nightwear,shaya by caratlane,2300.0,2185.0,5.0
22029,7,Lingerie&Nightwear,reebok,2299.0,1149.0,50.0
22030,8,Lingerie&Nightwear,erotissch,1999.0,899.0,55.0
22031,9,Lingerie&Nightwear,soie,925.0,555.0,40.0
22032,10,Lingerie&Nightwear,parfait,2299.0,2069.0,10.0
22033,11,Lingerie&Nightwear,enamor,1150.0,575.0,50.0
22034,12,Lingerie&Nightwear,nayomi,1249.0,349.0,72.0
22035,13,Lingerie&Nightwear,soie,410.0,389.0,5.0
22036,14,Lingerie&Nightwear,triumph,2638.2167045910855,999.0,44.84758845312988
22037,15,Lingerie&Nightwear,soie,2638.2167045910855,875.0,44.84758845312988
22038,16,Lingerie&Nightwear,sweet dreams,1499.0,1049.0,30.0
22039,17,Lingerie&Nightwear,crimsoune club,2299.0,1609.0,30.0
22040,18,Lingerie&Nightwear,insense,899.0,449.0,50.0
22041,19,Lingerie&Nightwear,enamor,1599.0,959.0,40.0
22042,20,Lingerie&Nightwear,parfait,3499.0,2799.0,20.0
22043,21,Lingerie&Nightwear,amante,2638.2167045910855,1195.0,44.84758845312988
22045,23,Lingerie&Nightwear,enamor,1099.0,769.0,30.0
22046,24,Lingerie&Nightwear,van heusen,2638.2167045910855,659.0,44.84758845312988
22047,25,Lingerie&Nightwear,triumph,2638.2167045910855,1999.0,44.84758845312988
22048,0,Lingerie&Nightwear,adidas,2299.0,1609.0,30.0
22049,1,Lingerie&Nightwear,van heusen,2638.2167045910855,899.0,44.84758845312988
22050,2,Lingerie&Nightwear,enamor,2638.2167045910855,599.0,44.84758845312988
22051,3,Lingerie&Nightwear,triumph,899.0,449.0,50.0
22052,4,Lingerie&Nightwear,groversons paris beauty,2638.2167045910855,669.0,44.84758845312988
22053,5,Lingerie&Nightwear,wacoal,2295.0,1606.0,30.0
22054,6,Lingerie&Nightwear,soie,640.0,480.0,25.0
22055,7,Lingerie&Nightwear,kaftan company,2638.2167045910855,1999.0,44.84758845312988
22056,8,Lingerie&Nightwear,insense,999.0,499.0,50.0
22057,9,Lingerie&Nightwear,enamor,599.0,299.0,50.0
22058,10,Lingerie&Nightwear,soie,2638.2167045910855,1040.0,44.84758845312988
22059,11,Lingerie&Nightwear,ziyaa,3533.0,1413.0,60.0
22060,12,Lingerie&Nightwear,enamor,2638.2167045910855,499.0,44.84758845312988
22061,13,Lingerie&Nightwear,van heusen,2638.2167045910855,899.0,44.84758845312988
22062,14,Lingerie&Nightwear,jockey,2638.2167045910855,899.0,44.84758845312988
22063,15,Lingerie&Nightwear,erotissch,499.0,249.0,50.0
22064,16,Lingerie&Nightwear,erotissch,1299.0,584.0,55.0
22065,17,Lingerie&Nightwear,mystere paris,1299.0,779.0,40.0
22066,18,Lingerie&Nightwear,erotissch,899.0,449.0,50.0
22067,19,Lingerie&Nightwear,erotissch,2999.0,1949.0,35.0
22068,20,Lingerie&Nightwear,erotissch,1099.0,494.0,55.0
22069,21,Lingerie&Nightwear,enamor,2638.2167045910855,299.0,44.84758845312988
22071,23,Lingerie&Nightwear,enamor,442.0,221.0,50.0
22072,24,Lingerie&Nightwear,triumph,1299.0,649.0,50.0
22073,25,Lingerie&Nightwear,soie,2638.2167045910855,980.0,44.84758845312988
22074,0,Lingerie&Nightwear,soie,2638.2167045910855,380.0,44.84758845312988
22075,1,Lingerie&Nightwear,triumph,2638.2167045910855,2399.0,44.84758845312988
22076,2,Lingerie&Nightwear,wacoal,595.0,416.0,30.0
22077,3,Lingerie&Nightwear,mystere paris,899.0,539.0,40.0
22078,4,Lingerie&Nightwear,amante,895.0,626.0,30.0
22079,5,Lingerie&Nightwear,enamor,2638.2167045910855,1249.0,44.84758845312988
22080,6,Lingerie&Nightwear,amante,2638.2167045910855,1045.0,44.84758845312988
22081,7,Lingerie&Nightwear,triumph,2638.2167045910855,1999.0,44.84758845312988
22082,8,Lingerie&Nightwear,van heusen,2638.2167045910855,749.0,44.84758845312988
22083,9,Lingerie&Nightwear,yuris,2199.0,989.0,55.0
22084,10,Lingerie&Nightwear,enamor,1299.0,779.0,40.0
22085,11,Lingerie&Nightwear,amante,895.0,626.0,30.0
22086,12,Lingerie&Nightwear,enamor,1499.0,1049.0,30.0
22087,13,Lingerie&Nightwear,soie,1800.0,900.0,50.0
22088,14,Lingerie&Nightwear,enamor,2638.2167045910855,1149.0,44.84758845312988
22089,15,Lingerie&Nightwear,sweet dreams,599.0,539.0,10.0
22090,16,Lingerie&Nightwear,enamor,869.0,434.0,50.0
22091,17,Lingerie&Nightwear,enamor,2638.2167045910855,1799.0,44.84758845312988
22092,18,Lingerie&Nightwear,wacoal,2638.2167045910855,1295.0,44.84758845312988
22093,19,Lingerie&Nightwear,triumph,2638.2167045910855,1999.0,44.84758845312988
22094,20,Lingerie&Nightwear,amante,845.0,591.0,30.0
22095,21,Lingerie&Nightwear,amante,2638.2167045910855,445.0,44.84758845312988
22097,23,Lingerie&Nightwear,enamor,749.0,524.0,30.0
22098,24,Lingerie&Nightwear,jockey,2638.2167045910855,429.0,44.84758845312988
22099,25,Lingerie&Nightwear,van heusen,2638.2167045910855,1249.0,44.84758845312988
22100,0,Lingerie&Nightwear,enamor,1599.0,959.0,40.0
22101,1,Lingerie&Nightwear,clovia,599.0,359.0,40.0
22102,2,Lingerie&Nightwear,sweet dreams,1599.0,1119.0,30.0
22103,3,Lingerie&Nightwear,faballey,1950.0,975.0,50.0
22104,4,Lingerie&Nightwear,soie,2638.2167045910855,380.0,44.84758845312988
22105,5,Lingerie&Nightwear,enamor,549.0,274.0,50.0
22106,6,Lingerie&Nightwear,clovia,599.0,239.0,60.0
22107,7,Lingerie&Nightwear,enamor,1049.0,734.0,30.0
22108,8,Lingerie&Nightwear,kaftan company,2638.2167045910855,2899.0,44.84758845312988
22109,9,Lingerie&Nightwear,reebok,1799.0,899.0,50.0
22110,10,Lingerie&Nightwear,triumph,2638.2167045910855,3199.0,44.84758845312988
22111,11,Lingerie&Nightwear,amante,1145.0,572.0,50.0
22112,12,Lingerie&Nightwear,faballey,1950.0,975.0,50.0
22113,13,Lingerie&Nightwear,erotissch,1600.0,720.0,55.0
22114,14,Lingerie&Nightwear,enamor,1299.0,649.0,50.0
22115,15,Lingerie&Nightwear,wacoal,2638.2167045910855,999.0,44.84758845312988
22116,16,Lingerie&Nightwear,triumph,1899.0,949.0,50.0
22117,17,Lingerie&Nightwear,enamor,2638.2167045910855,749.0,44.84758845312988
22118,18,Lingerie&Nightwear,van heusen,2638.2167045910855,749.0,44.84758845312988
22119,19,Lingerie&Nightwear,parfait,3599.0,2879.0,20.0
22120,20,Lingerie&Nightwear,kaftan company,2638.2167045910855,2499.0,44.84758845312988
22121,21,Lingerie&Nightwear,wacoal,2638.2167045910855,2399.0,44.84758845312988
22123,23,Lingerie&Nightwear,triumph,2638.2167045910855,2499.0,44.84758845312988
22124,24,Lingerie&Nightwear,enamor,599.0,419.0,30.0
22125,25,Lingerie&Nightwear,parfait,2999.0,2699.0,10.0
22126,0,Lingerie&Nightwear,parfait,2499.0,2249.0,10.0
22127,1,Lingerie&Nightwear,erotissch,1600.0,720.0,55.0
22128,2,Lingerie&Nightwear,erotissch,1899.0,1234.0,35.0
22129,3,Lingerie&Nightwear,jockey,2638.2167045910855,699.0,44.84758845312988
22130,4,Lingerie&Nightwear,triumph,1999.0,1199.0,40.0
22131,5,Lingerie&Nightwear,clovia,1199.0,359.0,70.0
22132,6,Lingerie&Nightwear,erotissch,1790.0,805.0,55.0
22133,7,Lingerie&Nightwear,enamor,999.0,499.0,50.0
22134,8,Lingerie&Nightwear,triumph,799.0,599.0,25.0
22135,9,Lingerie&Nightwear,soie,490.0,367.0,25.0
22136,10,Lingerie&Nightwear,clovia,599.0,359.0,40.0
22137,11,Lingerie&Nightwear,enamor,669.0,468.0,30.0
22138,12,Lingerie&Nightwear,enamor,1049.0,734.0,30.0
22139,13,Lingerie&Nightwear,enamor,2638.2167045910855,399.0,44.84758845312988
22140,14,Lingerie&Nightwear,soie,1520.0,1064.0,30.0
22141,15,Lingerie&Nightwear,mystere paris,599.0,359.0,40.0
22142,16,Lingerie&Nightwear,reebok,3299.0,1649.0,50.0
22143,17,Lingerie&Nightwear,amante,895.0,626.0,30.0
22144,18,Lingerie&Nightwear,triumph,2638.2167045910855,999.0,44.84758845312988
22145,19,Lingerie&Nightwear,enamor,2638.2167045910855,799.0,44.84758845312988
22146,20,Lingerie&Nightwear,amante,2638.2167045910855,1045.0,44.84758845312988
22147,21,Lingerie&Nightwear,triumph,899.0,449.0,50.0
22149,23,Lingerie&Nightwear,sweet dreams,1599.0,1439.0,10.0
22150,24,Lingerie&Nightwear,van heusen,2638.2167045910855,879.0,44.84758845312988
22151,25,Lingerie&Nightwear,erotissch,1449.0,652.0,55.0
22152,0,Lingerie&Nightwear,wacoal,895.0,626.0,30.0
22153,1,Lingerie&Nightwear,sweet dreams,1999.0,1199.0,40.0
22154,2,Lingerie&Nightwear,sweet dreams,1449.0,1014.0,30.0
22155,3,Lingerie&Nightwear,parfait,1399.0,1119.0,20.0
22156,4,Lingerie&Nightwear,erotissch,1600.0,720.0,55.0
22157,5,Lingerie&Nightwear,mystere paris,799.0,479.0,40.0
22158,6,Lingerie&Nightwear,mystere paris,1299.0,779.0,40.0
22159,7,Lingerie&Nightwear,jockey,2638.2167045910855,599.0,44.84758845312988
22160,8,Lingerie&Nightwear,insense,499.0,249.0,50.0
22161,9,Lingerie&Nightwear,triumph,699.0,349.0,50.0
22162,10,Lingerie&Nightwear,erotissch,2999.0,2099.0,30.0
22163,11,Lingerie&Nightwear,soie,2638.2167045910855,380.0,44.84758845312988
22164,12,Lingerie&Nightwear,miss chase,2638.2167045910855,1099.0,44.84758845312988
22165,13,Lingerie&Nightwear,enamor,2638.2167045910855,849.0,44.84758845312988
22166,14,Lingerie&Nightwear,sweet dreams,969.0,678.0,30.0
22167,15,Lingerie&Nightwear,van heusen,2638.2167045910855,379.0,44.84758845312988
22168,16,Lingerie&Nightwear,jockey,2638.2167045910855,1299.0,44.84758845312988
22169,17,Lingerie&Nightwear,van heusen,2638.2167045910855,659.0,44.84758845312988
22170,18,Lingerie&Nightwear,triumph,2699.0,1349.0,50.0
22171,19,Lingerie&Nightwear,soie,640.0,480.0,25.0
22172,20,Lingerie&Nightwear,van heusen,2638.2167045910855,489.0,44.84758845312988
22173,21,Lingerie&Nightwear,enamor,749.0,524.0,30.0
22175,23,Lingerie&Nightwear,sweet dreams,899.0,809.0,10.0
22176,24,Lingerie&Nightwear,enamor,599.0,299.0,50.0
22177,25,Lingerie&Nightwear,van heusen,2638.2167045910855,1049.0,44.84758845312988
22178,0,Lingerie&Nightwear,mystere paris,799.0,479.0,40.0
22179,1,Lingerie&Nightwear,enamor,2638.2167045910855,849.0,44.84758845312988
22180,2,Lingerie&Nightwear,kaftan company,2638.2167045910855,3299.0,44.84758845312988
22181,3,Lingerie&Nightwear,sweet dreams,1069.0,748.0,30.0
22182,4,Lingerie&Nightwear,triumph,2638.2167045910855,899.0,44.84758845312988
22183,5,Lingerie&Nightwear,soie,640.0,480.0,25.0
22184,6,Lingerie&Nightwear,enamor,1369.0,684.0,50.0
22185,7,Lingerie&Nightwear,soie,1530.0,765.0,50.0
22186,8,Lingerie&Nightwear,wacoal,995.0,398.0,60.0
22187,9,Lingerie&Nightwear,van heusen,2638.2167045910855,999.0,44.84758845312988
22188,10,Lingerie&Nightwear,triumph,1699.0,849.0,50.0
22189,11,Lingerie&Nightwear,erotissch,499.0,224.0,55.0
22190,12,Lingerie&Nightwear,erotissch,499.0,224.0,55.0
22191,13,Lingerie&Nightwear,clovia,1299.0,519.0,60.0
22192,14,Lingerie&Nightwear,clovia,1299.0,519.0,60.0
22193,15,Lingerie&Nightwear,enamor,1299.0,779.0,40.0
22194,16,Lingerie&Nightwear,sweet dreams,599.0,539.0,10.0
22195,17,Lingerie&Nightwear,sweet dreams,499.0,449.0,10.0
22196,18,Lingerie&Nightwear,soie,490.0,220.0,55.0
22197,19,Lingerie&Nightwear,sweet dreams,1069.0,748.0,30.0
22198,20,Lingerie&Nightwear,jockey,2638.2167045910855,329.0,44.84758845312988
22199,21,Lingerie&Nightwear,soie,2638.2167045910855,1040.0,44.84758845312988
22201,23,Lingerie&Nightwear,sweet dreams,1899.0,1139.0,40.0
22202,24,Lingerie&Nightwear,enamor,2638.2167045910855,1699.0,44.84758845312988
22203,25,Lingerie&Nightwear,triumph,2638.2167045910855,2299.0,44.84758845312988
22204,0,Lingerie&Nightwear,soie,1900.0,1425.0,25.0
22205,1,Lingerie&Nightwear,soie,410.0,328.0,20.0
22206,2,Lingerie&Nightwear,jockey,2638.2167045910855,599.0,44.84758845312988
22207,3,Lingerie&Nightwear,amante,2638.2167045910855,1645.0,44.84758845312988
22208,4,Lingerie&Nightwear,van heusen,2638.2167045910855,1249.0,44.84758845312988
22209,5,Lingerie&Nightwear,triumph,2638.2167045910855,1999.0,44.84758845312988
22210,6,Lingerie&Nightwear,enamor,2638.2167045910855,1049.0,44.84758845312988
22211,7,Lingerie&Nightwear,mystere paris,1299.0,779.0,40.0
22212,8,Lingerie&Nightwear,amante,2638.2167045910855,1045.0,44.84758845312988
22213,9,Lingerie&Nightwear,triumph,1999.0,999.0,50.0
22214,10,Lingerie&Nightwear,erotissch,1899.0,1234.0,35.0
22215,11,Lingerie&Nightwear,soie,640.0,480.0,25.0
22216,12,Lingerie&Nightwear,jockey,2638.2167045910855,1199.0,44.84758845312988
22217,13,Lingerie&Nightwear,parfait,2199.0,1979.0,10.0
22218,14,Lingerie&Nightwear,triumph,2499.0,1499.0,40.0
22219,15,Lingerie&Nightwear,erotissch,1299.0,649.0,50.0
22220,16,Lingerie&Nightwear,soie,2638.2167045910855,1140.0,44.84758845312988
22221,17,Lingerie&Nightwear,erotissch,1199.0,539.0,55.0
22222,18,Lingerie&Nightwear,jockey,2638.2167045910855,799.0,44.84758845312988
22223,19,Lingerie&Nightwear,triumph,599.0,299.0,50.0
22224,20,Lingerie&Nightwear,soie,1040.0,780.0,25.0
22225,21,Lingerie&Nightwear,enamor,2638.2167045910855,999.0,44.84758845312988
22227,23,Lingerie&Nightwear,soie,1530.0,765.0,50.0
22228,24,Lingerie&Nightwear,van heusen,2638.2167045910855,1049.0,44.84758845312988
22229,25,Lingerie&Nightwear,crimsoune club,2299.0,1149.0,50.0
22230,0,Lingerie&Nightwear,triumph,2999.0,2249.0,25.0
22231,1,Lingerie&Nightwear,kaftan company,2638.2167045910855,1699.0,44.84758845312988
22232,2,Lingerie&Nightwear,sweet dreams,1499.0,899.0,40.0
22233,3,Lingerie&Nightwear,enamor,1299.0,649.0,50.0
22234,4,Lingerie&Nightwear,van heusen,2638.2167045910855,799.0,44.84758845312988
22235,5,Lingerie&Nightwear,enamor,669.0,468.0,30.0
22236,6,Lingerie&Nightwear,wacoal,2638.2167045910855,495.0,44.84758845312988
22237,7,Lingerie&Nightwear,enamor,1799.0,899.0,50.0
22238,8,Lingerie&Nightwear,parfait,2299.0,2069.0,10.0
22239,9,Lingerie&Nightwear,triumph,2638.2167045910855,1899.0,44.84758845312988
22240,10,Lingerie&Nightwear,insense,499.0,249.0,50.0
22241,11,Lingerie&Nightwear,triumph,2199.0,1319.0,40.0
22242,12,Lingerie&Nightwear,van heusen,2638.2167045910855,699.0,44.84758845312988
22243,13,Lingerie&Nightwear,enamor,2638.2167045910855,499.0,44.84758845312988
22244,14,Lingerie&Nightwear,sweet dreams,1899.0,1329.0,30.0
22245,15,Lingerie&Nightwear,triumph,1799.0,899.0,50.0
22246,16,Lingerie&Nightwear,sweet dreams,969.0,678.0,30.0
22247,17,Lingerie&Nightwear,triumph,1499.0,899.0,40.0
22248,18,Lingerie&Nightwear,jockey,2638.2167045910855,929.0,44.84758845312988
22249,19,Lingerie&Nightwear,enamor,1249.0,624.0,50.0
22250,20,Lingerie&Nightwear,enamor,270.0,189.0,30.0
22251,21,Lingerie&Nightwear,enamor,1499.0,1049.0,30.0
22253,23,Lingerie&Nightwear,enamor,2638.2167045910855,729.0,44.84758845312988
22254,24,Lingerie&Nightwear,wacoal,595.0,416.0,30.0
22255,25,Lingerie&Nightwear,soie,480.0,192.0,60.0
22256,0,Lingerie&Nightwear,triumph,2638.2167045910855,2099.0,44.84758845312988
22257,1,Lingerie&Nightwear,erotissch,3190.0,1435.0,55.0
22258,2,Lingerie&Nightwear,erotissch,499.0,249.0,50.0
22259,3,Lingerie&Nightwear,erotissch,1899.0,1234.0,35.0
22260,4,Lingerie&Nightwear,soie,740.0,666.0,10.0
22261,5,Lingerie&Nightwear,jockey,2638.2167045910855,1049.0,44.84758845312988
22262,6,Lingerie&Nightwear,clovia,599.0,239.0,60.0
22263,7,Lingerie&Nightwear,clovia,599.0,239.0,60.0
22264,8,Lingerie&Nightwear,triumph,999.0,599.0,40.0
22265,9,Lingerie&Nightwear,van heusen,2638.2167045910855,589.0,44.84758845312988
22266,10,Lingerie&Nightwear,insense,599.0,299.0,50.0
22267,11,Lingerie&Nightwear,soie,1040.0,988.0,5.0
22268,12,Lingerie&Nightwear,jockey,2638.2167045910855,399.0,44.84758845312988
22269,13,Lingerie&Nightwear,enamor,749.0,524.0,30.0
22270,14,Lingerie&Nightwear,van heusen,2638.2167045910855,479.0,44.84758845312988
22271,15,Lingerie&Nightwear,sweet dreams,899.0,809.0,10.0
22272,16,Lingerie&Nightwear,erotissch,1299.0,584.0,55.0
22273,17,Lingerie&Nightwear,van heusen,2638.2167045910855,1199.0,44.84758845312988
22274,18,Lingerie&Nightwear,soie,2140.0,1070.0,50.0
22275,19,Lingerie&Nightwear,samshek,2638.2167045910855,1590.0,44.84758845312988
22276,20,Lingerie&Nightwear,triumph,1699.0,849.0,50.0
22277,21,Lingerie&Nightwear,amante,2638.2167045910855,495.0,44.84758845312988
22279,23,Lingerie&Nightwear,triumph,2638.2167045910855,2399.0,44.84758845312988
22280,24,Lingerie&Nightwear,enamor,749.0,524.0,30.0
22281,25,Lingerie&Nightwear,soie,990.0,742.0,25.0
22282,0,Lingerie&Nightwear,amante,2638.2167045910855,1145.0,44.84758845312988
22283,1,Lingerie&Nightwear,soie,1150.0,575.0,50.0
22284,2,Lingerie&Nightwear,sloggi,2638.2167045910855,1799.0,44.84758845312988
22285,3,Lingerie&Nightwear,wacoal,2638.2167045910855,2999.0,44.84758845312988
22286,4,Lingerie&Nightwear,triumph,2199.0,1319.0,40.0
22287,5,Lingerie&Nightwear,erotissch,1600.0,800.0,50.0
22288,6,Lingerie&Nightwear,jockey,2638.2167045910855,999.0,44.84758845312988
22289,7,Lingerie&Nightwear,erotissch,2199.0,879.0,60.0
22290,8,Lingerie&Nightwear,amante,1045.0,731.0,30.0
22291,9,Lingerie&Nightwear,van heusen,2638.2167045910855,689.0,44.84758845312988
22292,10,Lingerie&Nightwear,jockey,2638.2167045910855,799.0,44.84758845312988
22293,11,Lingerie&Nightwear,enamor,2638.2167045910855,799.0,44.84758845312988
22294,12,Lingerie&Nightwear,jockey,2638.2167045910855,1299.0,44.84758845312988
22295,13,Lingerie&Nightwear,erotissch,1299.0,584.0,55.0
22296,14,Lingerie&Nightwear,adidas,2699.0,1889.0,30.0
22297,15,Lingerie&Nightwear,amante,495.0,247.0,50.0
22298,16,Lingerie&Nightwear,triumph,2638.2167045910855,1499.0,44.84758845312988
22299,17,Lingerie&Nightwear,erotissch,1299.0,584.0,55.0
22300,18,Lingerie&Nightwear,amante,2638.2167045910855,495.0,44.84758845312988
22301,19,Lingerie&Nightwear,triumph,2638.2167045910855,2999.0,44.84758845312988
22302,20,Lingerie&Nightwear,amante,545.0,381.0,30.0
22303,21,Lingerie&Nightwear,sweet dreams,1599.0,1439.0,10.0
22305,23,Lingerie&Nightwear,soie,2638.2167045910855,690.0,44.84758845312988
22306,24,Lingerie&Nightwear,triumph,599.0,299.0,50.0
22307,25,Lingerie&Nightwear,parfait,3499.0,2799.0,20.0
22308,0,Lingerie&Nightwear,sweet dreams,699.0,629.0,10.0
22309,1,Lingerie&Nightwear,triumph,849.0,424.0,50.0
22310,2,Lingerie&Nightwear,enamor,2638.2167045910855,499.0,44.84758845312988
22311,3,Lingerie&Nightwear,amante,2638.2167045910855,545.0,44.84758845312988
22312,4,Lingerie&Nightwear,mystere paris,599.0,359.0,40.0
22313,5,Lingerie&Nightwear,enamor,2638.2167045910855,729.0,44.84758845312988
22314,6,Lingerie&Nightwear,enamor,2638.2167045910855,749.0,44.84758845312988
22315,7,Lingerie&Nightwear,parfait,1399.0,1119.0,20.0
22316,8,Lingerie&Nightwear,kaftan company,2638.2167045910855,3299.0,44.84758845312988
22317,9,Lingerie&Nightwear,kaftan company,2638.2167045910855,2899.0,44.84758845312988
22318,10,Lingerie&Nightwear,sloggi,2638.2167045910855,1799.0,44.84758845312988
22319,11,Lingerie&Nightwear,kaftan company,2638.2167045910855,1699.0,44.84758845312988
22320,12,Lingerie&Nightwear,jockey,2638.2167045910855,1399.0,44.84758845312988
22321,13,Lingerie&Nightwear,parfait,2299.0,2069.0,10.0
22322,14,Lingerie&Nightwear,erotissch,1449.0,652.0,55.0
22323,15,Lingerie&Nightwear,erotissch,1999.0,899.0,55.0
22324,16,Lingerie&Nightwear,erotissch,1299.0,584.0,55.0
22325,17,Lingerie&Nightwear,clovia,342.0,205.0,40.0
22326,18,Lingerie&Nightwear,clovia,599.0,359.0,40.0
22327,19,Lingerie&Nightwear,clovia,599.0,359.0,40.0
22328,20,Lingerie&Nightwear,soie,1150.0,575.0,50.0
22329,21,Lingerie&Nightwear,soie,1150.0,575.0,50.0
22331,23,Lingerie&Nightwear,amante,995.0,696.0,30.0
22332,24,Lingerie&Nightwear,amante,2638.2167045910855,1495.0,44.84758845312988
22333,25,Lingerie&Nightwear,clovia,599.0,359.0,40.0
22334,0,Lingerie&Nightwear,enamor,669.0,468.0,30.0
22335,1,Lingerie&Nightwear,clovia,599.0,239.0,60.0
22336,2,Lingerie&Nightwear,enamor,599.0,419.0,30.0
22337,3,Lingerie&Nightwear,soie,1300.0,910.0,30.0
22338,4,Lingerie&Nightwear,enamor,669.0,468.0,30.0
22339,5,Lingerie&Nightwear,van heusen,2638.2167045910855,699.0,44.84758845312988
22340,6,Lingerie&Nightwear,enamor,799.0,399.0,50.0
22341,7,Lingerie&Nightwear,sweet dreams,799.0,719.0,10.0
22342,8,Lingerie&Nightwear,enamor,2638.2167045910855,499.0,44.84758845312988
22343,9,Lingerie&Nightwear,groversons paris beauty,2638.2167045910855,529.0,44.84758845312988
22344,10,Lingerie&Nightwear,van heusen,2638.2167045910855,959.0,44.84758845312988
22345,11,Lingerie&Nightwear,sweet dreams,1269.0,888.0,30.0
22346,12,Lingerie&Nightwear,amante,495.0,346.0,30.0
22347,13,Lingerie&Nightwear,soie,410.0,205.0,50.0
22348,14,Lingerie&Nightwear,enamor,1799.0,899.0,50.0
22349,15,Lingerie&Nightwear,enamor,2638.2167045910855,1599.0,44.84758845312988
22350,16,Lingerie&Nightwear,enamor,1299.0,909.0,30.0
22351,17,Lingerie&Nightwear,amante,2638.2167045910855,695.0,44.84758845312988
22352,18,Lingerie&Nightwear,enamor,499.0,349.0,30.0
22353,19,Lingerie&Nightwear,van heusen,2638.2167045910855,919.0,44.84758845312988
22354,20,Lingerie&Nightwear,triumph,2638.2167045910855,1999.0,44.84758845312988
22355,21,Lingerie&Nightwear,amante,1045.0,627.0,40.0
22357,23,Lingerie&Nightwear,kaftan company,2638.2167045910855,1999.0,44.84758845312988
22358,24,Lingerie&Nightwear,enamor,2638.2167045910855,569.0,44.84758845312988
22359,25,Lingerie&Nightwear,van heusen,2638.2167045910855,679.0,44.84758845312988
22360,0,Lingerie&Nightwear,erotissch,659.0,296.0,55.0
22361,1,Lingerie&Nightwear,enamor,2638.2167045910855,529.0,44.84758845312988
22362,2,Lingerie&Nightwear,enamor,2638.2167045910855,729.0,44.84758845312988
22363,3,Lingerie&Nightwear,erotissch,1299.0,584.0,55.0
22364,4,Lingerie&Nightwear,erotissch,1299.0,584.0,55.0
22365,5,Lingerie&Nightwear,jockey,2638.2167045910855,1199.0,44.84758845312988
22366,6,Lingerie&Nightwear,enamor,2638.2167045910855,749.0,44.84758845312988
22367,7,Lingerie&Nightwear,clovia,999.0,599.0,40.0
22368,8,Lingerie&Nightwear,enamor,2638.2167045910855,559.0,44.84758845312988
22369,9,Lingerie&Nightwear,clovia,1199.0,479.0,60.0
22370,10,Lingerie&Nightwear,enamor,999.0,499.0,50.0
22371,11,Lingerie&Nightwear,jockey,2638.2167045910855,799.0,44.84758845312988
22372,12,Lingerie&Nightwear,wacoal,2638.2167045910855,1495.0,44.84758845312988
22373,13,Lingerie&Nightwear,wacoal,2195.0,1536.0,30.0
22374,14,Lingerie&Nightwear,triumph,2638.2167045910855,595.0,44.84758845312988
22375,15,Lingerie&Nightwear,soie,1150.0,575.0,50.0
22376,16,Lingerie&Nightwear,kaftan company,2638.2167045910855,3299.0,44.84758845312988
22377,17,Lingerie&Nightwear,triumph,2638.2167045910855,2499.0,44.84758845312988
22378,18,Lingerie&Nightwear,enamor,2638.2167045910855,1299.0,44.84758845312988
22379,19,Lingerie&Nightwear,triumph,2638.2167045910855,1799.0,44.84758845312988
22380,20,Lingerie&Nightwear,amante,1045.0,627.0,40.0
22381,21,Lingerie&Nightwear,soie,1040.0,780.0,25.0
22383,23,Lingerie&Nightwear,soie,1640.0,820.0,50.0
22384,24,Lingerie&Nightwear,faballey,1950.0,975.0,50.0
22385,25,Lingerie&Nightwear,soie,1150.0,575.0,50.0
22386,0,Lingerie&Nightwear,soie,1640.0,820.0,50.0
22387,1,Lingerie&Nightwear,amante,1045.0,731.0,30.0
22388,2,Lingerie&Nightwear,triumph,2638.2167045910855,599.0,44.84758845312988
22389,3,Lingerie&Nightwear,jockey,2638.2167045910855,1199.0,44.84758845312988
22390,4,Lingerie&Nightwear,jockey,2638.2167045910855,418.0,44.84758845312988
22391,5,Lingerie&Nightwear,van heusen,2638.2167045910855,949.0,44.84758845312988
22392,6,Lingerie&Nightwear,soie,1230.0,922.0,25.0
22393,7,Lingerie&Nightwear,triumph,699.0,419.0,40.0
22394,8,Lingerie&Nightwear,sweet dreams,1799.0,1079.0,40.0
22395,9,Lingerie&Nightwear,jockey,2638.2167045910855,1499.0,44.84758845312988
22396,10,Lingerie&Nightwear,wacoal,2638.2167045910855,1895.0,44.84758845312988
22397,11,Lingerie&Nightwear,van heusen,2638.2167045910855,349.0,44.84758845312988
22398,12,Lingerie&Nightwear,enamor,2638.2167045910855,749.0,44.84758845312988
22399,13,Lingerie&Nightwear,enamor,2638.2167045910855,949.0,44.84758845312988
22400,14,Lingerie&Nightwear,van heusen,2638.2167045910855,749.0,44.84758845312988
22401,15,Lingerie&Nightwear,jockey,2638.2167045910855,749.0,44.84758845312988
22402,16,Lingerie&Nightwear,jockey,2638.2167045910855,649.0,44.84758845312988
22403,17,Lingerie&Nightwear,amante,1045.0,940.0,10.0
22404,18,Lingerie&Nightwear,enamor,2638.2167045910855,799.0,44.84758845312988
22405,19,Lingerie&Nightwear,enamor,2638.2167045910855,649.0,44.84758845312988
22406,20,Lingerie&Nightwear,triumph,1499.0,899.0,40.0
22407,21,Lingerie&Nightwear,soie,1150.0,575.0,50.0
22409,23,Lingerie&Nightwear,kaftan company,2638.2167045910855,1699.0,44.84758845312988
22410,24,Lingerie&Nightwear,enamor,2638.2167045910855,899.0,44.84758845312988
22411,25,Lingerie&Nightwear,enamor,1349.0,944.0,30.0
22412,0,Lingerie&Nightwear,parfait,2199.0,1979.0,10.0
22413,1,Lingerie&Nightwear,amante,2638.2167045910855,1295.0,44.84758845312988
22414,2,Lingerie&Nightwear,parfait,2499.0,2249.0,10.0
22415,3,Lingerie&Nightwear,mystere paris,799.0,479.0,40.0
22416,4,Lingerie&Nightwear,mystere paris,899.0,539.0,40.0
22417,5,Lingerie&Nightwear,soie,1040.0,780.0,25.0
22418,6,Lingerie&Nightwear,amante,1045.0,627.0,40.0
22419,7,Lingerie&Nightwear,jockey,2638.2167045910855,999.0,44.84758845312988
22420,8,Lingerie&Nightwear,enamor,2638.2167045910855,1299.0,44.84758845312988
22421,9,Lingerie&Nightwear,enamor,998.0,499.0,50.0
22422,10,Lingerie&Nightwear,amante,1045.0,627.0,40.0
22423,11,Lingerie&Nightwear,kaftan company,2638.2167045910855,2699.0,44.84758845312988
22424,12,Lingerie&Nightwear,triumph,599.0,299.0,50.0
22425,13,Lingerie&Nightwear,enamor,2638.2167045910855,559.0,44.84758845312988
22426,14,Lingerie&Nightwear,clovia,599.0,239.0,60.0
22427,15,Lingerie&Nightwear,wacoal,2638.2167045910855,2299.0,44.84758845312988
22428,16,Lingerie&Nightwear,enamor,2638.2167045910855,1399.0,44.84758845312988
22429,17,Lingerie&Nightwear,nayomi,2638.2167045910855,1599.0,44.84758845312988
22430,18,Lingerie&Nightwear,adidas,3599.0,2519.0,30.0
22431,19,Lingerie&Nightwear,clovia,699.0,419.0,40.0
22432,20,Lingerie&Nightwear,crimsoune club,1799.0,1259.0,30.0
22433,21,Lingerie&Nightwear,adidas,1799.0,1259.0,30.0
22435,23,Lingerie&Nightwear,enamor,2638.2167045910855,1599.0,44.84758845312988
22436,24,Lingerie&Nightwear,wacoal,2195.0,1097.0,50.0
22437,25,Lingerie&Nightwear,amante,2638.2167045910855,1595.0,44.84758845312988
22438,0,Lingerie&Nightwear,enamor,2638.2167045910855,1799.0,44.84758845312988
22439,1,Lingerie&Nightwear,sweet dreams,1649.0,1154.0,30.0
22440,2,Lingerie&Nightwear,sweet dreams,799.0,719.0,10.0
22441,3,Lingerie&Nightwear,van heusen,2638.2167045910855,749.0,44.84758845312988
22442,4,Lingerie&Nightwear,mystere paris,599.0,359.0,40.0
22443,5,Lingerie&Nightwear,triumph,1899.0,949.0,50.0
22444,6,Lingerie&Nightwear,triumph,2638.2167045910855,2199.0,44.84758845312988
22445,7,Lingerie&Nightwear,van heusen,2638.2167045910855,689.0,44.84758845312988
22446,8,Lingerie&Nightwear,enamor,1049.0,734.0,30.0
22447,9,Lingerie&Nightwear,parfait,2299.0,2069.0,10.0
22448,10,Lingerie&Nightwear,puma,2499.0,1749.0,30.0
22449,11,Lingerie&Nightwear,insense,499.0,249.0,50.0
22450,12,Lingerie&Nightwear,enamor,2638.2167045910855,569.0,44.84758845312988
22451,13,Lingerie&Nightwear,faballey,1900.0,950.0,50.0
22452,14,Lingerie&Nightwear,enamor,2638.2167045910855,499.0,44.84758845312988
22453,15,Lingerie&Nightwear,erotissch,1449.0,652.0,55.0
22454,16,Lingerie&Nightwear,amante,695.0,417.0,40.0
22455,17,Lingerie&Nightwear,jockey,2638.2167045910855,279.0,44.84758845312988
22456,18,Lingerie&Nightwear,van heusen,2638.2167045910855,899.0,44.84758845312988
22457,19,Lingerie&Nightwear,erotissch,1999.0,1299.0,35.0
22458,20,Lingerie&Nightwear,erotissch,1299.0,584.0,55.0
22459,21,Lingerie&Nightwear,sloggi,2638.2167045910855,999.0,44.84758845312988
22461,23,Lingerie&Nightwear,sloggi,2638.2167045910855,999.0,44.84758845312988
22462,24,Lingerie&Nightwear,wacoal,995.0,398.0,60.0
22463,25,Lingerie&Nightwear,triumph,2638.2167045910855,1499.0,44.84758845312988
22464,0,Lingerie&Nightwear,triumph,1899.0,949.0,50.0
22465,1,Lingerie&Nightwear,enamor,2638.2167045910855,669.0,44.84758845312988
22466,2,Lingerie&Nightwear,amante,1395.0,697.0,50.0
22467,3,Lingerie&Nightwear,soie,1640.0,820.0,50.0
22468,4,Lingerie&Nightwear,amante,2638.2167045910855,1295.0,44.84758845312988
22469,5,Lingerie&Nightwear,soie,870.0,522.0,40.0
22470,6,Lingerie&Nightwear,enamor,2638.2167045910855,449.0,44.84758845312988
22471,7,Lingerie&Nightwear,sloggi,2638.2167045910855,999.0,44.84758845312988
22472,8,Lingerie&Nightwear,sweet dreams,2399.0,1679.0,30.0
22473,9,Lingerie&Nightwear,soie,1530.0,765.0,50.0
22474,10,Lingerie&Nightwear,soie,925.0,693.0,25.0
22475,11,Lingerie&Nightwear,triumph,599.0,449.0,25.0
22476,12,Lingerie&Nightwear,soie,1040.0,780.0,25.0
22477,13,Lingerie&Nightwear,sloggi,2638.2167045910855,999.0,44.84758845312988
22478,14,Lingerie&Nightwear,sloggi,2638.2167045910855,2999.0,44.84758845312988
22479,15,Lingerie&Nightwear,enamor,2638.2167045910855,949.0,44.84758845312988
22480,16,Lingerie&Nightwear,kaftan company,2638.2167045910855,2999.0,44.84758845312988
22481,17,Lingerie&Nightwear,enamor,2638.2167045910855,1599.0,44.84758845312988
22482,18,Lingerie&Nightwear,amante,2638.2167045910855,545.0,44.84758845312988
22483,19,Lingerie&Nightwear,enamor,2638.2167045910855,899.0,44.84758845312988
22484,20,Lingerie&Nightwear,mystere paris,799.0,479.0,40.0
22485,21,Lingerie&Nightwear,adidas,3599.0,2519.0,30.0
22487,23,Lingerie&Nightwear,soie,590.0,442.0,25.0
22488,24,Lingerie&Nightwear,sweet dreams,499.0,449.0,10.0
22489,25,Lingerie&Nightwear,soie,820.0,533.0,35.0
22490,0,Lingerie&Nightwear,soie,2638.2167045910855,875.0,44.84758845312988
22491,1,Lingerie&Nightwear,mystere paris,999.0,599.0,40.0
22492,2,Lingerie&Nightwear,triumph,2638.2167045910855,2099.0,44.84758845312988
22493,3,Lingerie&Nightwear,enamor,2638.2167045910855,849.0,44.84758845312988
22494,4,Lingerie&Nightwear,van heusen,2638.2167045910855,659.0,44.84758845312988
22495,5,Lingerie&Nightwear,van heusen,2638.2167045910855,539.0,44.84758845312988
22496,6,Lingerie&Nightwear,amante,2638.2167045910855,845.0,44.84758845312988
22497,7,Lingerie&Nightwear,sweet dreams,2699.0,1889.0,30.0
22498,8,Lingerie&Nightwear,wacoal,2638.2167045910855,995.0,44.84758845312988
22499,9,Lingerie&Nightwear,erotissch,1299.0,584.0,55.0
22500,10,Lingerie&Nightwear,triumph,499.0,249.0,50.0
22501,11,Lingerie&Nightwear,amante,1495.0,897.0,40.0
22502,12,Lingerie&Nightwear,soie,990.0,742.0,25.0
22503,13,Lingerie&Nightwear,amante,2638.2167045910855,945.0,44.84758845312988
22504,14,Lingerie&Nightwear,amante,745.0,372.0,50.0
22505,15,Lingerie&Nightwear,triumph,2638.2167045910855,1899.0,44.84758845312988
22506,16,Lingerie&Nightwear,amante,2638.2167045910855,695.0,44.84758845312988
22507,17,Lingerie&Nightwear,kaftan company,2638.2167045910855,1999.0,44.84758845312988
22508,18,Lingerie&Nightwear,enamor,2638.2167045910855,649.0,44.84758845312988
22509,19,Lingerie&Nightwear,parfait,2999.0,2399.0,20.0
22510,20,Lingerie&Nightwear,sloggi,2638.2167045910855,2099.0,44.84758845312988
22511,21,Lingerie&Nightwear,jockey,2638.2167045910855,599.0,44.84758845312988
22513,23,Lingerie&Nightwear,parfait,1399.0,1119.0,20.0
22514,24,Lingerie&Nightwear,triumph,2399.0,1199.0,50.0
22515,25,Lingerie&Nightwear,erotissch,2999.0,2099.0,30.0
22516,0,Lingerie&Nightwear,erotissch,1899.0,1234.0,35.0
22517,1,Lingerie&Nightwear,erotissch,1599.0,799.0,50.0
22518,2,Lingerie&Nightwear,jockey,2638.2167045910855,439.0,44.84758845312988
22519,3,Lingerie&Nightwear,erotissch,1299.0,584.0,55.0
22520,4,Lingerie&Nightwear,triumph,2638.2167045910855,1099.0,44.84758845312988
22521,5,Lingerie&Nightwear,clovia,571.0,228.0,60.0
22522,6,Lingerie&Nightwear,clovia,599.0,239.0,60.0
22523,7,Lingerie&Nightwear,triumph,1499.0,749.0,50.0
22524,8,Lingerie&Nightwear,enamor,899.0,629.0,30.0
22525,9,Lingerie&Nightwear,indya,2638.2167045910855,2500.0,44.84758845312988
22526,10,Lingerie&Nightwear,kaftan company,2638.2167045910855,3299.0,44.84758845312988
22527,11,Lingerie&Nightwear,triumph,2638.2167045910855,1999.0,44.84758845312988
22528,12,Lingerie&Nightwear,amante,1045.0,627.0,40.0
22529,13,Lingerie&Nightwear,erotissch,1299.0,584.0,55.0
22530,14,Lingerie&Nightwear,wacoal,2638.2167045910855,3299.0,44.84758845312988
22531,15,Lingerie&Nightwear,wacoal,1695.0,1356.0,20.0
22532,16,Lingerie&Nightwear,enamor,2638.2167045910855,749.0,44.84758845312988
22533,17,Lingerie&Nightwear,mystere paris,799.0,479.0,40.0
22534,18,Lingerie&Nightwear,triumph,2638.2167045910855,2399.0,44.84758845312988
22535,19,Lingerie&Nightwear,amante,1295.0,906.0,30.0
22536,20,Lingerie&Nightwear,life,1199.0,599.0,50.0
22537,21,Lingerie&Nightwear,van heusen,2638.2167045910855,539.0,44.84758845312988
22539,23,Lingerie&Nightwear,van heusen,2638.2167045910855,539.0,44.84758845312988
22540,24,Lingerie&Nightwear,triumph,2638.2167045910855,899.0,44.84758845312988
22541,25,Lingerie&Nightwear,sloggi,2638.2167045910855,2999.0,44.84758845312988
22542,0,Lingerie&Nightwear,ziyaa,3758.0,1503.0,60.0
22543,1,Lingerie&Nightwear,mystere paris,1599.0,959.0,40.0
22544,2,Lingerie&Nightwear,enamor,899.0,449.0,50.0
22545,3,Lingerie&Nightwear,parfait,1399.0,1119.0,20.0
22546,4,Lingerie&Nightwear,soie,410.0,205.0,50.0
22547,5,Lingerie&Nightwear,enamor,2638.2167045910855,1499.0,44.84758845312988
22548,6,Lingerie&Nightwear,jockey,2638.2167045910855,1129.0,44.84758845312988
22549,7,Lingerie&Nightwear,sweet dreams,1449.0,1014.0,30.0
22550,8,Lingerie&Nightwear,enamor,2638.2167045910855,1349.0,44.84758845312988
22551,9,Lingerie&Nightwear,enamor,2638.2167045910855,1299.0,44.84758845312988
22552,10,Lingerie&Nightwear,enamor,1349.0,944.0,30.0
22553,11,Lingerie&Nightwear,van heusen,1249.0,1199.0,4.0
22554,12,Lingerie&Nightwear,enamor,2638.2167045910855,1699.0,44.84758845312988
22555,13,Lingerie&Nightwear,erotissch,1299.0,649.0,50.0
22556,14,Lingerie&Nightwear,mystere paris,999.0,599.0,40.0
22557,15,Lingerie&Nightwear,erotissch,1299.0,584.0,55.0
22558,16,Lingerie&Nightwear,sweet dreams,699.0,629.0,10.0
22559,17,Lingerie&Nightwear,groversons paris beauty,2638.2167045910855,669.0,44.84758845312988
22560,18,Lingerie&Nightwear,amante,1295.0,906.0,30.0
22561,19,Lingerie&Nightwear,wacoal,3495.0,1747.0,50.0
22562,20,Lingerie&Nightwear,enamor,699.0,489.0,30.0
22563,21,Lingerie&Nightwear,van heusen,2638.2167045910855,619.0,44.84758845312988
22565,23,Lingerie&Nightwear,van heusen,2638.2167045910855,729.0,44.84758845312988
22566,24,Lingerie&Nightwear,erotissch,1699.0,849.0,50.0
22567,25,Lingerie&Nightwear,triumph,2638.2167045910855,899.0,44.84758845312988
22568,0,Lingerie&Nightwear,soie,2638.2167045910855,1040.0,44.84758845312988
22569,1,Lingerie&Nightwear,triumph,2638.2167045910855,2199.0,44.84758845312988
22570,2,Lingerie&Nightwear,wacoal,2638.2167045910855,999.0,44.84758845312988
22571,3,Lingerie&Nightwear,soie,1040.0,780.0,25.0
22572,4,Lingerie&Nightwear,enamor,2638.2167045910855,799.0,44.84758845312988
22573,5,Lingerie&Nightwear,triumph,2638.2167045910855,1999.0,44.84758845312988
22574,6,Lingerie&Nightwear,enamor,499.0,349.0,30.0
22575,7,Lingerie&Nightwear,reebok,2499.0,1249.0,50.0
22576,8,Lingerie&Nightwear,van heusen,2638.2167045910855,529.0,44.84758845312988
22577,9,Lingerie&Nightwear,enamor,2638.2167045910855,1699.0,44.84758845312988
22578,10,Lingerie&Nightwear,reebok,3299.0,1649.0,50.0
22579,11,Lingerie&Nightwear,jockey,2638.2167045910855,729.0,44.84758845312988
22580,12,Lingerie&Nightwear,enamor,2638.2167045910855,759.0,44.84758845312988
22581,13,Lingerie&Nightwear,erotissch,2999.0,1349.0,55.0
22582,14,Lingerie&Nightwear,soie,2638.2167045910855,875.0,44.84758845312988
22583,15,Lingerie&Nightwear,wacoal,2638.2167045910855,2095.0,44.84758845312988
22584,16,Lingerie&Nightwear,jockey,2638.2167045910855,999.0,44.84758845312988
22585,17,Lingerie&Nightwear,clovia,499.0,249.0,50.0
22586,18,Lingerie&Nightwear,erotissch,659.0,296.0,55.0
22587,19,Lingerie&Nightwear,triumph,1799.0,899.0,50.0
22588,20,Lingerie&Nightwear,amante,1195.0,597.0,50.0
22589,21,Lingerie&Nightwear,clovia,342.0,205.0,40.0
22591,23,Lingerie&Nightwear,clovia,599.0,239.0,60.0
22592,24,Lingerie&Nightwear,clovia,614.0,245.0,60.0
22593,25,Lingerie&Nightwear,clovia,599.0,239.0,60.0
22594,0,Lingerie&Nightwear,enamor,2638.2167045910855,849.0,44.84758845312988
22595,1,Lingerie&Nightwear,van heusen,2638.2167045910855,319.0,44.84758845312988
22596,2,Lingerie&Nightwear,triumph,2499.0,1249.0,50.0
22597,3,Lingerie&Nightwear,wacoal,2638.2167045910855,3699.0,44.84758845312988
22598,4,Lingerie&Nightwear,amante,2638.2167045910855,695.0,44.84758845312988
22599,5,Lingerie&Nightwear,triumph,1999.0,999.0,50.0
22600,6,Lingerie&Nightwear,mystere paris,499.0,299.0,40.0
22601,7,Lingerie&Nightwear,van heusen,2638.2167045910855,899.0,44.84758845312988
22602,8,Lingerie&Nightwear,van heusen,2638.2167045910855,899.0,44.84758845312988
22603,9,Lingerie&Nightwear,van heusen,2638.2167045910855,579.0,44.84758845312988
22604,10,Lingerie&Nightwear,enamor,2638.2167045910855,749.0,44.84758845312988
22605,11,Lingerie&Nightwear,sweet dreams,899.0,809.0,10.0
22606,12,Lingerie&Nightwear,wacoal,2638.2167045910855,1495.0,44.84758845312988
22607,13,Lingerie&Nightwear,wacoal,1295.0,906.0,30.0
22608,14,Lingerie&Nightwear,triumph,2638.2167045910855,2199.0,44.84758845312988
22609,15,Lingerie&Nightwear,enamor,2638.2167045910855,499.0,44.84758845312988
22610,16,Lingerie&Nightwear,van heusen,2638.2167045910855,429.0,44.84758845312988
22611,17,Lingerie&Nightwear,wacoal,2638.2167045910855,2295.0,44.84758845312988
22612,18,Lingerie&Nightwear,triumph,1499.0,749.0,50.0
22613,19,Lingerie&Nightwear,wacoal,2638.2167045910855,1499.0,44.84758845312988
22614,20,Lingerie&Nightwear,amante,1695.0,1017.0,40.0
22615,21,Lingerie&Nightwear,enamor,2638.2167045910855,1999.0,44.84758845312988
22617,23,Lingerie&Nightwear,soie,1040.0,780.0,25.0
22618,24,Lingerie&Nightwear,wacoal,2638.2167045910855,2295.0,44.84758845312988
22619,25,Lingerie&Nightwear,puma,2499.0,1749.0,30.0
22620,0,Lingerie&Nightwear,jockey,2638.2167045910855,499.0,44.84758845312988
22621,1,Lingerie&Nightwear,enamor,2638.2167045910855,899.0,44.84758845312988
22622,2,Lingerie&Nightwear,parfait,2399.0,2159.0,10.0
22623,3,Lingerie&Nightwear,groversons paris beauty,2638.2167045910855,615.0,44.84758845312988
22624,4,Lingerie&Nightwear,sweet dreams,499.0,449.0,10.0
22625,5,Lingerie&Nightwear,triumph,2999.0,2249.0,25.0
22626,6,Lingerie&Nightwear,enamor,2638.2167045910855,1799.0,44.84758845312988
22627,7,Lingerie&Nightwear,enamor,2638.2167045910855,799.0,44.84758845312988
22628,8,Lingerie&Nightwear,soie,1480.0,1258.0,15.0
22629,9,Lingerie&Nightwear,mystere paris,1599.0,959.0,40.0
22630,10,Lingerie&Nightwear,sloggi,2638.2167045910855,2999.0,44.84758845312988
22631,11,Lingerie&Nightwear,triumph,2638.2167045910855,1899.0,44.84758845312988
22632,12,Lingerie&Nightwear,sweet dreams,1749.0,1049.0,40.0
22633,13,Lingerie&Nightwear,mystere paris,999.0,599.0,40.0
22634,14,Lingerie&Nightwear,enamor,2638.2167045910855,499.0,44.84758845312988
22635,15,Lingerie&Nightwear,adidas,2299.0,1609.0,30.0
22636,16,Lingerie&Nightwear,wacoal,2638.2167045910855,1495.0,44.84758845312988
22637,17,Lingerie&Nightwear,triumph,599.0,299.0,50.0
22638,18,Lingerie&Nightwear,parfait,2499.0,2249.0,10.0
22639,19,Lingerie&Nightwear,parfait,2299.0,2069.0,10.0
22640,20,Lingerie&Nightwear,amante,695.0,556.0,20.0
22641,21,Lingerie&Nightwear,parfait,2499.0,2249.0,10.0
22643,23,Lingerie&Nightwear,parfait,2399.0,1919.0,20.0
22644,24,Lingerie&Nightwear,parfait,2199.0,1979.0,10.0
22645,25,Lingerie&Nightwear,erotissch,1199.0,779.0,35.0
22646,0,Lingerie&Nightwear,soie,1530.0,918.0,40.0
22647,1,Lingerie&Nightwear,jockey,2638.2167045910855,549.0,44.84758845312988
22648,2,Lingerie&Nightwear,erotissch,1999.0,1299.0,35.0
22649,3,Lingerie&Nightwear,erotissch,3990.0,1596.0,60.0
22650,4,Lingerie&Nightwear,erotissch,690.0,310.0,55.0
22651,5,Lingerie&Nightwear,van heusen,2638.2167045910855,589.0,44.84758845312988
22652,6,Lingerie&Nightwear,clovia,599.0,359.0,40.0
22653,7,Lingerie&Nightwear,clovia,599.0,299.0,50.0
22654,8,Lingerie&Nightwear,clovia,599.0,359.0,40.0
22655,9,Lingerie&Nightwear,clovia,599.0,359.0,40.0
22656,10,Lingerie&Nightwear,soie,2638.2167045910855,380.0,44.84758845312988
22657,11,Lingerie&Nightwear,amante,1045.0,731.0,30.0
22658,12,Lingerie&Nightwear,soie,990.0,891.0,10.0
22659,13,Lingerie&Nightwear,soie,1150.0,575.0,50.0
22660,14,Lingerie&Nightwear,soie,2638.2167045910855,1150.0,44.84758845312988
22661,15,Lingerie&Nightwear,clovia,699.0,419.0,40.0
22662,16,Lingerie&Nightwear,jockey,2638.2167045910855,649.0,44.84758845312988
22663,17,Lingerie&Nightwear,enamor,1349.0,944.0,30.0
22664,18,Lingerie&Nightwear,amante,645.0,451.0,30.0
22665,19,Lingerie&Nightwear,sweet dreams,1699.0,1019.0,40.0
22666,20,Lingerie&Nightwear,triumph,549.0,274.0,50.0
22667,21,Lingerie&Nightwear,amante,545.0,381.0,30.0
22669,23,Lingerie&Nightwear,triumph,1799.0,899.0,50.0
22670,24,Lingerie&Nightwear,sweet dreams,1599.0,1119.0,30.0
22671,25,Lingerie&Nightwear,sloggi,2638.2167045910855,999.0,44.84758845312988
22672,0,Lingerie&Nightwear,enamor,2638.2167045910855,799.0,44.84758845312988
22673,1,Lingerie&Nightwear,wacoal,2638.2167045910855,2499.0,44.84758845312988
22674,2,Lingerie&Nightwear,van heusen,2638.2167045910855,299.0,44.84758845312988
22675,3,Lingerie&Nightwear,groversons paris beauty,2638.2167045910855,529.0,44.84758845312988
22676,4,Lingerie&Nightwear,kaftan company,2638.2167045910855,2699.0,44.84758845312988
22677,5,Lingerie&Nightwear,triumph,699.0,419.0,40.0
22678,6,Lingerie&Nightwear,enamor,2638.2167045910855,699.0,44.84758845312988
22679,7,Lingerie&Nightwear,sweet dreams,1129.0,790.0,30.0
22680,8,Lingerie&Nightwear,wacoal,1695.0,1356.0,20.0
22681,9,Lingerie&Nightwear,kaftan company,2638.2167045910855,1699.0,44.84758845312988
22682,10,Lingerie&Nightwear,triumph,2638.2167045910855,1799.0,44.84758845312988
22683,11,Lingerie&Nightwear,soie,640.0,480.0,25.0
22684,12,Lingerie&Nightwear,kaftan company,2638.2167045910855,2899.0,44.84758845312988
22685,13,Lingerie&Nightwear,wacoal,2295.0,1606.0,30.0
22686,14,Lingerie&Nightwear,triumph,2638.2167045910855,1399.0,44.84758845312988
22687,15,Lingerie&Nightwear,sweet dreams,499.0,449.0,10.0
22688,16,Lingerie&Nightwear,enamor,499.0,349.0,30.0
22689,17,Lingerie&Nightwear,parfait,2399.0,2159.0,10.0
22690,18,Lingerie&Nightwear,enamor,2638.2167045910855,449.0,44.84758845312988
22691,19,Lingerie&Nightwear,triumph,2638.2167045910855,1799.0,44.84758845312988
22692,20,Lingerie&Nightwear,wacoal,2638.2167045910855,1895.0,44.84758845312988
22693,21,Lingerie&Nightwear,wacoal,2638.2167045910855,1899.0,44.84758845312988
22695,23,Lingerie&Nightwear,amante,1045.0,627.0,40.0
22696,24,Lingerie&Nightwear,sweet dreams,1069.0,748.0,30.0
22697,25,Lingerie&Nightwear,amante,2638.2167045910855,845.0,44.84758845312988
22698,0,Lingerie&Nightwear,triumph,2499.0,1249.0,50.0
22699,1,Lingerie&Nightwear,sweet dreams,1329.0,930.0,30.0
22700,2,Lingerie&Nightwear,wacoal,1695.0,1356.0,20.0
22701,3,Lingerie&Nightwear,crimsoune club,2499.0,1249.0,50.0
22702,4,Lingerie&Nightwear,jockey,2638.2167045910855,388.0,44.84758845312988
22703,5,Lingerie&Nightwear,van heusen,2638.2167045910855,579.0,44.84758845312988
22704,6,Lingerie&Nightwear,sloggi,2638.2167045910855,2099.0,44.84758845312988
22705,7,Lingerie&Nightwear,sweet dreams,499.0,449.0,10.0
22706,8,Lingerie&Nightwear,kaftan company,2638.2167045910855,2199.0,44.84758845312988
22707,9,Lingerie&Nightwear,triumph,2638.2167045910855,1899.0,44.84758845312988
22708,10,Lingerie&Nightwear,mystere paris,1199.0,719.0,40.0
22709,11,Lingerie&Nightwear,amante,1495.0,897.0,40.0
22710,12,Lingerie&Nightwear,triumph,2638.2167045910855,699.0,44.84758845312988
22711,13,Lingerie&Nightwear,jockey,2638.2167045910855,749.0,44.84758845312988
22712,14,Lingerie&Nightwear,enamor,2638.2167045910855,799.0,44.84758845312988
22713,15,Lingerie&Nightwear,insense,499.0,249.0,50.0
22714,16,Lingerie&Nightwear,erotissch,2399.0,1559.0,35.0
22715,17,Lingerie&Nightwear,mystere paris,1599.0,959.0,40.0
22716,18,Lingerie&Nightwear,erotissch,2999.0,2099.0,30.0
22717,19,Lingerie&Nightwear,erotissch,1299.0,649.0,50.0
22718,20,Lingerie&Nightwear,erotissch,499.0,249.0,50.0
22719,21,Lingerie&Nightwear,mystere paris,799.0,479.0,40.0
22721,23,Lingerie&Nightwear,clovia,599.0,359.0,40.0
22722,24,Lingerie&Nightwear,clovia,699.0,419.0,40.0
22723,25,Lingerie&Nightwear,clovia,599.0,359.0,40.0
22724,0,Lingerie&Nightwear,enamor,999.0,499.0,50.0
22725,1,Lingerie&Nightwear,clovia,499.0,299.0,40.0
22726,2,Lingerie&Nightwear,kaftan company,2638.2167045910855,1699.0,44.84758845312988
22727,3,Lingerie&Nightwear,enamor,2638.2167045910855,675.0,44.84758845312988
22728,4,Lingerie&Nightwear,wacoal,795.0,397.0,50.0
22729,5,Lingerie&Nightwear,clovia,599.0,239.0,60.0
22730,6,Lingerie&Nightwear,triumph,1799.0,899.0,50.0
22731,7,Lingerie&Nightwear,triumph,2599.0,1299.0,50.0
22732,8,Lingerie&Nightwear,kaftan company,2638.2167045910855,1699.0,44.84758845312988
22733,9,Lingerie&Nightwear,amante,995.0,597.0,40.0
22734,10,Lingerie&Nightwear,triumph,1999.0,999.0,50.0
22735,11,Lingerie&Nightwear,enamor,899.0,629.0,30.0
22736,12,Lingerie&Nightwear,clovia,599.0,359.0,40.0
22737,13,Lingerie&Nightwear,clovia,599.0,299.0,50.0
22738,14,Lingerie&Nightwear,groversons paris beauty,2638.2167045910855,499.0,44.84758845312988
22739,15,Lingerie&Nightwear,insense,499.0,249.0,50.0
22740,16,Lingerie&Nightwear,amante,545.0,299.0,45.0
22741,17,Lingerie&Nightwear,sloggi,2638.2167045910855,2099.0,44.84758845312988
22742,18,Lingerie&Nightwear,wacoal,2638.2167045910855,3699.0,44.84758845312988
22743,19,Lingerie&Nightwear,enamor,2638.2167045910855,799.0,44.84758845312988
22744,20,Lingerie&Nightwear,kaftan company,2638.2167045910855,1499.0,44.84758845312988
22745,21,Lingerie&Nightwear,aarke,2638.2167045910855,3600.0,44.84758845312988
22747,23,Lingerie&Nightwear,triumph,2638.2167045910855,2199.0,44.84758845312988
22748,24,Lingerie&Nightwear,amante,745.0,521.0,30.0
22749,25,Lingerie&Nightwear,van heusen,2638.2167045910855,309.0,44.84758845312988
22750,0,Lingerie&Nightwear,triumph,2638.2167045910855,1699.0,44.84758845312988
22751,1,Lingerie&Nightwear,triumph,2638.2167045910855,2099.0,44.84758845312988
22752,2,Lingerie&Nightwear,mystere paris,999.0,599.0,40.0
22753,3,Lingerie&Nightwear,enamor,1049.0,734.0,30.0
22754,4,Lingerie&Nightwear,soie,380.0,304.0,20.0
22755,5,Lingerie&Nightwear,wacoal,2638.2167045910855,1895.0,44.84758845312988
22756,6,Lingerie&Nightwear,soie,490.0,367.0,25.0
22757,7,Lingerie&Nightwear,triumph,2638.2167045910855,3499.0,44.84758845312988
22758,8,Lingerie&Nightwear,louis philippe,2638.2167045910855,1795.0,44.84758845312988
22759,9,Lingerie&Nightwear,parfait,1399.0,1119.0,20.0
22760,10,Lingerie&Nightwear,sweet dreams,1899.0,1329.0,30.0
22761,11,Lingerie&Nightwear,erotissch,1299.0,584.0,55.0
22762,12,Lingerie&Nightwear,triumph,1899.0,949.0,50.0
22763,13,Lingerie&Nightwear,erotissch,2649.0,1721.0,35.0
22764,14,Lingerie&Nightwear,enamor,2638.2167045910855,1699.0,44.84758845312988
22765,15,Lingerie&Nightwear,reebok,2799.0,1399.0,50.0
22766,16,Lingerie&Nightwear,soie,540.0,459.0,15.0
22767,17,Lingerie&Nightwear,faballey,1950.0,975.0,50.0
22768,18,Lingerie&Nightwear,wacoal,2638.2167045910855,995.0,44.84758845312988
22769,19,Lingerie&Nightwear,enamor,1449.0,869.0,40.0
22770,20,Lingerie&Nightwear,amante,1045.0,940.0,10.0
22771,21,Lingerie&Nightwear,parfait,3299.0,2639.0,20.0
22773,23,Lingerie&Nightwear,soie,640.0,480.0,25.0
22774,24,Lingerie&Nightwear,wacoal,895.0,626.0,30.0
22775,25,Lingerie&Nightwear,amante,1495.0,747.0,50.0
22776,0,Lingerie&Nightwear,wacoal,2638.2167045910855,2295.0,44.84758845312988
22777,1,Lingerie&Nightwear,soie,600.0,300.0,50.0
22778,2,Lingerie&Nightwear,sloggi,2638.2167045910855,999.0,44.84758845312988
22779,3,Lingerie&Nightwear,enamor,2638.2167045910855,649.0,44.84758845312988
22780,4,Lingerie&Nightwear,enamor,2638.2167045910855,1199.0,44.84758845312988
22781,5,Lingerie&Nightwear,amante,1045.0,627.0,40.0
22782,6,Lingerie&Nightwear,sweet dreams,1799.0,1259.0,30.0
22783,7,Lingerie&Nightwear,van heusen,2638.2167045910855,419.0,44.84758845312988
22784,8,Lingerie&Nightwear,wacoal,2638.2167045910855,1999.0,44.84758845312988
22785,9,Lingerie&Nightwear,wacoal,2638.2167045910855,2399.0,44.84758845312988
22786,10,Lingerie&Nightwear,triumph,1799.0,1079.0,40.0
22787,11,Lingerie&Nightwear,parfait,3299.0,2639.0,20.0
22788,12,Lingerie&Nightwear,jockey,2638.2167045910855,439.0,44.84758845312988
22789,13,Lingerie&Nightwear,wacoal,2638.2167045910855,495.0,44.84758845312988
22790,14,Lingerie&Nightwear,wacoal,2295.0,1606.0,30.0
22791,15,Lingerie&Nightwear,enamor,299.0,209.0,30.0
22792,16,Lingerie&Nightwear,kaftan company,2638.2167045910855,1699.0,44.84758845312988
22793,17,Lingerie&Nightwear,soie,2140.0,1070.0,50.0
22794,18,Lingerie&Nightwear,van heusen,2638.2167045910855,799.0,44.84758845312988
22795,19,Lingerie&Nightwear,sweet dreams,1899.0,1329.0,30.0
22796,20,Lingerie&Nightwear,wacoal,895.0,716.0,20.0
22797,21,Lingerie&Nightwear,soie,1640.0,820.0,50.0
22799,23,Lingerie&Nightwear,triumph,2638.2167045910855,2099.0,44.84758845312988
22800,24,Lingerie&Nightwear,enamor,2638.2167045910855,949.0,44.84758845312988
22801,25,Lingerie&Nightwear,crimsoune club,2299.0,1609.0,30.0
22802,0,Lingerie&Nightwear,enamor,2638.2167045910855,799.0,44.84758845312988
22803,1,Lingerie&Nightwear,parfait,2999.0,2399.0,20.0
22804,2,Lingerie&Nightwear,crimsoune club,2299.0,1609.0,30.0
22805,3,Lingerie&Nightwear,triumph,2638.2167045910855,1999.0,44.84758845312988
22806,4,Lingerie&Nightwear,enamor,2638.2167045910855,1649.0,44.84758845312988
22807,5,Lingerie&Nightwear,amante,1595.0,797.0,50.0
22808,6,Lingerie&Nightwear,van heusen,2638.2167045910855,749.0,44.84758845312988
22809,7,Lingerie&Nightwear,parfait,2199.0,1979.0,10.0
22810,8,Lingerie&Nightwear,parfait,2299.0,2069.0,10.0
22811,9,Lingerie&Nightwear,parfait,2299.0,2069.0,10.0
22812,10,Lingerie&Nightwear,erotissch,890.0,400.0,55.0
22813,11,Lingerie&Nightwear,erotissch,1790.0,805.0,55.0
22814,12,Lingerie&Nightwear,erotissch,1099.0,494.0,55.0
22815,13,Lingerie&Nightwear,erotissch,1199.0,539.0,55.0
22816,14,Lingerie&Nightwear,erotissch,1999.0,899.0,55.0
22817,15,Lingerie&Nightwear,amante,495.0,346.0,30.0
22818,16,Lingerie&Nightwear,miss chase,2638.2167045910855,2299.0,44.84758845312988
22819,17,Lingerie&Nightwear,clovia,599.0,239.0,60.0
22820,18,Lingerie&Nightwear,triumph,2638.2167045910855,2299.0,44.84758845312988
22821,19,Lingerie&Nightwear,sloggi,2638.2167045910855,1799.0,44.84758845312988
22822,20,Lingerie&Nightwear,sweet dreams,1649.0,1154.0,30.0
22823,21,Lingerie&Nightwear,enamor,2638.2167045910855,1249.0,44.84758845312988
22825,23,Lingerie&Nightwear,soie,1520.0,1064.0,30.0
22826,24,Lingerie&Nightwear,erotissch,1599.0,719.0,55.0
22827,25,Lingerie&Nightwear,wacoal,2638.2167045910855,995.0,44.84758845312988
22828,0,Lingerie&Nightwear,enamor,1349.0,944.0,30.0
22829,1,Lingerie&Nightwear,amante,2638.2167045910855,595.0,44.84758845312988
22830,2,Lingerie&Nightwear,van heusen,2638.2167045910855,499.0,44.84758845312988
22831,3,Lingerie&Nightwear,kaftan company,2638.2167045910855,2499.0,44.84758845312988
22832,4,Lingerie&Nightwear,amante,645.0,387.0,40.0
22833,5,Lingerie&Nightwear,erotissch,1199.0,539.0,55.0
22834,6,Lingerie&Nightwear,wacoal,2638.2167045910855,1895.0,44.84758845312988
22835,7,Lingerie&Nightwear,triumph,2638.2167045910855,1999.0,44.84758845312988
22836,8,Lingerie&Nightwear,enamor,849.0,594.0,30.0
22837,9,Lingerie&Nightwear,triumph,3199.0,1599.0,50.0
22838,10,Lingerie&Nightwear,ultimo,2638.2167045910855,2495.0,44.84758845312988
22839,11,Lingerie&Nightwear,triumph,2099.0,1049.0,50.0
22840,12,Lingerie&Nightwear,van heusen,2638.2167045910855,899.0,44.84758845312988
22841,13,Lingerie&Nightwear,wacoal,2638.2167045910855,3699.0,44.84758845312988
22842,14,Lingerie&Nightwear,enamor,2638.2167045910855,499.0,44.84758845312988
22843,15,Lingerie&Nightwear,jockey,2638.2167045910855,999.0,44.84758845312988
22844,16,Lingerie&Nightwear,soie,490.0,367.0,25.0
22845,17,Lingerie&Nightwear,enamor,2638.2167045910855,749.0,44.84758845312988
22846,18,Lingerie&Nightwear,erotissch,4490.0,1796.0,60.0
22847,19,Lingerie&Nightwear,sweet dreams,1399.0,979.0,30.0
22848,20,Lingerie&Nightwear,enamor,2638.2167045910855,1049.0,44.84758845312988
22849,21,Lingerie&Nightwear,enamor,2638.2167045910855,1999.0,44.84758845312988
22851,23,Lingerie&Nightwear,mystere paris,999.0,599.0,40.0
22852,24,Lingerie&Nightwear,enamor,669.0,468.0,30.0
22853,25,Lingerie&Nightwear,triumph,2638.2167045910855,2499.0,44.84758845312988
22854,0,Lingerie&Nightwear,enamor,2638.2167045910855,749.0,44.84758845312988
22855,1,Lingerie&Nightwear,soie,1040.0,780.0,25.0
22856,2,Lingerie&Nightwear,triumph,2638.2167045910855,2699.0,44.84758845312988
22857,3,Lingerie&Nightwear,wacoal,2638.2167045910855,2499.0,44.84758845312988
22858,4,Lingerie&Nightwear,erotissch,2990.0,1196.0,60.0
22859,5,Lingerie&Nightwear,sloggi,2638.2167045910855,2499.0,44.84758845312988
22860,6,Lingerie&Nightwear,triumph,2099.0,1259.0,40.0
22861,7,Lingerie&Nightwear,enamor,2638.2167045910855,649.0,44.84758845312988
22862,8,Lingerie&Nightwear,wacoal,2638.2167045910855,1895.0,44.84758845312988
22863,9,Lingerie&Nightwear,enamor,2638.2167045910855,799.0,44.84758845312988
22864,10,Lingerie&Nightwear,enamor,2638.2167045910855,449.0,44.84758845312988
22865,11,Lingerie&Nightwear,enamor,2638.2167045910855,849.0,44.84758845312988
22866,12,Lingerie&Nightwear,triumph,2099.0,1049.0,50.0
22867,13,Lingerie&Nightwear,enamor,2638.2167045910855,799.0,44.84758845312988
22868,14,Lingerie&Nightwear,enamor,499.0,349.0,30.0
22869,15,Lingerie&Nightwear,jockey,2638.2167045910855,549.0,44.84758845312988
22870,16,Lingerie&Nightwear,enamor,2638.2167045910855,1299.0,44.84758845312988
22871,17,Lingerie&Nightwear,enamor,2638.2167045910855,1299.0,44.84758845312988
22872,18,Lingerie&Nightwear,enamor,2638.2167045910855,1599.0,44.84758845312988
22873,19,Lingerie&Nightwear,jockey,2638.2167045910855,1399.0,44.84758845312988
22874,20,Lingerie&Nightwear,triumph,699.0,349.0,50.0
22875,21,Lingerie&Nightwear,triumph,2638.2167045910855,2099.0,44.84758845312988
22877,23,Lingerie&Nightwear,triumph,2599.0,1559.0,40.0
22878,24,Lingerie&Nightwear,triumph,2638.2167045910855,599.0,44.84758845312988
22879,25,Lingerie&Nightwear,enamor,2638.2167045910855,999.0,44.84758845312988
22880,0,Lingerie&Nightwear,jockey,2638.2167045910855,949.0,44.84758845312988
22881,1,Lingerie&Nightwear,enamor,2638.2167045910855,899.0,44.84758845312988
22882,2,Lingerie&Nightwear,sweet dreams,759.0,531.0,30.0
22883,3,Lingerie&Nightwear,triumph,2638.2167045910855,899.0,44.84758845312988
22884,4,Lingerie&Nightwear,parfait,2499.0,2249.0,10.0
22885,5,Lingerie&Nightwear,parfait,1199.0,959.0,20.0
22886,6,Lingerie&Nightwear,parfait,1399.0,1119.0,20.0
22887,7,Lingerie&Nightwear,amante,695.0,556.0,20.0
22888,8,Lingerie&Nightwear,mystere paris,499.0,299.0,40.0
22889,9,Lingerie&Nightwear,erotissch,1199.0,539.0,55.0
22890,10,Lingerie&Nightwear,erotissch,2500.0,1625.0,35.0
22891,11,Lingerie&Nightwear,enamor,2638.2167045910855,1399.0,44.84758845312988
22892,12,Lingerie&Nightwear,clovia,3999.0,1599.0,60.0
22893,13,Lingerie&Nightwear,amante,1245.0,871.0,30.0
22894,14,Lingerie&Nightwear,parfait,2499.0,2249.0,10.0
22895,15,Lingerie&Nightwear,amante,2638.2167045910855,695.0,44.84758845312988
22896,16,Lingerie&Nightwear,enamor,2638.2167045910855,899.0,44.84758845312988
22897,17,Lingerie&Nightwear,groversons paris beauty,2638.2167045910855,575.0,44.84758845312988
22898,18,Lingerie&Nightwear,enamor,2638.2167045910855,999.0,44.84758845312988
22899,19,Lingerie&Nightwear,enamor,2638.2167045910855,499.0,44.84758845312988
22900,20,Lingerie&Nightwear,enamor,599.0,299.0,50.0
22901,21,Lingerie&Nightwear,sweet dreams,1599.0,1119.0,30.0
22903,23,Lingerie&Nightwear,enamor,1399.0,979.0,30.0
22904,24,Lingerie&Nightwear,enamor,869.0,434.0,50.0
22905,25,Lingerie&Nightwear,mystere paris,1299.0,779.0,40.0
22906,0,Lingerie&Nightwear,erotissch,1199.0,539.0,55.0
22907,1,Lingerie&Nightwear,sweet dreams,449.0,404.0,10.0
22908,2,Lingerie&Nightwear,erotissch,1199.0,539.0,55.0
22909,3,Lingerie&Nightwear,clovia,599.0,239.0,60.0
22910,4,Lingerie&Nightwear,clovia,599.0,239.0,60.0
22911,5,Lingerie&Nightwear,clovia,599.0,239.0,60.0
22912,6,Lingerie&Nightwear,enamor,2638.2167045910855,699.0,44.84758845312988
22913,7,Lingerie&Nightwear,amante,2638.2167045910855,1245.0,44.84758845312988
22914,8,Lingerie&Nightwear,triumph,2638.2167045910855,1799.0,44.84758845312988
22915,9,Lingerie&Nightwear,van heusen,2638.2167045910855,1249.0,44.84758845312988
22916,10,Lingerie&Nightwear,triumph,2638.2167045910855,1899.0,44.84758845312988
22917,11,Lingerie&Nightwear,van heusen,2638.2167045910855,1249.0,44.84758845312988
22918,12,Lingerie&Nightwear,jockey,2638.2167045910855,699.0,44.84758845312988
22919,13,Lingerie&Nightwear,amante,2638.2167045910855,1045.0,44.84758845312988
22920,14,Lingerie&Nightwear,clovia,599.0,359.0,40.0
22921,15,Lingerie&Nightwear,samshek,2638.2167045910855,1590.0,44.84758845312988
22922,16,Lingerie&Nightwear,triumph,2999.0,2249.0,25.0
22923,17,Lingerie&Nightwear,van heusen,2638.2167045910855,879.0,44.84758845312988
22924,18,Lingerie&Nightwear,faballey,1900.0,950.0,50.0
22925,19,Lingerie&Nightwear,triumph,599.0,299.0,50.0
22926,20,Lingerie&Nightwear,soie,1040.0,780.0,25.0
22927,21,Lingerie&Nightwear,triumph,2638.2167045910855,1799.0,44.84758845312988
22929,23,Lingerie&Nightwear,soie,990.0,891.0,10.0
22930,24,Lingerie&Nightwear,amante,2638.2167045910855,695.0,44.84758845312988
22931,25,Lingerie&Nightwear,triumph,2638.2167045910855,1899.0,44.84758845312988
22932,0,Lingerie&Nightwear,adidas,2638.2167045910855,1199.0,44.84758845312988
22933,1,Lingerie&Nightwear,sweet dreams,709.0,496.0,30.0
22934,2,Lingerie&Nightwear,amante,1695.0,1356.0,20.0
22935,3,Lingerie&Nightwear,amante,1795.0,897.0,50.0
22936,4,Lingerie&Nightwear,groversons paris beauty,2638.2167045910855,690.0,44.84758845312988
22937,5,Lingerie&Nightwear,erotissch,1299.0,584.0,55.0
22938,6,Lingerie&Nightwear,triumph,1899.0,949.0,50.0
22939,7,Lingerie&Nightwear,triumph,999.0,599.0,40.0
22940,8,Lingerie&Nightwear,parfait,2299.0,2069.0,10.0
22941,9,Lingerie&Nightwear,soie,2638.2167045910855,690.0,44.84758845312988
22942,10,Lingerie&Nightwear,groversons paris beauty,2638.2167045910855,499.0,44.84758845312988
22943,11,Lingerie&Nightwear,triumph,2638.2167045910855,2999.0,44.84758845312988
22944,12,Lingerie&Nightwear,triumph,2999.0,1499.0,50.0
22945,13,Lingerie&Nightwear,triumph,2638.2167045910855,699.0,44.84758845312988
22946,14,Lingerie&Nightwear,triumph,2638.2167045910855,1999.0,44.84758845312988
22947,15,Lingerie&Nightwear,triumph,1299.0,649.0,50.0
22948,16,Lingerie&Nightwear,wacoal,2638.2167045910855,3699.0,44.84758845312988
22949,17,Lingerie&Nightwear,wacoal,895.0,716.0,20.0
22950,18,Lingerie&Nightwear,wacoal,2638.2167045910855,495.0,44.84758845312988
22951,19,Lingerie&Nightwear,van heusen,2638.2167045910855,619.0,44.84758845312988
22952,20,Lingerie&Nightwear,soie,640.0,480.0,25.0
22953,21,Lingerie&Nightwear,sloggi,2638.2167045910855,999.0,44.84758845312988
22955,23,Lingerie&Nightwear,kaftan company,2638.2167045910855,2299.0,44.84758845312988
22956,24,Lingerie&Nightwear,enamor,2638.2167045910855,1049.0,44.84758845312988
22957,25,Lingerie&Nightwear,enamor,749.0,374.0,50.0
22958,0,Lingerie&Nightwear,amante,445.0,311.0,30.0
22959,1,Lingerie&Nightwear,wacoal,2638.2167045910855,1895.0,44.84758845312988
22960,2,Lingerie&Nightwear,parfait,2299.0,2069.0,10.0
22961,3,Lingerie&Nightwear,amante,895.0,537.0,40.0
22962,4,Lingerie&Nightwear,soie,1040.0,780.0,25.0
22963,5,Lingerie&Nightwear,mystere paris,999.0,599.0,40.0
22964,6,Lingerie&Nightwear,sweet dreams,1799.0,1079.0,40.0
22965,7,Lingerie&Nightwear,faballey,1950.0,975.0,50.0
22966,8,Lingerie&Nightwear,sweet dreams,1899.0,1139.0,40.0
22967,9,Lingerie&Nightwear,triumph,2638.2167045910855,1999.0,44.84758845312988
22968,10,Lingerie&Nightwear,van heusen,2638.2167045910855,899.0,44.84758845312988
22969,11,Lingerie&Nightwear,sweet dreams,2899.0,2609.0,10.0
22970,12,Lingerie&Nightwear,soie,650.0,325.0,50.0
22971,13,Lingerie&Nightwear,triumph,2638.2167045910855,2499.0,44.84758845312988
22972,14,Lingerie&Nightwear,triumph,2638.2167045910855,2499.0,44.84758845312988
22973,15,Lingerie&Nightwear,triumph,2638.2167045910855,1999.0,44.84758845312988
22974,16,Lingerie&Nightwear,triumph,2638.2167045910855,2499.0,44.84758845312988
22975,17,Lingerie&Nightwear,enamor,2638.2167045910855,1299.0,44.84758845312988
22976,18,Lingerie&Nightwear,triumph,2638.2167045910855,699.0,44.84758845312988
22977,19,Lingerie&Nightwear,enamor,2638.2167045910855,1299.0,44.84758845312988
22978,20,Lingerie&Nightwear,soie,540.0,513.0,5.0
22979,21,Lingerie&Nightwear,amante,2638.2167045910855,545.0,44.84758845312988
22981,23,Lingerie&Nightwear,soie,750.0,712.0,5.0
22982,24,Lingerie&Nightwear,enamor,2638.2167045910855,499.0,44.84758845312988
22983,25,Lingerie&Nightwear,erotissch,2499.0,1624.0,35.0
22984,0,Lingerie&Nightwear,soie,1150.0,862.0,25.0
22985,1,Lingerie&Nightwear,enamor,2638.2167045910855,1599.0,44.84758845312988
22986,2,Lingerie&Nightwear,sweet dreams,709.0,496.0,30.0
22987,3,Lingerie&Nightwear,sweet dreams,1329.0,930.0,30.0
22988,4,Lingerie&Nightwear,amante,1695.0,1356.0,20.0
22989,5,Lingerie&Nightwear,enamor,2638.2167045910855,1249.0,44.84758845312988
22990,6,Lingerie&Nightwear,jockey,2638.2167045910855,245.0,44.84758845312988
22991,7,Lingerie&Nightwear,enamor,2638.2167045910855,949.0,44.84758845312988
22992,8,Lingerie&Nightwear,sweet dreams,1799.0,1259.0,30.0
22993,9,Lingerie&Nightwear,triumph,2638.2167045910855,2499.0,44.84758845312988
22994,10,Lingerie&Nightwear,enamor,2638.2167045910855,999.0,44.84758845312988
22995,11,Lingerie&Nightwear,enamor,2638.2167045910855,1599.0,44.84758845312988
22996,12,Lingerie&Nightwear,jockey,2638.2167045910855,1299.0,44.84758845312988
22997,13,Lingerie&Nightwear,sweet dreams,1699.0,1019.0,40.0
22998,14,Lingerie&Nightwear,jockey,2638.2167045910855,1799.0,44.84758845312988
22999,15,Lingerie&Nightwear,van heusen,2638.2167045910855,499.0,44.84758845312988
23000,16,Lingerie&Nightwear,enamor,529.0,370.0,30.0
23001,17,Lingerie&Nightwear,triumph,2999.0,1499.0,50.0
23002,18,Lingerie&Nightwear,erotissch,1449.0,652.0,55.0
23003,19,Lingerie&Nightwear,mystere paris,999.0,599.0,40.0
23004,20,Lingerie&Nightwear,erotissch,3190.0,1276.0,60.0
23005,21,Lingerie&Nightwear,erotissch,2499.0,1624.0,35.0
23007,23,Lingerie&Nightwear,erotissch,1649.0,906.0,45.0
23008,24,Lingerie&Nightwear,van heusen,2638.2167045910855,899.0,44.84758845312988
23009,25,Lingerie&Nightwear,clovia,499.0,199.0,60.0
23010,0,Lingerie&Nightwear,erotissch,3290.0,1480.0,55.0
23011,1,Lingerie&Nightwear,wacoal,2295.0,1147.0,50.0
23012,2,Lingerie&Nightwear,wacoal,1695.0,1356.0,20.0
23013,3,Lingerie&Nightwear,soie,990.0,792.0,20.0
23014,4,Lingerie&Nightwear,mystere paris,599.0,359.0,40.0
23015,5,Lingerie&Nightwear,amante,1295.0,518.0,60.0
23016,6,Lingerie&Nightwear,erotissch,1390.0,625.0,55.0
23017,7,Lingerie&Nightwear,van heusen,2638.2167045910855,799.0,44.84758845312988
23018,8,Lingerie&Nightwear,kaftan company,2638.2167045910855,2199.0,44.84758845312988
23019,9,Lingerie&Nightwear,enamor,899.0,629.0,30.0
23020,10,Lingerie&Nightwear,mystere paris,799.0,479.0,40.0
23021,11,Lingerie&Nightwear,enamor,2638.2167045910855,999.0,44.84758845312988
23022,12,Lingerie&Nightwear,enamor,2638.2167045910855,549.0,44.84758845312988
23023,13,Lingerie&Nightwear,erotissch,1599.0,719.0,55.0
23024,14,Lingerie&Nightwear,soie,1230.0,922.0,25.0
23025,15,Lingerie&Nightwear,amante,495.0,346.0,30.0
23026,16,Lingerie&Nightwear,kaftan company,2638.2167045910855,3299.0,44.84758845312988
23027,17,Lingerie&Nightwear,faballey,2400.0,1200.0,50.0
23028,18,Lingerie&Nightwear,wacoal,2638.2167045910855,2699.0,44.84758845312988
23029,19,Lingerie&Nightwear,van heusen,2638.2167045910855,1099.0,44.84758845312988
23030,20,Lingerie&Nightwear,kaftan company,2638.2167045910855,2999.0,44.84758845312988
23031,21,Lingerie&Nightwear,triumph,2638.2167045910855,699.0,44.84758845312988
23033,23,Lingerie&Nightwear,enamor,2638.2167045910855,649.0,44.84758845312988
23034,24,Lingerie&Nightwear,amante,2638.2167045910855,595.0,44.84758845312988
23035,25,Lingerie&Nightwear,sweet dreams,1129.0,790.0,30.0
23036,0,Lingerie&Nightwear,wacoal,2638.2167045910855,3699.0,44.84758845312988
23037,1,Lingerie&Nightwear,jockey,2638.2167045910855,729.0,44.84758845312988
23038,2,Lingerie&Nightwear,sweet dreams,1649.0,1154.0,30.0
23039,3,Lingerie&Nightwear,triumph,2638.2167045910855,2099.0,44.84758845312988
23040,4,Lingerie&Nightwear,triumph,2638.2167045910855,899.0,44.84758845312988
23041,5,Lingerie&Nightwear,triumph,1699.0,849.0,50.0
23042,6,Lingerie&Nightwear,kaftan company,2638.2167045910855,2999.0,44.84758845312988
23043,7,Lingerie&Nightwear,sloggi,2638.2167045910855,1999.0,44.84758845312988
23044,8,Lingerie&Nightwear,jockey,2638.2167045910855,599.0,44.84758845312988
23045,9,Lingerie&Nightwear,triumph,1999.0,999.0,50.0
23046,10,Lingerie&Nightwear,parfait,1199.0,959.0,20.0
23047,11,Lingerie&Nightwear,mystere paris,1199.0,719.0,40.0
23048,12,Lingerie&Nightwear,groversons paris beauty,2638.2167045910855,615.0,44.84758845312988
23049,13,Lingerie&Nightwear,erotissch,2999.0,1349.0,55.0
23050,14,Lingerie&Nightwear,triumph,2638.2167045910855,1599.0,44.84758845312988
23051,15,Lingerie&Nightwear,sweet dreams,1799.0,1259.0,30.0
23052,16,Lingerie&Nightwear,enamor,2638.2167045910855,1649.0,44.84758845312988
23053,17,Lingerie&Nightwear,kaftan company,2638.2167045910855,2299.0,44.84758845312988
23054,18,Lingerie&Nightwear,soie,1040.0,780.0,25.0
23055,19,Lingerie&Nightwear,soie,1040.0,780.0,25.0
23056,20,Lingerie&Nightwear,insense,799.0,399.0,50.0
23057,21,Lingerie&Nightwear,triumph,2638.2167045910855,2399.0,44.84758845312988
23059,23,Lingerie&Nightwear,soie,1900.0,950.0,50.0
23060,24,Lingerie&Nightwear,enamor,499.0,349.0,30.0
23061,25,Lingerie&Nightwear,amante,2638.2167045910855,695.0,44.84758845312988
23062,0,Lingerie&Nightwear,van heusen,2638.2167045910855,1049.0,44.84758845312988
23063,1,Lingerie&Nightwear,soie,740.0,666.0,10.0
23064,2,Lingerie&Nightwear,erotissch,1199.0,539.0,55.0
23065,3,Lingerie&Nightwear,enamor,2638.2167045910855,1049.0,44.84758845312988
23066,4,Lingerie&Nightwear,jockey,2638.2167045910855,599.0,44.84758845312988
23067,5,Lingerie&Nightwear,van heusen,2638.2167045910855,679.0,44.84758845312988
23068,6,Lingerie&Nightwear,jockey,2638.2167045910855,689.0,44.84758845312988
23069,7,Lingerie&Nightwear,enamor,2638.2167045910855,1249.0,44.84758845312988
23070,8,Lingerie&Nightwear,triumph,2638.2167045910855,1899.0,44.84758845312988
23071,9,Lingerie&Nightwear,enamor,1599.0,959.0,40.0
23072,10,Lingerie&Nightwear,enamor,1449.0,1014.0,30.0
23073,11,Lingerie&Nightwear,triumph,2638.2167045910855,1999.0,44.84758845312988
23074,12,Lingerie&Nightwear,enamor,2638.2167045910855,999.0,44.84758845312988
23075,13,Lingerie&Nightwear,soie,2638.2167045910855,840.0,44.84758845312988
23076,14,Lingerie&Nightwear,samshek,2638.2167045910855,1590.0,44.84758845312988
23077,15,Lingerie&Nightwear,amante,1695.0,1017.0,40.0
23078,16,Lingerie&Nightwear,enamor,2638.2167045910855,399.0,44.84758845312988
23079,17,Lingerie&Nightwear,triumph,2638.2167045910855,699.0,44.84758845312988
23080,18,Lingerie&Nightwear,soie,2638.2167045910855,840.0,44.84758845312988
23081,19,Lingerie&Nightwear,soie,2638.2167045910855,840.0,44.84758845312988
23082,20,Lingerie&Nightwear,enamor,2638.2167045910855,899.0,44.84758845312988
23083,21,Lingerie&Nightwear,groversons paris beauty,2638.2167045910855,531.0,44.84758845312988
23085,23,Lingerie&Nightwear,van heusen,2638.2167045910855,689.0,44.84758845312988
23086,24,Lingerie&Nightwear,reebok,2499.0,1249.0,50.0
23087,25,Lingerie&Nightwear,soie,1040.0,780.0,25.0
23088,0,Lingerie&Nightwear,parfait,1399.0,1119.0,20.0
23089,1,Lingerie&Nightwear,adidas,2499.0,1249.0,50.0
23090,2,Lingerie&Nightwear,enamor,2638.2167045910855,509.0,44.84758845312988
23091,3,Lingerie&Nightwear,van heusen,2638.2167045910855,799.0,44.84758845312988
23092,4,Lingerie&Nightwear,van heusen,2638.2167045910855,1099.0,44.84758845312988
23093,5,Lingerie&Nightwear,parfait,2399.0,2159.0,10.0
23094,6,Lingerie&Nightwear,parfait,1399.0,1119.0,20.0
23095,7,Lingerie&Nightwear,jockey,2638.2167045910855,498.0,44.84758845312988
23096,8,Lingerie&Nightwear,triumph,2638.2167045910855,599.0,44.84758845312988
23097,9,Lingerie&Nightwear,parfait,1399.0,1119.0,20.0
23098,10,Lingerie&Nightwear,van heusen,2638.2167045910855,879.0,44.84758845312988
23099,11,Lingerie&Nightwear,erotissch,1299.0,584.0,55.0
23100,12,Lingerie&Nightwear,erotissch,1449.0,652.0,55.0
23101,13,Lingerie&Nightwear,erotissch,2990.0,1345.0,55.0
23102,14,Lingerie&Nightwear,erotissch,1990.0,796.0,60.0
23103,15,Lingerie&Nightwear,van heusen,2638.2167045910855,1299.0,44.84758845312988
23104,16,Lingerie&Nightwear,erotissch,2499.0,1624.0,35.0
23105,17,Lingerie&Nightwear,jockey,2638.2167045910855,539.0,44.84758845312988
23106,18,Lingerie&Nightwear,triumph,2638.2167045910855,999.0,44.84758845312988
23107,19,Lingerie&Nightwear,enamor,669.0,468.0,30.0
23108,20,Lingerie&Nightwear,clovia,599.0,359.0,40.0
23109,21,Lingerie&Nightwear,clovia,599.0,359.0,40.0
23111,23,Lingerie&Nightwear,jockey,2638.2167045910855,649.0,44.84758845312988
23112,24,Lingerie&Nightwear,enamor,2638.2167045910855,1299.0,44.84758845312988
23113,25,Lingerie&Nightwear,faballey,1900.0,950.0,50.0
23114,0,Lingerie&Nightwear,soie,1150.0,575.0,50.0
23115,1,Lingerie&Nightwear,soie,870.0,435.0,50.0
23116,2,Lingerie&Nightwear,soie,2080.0,1352.0,35.0
23117,3,Lingerie&Nightwear,groversons paris beauty,2638.2167045910855,543.0,44.84758845312988
23118,4,Lingerie&Nightwear,soie,740.0,666.0,10.0
23119,5,Lingerie&Nightwear,faballey,2400.0,1200.0,50.0
23120,6,Lingerie&Nightwear,jockey,2638.2167045910855,649.0,44.84758845312988
23121,7,Lingerie&Nightwear,soie,870.0,565.0,35.0
23122,8,Lingerie&Nightwear,clovia,599.0,239.0,60.0
23123,9,Lingerie&Nightwear,groversons paris beauty,2638.2167045910855,675.0,44.84758845312988
23124,10,Lingerie&Nightwear,kaftan company,2638.2167045910855,2999.0,44.84758845312988
23125,11,Lingerie&Nightwear,erotissch,4490.0,1796.0,60.0
23126,12,Lingerie&Nightwear,erotissch,790.0,355.0,55.0
23127,13,Lingerie&Nightwear,clovia,1299.0,519.0,60.0
23128,14,Lingerie&Nightwear,clovia,599.0,299.0,50.0
23129,15,Lingerie&Nightwear,parfait,2299.0,2069.0,10.0
23130,16,Lingerie&Nightwear,mystere paris,599.0,359.0,40.0
23131,17,Lingerie&Nightwear,wacoal,2638.2167045910855,895.0,44.84758845312988
23132,18,Lingerie&Nightwear,enamor,2638.2167045910855,449.0,44.84758845312988
23133,19,Lingerie&Nightwear,triumph,2638.2167045910855,2499.0,44.84758845312988
23134,20,Lingerie&Nightwear,triumph,2638.2167045910855,2599.0,44.84758845312988
23135,21,Lingerie&Nightwear,soie,1150.0,862.0,25.0
23137,23,Lingerie&Nightwear,reebok,2799.0,1399.0,50.0
23138,24,Lingerie&Nightwear,amante,2638.2167045910855,595.0,44.84758845312988
23139,25,Lingerie&Nightwear,triumph,2638.2167045910855,1999.0,44.84758845312988
23140,0,Lingerie&Nightwear,mystere paris,899.0,539.0,40.0
23141,1,Lingerie&Nightwear,sweet dreams,1899.0,1709.0,10.0
23142,2,Lingerie&Nightwear,sweet dreams,1449.0,1014.0,30.0
23143,3,Lingerie&Nightwear,triumph,1699.0,849.0,50.0
23144,4,Lingerie&Nightwear,enamor,2638.2167045910855,899.0,44.84758845312988
23145,5,Lingerie&Nightwear,myshka,3499.0,874.0,75.0
23146,6,Lingerie&Nightwear,enamor,2638.2167045910855,849.0,44.84758845312988
23147,7,Lingerie&Nightwear,enamor,1499.0,1049.0,30.0
23148,8,Lingerie&Nightwear,soie,925.0,693.0,25.0
23149,9,Lingerie&Nightwear,sloggi,2638.2167045910855,1999.0,44.84758845312988
23150,10,Lingerie&Nightwear,enamor,669.0,468.0,30.0
23151,11,Lingerie&Nightwear,soie,1040.0,780.0,25.0
23152,12,Lingerie&Nightwear,kaftan company,2638.2167045910855,2499.0,44.84758845312988
23153,13,Lingerie&Nightwear,enamor,749.0,524.0,30.0
23154,14,Lingerie&Nightwear,groversons paris beauty,2638.2167045910855,690.0,44.84758845312988
23155,15,Lingerie&Nightwear,jockey,2638.2167045910855,1129.0,44.84758845312988
23156,16,Lingerie&Nightwear,triumph,899.0,449.0,50.0
23157,17,Lingerie&Nightwear,kaftan company,2638.2167045910855,1999.0,44.84758845312988
23158,18,Lingerie&Nightwear,sweet dreams,1499.0,1049.0,30.0
23159,19,Lingerie&Nightwear,jockey,2638.2167045910855,418.0,44.84758845312988
23160,20,Lingerie&Nightwear,allen solly,2638.2167045910855,799.0,44.84758845312988
23161,21,Lingerie&Nightwear,triumph,2638.2167045910855,599.0,44.84758845312988
23163,23,Lingerie&Nightwear,enamor,599.0,299.0,50.0
23164,24,Lingerie&Nightwear,amante,2638.2167045910855,395.0,44.84758845312988
23165,25,Lingerie&Nightwear,triumph,599.0,359.0,40.0
23166,0,Lingerie&Nightwear,enamor,599.0,419.0,30.0
23167,1,Lingerie&Nightwear,parfait,2299.0,2069.0,10.0
23168,2,Lingerie&Nightwear,adidas,3599.0,2519.0,30.0
23169,3,Lingerie&Nightwear,triumph,2638.2167045910855,799.0,44.84758845312988
23170,4,Lingerie&Nightwear,soie,760.0,494.0,35.0
23171,5,Lingerie&Nightwear,erotissch,1799.0,809.0,55.0
23172,6,Lingerie&Nightwear,sloggi,2638.2167045910855,999.0,44.84758845312988
23173,7,Lingerie&Nightwear,kaftan company,2638.2167045910855,2499.0,44.84758845312988
23174,8,Lingerie&Nightwear,soie,1800.0,1350.0,25.0
23175,9,Lingerie&Nightwear,amante,1295.0,647.0,50.0
23176,10,Lingerie&Nightwear,mystere paris,1199.0,719.0,40.0
23177,11,Lingerie&Nightwear,enamor,2638.2167045910855,1399.0,44.84758845312988
23178,12,Lingerie&Nightwear,enamor,2638.2167045910855,1249.0,44.84758845312988
23179,13,Lingerie&Nightwear,sloggi,2638.2167045910855,2699.0,44.84758845312988
23180,14,Lingerie&Nightwear,amante,895.0,537.0,40.0
23181,15,Lingerie&Nightwear,jockey,2638.2167045910855,349.0,44.84758845312988
23182,16,Lingerie&Nightwear,enamor,2638.2167045910855,549.0,44.84758845312988
23183,17,Lingerie&Nightwear,enamor,1150.0,575.0,50.0
23184,18,Lingerie&Nightwear,parfait,2199.0,1979.0,10.0
23185,19,Lingerie&Nightwear,triumph,2638.2167045910855,1499.0,44.84758845312988
23186,20,Lingerie&Nightwear,enamor,2638.2167045910855,499.0,44.84758845312988
23187,21,Lingerie&Nightwear,groversons paris beauty,2638.2167045910855,543.0,44.84758845312988
23189,23,Lingerie&Nightwear,sweet dreams,1799.0,1259.0,30.0
23190,24,Lingerie&Nightwear,amante,545.0,299.0,45.0
23191,25,Lingerie&Nightwear,reebok,2999.0,1499.0,50.0
23192,0,Lingerie&Nightwear,van heusen,2638.2167045910855,959.0,44.84758845312988
23193,1,Lingerie&Nightwear,kaftan company,2638.2167045910855,3299.0,44.84758845312988
23194,2,Lingerie&Nightwear,soie,2638.2167045910855,1890.0,44.84758845312988
23195,3,Lingerie&Nightwear,wacoal,2638.2167045910855,895.0,44.84758845312988
23196,4,Lingerie&Nightwear,triumph,1899.0,949.0,50.0
23197,5,Lingerie&Nightwear,soie,740.0,666.0,10.0
23198,6,Lingerie&Nightwear,wacoal,2638.2167045910855,3699.0,44.84758845312988
23199,7,Lingerie&Nightwear,soie,1420.0,710.0,50.0
23200,8,Lingerie&Nightwear,sweet dreams,1069.0,748.0,30.0
23201,9,Lingerie&Nightwear,wacoal,2638.2167045910855,495.0,44.84758845312988
23202,10,Lingerie&Nightwear,soie,540.0,513.0,5.0
23203,11,Lingerie&Nightwear,enamor,2638.2167045910855,699.0,44.84758845312988
23204,12,Lingerie&Nightwear,van heusen,2638.2167045910855,799.0,44.84758845312988
23205,13,Lingerie&Nightwear,enamor,2638.2167045910855,579.0,44.84758845312988
23206,14,Lingerie&Nightwear,jockey,2638.2167045910855,1049.0,44.84758845312988
23207,15,Lingerie&Nightwear,mystere paris,1599.0,959.0,40.0
23208,16,Lingerie&Nightwear,enamor,1449.0,869.0,40.0
23209,17,Lingerie&Nightwear,erotissch,1449.0,652.0,55.0
23210,18,Lingerie&Nightwear,kaftan company,2638.2167045910855,2299.0,44.84758845312988
23211,19,Lingerie&Nightwear,wacoal,2638.2167045910855,895.0,44.84758845312988
23212,20,Lingerie&Nightwear,kaftan company,2638.2167045910855,2999.0,44.84758845312988
23213,21,Lingerie&Nightwear,soie,590.0,442.0,25.0
23215,23,Lingerie&Nightwear,enamor,2638.2167045910855,999.0,44.84758845312988
23216,24,Lingerie&Nightwear,triumph,2638.2167045910855,3199.0,44.84758845312988
23217,25,Lingerie&Nightwear,amante,545.0,272.0,50.0
23218,0,Lingerie&Nightwear,sweet dreams,1799.0,1259.0,30.0
23219,1,Lingerie&Nightwear,soie,540.0,513.0,5.0
23220,2,Lingerie&Nightwear,sweet dreams,759.0,531.0,30.0
23221,3,Lingerie&Nightwear,amante,1395.0,558.0,60.0
23222,4,Lingerie&Nightwear,enamor,2638.2167045910855,599.0,44.84758845312988
23223,5,Lingerie&Nightwear,kaftan company,2638.2167045910855,2499.0,44.84758845312988
23224,6,Lingerie&Nightwear,amante,695.0,417.0,40.0
23225,7,Lingerie&Nightwear,wacoal,2638.2167045910855,495.0,44.84758845312988
23226,8,Lingerie&Nightwear,mystere paris,999.0,599.0,40.0
23227,9,Lingerie&Nightwear,wacoal,2638.2167045910855,3299.0,44.84758845312988
23228,10,Lingerie&Nightwear,faballey,2950.0,1475.0,50.0
23229,11,Lingerie&Nightwear,erotissch,1299.0,584.0,55.0
23230,12,Lingerie&Nightwear,sweet dreams,839.0,755.0,10.0
23231,13,Lingerie&Nightwear,soie,980.0,931.0,5.0
23232,14,Lingerie&Nightwear,parfait,2299.0,2069.0,10.0
23233,15,Lingerie&Nightwear,jockey,2638.2167045910855,498.0,44.84758845312988
23234,16,Lingerie&Nightwear,erotissch,1299.0,584.0,55.0
23235,17,Lingerie&Nightwear,erotissch,2649.0,1721.0,35.0
23236,18,Lingerie&Nightwear,erotissch,1599.0,719.0,55.0
23237,19,Lingerie&Nightwear,van heusen,2638.2167045910855,729.0,44.84758845312988
23238,20,Lingerie&Nightwear,adidas,2499.0,1749.0,30.0
23239,21,Lingerie&Nightwear,clovia,599.0,239.0,60.0
23241,23,Lingerie&Nightwear,clovia,499.0,299.0,40.0
23242,24,Lingerie&Nightwear,clovia,599.0,239.0,60.0
23243,25,Lingerie&Nightwear,clovia,599.0,239.0,60.0
23244,0,Lingerie&Nightwear,clovia,599.0,239.0,60.0
23245,1,Lingerie&Nightwear,clovia,599.0,239.0,60.0
23246,2,Lingerie&Nightwear,soie,2140.0,1070.0,50.0
23247,3,Lingerie&Nightwear,enamor,2638.2167045910855,449.0,44.84758845312988
23248,4,Lingerie&Nightwear,soie,2050.0,1537.0,25.0
23249,5,Lingerie&Nightwear,soie,540.0,270.0,50.0
23250,6,Lingerie&Nightwear,van heusen,2638.2167045910855,1299.0,44.84758845312988
23251,7,Lingerie&Nightwear,enamor,2638.2167045910855,509.0,44.84758845312988
23252,8,Lingerie&Nightwear,enamor,2638.2167045910855,675.0,44.84758845312988
23253,9,Lingerie&Nightwear,soie,1040.0,520.0,50.0
23254,10,Lingerie&Nightwear,enamor,2638.2167045910855,1449.0,44.84758845312988
23255,11,Lingerie&Nightwear,enamor,399.0,279.0,30.0
23256,12,Lingerie&Nightwear,enamor,2638.2167045910855,879.0,44.84758845312988
23257,13,Lingerie&Nightwear,clovia,599.0,359.0,40.0
23258,14,Lingerie&Nightwear,van heusen,2638.2167045910855,319.0,44.84758845312988
23259,15,Lingerie&Nightwear,parfait,2999.0,2399.0,20.0
23260,16,Lingerie&Nightwear,groversons paris beauty,2638.2167045910855,543.0,44.84758845312988
23261,17,Lingerie&Nightwear,triumph,799.0,399.0,50.0
23262,18,Lingerie&Nightwear,parfait,2299.0,2069.0,10.0
23263,19,Lingerie&Nightwear,van heusen,2638.2167045910855,499.0,44.84758845312988
23264,20,Lingerie&Nightwear,van heusen,2638.2167045910855,499.0,44.84758845312988
23265,21,Lingerie&Nightwear,groversons paris beauty,2638.2167045910855,630.0,44.84758845312988
23267,23,Lingerie&Nightwear,erotissch,1390.0,625.0,55.0
23268,24,Lingerie&Nightwear,triumph,1799.0,899.0,50.0
23269,25,Lingerie&Nightwear,amante,1295.0,518.0,60.0
23270,0,Lingerie&Nightwear,kaftan company,2638.2167045910855,2899.0,44.84758845312988
23271,1,Lingerie&Nightwear,triumph,2638.2167045910855,2299.0,44.84758845312988
23272,2,Lingerie&Nightwear,amante,645.0,451.0,30.0
23273,3,Lingerie&Nightwear,sweet dreams,1499.0,899.0,40.0
23274,4,Lingerie&Nightwear,mystere paris,1299.0,779.0,40.0
23275,5,Lingerie&Nightwear,clovia,1499.0,599.0,60.0
23276,6,Lingerie&Nightwear,clovia,599.0,239.0,60.0
23277,7,Lingerie&Nightwear,clovia,599.0,239.0,60.0
23278,8,Lingerie&Nightwear,wacoal,2638.2167045910855,695.0,44.84758845312988
23279,9,Lingerie&Nightwear,enamor,2638.2167045910855,449.0,44.84758845312988
23280,10,Lingerie&Nightwear,sweet dreams,1299.0,909.0,30.0
23281,11,Lingerie&Nightwear,enamor,459.0,229.0,50.0
23282,12,Lingerie&Nightwear,enamor,749.0,374.0,50.0
23283,13,Lingerie&Nightwear,triumph,2638.2167045910855,3499.0,44.84758845312988
23284,14,Lingerie&Nightwear,wacoal,3495.0,1747.0,50.0
23285,15,Lingerie&Nightwear,soie,980.0,637.0,35.0
23286,16,Lingerie&Nightwear,enamor,2638.2167045910855,599.0,44.84758845312988
23287,17,Lingerie&Nightwear,enamor,2638.2167045910855,1249.0,44.84758845312988
23288,18,Lingerie&Nightwear,crimsoune club,2299.0,1609.0,30.0
23289,19,Lingerie&Nightwear,sloggi,2638.2167045910855,2099.0,44.84758845312988
23290,20,Lingerie&Nightwear,mystere paris,1199.0,719.0,40.0
23291,21,Lingerie&Nightwear,erotissch,2999.0,1949.0,35.0
23293,23,Lingerie&Nightwear,van heusen,2638.2167045910855,949.0,44.84758845312988
23294,24,Lingerie&Nightwear,wacoal,2295.0,1836.0,20.0
23295,25,Lingerie&Nightwear,enamor,2638.2167045910855,1249.0,44.84758845312988
23296,0,Lingerie&Nightwear,sweet dreams,1269.0,888.0,30.0
23297,1,Lingerie&Nightwear,wacoal,2638.2167045910855,3299.0,44.84758845312988
23298,2,Lingerie&Nightwear,triumph,2638.2167045910855,699.0,44.84758845312988
23300,4,Lingerie&Nightwear,triumph,2638.2167045910855,1899.0,44.84758845312988
23301,5,Lingerie&Nightwear,soie,600.0,300.0,50.0
23302,6,Lingerie&Nightwear,van heusen,2638.2167045910855,1499.0,44.84758845312988
23303,7,Lingerie&Nightwear,kaftan company,2638.2167045910855,3299.0,44.84758845312988
23304,8,Lingerie&Nightwear,amante,695.0,556.0,20.0
23305,9,Lingerie&Nightwear,sweet dreams,1799.0,1259.0,30.0
23306,10,Lingerie&Nightwear,amante,2638.2167045910855,1295.0,44.84758845312988
23307,11,Lingerie&Nightwear,enamor,2638.2167045910855,1049.0,44.84758845312988
23308,12,Lingerie&Nightwear,kaftan company,2638.2167045910855,2899.0,44.84758845312988
23309,13,Lingerie&Nightwear,wacoal,2638.2167045910855,895.0,44.84758845312988
23310,14,Lingerie&Nightwear,van heusen,2638.2167045910855,1299.0,44.84758845312988
23311,15,Lingerie&Nightwear,jockey,2638.2167045910855,549.0,44.84758845312988
23312,16,Lingerie&Nightwear,kaftan company,2638.2167045910855,3299.0,44.84758845312988
23313,17,Lingerie&Nightwear,triumph,2638.2167045910855,1999.0,44.84758845312988
23314,18,Lingerie&Nightwear,enamor,699.0,349.0,50.0
23315,19,Lingerie&Nightwear,triumph,3199.0,1599.0,50.0
23316,20,Lingerie&Nightwear,enamor,2638.2167045910855,1549.0,44.84758845312988
23317,21,Lingerie&Nightwear,erotissch,2999.0,1949.0,35.0
23319,23,Lingerie&Nightwear,wacoal,2638.2167045910855,695.0,44.84758845312988
23320,24,Lingerie&Nightwear,soie,1040.0,780.0,25.0
23321,25,Lingerie&Nightwear,kaftan company,2638.2167045910855,1999.0,44.84758845312988
23322,0,Lingerie&Nightwear,soie,990.0,891.0,10.0
23323,1,Lingerie&Nightwear,amante,2638.2167045910855,895.0,44.84758845312988
23324,2,Lingerie&Nightwear,van heusen,2638.2167045910855,919.0,44.84758845312988
23325,3,Lingerie&Nightwear,wacoal,1695.0,1356.0,20.0
23326,4,Lingerie&Nightwear,triumph,2638.2167045910855,1049.0,44.84758845312988
23327,5,Lingerie&Nightwear,erotissch,1699.0,849.0,50.0
23328,6,Lingerie&Nightwear,soie,2638.2167045910855,1040.0,44.84758845312988
23329,7,Lingerie&Nightwear,enamor,2638.2167045910855,849.0,44.84758845312988
23330,8,Lingerie&Nightwear,triumph,2638.2167045910855,699.0,44.84758845312988
23331,9,Lingerie&Nightwear,wacoal,2638.2167045910855,2999.0,44.84758845312988
23332,10,Lingerie&Nightwear,enamor,2638.2167045910855,1249.0,44.84758845312988
23333,11,Lingerie&Nightwear,enamor,2638.2167045910855,1149.0,44.84758845312988
23334,12,Lingerie&Nightwear,wacoal,2638.2167045910855,495.0,44.84758845312988
23335,13,Lingerie&Nightwear,wacoal,2638.2167045910855,395.0,44.84758845312988
23336,14,Lingerie&Nightwear,triumph,2638.2167045910855,899.0,44.84758845312988
23337,15,Lingerie&Nightwear,sweet dreams,1899.0,1329.0,30.0
23338,16,Lingerie&Nightwear,enamor,849.0,594.0,30.0
23339,17,Lingerie&Nightwear,triumph,2638.2167045910855,2599.0,44.84758845312988
23340,18,Lingerie&Nightwear,jockey,2638.2167045910855,1129.0,44.84758845312988
23341,19,Lingerie&Nightwear,sloggi,2638.2167045910855,2099.0,44.84758845312988
23342,20,Lingerie&Nightwear,jockey,2638.2167045910855,439.0,44.84758845312988
23343,21,Lingerie&Nightwear,parfait,2499.0,2249.0,10.0
23345,23,Lingerie&Nightwear,parfait,2199.0,1979.0,10.0
23346,24,Lingerie&Nightwear,parfait,2299.0,2069.0,10.0
23347,25,Lingerie&Nightwear,parfait,2299.0,2069.0,10.0
23348,0,Lingerie&Nightwear,parfait,2299.0,2069.0,10.0
23349,1,Lingerie&Nightwear,parfait,2399.0,1919.0,20.0
23350,2,Lingerie&Nightwear,parfait,2099.0,1889.0,10.0
23351,3,Lingerie&Nightwear,triumph,2499.0,1499.0,40.0
23352,4,Lingerie&Nightwear,mystere paris,599.0,359.0,40.0
23353,5,Lingerie&Nightwear,erotissch,1449.0,652.0,55.0
23354,6,Lingerie&Nightwear,erotissch,1449.0,652.0,55.0
23355,7,Lingerie&Nightwear,mystere paris,1299.0,779.0,40.0
23356,8,Lingerie&Nightwear,erotissch,2799.0,1819.0,35.0
23357,9,Lingerie&Nightwear,erotissch,1099.0,494.0,55.0
23358,10,Lingerie&Nightwear,erotissch,1299.0,584.0,55.0
23359,11,Lingerie&Nightwear,miss chase,2638.2167045910855,1499.0,44.84758845312988
23360,12,Lingerie&Nightwear,kaftan company,2638.2167045910855,1699.0,44.84758845312988
23361,13,Lingerie&Nightwear,faballey,2200.0,1100.0,50.0
23362,14,Lingerie&Nightwear,amante,1495.0,747.0,50.0
23363,15,Lingerie&Nightwear,amante,2638.2167045910855,595.0,44.84758845312988
23364,16,Lingerie&Nightwear,triumph,1499.0,749.0,50.0
23365,17,Lingerie&Nightwear,amante,445.0,311.0,30.0
23366,18,Lingerie&Nightwear,amante,2638.2167045910855,445.0,44.84758845312988
23367,19,Lingerie&Nightwear,van heusen,2638.2167045910855,549.0,44.84758845312988
23368,20,Lingerie&Nightwear,enamor,899.0,629.0,30.0
23369,21,Lingerie&Nightwear,enamor,699.0,349.0,50.0
23371,23,Lingerie&Nightwear,erotissch,1999.0,899.0,55.0
23372,24,Lingerie&Nightwear,amante,2638.2167045910855,1295.0,44.84758845312988
23373,25,Lingerie&Nightwear,enamor,499.0,349.0,30.0
23374,0,Lingerie&Nightwear,erotissch,2500.0,1625.0,35.0
23375,1,Lingerie&Nightwear,van heusen,2638.2167045910855,749.0,44.84758845312988
23376,2,Lingerie&Nightwear,amante,2638.2167045910855,895.0,44.84758845312988
23377,3,Lingerie&Nightwear,amante,2638.2167045910855,595.0,44.84758845312988
23378,4,Lingerie&Nightwear,mystere paris,1299.0,779.0,40.0
23379,5,Lingerie&Nightwear,kaftan company,2638.2167045910855,2499.0,44.84758845312988
23380,6,Lingerie&Nightwear,clovia,1999.0,799.0,60.0
23381,7,Lingerie&Nightwear,soie,590.0,501.0,15.0
23382,8,Lingerie&Nightwear,amante,1195.0,717.0,40.0
23383,9,Lingerie&Nightwear,soie,990.0,891.0,10.0
23384,10,Lingerie&Nightwear,soie,1130.0,678.0,40.0
23385,11,Lingerie&Nightwear,soie,880.0,792.0,10.0
23386,12,Lingerie&Nightwear,amante,2638.2167045910855,595.0,44.84758845312988
23387,13,Lingerie&Nightwear,erotissch,2999.0,2099.0,30.0
23388,14,Lingerie&Nightwear,erotissch,1299.0,584.0,55.0
23389,15,Lingerie&Nightwear,amante,1045.0,731.0,30.0
23390,16,Lingerie&Nightwear,soie,910.0,773.0,15.0
23391,17,Lingerie&Nightwear,mystere paris,999.0,599.0,40.0
23392,18,Lingerie&Nightwear,wacoal,2638.2167045910855,1495.0,44.84758845312988
23393,19,Lingerie&Nightwear,enamor,2638.2167045910855,849.0,44.84758845312988
23394,20,Lingerie&Nightwear,soie,890.0,845.0,5.0
23395,21,Lingerie&Nightwear,amante,2638.2167045910855,395.0,44.84758845312988
23397,23,Lingerie&Nightwear,soie,760.0,380.0,50.0
23398,24,Lingerie&Nightwear,erotissch,3690.0,1476.0,60.0
23399,25,Lingerie&Nightwear,enamor,2638.2167045910855,1399.0,44.84758845312988
23400,0,Lingerie&Nightwear,soie,640.0,480.0,25.0
23401,1,Lingerie&Nightwear,sloggi,2638.2167045910855,999.0,44.84758845312988
23402,2,Lingerie&Nightwear,sloggi,2638.2167045910855,1299.0,44.84758845312988
23403,3,Lingerie&Nightwear,triumph,2638.2167045910855,699.0,44.84758845312988
23404,4,Lingerie&Nightwear,kaftan company,2638.2167045910855,2499.0,44.84758845312988
23405,5,Lingerie&Nightwear,kaftan company,2638.2167045910855,1699.0,44.84758845312988
23406,6,Lingerie&Nightwear,erotissch,2999.0,1949.0,35.0
23407,7,Lingerie&Nightwear,jockey,2638.2167045910855,419.0,44.84758845312988
23408,8,Lingerie&Nightwear,jockey,2638.2167045910855,679.0,44.84758845312988
23409,9,Lingerie&Nightwear,mystere paris,1199.0,719.0,40.0
23410,10,Lingerie&Nightwear,kaftan company,2638.2167045910855,2899.0,44.84758845312988
23411,11,Lingerie&Nightwear,sweet dreams,1549.0,1084.0,30.0
23412,12,Lingerie&Nightwear,enamor,2638.2167045910855,2099.0,44.84758845312988
23413,13,Lingerie&Nightwear,wacoal,2638.2167045910855,1495.0,44.84758845312988
23415,15,Lingerie&Nightwear,jockey,2638.2167045910855,1499.0,44.84758845312988
23416,16,Lingerie&Nightwear,enamor,2638.2167045910855,399.0,44.84758845312988
23417,17,Lingerie&Nightwear,enamor,1299.0,649.0,50.0
23418,18,Lingerie&Nightwear,triumph,1699.0,849.0,50.0
23419,19,Lingerie&Nightwear,soie,2638.2167045910855,1130.0,44.84758845312988
23420,20,Lingerie&Nightwear,adidas,2699.0,1889.0,30.0
23421,21,Lingerie&Nightwear,enamor,2638.2167045910855,749.0,44.84758845312988
23423,23,Lingerie&Nightwear,wacoal,3495.0,1747.0,50.0
23424,24,Lingerie&Nightwear,amante,2638.2167045910855,595.0,44.84758845312988
23425,25,Lingerie&Nightwear,van heusen,2638.2167045910855,449.0,44.84758845312988
23426,0,Lingerie&Nightwear,wacoal,2638.2167045910855,495.0,44.84758845312988
23427,1,Lingerie&Nightwear,erotissch,3390.0,1356.0,60.0
23428,2,Lingerie&Nightwear,triumph,2638.2167045910855,999.0,44.84758845312988
23429,3,Lingerie&Nightwear,enamor,899.0,629.0,30.0
23430,4,Lingerie&Nightwear,mystere paris,799.0,479.0,40.0
23431,5,Lingerie&Nightwear,amante,1045.0,627.0,40.0
23432,6,Lingerie&Nightwear,faballey,2200.0,1100.0,50.0
23433,7,Lingerie&Nightwear,puma,2499.0,1749.0,30.0
23434,8,Lingerie&Nightwear,jockey,2638.2167045910855,929.0,44.84758845312988
23435,9,Lingerie&Nightwear,soie,540.0,459.0,15.0
23436,10,Lingerie&Nightwear,sweet dreams,1399.0,839.0,40.0
23437,11,Lingerie&Nightwear,clovia,599.0,299.0,50.0
23438,12,Lingerie&Nightwear,kaftan company,2638.2167045910855,2999.0,44.84758845312988
23439,13,Lingerie&Nightwear,soie,1270.0,952.0,25.0
23440,14,Lingerie&Nightwear,triumph,2638.2167045910855,2199.0,44.84758845312988
23441,15,Lingerie&Nightwear,enamor,2638.2167045910855,1149.0,44.84758845312988
23442,16,Lingerie&Nightwear,mystere paris,1199.0,719.0,40.0
23443,17,Lingerie&Nightwear,sweet dreams,1649.0,1154.0,30.0
23444,18,Lingerie&Nightwear,groversons paris beauty,2638.2167045910855,675.0,44.84758845312988
23445,19,Lingerie&Nightwear,van heusen,2638.2167045910855,489.0,44.84758845312988
23446,20,Lingerie&Nightwear,triumph,899.0,449.0,50.0
23447,21,Lingerie&Nightwear,sweet dreams,499.0,449.0,10.0
23449,23,Lingerie&Nightwear,soie,590.0,501.0,15.0
23450,24,Lingerie&Nightwear,crimsoune club,2299.0,1149.0,50.0
23451,25,Lingerie&Nightwear,sweet dreams,1499.0,899.0,40.0
23452,0,Lingerie&Nightwear,amante,2638.2167045910855,695.0,44.84758845312988
23453,1,Lingerie&Nightwear,enamor,299.0,209.0,30.0
23454,2,Lingerie&Nightwear,mystere paris,799.0,479.0,40.0
23455,3,Lingerie&Nightwear,erotissch,890.0,400.0,55.0
23456,4,Lingerie&Nightwear,enamor,2638.2167045910855,1599.0,44.84758845312988
23457,5,Lingerie&Nightwear,kaftan company,2638.2167045910855,2199.0,44.84758845312988
23458,6,Lingerie&Nightwear,soie,1800.0,900.0,50.0
23459,7,Lingerie&Nightwear,enamor,1199.0,599.0,50.0
23460,8,Lingerie&Nightwear,enamor,749.0,374.0,50.0
23461,9,Lingerie&Nightwear,soie,2638.2167045910855,380.0,44.84758845312988
23462,10,Lingerie&Nightwear,enamor,2638.2167045910855,1299.0,44.84758845312988
23463,11,Lingerie&Nightwear,enamor,2638.2167045910855,499.0,44.84758845312988
23464,12,Lingerie&Nightwear,amante,2638.2167045910855,545.0,44.84758845312988
23465,13,Lingerie&Nightwear,enamor,2638.2167045910855,849.0,44.84758845312988
23466,14,Lingerie&Nightwear,erotissch,2500.0,1625.0,35.0
23467,15,Lingerie&Nightwear,parfait,2199.0,1979.0,10.0
23468,16,Lingerie&Nightwear,soie,1040.0,520.0,50.0
23469,17,Lingerie&Nightwear,kaftan company,2638.2167045910855,3299.0,44.84758845312988
23470,18,Lingerie&Nightwear,mystere paris,1399.0,839.0,40.0
23471,19,Lingerie&Nightwear,sweet dreams,1049.0,734.0,30.0
23472,20,Lingerie&Nightwear,van heusen,2638.2167045910855,799.0,44.84758845312988
23473,21,Lingerie&Nightwear,enamor,2638.2167045910855,1049.0,44.84758845312988
23475,23,Lingerie&Nightwear,wacoal,2295.0,1836.0,20.0
23476,24,Lingerie&Nightwear,soie,880.0,792.0,10.0
23477,25,Lingerie&Nightwear,enamor,2638.2167045910855,399.0,44.84758845312988
23478,0,Lingerie&Nightwear,sweet dreams,1499.0,899.0,40.0
23479,1,Lingerie&Nightwear,soie,1040.0,780.0,25.0
23480,2,Lingerie&Nightwear,enamor,2638.2167045910855,799.0,44.84758845312988
23481,3,Lingerie&Nightwear,jockey,2638.2167045910855,399.0,44.84758845312988
23482,4,Lingerie&Nightwear,soie,990.0,792.0,20.0
23483,5,Lingerie&Nightwear,kaftan company,2638.2167045910855,1999.0,44.84758845312988
23484,6,Lingerie&Nightwear,soie,590.0,560.0,5.0
23485,7,Lingerie&Nightwear,triumph,1899.0,949.0,50.0
23486,8,Lingerie&Nightwear,parfait,1999.0,1799.0,10.0
23487,9,Lingerie&Nightwear,parfait,3299.0,2639.0,20.0
23488,10,Lingerie&Nightwear,parfait,2999.0,2699.0,10.0
23489,11,Lingerie&Nightwear,parfait,2299.0,2069.0,10.0
23490,12,Lingerie&Nightwear,erotissch,1999.0,899.0,55.0
23491,13,Lingerie&Nightwear,mystere paris,799.0,479.0,40.0
23492,14,Lingerie&Nightwear,erotissch,1199.0,539.0,55.0
23493,15,Lingerie&Nightwear,erotissch,1999.0,899.0,55.0
23494,16,Lingerie&Nightwear,erotissch,1299.0,584.0,55.0
23495,17,Lingerie&Nightwear,erotissch,1199.0,539.0,55.0
23496,18,Lingerie&Nightwear,erotissch,1199.0,539.0,55.0
23497,19,Lingerie&Nightwear,mystere paris,999.0,599.0,40.0
23498,20,Lingerie&Nightwear,erotissch,1299.0,584.0,55.0
23499,21,Lingerie&Nightwear,erotissch,990.0,445.0,55.0
23501,23,Lingerie&Nightwear,erotissch,1299.0,584.0,55.0
23502,24,Lingerie&Nightwear,van heusen,2638.2167045910855,589.0,44.84758845312988
23503,25,Lingerie&Nightwear,recap,1999.0,1399.0,30.0
23504,0,Lingerie&Nightwear,enamor,2638.2167045910855,1149.0,44.84758845312988
23505,1,Lingerie&Nightwear,clovia,599.0,239.0,60.0
23506,2,Lingerie&Nightwear,clovia,599.0,359.0,40.0
23507,3,Lingerie&Nightwear,clovia,999.0,499.0,50.0
23508,4,Lingerie&Nightwear,miss chase,2638.2167045910855,2299.0,44.84758845312988
23509,5,Lingerie&Nightwear,clovia,599.0,239.0,60.0
23510,6,Lingerie&Nightwear,erotissch,2990.0,1345.0,55.0
23511,7,Lingerie&Nightwear,triumph,2638.2167045910855,599.0,44.84758845312988
23512,8,Lingerie&Nightwear,adidas,3599.0,2519.0,30.0
23513,9,Lingerie&Nightwear,kaftan company,2638.2167045910855,2699.0,44.84758845312988
23514,10,Lingerie&Nightwear,parfait,2999.0,2399.0,20.0
23515,11,Lingerie&Nightwear,soie,1300.0,910.0,30.0
23516,12,Lingerie&Nightwear,parfait,2299.0,2069.0,10.0
23517,13,Lingerie&Nightwear,wacoal,2638.2167045910855,895.0,44.84758845312988
23518,14,Lingerie&Nightwear,mystere paris,1199.0,719.0,40.0
23519,15,Lingerie&Nightwear,groversons paris beauty,2638.2167045910855,675.0,44.84758845312988
23520,16,Lingerie&Nightwear,triumph,2499.0,1249.0,50.0
23521,17,Lingerie&Nightwear,groversons paris beauty,2638.2167045910855,529.0,44.84758845312988
23522,18,Lingerie&Nightwear,groversons paris beauty,2638.2167045910855,630.0,44.84758845312988
23523,19,Lingerie&Nightwear,amante,495.0,272.0,45.0
23524,20,Lingerie&Nightwear,amante,2638.2167045910855,545.0,44.84758845312988
23525,21,Lingerie&Nightwear,sweet dreams,899.0,809.0,10.0
23527,23,Lingerie&Nightwear,parfait,1599.0,1439.0,10.0
23528,24,Lingerie&Nightwear,sweet dreams,1049.0,629.0,40.0
23529,25,Lingerie&Nightwear,sweet dreams,1999.0,1199.0,40.0
23530,0,Lingerie&Nightwear,amante,545.0,299.0,45.0
23531,1,Lingerie&Nightwear,clovia,599.0,239.0,60.0
23532,2,Lingerie&Nightwear,erotissch,1999.0,899.0,55.0
23533,3,Lingerie&Nightwear,sweet dreams,1599.0,959.0,40.0
23534,4,Lingerie&Nightwear,amante,545.0,381.0,30.0
23535,5,Lingerie&Nightwear,enamor,2638.2167045910855,899.0,44.84758845312988
23536,6,Lingerie&Nightwear,clovia,599.0,239.0,60.0
23537,7,Lingerie&Nightwear,clovia,599.0,239.0,60.0
23538,8,Lingerie&Nightwear,clovia,1199.0,479.0,60.0
23539,9,Lingerie&Nightwear,clovia,599.0,299.0,50.0
23540,10,Lingerie&Nightwear,clovia,599.0,239.0,60.0
23541,11,Lingerie&Nightwear,kaftan company,2638.2167045910855,2499.0,44.84758845312988
23542,12,Lingerie&Nightwear,soie,640.0,480.0,25.0
23543,13,Lingerie&Nightwear,triumph,2638.2167045910855,2699.0,44.84758845312988
23544,14,Lingerie&Nightwear,sweet dreams,2899.0,2609.0,10.0
23545,15,Lingerie&Nightwear,van heusen,2638.2167045910855,899.0,44.84758845312988
23546,16,Lingerie&Nightwear,jockey,2638.2167045910855,349.0,44.84758845312988
23547,17,Lingerie&Nightwear,soie,740.0,666.0,10.0
23548,18,Lingerie&Nightwear,van heusen,2638.2167045910855,699.0,44.84758845312988
23549,19,Lingerie&Nightwear,enamor,2638.2167045910855,399.0,44.84758845312988
23550,20,Lingerie&Nightwear,kaftan company,2638.2167045910855,2400.0,44.84758845312988
23551,21,Lingerie&Nightwear,erotissch,5290.0,2116.0,60.0
23553,23,Lingerie&Nightwear,jockey,2638.2167045910855,679.0,44.84758845312988
23554,24,Lingerie&Nightwear,triumph,2638.2167045910855,2099.0,44.84758845312988
23555,25,Lingerie&Nightwear,enamor,2638.2167045910855,1299.0,44.84758845312988
23556,0,Lingerie&Nightwear,enamor,2638.2167045910855,499.0,44.84758845312988
23557,1,Lingerie&Nightwear,triumph,2638.2167045910855,1899.0,44.84758845312988
23558,2,Lingerie&Nightwear,groversons paris beauty,2638.2167045910855,690.0,44.84758845312988
23559,3,Lingerie&Nightwear,enamor,2638.2167045910855,449.0,44.84758845312988
23560,4,Lingerie&Nightwear,parfait,1999.0,1799.0,10.0
23561,5,Lingerie&Nightwear,soie,1900.0,1425.0,25.0
23562,6,Lingerie&Nightwear,wacoal,2638.2167045910855,3799.0,44.84758845312988
23563,7,Lingerie&Nightwear,wacoal,2638.2167045910855,2095.0,44.84758845312988
23564,8,Lingerie&Nightwear,wacoal,1995.0,1396.0,30.0
23565,9,Lingerie&Nightwear,triumph,2638.2167045910855,1899.0,44.84758845312988
23566,10,Lingerie&Nightwear,kaftan company,2638.2167045910855,2499.0,44.84758845312988
23567,11,Lingerie&Nightwear,enamor,2638.2167045910855,2099.0,44.84758845312988
23568,12,Lingerie&Nightwear,kaftan company,2638.2167045910855,2999.0,44.84758845312988
23569,13,Lingerie&Nightwear,soie,470.0,329.0,30.0
23570,14,Lingerie&Nightwear,triumph,2638.2167045910855,2999.0,44.84758845312988
23571,15,Lingerie&Nightwear,van heusen,2638.2167045910855,429.0,44.84758845312988
23572,16,Lingerie&Nightwear,enamor,2638.2167045910855,649.0,44.84758845312988
23573,17,Lingerie&Nightwear,mystere paris,999.0,599.0,40.0
23574,18,Lingerie&Nightwear,mystere paris,499.0,299.0,40.0
23575,19,Lingerie&Nightwear,wacoal,595.0,416.0,30.0
23576,20,Lingerie&Nightwear,kaftan company,2638.2167045910855,3099.0,44.84758845312988
23577,21,Lingerie&Nightwear,erotissch,2999.0,1949.0,35.0
23579,23,Lingerie&Nightwear,erotissch,1999.0,899.0,55.0
23580,24,Lingerie&Nightwear,soie,910.0,773.0,15.0
23581,25,Lingerie&Nightwear,kaftan company,2638.2167045910855,2499.0,44.84758845312988
23582,0,Lingerie&Nightwear,triumph,3199.0,1599.0,50.0
23583,1,Lingerie&Nightwear,kaftan company,2638.2167045910855,2199.0,44.84758845312988
23584,2,Lingerie&Nightwear,parfait,1999.0,1799.0,10.0
23585,3,Lingerie&Nightwear,soie,410.0,328.0,20.0
23586,4,Lingerie&Nightwear,shaya by caratlane,2600.0,2340.0,10.0
23587,5,Lingerie&Nightwear,mystere paris,899.0,539.0,40.0
23588,6,Lingerie&Nightwear,amante,2638.2167045910855,545.0,44.84758845312988
23589,7,Lingerie&Nightwear,wacoal,2638.2167045910855,2299.0,44.84758845312988
23590,8,Lingerie&Nightwear,erotissch,2999.0,1949.0,35.0
23591,9,Lingerie&Nightwear,amante,595.0,416.0,30.0
23592,10,Lingerie&Nightwear,parfait,1999.0,1799.0,10.0
23593,11,Lingerie&Nightwear,kaftan company,2638.2167045910855,1299.0,44.84758845312988
23594,12,Lingerie&Nightwear,wacoal,1895.0,1516.0,20.0
23595,13,Lingerie&Nightwear,jockey,2638.2167045910855,689.0,44.84758845312988
23596,14,Lingerie&Nightwear,sweet dreams,969.0,678.0,30.0
23597,15,Lingerie&Nightwear,enamor,2638.2167045910855,1299.0,44.84758845312988
23598,16,Lingerie&Nightwear,triumph,2638.2167045910855,1699.0,44.84758845312988
23599,17,Lingerie&Nightwear,mystere paris,499.0,299.0,40.0
23600,18,Lingerie&Nightwear,amante,1045.0,731.0,30.0
23601,19,Lingerie&Nightwear,soie,470.0,235.0,50.0
23602,20,Lingerie&Nightwear,enamor,270.0,189.0,30.0
23603,21,Lingerie&Nightwear,soie,2750.0,1787.0,35.0
23605,23,Lingerie&Nightwear,reebok,2499.0,1249.0,50.0
23606,24,Lingerie&Nightwear,jockey,2638.2167045910855,689.0,44.84758845312988
23607,25,Lingerie&Nightwear,erotissch,3999.0,2599.0,35.0
23608,0,Lingerie&Nightwear,erotissch,1449.0,652.0,55.0
23609,1,Lingerie&Nightwear,erotissch,1199.0,539.0,55.0
23610,2,Lingerie&Nightwear,erotissch,3390.0,1525.0,55.0
23611,3,Lingerie&Nightwear,adidas,2699.0,1889.0,30.0
23612,4,Lingerie&Nightwear,miss chase,2638.2167045910855,999.0,44.84758845312988
23613,5,Lingerie&Nightwear,clovia,599.0,359.0,40.0
23614,6,Lingerie&Nightwear,miss chase,2638.2167045910855,1299.0,44.84758845312988
23615,7,Lingerie&Nightwear,amante,1045.0,731.0,30.0
23616,8,Lingerie&Nightwear,clovia,899.0,539.0,40.0
23617,9,Lingerie&Nightwear,mystere paris,899.0,539.0,40.0
23618,10,Lingerie&Nightwear,amante,2638.2167045910855,895.0,44.84758845312988
23619,11,Lingerie&Nightwear,soie,2638.2167045910855,380.0,44.84758845312988
23620,12,Lingerie&Nightwear,sloggi,2638.2167045910855,1299.0,44.84758845312988
23621,13,Lingerie&Nightwear,erotissch,1600.0,800.0,50.0
23622,14,Lingerie&Nightwear,enamor,669.0,468.0,30.0
23623,15,Lingerie&Nightwear,soie,1280.0,768.0,40.0
23624,16,Lingerie&Nightwear,amante,1495.0,747.0,50.0
23625,17,Lingerie&Nightwear,sweet dreams,1899.0,1139.0,40.0
23626,18,Lingerie&Nightwear,enamor,2638.2167045910855,949.0,44.84758845312988
23627,19,Lingerie&Nightwear,groversons paris beauty,2638.2167045910855,620.0,44.84758845312988
23628,20,Lingerie&Nightwear,enamor,2638.2167045910855,1399.0,44.84758845312988
23629,21,Lingerie&Nightwear,enamor,2638.2167045910855,1599.0,44.84758845312988
23631,23,Lingerie&Nightwear,parfait,2399.0,2159.0,10.0
23632,24,Lingerie&Nightwear,kaftan company,2638.2167045910855,1699.0,44.84758845312988
23633,25,Lingerie&Nightwear,groversons paris beauty,2638.2167045910855,531.0,44.84758845312988
23634,0,Lingerie&Nightwear,soie,1570.0,785.0,50.0
23635,1,Lingerie&Nightwear,parfait,2999.0,2399.0,20.0
23636,2,Lingerie&Nightwear,amante,1295.0,647.0,50.0
23637,3,Lingerie&Nightwear,enamor,2638.2167045910855,1399.0,44.84758845312988
23638,4,Lingerie&Nightwear,triumph,2638.2167045910855,2899.0,44.84758845312988
23639,5,Lingerie&Nightwear,parfait,2999.0,2399.0,20.0
23640,6,Lingerie&Nightwear,triumph,2638.2167045910855,799.0,44.84758845312988
23641,7,Lingerie&Nightwear,kaftan company,2638.2167045910855,1499.0,44.84758845312988
23642,8,Lingerie&Nightwear,sloggi,2638.2167045910855,1299.0,44.84758845312988
23643,9,Lingerie&Nightwear,mystere paris,999.0,599.0,40.0
23644,10,Lingerie&Nightwear,enamor,2638.2167045910855,499.0,44.84758845312988
23645,11,Lingerie&Nightwear,soie,700.0,420.0,40.0
23646,12,Lingerie&Nightwear,parfait,2299.0,2069.0,10.0
23647,13,Lingerie&Nightwear,sweet dreams,479.0,431.0,10.0
23648,14,Lingerie&Nightwear,enamor,669.0,468.0,30.0
23649,15,Lingerie&Nightwear,erotissch,1199.0,539.0,55.0
23650,16,Lingerie&Nightwear,soie,540.0,459.0,15.0
23651,17,Lingerie&Nightwear,amante,1295.0,647.0,50.0
23652,18,Lingerie&Nightwear,enamor,2638.2167045910855,299.0,44.84758845312988
23653,19,Lingerie&Nightwear,soie,980.0,588.0,40.0
23654,20,Lingerie&Nightwear,parfait,2499.0,2249.0,10.0
23655,21,Lingerie&Nightwear,erotissch,1599.0,719.0,55.0
23657,23,Lingerie&Nightwear,soie,2638.2167045910855,1040.0,44.84758845312988
23658,24,Lingerie&Nightwear,erotissch,3990.0,1596.0,60.0
23659,25,Lingerie&Nightwear,soie,1040.0,884.0,15.0
23660,0,Lingerie&Nightwear,enamor,669.0,468.0,30.0
23661,1,Lingerie&Nightwear,clovia,499.0,199.0,60.0
23662,2,Lingerie&Nightwear,clovia,599.0,239.0,60.0
23663,3,Lingerie&Nightwear,clovia,599.0,239.0,60.0
23664,4,Lingerie&Nightwear,clovia,599.0,239.0,60.0
23665,5,Lingerie&Nightwear,erotissch,3790.0,1705.0,55.0
23666,6,Lingerie&Nightwear,soie,1040.0,520.0,50.0
23667,7,Lingerie&Nightwear,enamor,2638.2167045910855,499.0,44.84758845312988
23668,8,Lingerie&Nightwear,soie,1150.0,575.0,50.0
23669,9,Lingerie&Nightwear,soie,1420.0,710.0,50.0
23670,10,Lingerie&Nightwear,enamor,2638.2167045910855,749.0,44.84758845312988
23671,11,Lingerie&Nightwear,soie,1420.0,710.0,50.0
23672,12,Lingerie&Nightwear,enamor,2638.2167045910855,1539.0,44.84758845312988
23673,13,Lingerie&Nightwear,soie,1150.0,575.0,50.0
23674,14,Lingerie&Nightwear,soie,1040.0,520.0,50.0
23675,15,Lingerie&Nightwear,soie,2140.0,1070.0,50.0
23676,16,Lingerie&Nightwear,enamor,2638.2167045910855,1599.0,44.84758845312988
23677,17,Lingerie&Nightwear,erotissch,1600.0,800.0,50.0
23678,18,Lingerie&Nightwear,erotissch,3390.0,1525.0,55.0
23679,19,Lingerie&Nightwear,parfait,2199.0,1979.0,10.0
23680,20,Lingerie&Nightwear,wacoal,2638.2167045910855,3299.0,44.84758845312988
23681,21,Lingerie&Nightwear,enamor,699.0,349.0,50.0
23683,23,Lingerie&Nightwear,soie,2638.2167045910855,1130.0,44.84758845312988
23684,24,Lingerie&Nightwear,sloggi,2638.2167045910855,2099.0,44.84758845312988
23685,25,Lingerie&Nightwear,soie,640.0,480.0,25.0
23686,0,Lingerie&Nightwear,parfait,2199.0,1979.0,10.0
23687,1,Lingerie&Nightwear,sweet dreams,799.0,719.0,10.0
23688,2,Lingerie&Nightwear,enamor,2638.2167045910855,699.0,44.84758845312988
23689,3,Lingerie&Nightwear,ultimo,2638.2167045910855,1695.0,44.84758845312988
23690,4,Lingerie&Nightwear,van heusen,2638.2167045910855,429.0,44.84758845312988
23691,5,Lingerie&Nightwear,kaftan company,2638.2167045910855,2999.0,44.84758845312988
23692,6,Lingerie&Nightwear,kaftan company,2638.2167045910855,1699.0,44.84758845312988
23693,7,Lingerie&Nightwear,kaftan company,2638.2167045910855,3299.0,44.84758845312988
23694,8,Lingerie&Nightwear,enamor,2638.2167045910855,959.0,44.84758845312988
23695,9,Lingerie&Nightwear,enamor,1299.0,909.0,30.0
23696,10,Lingerie&Nightwear,kaftan company,2638.2167045910855,2499.0,44.84758845312988
23697,11,Lingerie&Nightwear,jockey,2638.2167045910855,1499.0,44.84758845312988
23698,12,Lingerie&Nightwear,kaftan company,2638.2167045910855,1299.0,44.84758845312988
23699,13,Lingerie&Nightwear,adidas,2799.0,1959.0,30.0
23700,14,Lingerie&Nightwear,sweet dreams,1549.0,1084.0,30.0
23701,15,Lingerie&Nightwear,triumph,2638.2167045910855,1699.0,44.84758845312988
23702,16,Lingerie&Nightwear,kaftan company,2638.2167045910855,2299.0,44.84758845312988
23703,17,Lingerie&Nightwear,soie,1040.0,780.0,25.0
23704,18,Lingerie&Nightwear,parfait,2199.0,1979.0,10.0
23705,19,Lingerie&Nightwear,enamor,499.0,349.0,30.0
23706,20,Lingerie&Nightwear,triumph,2699.0,1349.0,50.0
23707,21,Lingerie&Nightwear,soie,640.0,480.0,25.0
23709,23,Lingerie&Nightwear,crimsoune club,2499.0,1249.0,50.0
23710,24,Lingerie&Nightwear,wacoal,2638.2167045910855,2999.0,44.84758845312988
23711,25,Lingerie&Nightwear,parfait,2299.0,2069.0,10.0
23712,0,Lingerie&Nightwear,mystere paris,599.0,359.0,40.0
23713,1,Lingerie&Nightwear,mystere paris,1599.0,959.0,40.0
23714,2,Lingerie&Nightwear,sloggi,2638.2167045910855,2699.0,44.84758845312988
23715,3,Lingerie&Nightwear,kaftan company,2638.2167045910855,2499.0,44.84758845312988
23716,4,Lingerie&Nightwear,van heusen,2638.2167045910855,1299.0,44.84758845312988
23717,5,Lingerie&Nightwear,triumph,2638.2167045910855,1049.0,44.84758845312988
23718,6,Lingerie&Nightwear,sloggi,2638.2167045910855,999.0,44.84758845312988
23719,7,Lingerie&Nightwear,enamor,2638.2167045910855,399.0,44.84758845312988
23720,8,Lingerie&Nightwear,groversons paris beauty,2638.2167045910855,615.0,44.84758845312988
23721,9,Lingerie&Nightwear,amante,1495.0,747.0,50.0
23722,10,Lingerie&Nightwear,enamor,2638.2167045910855,399.0,44.84758845312988
23723,11,Lingerie&Nightwear,enamor,2638.2167045910855,879.0,44.84758845312988
23724,12,Lingerie&Nightwear,parfait,2399.0,2159.0,10.0
23725,13,Lingerie&Nightwear,van heusen,2638.2167045910855,629.0,44.84758845312988
23726,14,Lingerie&Nightwear,soie,590.0,501.0,15.0
23727,15,Lingerie&Nightwear,triumph,2099.0,1259.0,40.0
23728,16,Lingerie&Nightwear,puma,2999.0,2099.0,30.0
23729,17,Lingerie&Nightwear,triumph,2499.0,1249.0,50.0
23730,18,Lingerie&Nightwear,triumph,2638.2167045910855,2199.0,44.84758845312988
23731,19,Lingerie&Nightwear,groversons paris beauty,2638.2167045910855,669.0,44.84758845312988
23732,20,Lingerie&Nightwear,kaftan company,2638.2167045910855,2999.0,44.84758845312988
23733,21,Lingerie&Nightwear,sweet dreams,1699.0,1019.0,40.0
23735,23,Lingerie&Nightwear,parfait,2399.0,2159.0,10.0
23736,24,Lingerie&Nightwear,amante,495.0,272.0,45.0
23737,25,Lingerie&Nightwear,enamor,2638.2167045910855,649.0,44.84758845312988
23738,0,Lingerie&Nightwear,sweet dreams,1049.0,629.0,40.0
23739,1,Lingerie&Nightwear,amante,2638.2167045910855,1195.0,44.84758845312988
23740,2,Lingerie&Nightwear,enamor,499.0,349.0,30.0
23741,3,Lingerie&Nightwear,jockey,2638.2167045910855,729.0,44.84758845312988
23742,4,Lingerie&Nightwear,soie,590.0,560.0,5.0
23743,5,Lingerie&Nightwear,sweet dreams,1549.0,1084.0,30.0
23744,6,Lingerie&Nightwear,soie,1530.0,918.0,40.0
23745,7,Lingerie&Nightwear,wacoal,895.0,447.0,50.0
23746,8,Lingerie&Nightwear,amante,2638.2167045910855,495.0,44.84758845312988
23747,9,Lingerie&Nightwear,kaftan company,2638.2167045910855,2499.0,44.84758845312988
23748,10,Lingerie&Nightwear,kaftan company,2638.2167045910855,2199.0,44.84758845312988
23749,11,Lingerie&Nightwear,groversons paris beauty,2638.2167045910855,499.0,44.84758845312988
23750,12,Lingerie&Nightwear,soie,1520.0,988.0,35.0
23751,13,Lingerie&Nightwear,parfait,2499.0,2249.0,10.0
23752,14,Lingerie&Nightwear,parfait,2099.0,1889.0,10.0
23753,15,Lingerie&Nightwear,enamor,2638.2167045910855,1699.0,44.84758845312988
23754,16,Lingerie&Nightwear,enamor,1085.0,651.0,40.0
23755,17,Lingerie&Nightwear,triumph,2699.0,1619.0,40.0
23756,18,Lingerie&Nightwear,erotissch,1699.0,849.0,50.0
23757,19,Lingerie&Nightwear,erotissch,1600.0,800.0,50.0
23758,20,Lingerie&Nightwear,erotissch,1699.0,849.0,50.0
23759,21,Lingerie&Nightwear,soie,1480.0,1258.0,15.0
23761,23,Lingerie&Nightwear,erotissch,1999.0,999.0,50.0
23762,24,Lingerie&Nightwear,mystere paris,499.0,299.0,40.0
23763,25,Lingerie&Nightwear,erotissch,799.0,399.0,50.0
23764,0,Lingerie&Nightwear,erotissch,1299.0,584.0,55.0
23765,1,Lingerie&Nightwear,erotissch,699.0,314.0,55.0
23766,2,Lingerie&Nightwear,erotissch,1449.0,652.0,55.0
23767,3,Lingerie&Nightwear,erotissch,1299.0,649.0,50.0
23768,4,Lingerie&Nightwear,erotissch,1999.0,1299.0,35.0
23769,5,Lingerie&Nightwear,triumph,2638.2167045910855,1599.0,44.84758845312988
23770,6,Lingerie&Nightwear,clovia,599.0,239.0,60.0
23771,7,Lingerie&Nightwear,erotissch,4290.0,2788.0,35.0
23772,8,Lingerie&Nightwear,clovia,599.0,239.0,60.0
23773,9,Lingerie&Nightwear,amante,1245.0,871.0,30.0
23774,10,Lingerie&Nightwear,miss chase,2638.2167045910855,999.0,44.84758845312988
23775,11,Lingerie&Nightwear,clovia,599.0,239.0,60.0
23776,12,Lingerie&Nightwear,clovia,599.0,239.0,60.0
23777,13,Lingerie&Nightwear,erotissch,3290.0,1480.0,55.0
23778,14,Lingerie&Nightwear,enamor,2638.2167045910855,1499.0,44.84758845312988
23779,15,Lingerie&Nightwear,jockey,2638.2167045910855,1199.0,44.84758845312988
23780,16,Lingerie&Nightwear,soie,1480.0,1258.0,15.0
23781,17,Lingerie&Nightwear,triumph,799.0,399.0,50.0
23782,18,Lingerie&Nightwear,soie,1570.0,785.0,50.0
23783,19,Lingerie&Nightwear,groversons paris beauty,2638.2167045910855,660.0,44.84758845312988
23784,20,Lingerie&Nightwear,erotissch,790.0,355.0,55.0
23785,21,Lingerie&Nightwear,amante,2638.2167045910855,545.0,44.84758845312988
23787,23,Lingerie&Nightwear,soie,1420.0,852.0,40.0
23788,24,Lingerie&Nightwear,sloggi,2638.2167045910855,2999.0,44.84758845312988
23789,25,Lingerie&Nightwear,enamor,2638.2167045910855,599.0,44.84758845312988
23790,0,Lingerie&Nightwear,parfait,2199.0,1979.0,10.0
23791,1,Lingerie&Nightwear,enamor,599.0,299.0,50.0
23792,2,Lingerie&Nightwear,soie,740.0,666.0,10.0
23793,3,Lingerie&Nightwear,mystere paris,899.0,539.0,40.0
23794,4,Lingerie&Nightwear,enamor,2638.2167045910855,799.0,44.84758845312988
23795,5,Lingerie&Nightwear,ultimo,2638.2167045910855,2295.0,44.84758845312988
23796,6,Lingerie&Nightwear,sloggi,2638.2167045910855,1099.0,44.84758845312988
23797,7,Lingerie&Nightwear,amante,2638.2167045910855,1195.0,44.84758845312988
23798,8,Lingerie&Nightwear,triumph,599.0,299.0,50.0
23799,9,Lingerie&Nightwear,sweet dreams,1399.0,839.0,40.0
23800,10,Lingerie&Nightwear,kaftan company,2638.2167045910855,2699.0,44.84758845312988
23801,11,Lingerie&Nightwear,groversons paris beauty,2638.2167045910855,650.0,44.84758845312988
23802,12,Lingerie&Nightwear,soie,590.0,442.0,25.0
23803,13,Lingerie&Nightwear,soie,980.0,931.0,5.0
23804,14,Lingerie&Nightwear,soie,1280.0,768.0,40.0
23805,15,Lingerie&Nightwear,mystere paris,599.0,359.0,40.0
23806,16,Lingerie&Nightwear,erotissch,2490.0,996.0,60.0
23807,17,Lingerie&Nightwear,amante,1245.0,871.0,30.0
23808,18,Lingerie&Nightwear,amante,1895.0,1137.0,40.0
23809,19,Lingerie&Nightwear,clovia,599.0,239.0,60.0
23810,20,Lingerie&Nightwear,clovia,599.0,299.0,50.0
23811,21,Lingerie&Nightwear,wacoal,2638.2167045910855,2399.0,44.84758845312988
23813,23,Lingerie&Nightwear,triumph,2638.2167045910855,899.0,44.84758845312988
23814,24,Lingerie&Nightwear,soie,1420.0,1065.0,25.0
23815,25,Lingerie&Nightwear,enamor,2638.2167045910855,899.0,44.84758845312988
23816,0,Lingerie&Nightwear,van heusen,2638.2167045910855,949.0,44.84758845312988
23817,1,Lingerie&Nightwear,kaftan company,2638.2167045910855,3099.0,44.84758845312988
23818,2,Lingerie&Nightwear,wacoal,895.0,716.0,20.0
23819,3,Lingerie&Nightwear,soie,2638.2167045910855,380.0,44.84758845312988
23820,4,Lingerie&Nightwear,allen solly,2638.2167045910855,799.0,44.84758845312988
23821,5,Lingerie&Nightwear,wacoal,595.0,476.0,20.0
23822,6,Lingerie&Nightwear,triumph,2638.2167045910855,1049.0,44.84758845312988
23823,7,Lingerie&Nightwear,soie,590.0,442.0,25.0
23824,8,Lingerie&Nightwear,soie,640.0,480.0,25.0
23825,9,Lingerie&Nightwear,enamor,499.0,349.0,30.0
23826,10,Lingerie&Nightwear,erotissch,1990.0,796.0,60.0
23827,11,Lingerie&Nightwear,van heusen,2638.2167045910855,1299.0,44.84758845312988
23828,12,Lingerie&Nightwear,enamor,1049.0,734.0,30.0
23829,13,Lingerie&Nightwear,soie,2638.2167045910855,690.0,44.84758845312988
23830,14,Lingerie&Nightwear,van heusen,2638.2167045910855,959.0,44.84758845312988
23831,15,Lingerie&Nightwear,wacoal,2638.2167045910855,3699.0,44.84758845312988
23832,16,Lingerie&Nightwear,amante,2638.2167045910855,545.0,44.84758845312988
23833,17,Lingerie&Nightwear,amante,2638.2167045910855,945.0,44.84758845312988
23834,18,Lingerie&Nightwear,amante,2638.2167045910855,845.0,44.84758845312988
23835,19,Lingerie&Nightwear,parfait,3499.0,2799.0,20.0
23836,20,Lingerie&Nightwear,kaftan company,2638.2167045910855,1699.0,44.84758845312988
23837,21,Lingerie&Nightwear,soie,1530.0,765.0,50.0
23839,23,Lingerie&Nightwear,van heusen,2638.2167045910855,749.0,44.84758845312988
23840,24,Lingerie&Nightwear,soie,2400.0,1800.0,25.0
23841,25,Lingerie&Nightwear,erotissch,2999.0,1949.0,35.0
23842,0,Lingerie&Nightwear,shaya by caratlane,1500.0,1425.0,5.0
23843,1,Lingerie&Nightwear,amante,1395.0,697.0,50.0
23844,2,Lingerie&Nightwear,soie,1040.0,780.0,25.0
23845,3,Lingerie&Nightwear,kaftan company,2638.2167045910855,1999.0,44.84758845312988
23846,4,Lingerie&Nightwear,jockey,2638.2167045910855,599.0,44.84758845312988
23847,5,Lingerie&Nightwear,wacoal,2638.2167045910855,1899.0,44.84758845312988
23848,6,Lingerie&Nightwear,enamor,2638.2167045910855,1999.0,44.84758845312988
23849,7,Lingerie&Nightwear,crimsoune club,2299.0,1149.0,50.0
23850,8,Lingerie&Nightwear,soie,1040.0,780.0,25.0
23851,9,Lingerie&Nightwear,triumph,2638.2167045910855,1599.0,44.84758845312988
23852,10,Lingerie&Nightwear,triumph,2638.2167045910855,799.0,44.84758845312988
23853,11,Lingerie&Nightwear,kaftan company,2638.2167045910855,2899.0,44.84758845312988
23854,12,Lingerie&Nightwear,soie,1230.0,922.0,25.0
23855,13,Lingerie&Nightwear,enamor,2638.2167045910855,579.0,44.84758845312988
23856,14,Lingerie&Nightwear,sweet dreams,449.0,404.0,10.0
23857,15,Lingerie&Nightwear,jockey,2638.2167045910855,749.0,44.84758845312988
23858,16,Lingerie&Nightwear,kaftan company,2638.2167045910855,3299.0,44.84758845312988
23859,17,Lingerie&Nightwear,sweet dreams,1549.0,1084.0,30.0
23860,18,Lingerie&Nightwear,triumph,2638.2167045910855,1699.0,44.84758845312988
23861,19,Lingerie&Nightwear,enamor,2638.2167045910855,749.0,44.84758845312988
23862,20,Lingerie&Nightwear,amante,2638.2167045910855,1295.0,44.84758845312988
23863,21,Lingerie&Nightwear,triumph,1299.0,779.0,40.0
23865,23,Lingerie&Nightwear,enamor,2638.2167045910855,599.0,44.84758845312988
23866,24,Lingerie&Nightwear,kaftan company,2638.2167045910855,1999.0,44.84758845312988
23867,25,Lingerie&Nightwear,indya,2638.2167045910855,2600.0,44.84758845312988
23868,0,Lingerie&Nightwear,triumph,2638.2167045910855,2999.0,44.84758845312988
23869,1,Lingerie&Nightwear,enamor,2638.2167045910855,399.0,44.84758845312988
23870,2,Lingerie&Nightwear,jockey,2638.2167045910855,599.0,44.84758845312988
23871,3,Lingerie&Nightwear,groversons paris beauty,2638.2167045910855,518.0,44.84758845312988
23872,4,Lingerie&Nightwear,faballey,2200.0,1100.0,50.0
23873,5,Lingerie&Nightwear,mystere paris,1399.0,839.0,40.0
23874,6,Lingerie&Nightwear,enamor,2638.2167045910855,1369.0,44.84758845312988
23875,7,Lingerie&Nightwear,kaftan company,2638.2167045910855,3299.0,44.84758845312988
23876,8,Lingerie&Nightwear,triumph,2999.0,2249.0,25.0
23877,9,Lingerie&Nightwear,triumph,2638.2167045910855,599.0,44.84758845312988
23878,10,Lingerie&Nightwear,enamor,2638.2167045910855,649.0,44.84758845312988
23879,11,Lingerie&Nightwear,mystere paris,1599.0,959.0,40.0
23880,12,Lingerie&Nightwear,groversons paris beauty,2638.2167045910855,669.0,44.84758845312988
23881,13,Lingerie&Nightwear,jockey,2638.2167045910855,418.0,44.84758845312988
23882,14,Lingerie&Nightwear,wacoal,1995.0,1396.0,30.0
23883,15,Lingerie&Nightwear,amante,2638.2167045910855,695.0,44.84758845312988
23884,16,Lingerie&Nightwear,wacoal,595.0,416.0,30.0
23885,17,Lingerie&Nightwear,soie,1040.0,780.0,25.0
23886,18,Lingerie&Nightwear,enamor,2638.2167045910855,759.0,44.84758845312988
23887,19,Lingerie&Nightwear,soie,740.0,703.0,5.0
23888,20,Lingerie&Nightwear,parfait,2299.0,2069.0,10.0
23889,21,Lingerie&Nightwear,parfait,2299.0,2069.0,10.0
23891,23,Lingerie&Nightwear,enamor,1299.0,909.0,30.0
23892,24,Lingerie&Nightwear,enamor,2638.2167045910855,729.0,44.84758845312988
23893,25,Lingerie&Nightwear,erotissch,1999.0,1299.0,35.0
23894,0,Lingerie&Nightwear,erotissch,1199.0,779.0,35.0
23895,1,Lingerie&Nightwear,erotissch,1290.0,580.0,55.0
23896,2,Lingerie&Nightwear,erotissch,1199.0,779.0,35.0
23897,3,Lingerie&Nightwear,erotissch,699.0,454.0,35.0
23898,4,Lingerie&Nightwear,soie,1380.0,1242.0,10.0
23899,5,Lingerie&Nightwear,erotissch,2990.0,1196.0,60.0
23900,6,Lingerie&Nightwear,mystere paris,999.0,599.0,40.0
23901,7,Lingerie&Nightwear,van heusen,2638.2167045910855,389.0,44.84758845312988
23902,8,Lingerie&Nightwear,van heusen,2638.2167045910855,389.0,44.84758845312988
23903,9,Lingerie&Nightwear,adidas,1999.0,1399.0,30.0
23904,10,Lingerie&Nightwear,miss chase,2638.2167045910855,2699.0,44.84758845312988
23905,11,Lingerie&Nightwear,clovia,499.0,349.0,30.0
23906,12,Lingerie&Nightwear,clovia,571.0,285.0,50.0
23907,13,Lingerie&Nightwear,clovia,599.0,359.0,40.0
23908,14,Lingerie&Nightwear,triumph,2638.2167045910855,1899.0,44.84758845312988
23909,15,Lingerie&Nightwear,clovia,599.0,359.0,40.0
23910,16,Lingerie&Nightwear,erotissch,2990.0,1495.0,50.0
23911,17,Lingerie&Nightwear,soie,860.0,559.0,35.0
23912,18,Lingerie&Nightwear,soie,1530.0,765.0,50.0
23913,19,Lingerie&Nightwear,parfait,2399.0,2159.0,10.0
23914,20,Lingerie&Nightwear,kaftan company,2638.2167045910855,2499.0,44.84758845312988
23915,21,Lingerie&Nightwear,soie,700.0,420.0,40.0
23917,23,Lingerie&Nightwear,van heusen,2638.2167045910855,619.0,44.84758845312988
23918,24,Lingerie&Nightwear,soie,2638.2167045910855,380.0,44.84758845312988
23919,25,Lingerie&Nightwear,enamor,599.0,299.0,50.0
23920,0,Lingerie&Nightwear,wacoal,2295.0,918.0,60.0
23921,1,Lingerie&Nightwear,triumph,2499.0,1249.0,50.0
23922,2,Lingerie&Nightwear,parfait,2299.0,2069.0,10.0
23923,3,Lingerie&Nightwear,soie,860.0,559.0,35.0
23924,4,Lingerie&Nightwear,enamor,249.0,174.0,30.0
23925,5,Lingerie&Nightwear,amante,795.0,556.0,30.0
23926,6,Lingerie&Nightwear,kaftan company,2638.2167045910855,2499.0,44.84758845312988
23927,7,Lingerie&Nightwear,ultimo,2638.2167045910855,1695.0,44.84758845312988
23928,8,Lingerie&Nightwear,sweet dreams,1599.0,959.0,40.0
23929,9,Lingerie&Nightwear,sweet dreams,1899.0,1139.0,40.0
23930,10,Lingerie&Nightwear,amante,895.0,626.0,30.0
23931,11,Lingerie&Nightwear,parfait,2499.0,2249.0,10.0
23932,12,Lingerie&Nightwear,groversons paris beauty,2638.2167045910855,370.0,44.84758845312988
23933,13,Lingerie&Nightwear,soie,490.0,245.0,50.0
23934,14,Lingerie&Nightwear,groversons paris beauty,2638.2167045910855,650.0,44.84758845312988
23935,15,Lingerie&Nightwear,enamor,599.0,299.0,50.0
23936,16,Lingerie&Nightwear,amante,2638.2167045910855,1295.0,44.84758845312988
23937,17,Lingerie&Nightwear,amante,2638.2167045910855,545.0,44.84758845312988
23938,18,Lingerie&Nightwear,jockey,2638.2167045910855,1499.0,44.84758845312988
23939,19,Lingerie&Nightwear,amante,695.0,556.0,20.0
23940,20,Lingerie&Nightwear,mystere paris,1299.0,779.0,40.0
23941,21,Lingerie&Nightwear,amante,1295.0,777.0,40.0
23943,23,Lingerie&Nightwear,faballey,2400.0,1200.0,50.0
23944,24,Lingerie&Nightwear,erotissch,2690.0,1076.0,60.0
23945,25,Lingerie&Nightwear,soie,990.0,792.0,20.0
23946,0,Lingerie&Nightwear,erotissch,2290.0,916.0,60.0
23947,1,Lingerie&Nightwear,clovia,599.0,239.0,60.0
23948,2,Lingerie&Nightwear,clovia,699.0,279.0,60.0
23949,3,Lingerie&Nightwear,soie,2638.2167045910855,1040.0,44.84758845312988
23950,4,Lingerie&Nightwear,enamor,399.0,279.0,30.0
23951,5,Lingerie&Nightwear,soie,2190.0,2080.0,5.0
23952,6,Lingerie&Nightwear,triumph,1699.0,849.0,50.0
23953,7,Lingerie&Nightwear,wacoal,2638.2167045910855,1195.0,44.84758845312988
23954,8,Lingerie&Nightwear,van heusen,2638.2167045910855,449.0,44.84758845312988
23955,9,Lingerie&Nightwear,soie,2638.2167045910855,540.0,44.84758845312988
23956,10,Lingerie&Nightwear,kaftan company,2638.2167045910855,3299.0,44.84758845312988
23957,11,Lingerie&Nightwear,triumph,2638.2167045910855,599.0,44.84758845312988
23958,12,Lingerie&Nightwear,enamor,2638.2167045910855,649.0,44.84758845312988
23959,13,Lingerie&Nightwear,wacoal,2638.2167045910855,2295.0,44.84758845312988
23960,14,Lingerie&Nightwear,shaya by caratlane,1100.0,1045.0,5.0
23961,15,Lingerie&Nightwear,soie,2638.2167045910855,380.0,44.84758845312988
23962,16,Lingerie&Nightwear,amante,695.0,556.0,20.0
23963,17,Lingerie&Nightwear,mystere paris,599.0,359.0,40.0
23964,18,Lingerie&Nightwear,triumph,2599.0,1559.0,40.0
23965,19,Lingerie&Nightwear,groversons paris beauty,2638.2167045910855,555.0,44.84758845312988
23966,20,Lingerie&Nightwear,groversons paris beauty,2638.2167045910855,543.0,44.84758845312988
23967,21,Lingerie&Nightwear,kaftan company,2638.2167045910855,2499.0,44.84758845312988
23969,23,Lingerie&Nightwear,allen solly,2638.2167045910855,799.0,44.84758845312988
23970,24,Lingerie&Nightwear,kaftan company,2638.2167045910855,2499.0,44.84758845312988
23971,25,Lingerie&Nightwear,puma,2499.0,1749.0,30.0
23972,0,Lingerie&Nightwear,triumph,2638.2167045910855,1499.0,44.84758845312988
23973,1,Lingerie&Nightwear,adidas,2999.0,2099.0,30.0
23974,2,Lingerie&Nightwear,soie,1640.0,820.0,50.0
23975,3,Lingerie&Nightwear,faballey,2400.0,1200.0,50.0
23976,4,Lingerie&Nightwear,kaftan company,2638.2167045910855,3299.0,44.84758845312988
23977,5,Lingerie&Nightwear,sloggi,2638.2167045910855,999.0,44.84758845312988
23978,6,Lingerie&Nightwear,enamor,899.0,629.0,30.0
23979,7,Lingerie&Nightwear,enamor,2638.2167045910855,699.0,44.84758845312988
23980,8,Lingerie&Nightwear,enamor,2638.2167045910855,999.0,44.84758845312988
23981,9,Lingerie&Nightwear,wacoal,2638.2167045910855,799.0,44.84758845312988
23982,10,Lingerie&Nightwear,soie,2638.2167045910855,380.0,44.84758845312988
23983,11,Lingerie&Nightwear,soie,1230.0,922.0,25.0
23984,12,Lingerie&Nightwear,soie,1800.0,900.0,50.0
23985,13,Lingerie&Nightwear,soie,1040.0,780.0,25.0
23986,14,Lingerie&Nightwear,sweet dreams,799.0,559.0,30.0
23987,15,Lingerie&Nightwear,adidas,3299.0,2309.0,30.0
23988,16,Lingerie&Nightwear,enamor,2638.2167045910855,749.0,44.84758845312988
23989,17,Lingerie&Nightwear,enamor,2638.2167045910855,1649.0,44.84758845312988
23990,18,Lingerie&Nightwear,triumph,2638.2167045910855,1099.0,44.84758845312988
23991,19,Lingerie&Nightwear,enamor,2638.2167045910855,499.0,44.84758845312988
23992,20,Lingerie&Nightwear,mystere paris,1599.0,959.0,40.0
23993,21,Lingerie&Nightwear,enamor,2638.2167045910855,869.0,44.84758845312988
23995,23,Lingerie&Nightwear,triumph,1999.0,999.0,50.0
23996,24,Lingerie&Nightwear,sweet dreams,1329.0,930.0,30.0
23997,25,Lingerie&Nightwear,groversons paris beauty,2638.2167045910855,555.0,44.84758845312988
23998,0,Lingerie&Nightwear,amante,2638.2167045910855,545.0,44.84758845312988
23999,1,Lingerie&Nightwear,soie,2638.2167045910855,1150.0,44.84758845312988
24000,2,Lingerie&Nightwear,erotissch,1199.0,779.0,35.0
24001,3,Lingerie&Nightwear,soie,990.0,792.0,20.0
24002,4,Lingerie&Nightwear,wacoal,595.0,476.0,20.0
24003,5,Lingerie&Nightwear,triumph,2638.2167045910855,699.0,44.84758845312988
24004,6,Lingerie&Nightwear,erotissch,2690.0,1210.0,55.0
24005,7,Lingerie&Nightwear,sloggi,2638.2167045910855,2999.0,44.84758845312988
24006,8,Lingerie&Nightwear,triumph,2638.2167045910855,1699.0,44.84758845312988
24007,9,Lingerie&Nightwear,sweet dreams,1999.0,1399.0,30.0
24008,10,Lingerie&Nightwear,amante,1695.0,1186.0,30.0
24009,11,Lingerie&Nightwear,wacoal,2295.0,1606.0,30.0
24010,12,Lingerie&Nightwear,groversons paris beauty,2638.2167045910855,690.0,44.84758845312988
24011,13,Lingerie&Nightwear,soie,470.0,329.0,30.0
24012,14,Lingerie&Nightwear,samshek,2638.2167045910855,1590.0,44.84758845312988
24013,15,Lingerie&Nightwear,kaftan company,2638.2167045910855,1999.0,44.84758845312988
24014,16,Lingerie&Nightwear,erotissch,2890.0,1156.0,60.0
24015,17,Lingerie&Nightwear,sloggi,2638.2167045910855,2499.0,44.84758845312988
24016,18,Lingerie&Nightwear,soie,2638.2167045910855,600.0,44.84758845312988
24017,19,Lingerie&Nightwear,enamor,2638.2167045910855,1599.0,44.84758845312988
24018,20,Lingerie&Nightwear,enamor,2638.2167045910855,1199.0,44.84758845312988
24019,21,Lingerie&Nightwear,mystere paris,899.0,539.0,40.0
24021,23,Lingerie&Nightwear,soie,1040.0,988.0,5.0
24022,24,Lingerie&Nightwear,kaftan company,2638.2167045910855,2499.0,44.84758845312988
24023,25,Lingerie&Nightwear,amante,895.0,626.0,30.0
24024,0,Lingerie&Nightwear,kaftan company,2638.2167045910855,2999.0,44.84758845312988
24025,1,Lingerie&Nightwear,enamor,2638.2167045910855,1349.0,44.84758845312988
24026,2,Lingerie&Nightwear,soie,590.0,442.0,25.0
24027,3,Lingerie&Nightwear,faballey,2200.0,1100.0,50.0
24028,4,Lingerie&Nightwear,sweet dreams,599.0,539.0,10.0
24030,6,Lingerie&Nightwear,wacoal,2638.2167045910855,1999.0,44.84758845312988
24031,7,Lingerie&Nightwear,amante,1395.0,697.0,50.0
24032,8,Lingerie&Nightwear,soie,870.0,565.0,35.0
24033,9,Lingerie&Nightwear,amante,895.0,537.0,40.0
24034,10,Lingerie&Nightwear,amante,2638.2167045910855,375.0,44.84758845312988
24035,11,Lingerie&Nightwear,enamor,2638.2167045910855,1299.0,44.84758845312988
24036,12,Lingerie&Nightwear,kaftan company,2638.2167045910855,2999.0,44.84758845312988
24037,13,Lingerie&Nightwear,kaftan company,2638.2167045910855,2899.0,44.84758845312988
24038,14,Lingerie&Nightwear,van heusen,2638.2167045910855,499.0,44.84758845312988
24039,15,Lingerie&Nightwear,soie,820.0,738.0,10.0
24040,16,Lingerie&Nightwear,sweet dreams,1499.0,899.0,40.0
24041,17,Lingerie&Nightwear,amante,2638.2167045910855,845.0,44.84758845312988
24042,18,Lingerie&Nightwear,clovia,599.0,359.0,40.0
24043,19,Lingerie&Nightwear,wacoal,2638.2167045910855,2295.0,44.84758845312988
24044,20,Lingerie&Nightwear,soie,2638.2167045910855,380.0,44.84758845312988
24045,21,Lingerie&Nightwear,van heusen,2638.2167045910855,899.0,44.84758845312988
24047,23,Lingerie&Nightwear,soie,910.0,773.0,15.0
24048,24,Lingerie&Nightwear,faballey,2200.0,1100.0,50.0
24049,25,Lingerie&Nightwear,van heusen,2638.2167045910855,349.0,44.84758845312988
24050,0,Lingerie&Nightwear,sweet dreams,1049.0,629.0,40.0
24051,1,Lingerie&Nightwear,enamor,669.0,468.0,30.0
24052,2,Lingerie&Nightwear,triumph,2638.2167045910855,2199.0,44.84758845312988
24053,3,Lingerie&Nightwear,enamor,2638.2167045910855,1299.0,44.84758845312988
24054,4,Lingerie&Nightwear,enamor,599.0,299.0,50.0
24055,5,Lingerie&Nightwear,kaftan company,2638.2167045910855,3299.0,44.84758845312988
24056,6,Lingerie&Nightwear,kaftan company,2638.2167045910855,1999.0,44.84758845312988
24057,7,Lingerie&Nightwear,crimsoune club,1799.0,899.0,50.0
24058,8,Lingerie&Nightwear,van heusen,2638.2167045910855,1049.0,44.84758845312988
24059,9,Lingerie&Nightwear,nayomi,2638.2167045910855,1599.0,44.84758845312988
24060,10,Lingerie&Nightwear,reebok,3299.0,1649.0,50.0
24061,11,Lingerie&Nightwear,sweet dreams,2638.2167045910855,1699.0,44.84758845312988
24062,12,Lingerie&Nightwear,wacoal,2638.2167045910855,2499.0,44.84758845312988
24063,13,Lingerie&Nightwear,soie,590.0,560.0,5.0
24064,14,Lingerie&Nightwear,triumph,2638.2167045910855,899.0,44.84758845312988
24065,15,Lingerie&Nightwear,amante,2638.2167045910855,695.0,44.84758845312988
24066,16,Lingerie&Nightwear,erotissch,2390.0,956.0,60.0
24067,17,Lingerie&Nightwear,soie,2638.2167045910855,1040.0,44.84758845312988
24068,18,Lingerie&Nightwear,reebok,2999.0,1499.0,50.0
24069,19,Lingerie&Nightwear,triumph,2638.2167045910855,1699.0,44.84758845312988
24070,20,Lingerie&Nightwear,erotissch,1199.0,539.0,55.0
24071,21,Lingerie&Nightwear,erotissch,2500.0,1625.0,35.0
24073,23,Lingerie&Nightwear,enamor,2638.2167045910855,1599.0,44.84758845312988
24074,24,Lingerie&Nightwear,amante,2638.2167045910855,595.0,44.84758845312988
24075,25,Lingerie&Nightwear,wacoal,2638.2167045910855,2295.0,44.84758845312988
24076,0,Lingerie&Nightwear,triumph,1799.0,899.0,50.0
24077,1,Lingerie&Nightwear,van heusen,2638.2167045910855,499.0,44.84758845312988
24078,2,Lingerie&Nightwear,erotissch,2990.0,1196.0,60.0
24079,3,Lingerie&Nightwear,soie,750.0,712.0,5.0
24080,4,Lingerie&Nightwear,erotissch,1299.0,584.0,55.0
24081,5,Lingerie&Nightwear,mystere paris,899.0,539.0,40.0
24082,6,Lingerie&Nightwear,erotissch,1199.0,779.0,35.0
24083,7,Lingerie&Nightwear,erotissch,1899.0,1234.0,35.0
24084,8,Lingerie&Nightwear,mystere paris,899.0,539.0,40.0
24085,9,Lingerie&Nightwear,erotissch,990.0,445.0,55.0
24086,10,Lingerie&Nightwear,soie,1380.0,1242.0,10.0
24087,11,Lingerie&Nightwear,adidas,2699.0,1889.0,30.0
24088,12,Lingerie&Nightwear,clovia,1199.0,479.0,60.0
24089,13,Lingerie&Nightwear,clovia,699.0,279.0,60.0
24090,14,Lingerie&Nightwear,clovia,599.0,239.0,60.0
24091,15,Lingerie&Nightwear,miss chase,2638.2167045910855,999.0,44.84758845312988
24092,16,Lingerie&Nightwear,clovia,599.0,299.0,50.0
24093,17,Lingerie&Nightwear,clovia,599.0,359.0,40.0
24094,18,Lingerie&Nightwear,clovia,599.0,359.0,40.0
24095,19,Lingerie&Nightwear,miss chase,2638.2167045910855,1099.0,44.84758845312988
24096,20,Lingerie&Nightwear,clovia,599.0,239.0,60.0
24097,21,Lingerie&Nightwear,clovia,599.0,239.0,60.0
24099,23,Lingerie&Nightwear,clovia,599.0,239.0,60.0
24100,24,Lingerie&Nightwear,amante,1895.0,1137.0,40.0
24101,25,Lingerie&Nightwear,erotissch,2799.0,1259.0,55.0
