,Sales_id,Category,Brand,MRP,Selling price,Discount in %
0,0,Westernwear,life,1699.0,849.0,50.0
1,1,Westernwear,only,3499.0,2449.0,30.0
2,2,Westernwear,fratini,1199.0,599.0,50.0
3,3,Westernwear,zink london,2299.0,1379.0,40.0
4,4,Westernwear,life,1699.0,849.0,50.0
5,5,Westernwear,kraus,1795.0,1615.0,10.0
6,6,Westernwear,life,1299.0,649.0,50.0
7,7,Westernwear,fratini,1299.0,649.0,50.0
8,8,Westernwear,rare,2099.0,839.0,60.0
9,9,Westernwear,rare,1499.0,599.0,60.0
10,10,Westernwear,life,1499.0,749.0,50.0
11,11,Westernwear,life,999.0,499.0,50.0
12,12,Westernwear,life,1499.0,749.0,50.0
13,13,Westernwear,life,599.0,299.0,50.0
14,14,Westernwear,life,999.0,499.0,50.0
15,15,Westernwear,life,1199.0,599.0,50.0
16,16,Westernwear,life,599.0,299.0,50.0
17,17,Westernwear,life,1299.0,649.0,50.0
18,18,Westernwear,van heusen,1999.0,799.0,60.0
19,19,Westernwear,life,1999.0,999.0,50.0
20,20,Westernwear,fratini,1499.0,749.0,50.0
21,21,Westernwear,life,1299.0,649.0,50.0
22,22,Westernwear,vastranand,2638.2167045910855,1925.3425560842963,44.84758845312988
23,23,Westernwear,stop,799.0,399.0,50.0
24,24,Westernwear,life,1999.0,999.0,50.0
25,25,Westernwear,zink london,2799.0,1679.0,40.0
26,0,Westernwear,life,1199.0,599.0,50.0
27,1,Westernwear,life,999.0,499.0,50.0
28,2,Westernwear,zink z,2638.2167045910855,1299.0,44.84758845312988
29,3,Westernwear,stop,899.0,449.0,50.0
30,4,Westernwear,life,999.0,499.0,50.0
31,5,Westernwear,life,1199.0,599.0,50.0
32,6,Westernwear,life,1699.0,849.0,50.0
33,7,Westernwear,life,699.0,349.0,50.0
34,8,Westernwear,cover story,2890.0,1445.0,50.0
35,9,Westernwear,infuse,1999.0,999.0,50.0
36,10,Westernwear,fratini,2638.2167045910855,1799.0,44.84758845312988
37,11,Westernwear,allen solly,1299.0,1039.0,20.0
38,12,Westernwear,infuse,899.0,359.0,60.0
39,13,Westernwear,van heusen,1699.0,999.0,41.0
40,14,Westernwear,life,999.0,499.0,50.0
41,15,Westernwear,cover story,4490.0,3143.0,30.0
42,16,Westernwear,life,999.0,499.0,50.0
43,17,Westernwear,zink london,3299.0,1979.0,40.0
44,18,Westernwear,stop,999.0,499.0,50.0
45,19,Westernwear,fratini,1899.0,949.0,50.0
46,20,Westernwear,rare,1899.0,854.0,55.0
47,21,Westernwear,life,1299.0,649.0,50.0
49,23,Westernwear,altlife,999.0,499.0,50.0
50,24,Westernwear,stop,899.0,449.0,50.0
51,25,Westernwear,life,1999.0,999.0,50.0
52,0,Westernwear,rare,1499.0,674.0,55.0
53,1,Westernwear,zink london,1399.0,839.0,40.0
54,2,Westernwear,life,999.0,499.0,50.0
55,3,Westernwear,madame,2699.0,1619.0,40.0
56,4,Westernwear,zink london,2499.0,1499.0,40.0
57,5,Westernwear,rare,2099.0,944.0,55.0
58,6,Westernwear,fratini,1499.0,749.0,50.0
59,7,Westernwear,iti,1499.0,399.0,73.0
60,8,Westernwear,rare,1599.0,719.0,55.0
61,9,Westernwear,levis,2638.2167045910855,1199.0,44.84758845312988
62,10,Westernwear,cover story,2590.0,1813.0,30.0
63,11,Westernwear,zink london,2299.0,1149.0,50.0
64,12,Westernwear,and,2899.0,2319.0,20.0
65,13,Westernwear,van heusen,1999.0,799.0,60.0
66,14,Westernwear,life,699.0,349.0,50.0
67,15,Westernwear,life,899.0,449.0,50.0
68,16,Westernwear,faballey,2800.0,2240.0,20.0
69,17,Westernwear,levis,2638.2167045910855,3799.0,44.84758845312988
70,18,Westernwear,rare,2099.0,944.0,55.0
71,19,Westernwear,rare,1999.0,799.0,60.0
72,20,Westernwear,rare,1399.0,559.0,60.0
73,21,Westernwear,stop,999.0,499.0,50.0
75,23,Westernwear,fratini,1599.0,799.0,50.0
76,24,Westernwear,life,699.0,349.0,50.0
77,25,Westernwear,life,599.0,299.0,50.0
78,0,Westernwear,only,1999.0,1399.0,30.0
79,1,Westernwear,life,1299.0,649.0,50.0
80,2,Westernwear,van heusen,1699.0,999.0,41.0
81,3,Westernwear,fratini,1599.0,799.0,50.0
82,4,Westernwear,life,699.0,349.0,50.0
83,5,Westernwear,fratini,1499.0,749.0,50.0
84,6,Westernwear,kraus,1995.0,1396.0,30.0
85,7,Westernwear,life,1299.0,649.0,50.0
86,8,Westernwear,life,1299.0,649.0,50.0
87,9,Westernwear,rare,1699.0,764.0,55.0
88,10,Westernwear,and,2699.0,2159.0,20.0
89,11,Westernwear,life,899.0,449.0,50.0
90,12,Westernwear,kraus,1695.0,1525.0,10.0
91,13,Westernwear,life,699.0,349.0,50.0
92,14,Westernwear,fratini,2638.2167045910855,1299.0,44.84758845312988
93,15,Westernwear,fratini,999.0,499.0,50.0
94,16,Westernwear,fratini,1699.0,849.0,50.0
95,17,Westernwear,zink london,1299.0,399.0,69.0
96,18,Westernwear,life,999.0,499.0,50.0
97,19,Westernwear,zink london,1399.0,839.0,40.0
98,20,Westernwear,allen solly,2499.0,1499.0,40.0
99,21,Westernwear,stop,1299.0,649.0,50.0
101,23,Westernwear,only,2499.0,1499.0,40.0
102,24,Westernwear,fratini,1299.0,649.0,50.0
103,25,Westernwear,fratini,1699.0,849.0,50.0
104,0,Westernwear,van heusen,1699.0,999.0,41.0
105,1,Westernwear,only,2299.0,1379.0,40.0
106,2,Westernwear,life,1499.0,749.0,50.0
107,3,Westernwear,zink london,1699.0,849.0,50.0
108,4,Westernwear,life,699.0,349.0,50.0
109,5,Westernwear,faballey,2600.0,2080.0,20.0
110,6,Westernwear,life,999.0,499.0,50.0
111,7,Westernwear,infuse,1499.0,749.0,50.0
112,8,Westernwear,kraus,1595.0,1116.0,30.0
113,9,Westernwear,life,699.0,349.0,50.0
114,10,Westernwear,fratini,1899.0,949.0,50.0
115,11,Westernwear,madame,1699.0,1189.0,30.0
116,12,Westernwear,kraus,1895.0,947.0,50.0
117,13,Westernwear,kraus,1895.0,947.0,50.0
118,14,Westernwear,stop,899.0,449.0,50.0
119,15,Westernwear,life,1999.0,999.0,50.0
120,16,Westernwear,zink london,2899.0,1739.0,40.0
121,17,Westernwear,life,999.0,499.0,50.0
122,18,Westernwear,stop,899.0,449.0,50.0
123,19,Westernwear,altlife,1299.0,649.0,50.0
124,20,Westernwear,life,1699.0,849.0,50.0
125,21,Westernwear,allen solly,2499.0,1499.0,40.0
127,23,Westernwear,stop,1699.0,849.0,50.0
128,24,Westernwear,and,2899.0,2319.0,20.0
129,25,Westernwear,rare,999.0,499.0,50.0
130,0,Westernwear,zink london,1399.0,699.0,50.0
131,1,Westernwear,life,1299.0,649.0,50.0
132,2,Westernwear,fratini,1999.0,999.0,50.0
133,3,Westernwear,rare,1999.0,899.0,55.0
134,4,Westernwear,latin quarters,1899.0,949.0,50.0
135,5,Westernwear,fratini,999.0,499.0,50.0
136,6,Westernwear,zink london,2199.0,1319.0,40.0
137,7,Westernwear,stop,999.0,499.0,50.0
138,8,Westernwear,rare,1999.0,899.0,55.0
139,9,Westernwear,latin quarters,2799.0,1959.0,30.0
140,10,Westernwear,zink london,1499.0,899.0,40.0
141,11,Westernwear,stop,999.0,499.0,50.0
142,12,Westernwear,cover story,2290.0,1603.0,30.0
143,13,Westernwear,stop,799.0,399.0,50.0
144,14,Westernwear,zink london,799.0,479.0,40.0
145,15,Westernwear,zink london,1599.0,799.0,50.0
146,16,Westernwear,rare,1899.0,854.0,55.0
147,17,Westernwear,van heusen,2199.0,999.0,55.0
148,18,Westernwear,life,699.0,349.0,50.0
149,19,Westernwear,rare,1699.0,764.0,55.0
150,20,Westernwear,life,799.0,399.0,50.0
151,21,Westernwear,van heusen,2199.0,999.0,55.0
153,23,Westernwear,madame,1199.0,599.0,50.0
154,24,Westernwear,fratini,2638.2167045910855,799.0,44.84758845312988
155,25,Westernwear,life,1299.0,649.0,50.0
156,0,Westernwear,van heusen,1699.0,999.0,41.0
157,1,Westernwear,rare,1299.0,584.0,55.0
158,2,Westernwear,life,999.0,499.0,50.0
159,3,Westernwear,only,1799.0,1079.0,40.0
160,4,Westernwear,infuse,499.0,199.0,60.0
161,5,Westernwear,and,2499.0,1999.0,20.0
162,6,Westernwear,rare,1199.0,539.0,55.0
163,7,Westernwear,life,999.0,499.0,50.0
164,8,Westernwear,van heusen,1499.0,799.0,47.0
165,9,Westernwear,zink london,1599.0,959.0,40.0
166,10,Westernwear,fratini,999.0,499.0,50.0
167,11,Westernwear,life,1999.0,999.0,50.0
168,12,Westernwear,fratini,999.0,499.0,50.0
169,13,Westernwear,kraus,1795.0,1256.0,30.0
170,14,Westernwear,madame,1499.0,899.0,40.0
171,15,Westernwear,life,899.0,449.0,50.0
172,16,Westernwear,stop,2638.2167045910855,1999.0,44.84758845312988
173,17,Westernwear,life,699.0,349.0,50.0
174,18,Westernwear,life,1299.0,649.0,50.0
175,19,Westernwear,kraus,1695.0,847.0,50.0
176,20,Westernwear,zink london,1799.0,1079.0,40.0
177,21,Westernwear,latin quarters,2638.2167045910855,2699.0,44.84758845312988
179,23,Westernwear,life,899.0,449.0,50.0
180,24,Westernwear,fratini,2638.2167045910855,699.0,44.84758845312988
181,25,Westernwear,fratini,1599.0,799.0,50.0
182,0,Westernwear,faballey,2400.0,1920.0,20.0
183,1,Westernwear,rare,1299.0,584.0,55.0
184,2,Westernwear,stop,2638.2167045910855,999.0,44.84758845312988
185,3,Westernwear,rare,1399.0,559.0,60.0
186,4,Westernwear,life,999.0,499.0,50.0
187,5,Westernwear,zink london,1899.0,1139.0,40.0
188,6,Westernwear,zink london,2799.0,1399.0,50.0
189,7,Westernwear,stop,899.0,449.0,50.0
190,8,Westernwear,only,1799.0,1079.0,40.0
191,9,Westernwear,life,1499.0,749.0,50.0
192,10,Westernwear,life,1199.0,599.0,50.0
193,11,Westernwear,latin quarters,2699.0,1889.0,30.0
194,12,Westernwear,rare,1299.0,519.0,60.0
195,13,Westernwear,latin quarters,1399.0,699.0,50.0
196,14,Westernwear,life,1899.0,949.0,50.0
197,15,Westernwear,rare,1399.0,559.0,60.0
198,16,Westernwear,zink london,2199.0,1319.0,40.0
199,17,Westernwear,rare,1099.0,549.0,50.0
200,18,Westernwear,allen solly,2499.0,1499.0,40.0
201,19,Westernwear,life,999.0,499.0,50.0
202,20,Westernwear,rare,999.0,499.0,50.0
203,21,Westernwear,latin quarters,2638.2167045910855,2799.0,44.84758845312988
205,23,Westernwear,rare,1599.0,719.0,55.0
206,24,Westernwear,life,899.0,449.0,50.0
207,25,Westernwear,rare,1499.0,599.0,60.0
208,0,Westernwear,van heusen,3499.0,1499.0,57.0
209,1,Westernwear,life,699.0,349.0,50.0
210,2,Westernwear,rare,1499.0,599.0,60.0
211,3,Westernwear,life,699.0,349.0,50.0
212,4,Westernwear,stop,899.0,449.0,50.0
213,5,Westernwear,madame,1699.0,849.0,50.0
214,6,Westernwear,rare,1899.0,854.0,55.0
215,7,Westernwear,rare,2399.0,1079.0,55.0
216,8,Westernwear,and,2638.2167045910855,2099.0,44.84758845312988
217,9,Westernwear,zink london,2699.0,1619.0,40.0
218,10,Westernwear,latin quarters,2399.0,1199.0,50.0
219,11,Westernwear,zink london,1899.0,1139.0,40.0
220,12,Westernwear,sera,1198.0,359.0,70.0
221,13,Westernwear,rare,1899.0,854.0,55.0
222,14,Westernwear,life,1199.0,599.0,50.0
223,15,Westernwear,madame,2699.0,1619.0,40.0
224,16,Westernwear,fratini,2638.2167045910855,1899.0,44.84758845312988
225,17,Westernwear,and,1799.0,899.0,50.0
226,18,Westernwear,fratini,899.0,449.0,50.0
227,19,Westernwear,adidas,1799.0,899.0,50.0
228,20,Westernwear,rare,2099.0,839.0,60.0
229,21,Westernwear,zink london,2799.0,1679.0,40.0
231,23,Westernwear,life,1699.0,849.0,50.0
232,24,Westernwear,allen solly,1599.0,959.0,40.0
233,25,Westernwear,allen solly,1599.0,959.0,40.0
234,0,Westernwear,zink london,1899.0,1139.0,40.0
235,1,Westernwear,cover story,990.0,693.0,30.0
236,2,Westernwear,stop,999.0,499.0,50.0
237,3,Westernwear,levis,2638.2167045910855,3799.0,44.84758845312988
238,4,Westernwear,fratini,1599.0,799.0,50.0
239,5,Westernwear,faballey,1900.0,1520.0,20.0
240,6,Westernwear,rare,2099.0,944.0,55.0
241,7,Westernwear,zink london,1599.0,959.0,40.0
242,8,Westernwear,fratini,999.0,499.0,50.0
243,9,Westernwear,stop,899.0,449.0,50.0
244,10,Westernwear,zink london,1799.0,1079.0,40.0
245,11,Westernwear,stop,799.0,399.0,50.0
246,12,Westernwear,van heusen,1699.0,999.0,41.0
247,13,Westernwear,zink london,3199.0,1919.0,40.0
248,14,Westernwear,life,899.0,449.0,50.0
249,15,Westernwear,rare,999.0,499.0,50.0
250,16,Westernwear,zink london,1399.0,839.0,40.0
251,17,Westernwear,life,1299.0,649.0,50.0
252,18,Westernwear,fratini,799.0,399.0,50.0
253,19,Westernwear,latin quarters,2499.0,1249.0,50.0
254,20,Westernwear,life,1299.0,649.0,50.0
255,21,Westernwear,life,1299.0,649.0,50.0
257,23,Westernwear,life,599.0,299.0,50.0
258,24,Westernwear,rare,1499.0,674.0,55.0
259,25,Westernwear,life,799.0,399.0,50.0
260,0,Westernwear,zink z,2638.2167045910855,2299.0,44.84758845312988
261,1,Westernwear,cover story,2890.0,1734.0,40.0
262,2,Westernwear,fratini,1299.0,649.0,50.0
263,3,Westernwear,fratini,599.0,299.0,50.0
264,4,Westernwear,zink z,2638.2167045910855,1799.0,44.84758845312988
265,5,Westernwear,life,999.0,499.0,50.0
266,6,Westernwear,rare,1499.0,599.0,60.0
267,7,Westernwear,infuse,1299.0,649.0,50.0
268,8,Westernwear,infuse,499.0,199.0,60.0
269,9,Westernwear,kraus,1795.0,1615.0,10.0
270,10,Westernwear,kraus,1695.0,1525.0,10.0
271,11,Westernwear,allen solly,1999.0,1599.0,20.0
272,12,Westernwear,zink london,2499.0,1499.0,40.0
273,13,Westernwear,latin quarters,2999.0,1499.0,50.0
274,14,Westernwear,kraus,1895.0,1705.0,10.0
275,15,Westernwear,van heusen,3499.0,1499.0,57.0
276,16,Westernwear,zink london,1499.0,899.0,40.0
277,17,Westernwear,and,2699.0,2159.0,20.0
278,18,Westernwear,and,3499.0,2799.0,20.0
279,19,Westernwear,zink london,2499.0,1499.0,40.0
280,20,Westernwear,life,699.0,349.0,50.0
281,21,Westernwear,and,1899.0,1519.0,20.0
283,23,Westernwear,fratini,2638.2167045910855,2299.0,44.84758845312988
284,24,Westernwear,life,899.0,449.0,50.0
285,25,Westernwear,stop,799.0,399.0,50.0
286,0,Westernwear,fratini,1299.0,649.0,50.0
287,1,Westernwear,life,999.0,499.0,50.0
288,2,Westernwear,only,1299.0,779.0,40.0
289,3,Westernwear,zink london,2599.0,1559.0,40.0
290,4,Westernwear,zink london,2999.0,1799.0,40.0
291,5,Westernwear,zink london,1299.0,399.0,69.0
292,6,Westernwear,fratini,1999.0,999.0,50.0
293,7,Westernwear,rare,999.0,499.0,50.0
294,8,Westernwear,kraus,1695.0,847.0,50.0
295,9,Westernwear,pepe,1599.0,959.0,40.0
296,10,Westernwear,kraus,1595.0,1435.0,10.0
297,11,Westernwear,zink london,3199.0,1919.0,40.0
298,12,Westernwear,zink london,1199.0,399.0,67.0
299,13,Westernwear,and,3899.0,3119.0,20.0
300,14,Westernwear,stop,999.0,499.0,50.0
301,15,Westernwear,madame,1799.0,1259.0,30.0
302,16,Westernwear,and,2299.0,1149.0,50.0
303,17,Westernwear,zink london,2999.0,1799.0,40.0
304,18,Westernwear,faballey,1950.0,1560.0,20.0
305,19,Westernwear,and,1699.0,1359.0,20.0
306,20,Westernwear,rare,1299.0,584.0,55.0
307,21,Westernwear,and,3299.0,2639.0,20.0
309,23,Westernwear,van heusen,1499.0,999.0,33.0
310,24,Westernwear,life,1299.0,649.0,50.0
311,25,Westernwear,zink london,3499.0,2099.0,40.0
312,0,Westernwear,life,1499.0,749.0,50.0
313,1,Westernwear,altlife,599.0,299.0,50.0
314,2,Westernwear,fratini,1199.0,599.0,50.0
315,3,Westernwear,life,999.0,499.0,50.0
316,4,Westernwear,rare,1299.0,584.0,55.0
317,5,Westernwear,zink london,1899.0,1139.0,40.0
318,6,Westernwear,latin quarters,2638.2167045910855,1599.0,44.84758845312988
319,7,Westernwear,life,1699.0,849.0,50.0
320,8,Westernwear,altlife,999.0,499.0,50.0
321,9,Westernwear,rare,1499.0,674.0,55.0
322,10,Westernwear,indya,1300.0,1040.0,20.0
323,11,Westernwear,fratini,1899.0,949.0,50.0
324,12,Westernwear,life,1199.0,599.0,50.0
325,13,Westernwear,zink london,1499.0,899.0,40.0
326,14,Westernwear,rare,2399.0,1079.0,55.0
327,15,Westernwear,latin quarters,1599.0,799.0,50.0
328,16,Westernwear,fratini,699.0,349.0,50.0
329,17,Westernwear,life,1299.0,649.0,50.0
330,18,Westernwear,zink london,2199.0,879.0,60.0
331,19,Westernwear,and,2099.0,1679.0,20.0
332,20,Westernwear,altlife,1299.0,649.0,50.0
333,21,Westernwear,life,899.0,449.0,50.0
335,23,Westernwear,juniper,2999.0,1799.0,40.0
336,24,Westernwear,kraus,1895.0,947.0,50.0
337,25,Westernwear,zink london,2999.0,1499.0,50.0
338,0,Westernwear,van heusen,2638.2167045910855,1699.0,44.84758845312988
339,1,Westernwear,van heusen,2638.2167045910855,799.0,44.84758845312988
340,2,Westernwear,life,1299.0,649.0,50.0
341,3,Westernwear,fratini,2638.2167045910855,699.0,44.84758845312988
342,4,Westernwear,stop,999.0,499.0,50.0
343,5,Westernwear,madame,2199.0,1319.0,40.0
344,6,Westernwear,faballey,2100.0,1680.0,20.0
345,7,Westernwear,stop,2638.2167045910855,1499.0,44.84758845312988
346,8,Westernwear,zink london,1199.0,399.0,67.0
347,9,Westernwear,life,1299.0,649.0,50.0
348,10,Westernwear,madame,2699.0,1889.0,30.0
349,11,Westernwear,only,1999.0,1399.0,30.0
350,12,Westernwear,infuse,499.0,199.0,60.0
351,13,Westernwear,stop,2638.2167045910855,799.0,44.84758845312988
352,14,Westernwear,kraus,1895.0,1705.0,10.0
353,15,Westernwear,altlife,799.0,399.0,50.0
354,16,Westernwear,and,1999.0,1599.0,20.0
355,17,Westernwear,rare,1899.0,854.0,55.0
356,18,Westernwear,life,999.0,499.0,50.0
357,19,Westernwear,madame,1699.0,1019.0,40.0
358,20,Westernwear,rare,1699.0,764.0,55.0
359,21,Westernwear,lovegen,1999.0,599.0,70.0
361,23,Westernwear,only,2499.0,1499.0,40.0
362,24,Westernwear,zink london,1899.0,1139.0,40.0
363,25,Westernwear,zink london,2699.0,1619.0,40.0
364,0,Westernwear,faballey,2800.0,2240.0,20.0
365,1,Westernwear,infuse,1299.0,649.0,50.0
366,2,Westernwear,only,1799.0,899.0,50.0
367,3,Westernwear,life,999.0,499.0,50.0
368,4,Westernwear,rare,1899.0,759.0,60.0
369,5,Westernwear,life,999.0,499.0,50.0
370,6,Westernwear,zink london,1699.0,1019.0,40.0
371,7,Westernwear,van heusen,4499.0,2499.0,44.0
372,8,Westernwear,zink london,3299.0,1979.0,40.0
373,9,Westernwear,zink london,1599.0,959.0,40.0
374,10,Westernwear,rare,1299.0,519.0,60.0
375,11,Westernwear,zink london,1999.0,599.0,70.0
376,12,Westernwear,latin quarters,2499.0,1249.0,50.0
377,13,Westernwear,rare,1999.0,899.0,55.0
378,14,Westernwear,levis,2638.2167045910855,999.0,44.84758845312988
379,15,Westernwear,life,1199.0,599.0,50.0
380,16,Westernwear,madame,999.0,599.0,40.0
381,17,Westernwear,vero moda,2638.2167045910855,3799.0,44.84758845312988
382,18,Westernwear,zink london,2799.0,1679.0,40.0
383,19,Westernwear,forever new,3600.0,2340.0,35.0
384,20,Westernwear,faballey,1600.0,1280.0,20.0
385,21,Westernwear,madame,1799.0,1259.0,30.0
387,23,Westernwear,life,1199.0,599.0,50.0
388,24,Westernwear,madame,1799.0,1259.0,30.0
389,25,Westernwear,madame,2699.0,1619.0,40.0
390,0,Westernwear,life,1299.0,649.0,50.0
391,1,Westernwear,faballey,2300.0,1840.0,20.0
392,2,Westernwear,fratini,2638.2167045910855,1999.0,44.84758845312988
393,3,Westernwear,fratini,1199.0,599.0,50.0
394,4,Westernwear,stop,1999.0,999.0,50.0
395,5,Westernwear,fratini,1299.0,649.0,50.0
396,6,Westernwear,zink london,2799.0,1679.0,40.0
397,7,Westernwear,kraus,2095.0,1466.0,30.0
398,8,Westernwear,and,4299.0,3439.0,20.0
399,9,Westernwear,magre,3790.0,2084.0,45.0
400,10,Westernwear,life,1299.0,649.0,50.0
401,11,Westernwear,life,1499.0,749.0,50.0
402,12,Westernwear,madame,1499.0,1049.0,30.0
403,13,Westernwear,zink london,1499.0,899.0,40.0
404,14,Westernwear,life,1499.0,749.0,50.0
405,15,Westernwear,zink london,1999.0,1199.0,40.0
406,16,Westernwear,kraus,1795.0,1615.0,10.0
407,17,Westernwear,allen solly,2299.0,1379.0,40.0
408,18,Westernwear,and,1899.0,1519.0,20.0
409,19,Westernwear,latin quarters,2638.2167045910855,2999.0,44.84758845312988
410,20,Westernwear,zink london,2799.0,1119.0,60.0
411,21,Westernwear,life,1199.0,599.0,50.0
413,23,Westernwear,kraus,1895.0,1705.0,10.0
414,24,Westernwear,juniper,2499.0,999.0,60.0
415,25,Westernwear,forever new,2638.2167045910855,2400.0,44.84758845312988
416,0,Westernwear,van heusen,3499.0,1499.0,57.0
417,1,Westernwear,only,2299.0,1379.0,40.0
418,2,Westernwear,madame,2999.0,2099.0,30.0
419,3,Westernwear,cover story,2590.0,1813.0,30.0
420,4,Westernwear,cover story,2638.2167045910855,3490.0,44.84758845312988
421,5,Westernwear,van heusen,2199.0,999.0,55.0
422,6,Westernwear,latin quarters,1999.0,799.0,60.0
423,7,Westernwear,rare,1599.0,559.0,65.0
424,8,Westernwear,kraus,1995.0,1396.0,30.0
425,9,Westernwear,zink london,2399.0,1439.0,40.0
426,10,Westernwear,altlife,1299.0,649.0,50.0
427,11,Westernwear,fratini,1299.0,649.0,50.0
428,12,Westernwear,altlife,1299.0,649.0,50.0
429,13,Westernwear,life,899.0,449.0,50.0
430,14,Westernwear,zink london,2799.0,1679.0,40.0
431,15,Westernwear,insense,999.0,499.0,50.0
432,16,Westernwear,zink london,1799.0,1079.0,40.0
433,17,Westernwear,stop,999.0,499.0,50.0
434,18,Westernwear,zink london,3299.0,1979.0,40.0
435,19,Westernwear,life,1699.0,849.0,50.0
436,20,Westernwear,infuse,1499.0,749.0,50.0
437,21,Westernwear,only,3699.0,2959.0,20.0
439,23,Westernwear,latin quarters,2638.2167045910855,2999.0,44.84758845312988
440,24,Westernwear,zink london,1599.0,959.0,40.0
441,25,Westernwear,allen solly,1999.0,1199.0,40.0
442,0,Westernwear,zink london,1199.0,399.0,67.0
443,1,Westernwear,allen solly,1299.0,1039.0,20.0
444,2,Westernwear,vero moda,2638.2167045910855,3499.0,44.84758845312988
445,3,Westernwear,and,2699.0,1754.0,35.0
446,4,Westernwear,latin quarters,2638.2167045910855,2999.0,44.84758845312988
447,5,Westernwear,and,4899.0,3919.0,20.0
448,6,Westernwear,allen solly,2299.0,1379.0,40.0
449,7,Westernwear,life,999.0,499.0,50.0
450,8,Westernwear,life,1999.0,999.0,50.0
451,9,Westernwear,life,499.0,249.0,50.0
452,10,Westernwear,altlife,399.0,199.0,50.0
453,11,Westernwear,altlife,499.0,249.0,50.0
454,12,Westernwear,altlife,499.0,249.0,50.0
455,13,Westernwear,rare,1199.0,539.0,55.0
456,14,Westernwear,zink london,1799.0,1079.0,40.0
457,15,Westernwear,life,599.0,299.0,50.0
458,16,Westernwear,life,799.0,399.0,50.0
459,17,Westernwear,altlife,1299.0,649.0,50.0
460,18,Westernwear,latin quarters,2499.0,799.0,68.0
461,19,Westernwear,levis,2638.2167045910855,3399.0,44.84758845312988
462,20,Westernwear,latin quarters,2499.0,799.0,68.0
463,21,Westernwear,and,1899.0,759.0,60.0
465,23,Westernwear,fratini,2638.2167045910855,999.0,44.84758845312988
466,24,Westernwear,fratini,1499.0,749.0,50.0
467,25,Westernwear,zink london,1799.0,1079.0,40.0
468,0,Westernwear,and,3899.0,3119.0,20.0
469,1,Westernwear,rare,1899.0,854.0,55.0
470,2,Westernwear,fratini,2638.2167045910855,1699.0,44.84758845312988
471,3,Westernwear,stop,2638.2167045910855,1499.0,44.84758845312988
472,4,Westernwear,life,699.0,349.0,50.0
473,5,Westernwear,life,1199.0,599.0,50.0
474,6,Westernwear,only,2499.0,1499.0,40.0
475,7,Westernwear,van heusen,2299.0,999.0,57.0
476,8,Westernwear,rare,1299.0,584.0,55.0
477,9,Westernwear,calvin klein underwear,2999.0,2099.0,30.0
478,10,Westernwear,and,2499.0,1999.0,20.0
479,11,Westernwear,levis,2638.2167045910855,4599.0,44.84758845312988
480,12,Westernwear,life,799.0,399.0,50.0
481,13,Westernwear,and,2899.0,2319.0,20.0
482,14,Westernwear,life,1299.0,649.0,50.0
483,15,Westernwear,fratini,699.0,349.0,50.0
484,16,Westernwear,life,1499.0,749.0,50.0
485,17,Westernwear,latin quarters,1599.0,799.0,50.0
486,18,Westernwear,fratini,1699.0,849.0,50.0
487,19,Westernwear,infuse,999.0,399.0,60.0
488,20,Westernwear,zink london,2299.0,699.0,70.0
489,21,Westernwear,stop,1999.0,999.0,50.0
491,23,Westernwear,fratini,999.0,499.0,50.0
492,24,Westernwear,zink london,2899.0,1739.0,40.0
493,25,Westernwear,and,2699.0,2429.0,10.0
494,0,Westernwear,indya,1600.0,1280.0,20.0
495,1,Westernwear,altlife,999.0,499.0,50.0
496,2,Westernwear,madame,2699.0,1619.0,40.0
497,3,Westernwear,and,2638.2167045910855,3899.0,44.84758845312988
498,4,Westernwear,juniper,3499.0,1574.0,55.0
499,5,Westernwear,and,2899.0,2319.0,20.0
500,6,Westernwear,latin quarters,2699.0,799.0,70.0
501,7,Westernwear,van heusen,1799.0,1499.0,17.0
502,8,Westernwear,zink london,2599.0,1559.0,40.0
503,9,Westernwear,infuse,2099.0,629.0,70.0
504,10,Westernwear,zink london,1199.0,399.0,67.0
505,11,Westernwear,life,1299.0,649.0,50.0
506,12,Westernwear,and,5299.0,4239.0,20.0
507,13,Westernwear,zink london,1299.0,399.0,69.0
508,14,Westernwear,magre,2199.0,1319.0,40.0
509,15,Westernwear,cover story,1590.0,795.0,50.0
510,16,Westernwear,zink london,999.0,599.0,40.0
511,17,Westernwear,zink london,2299.0,699.0,70.0
512,18,Westernwear,reebok,1499.0,749.0,50.0
513,19,Westernwear,fratini,999.0,499.0,50.0
514,20,Westernwear,rare,1499.0,599.0,60.0
515,21,Westernwear,madame,2899.0,2029.0,30.0
517,23,Westernwear,fratini,2638.2167045910855,1299.0,44.84758845312988
518,24,Westernwear,zink london,2699.0,1619.0,40.0
519,25,Westernwear,life,599.0,299.0,50.0
520,0,Westernwear,faballey,1084.0,542.0,50.0
521,1,Westernwear,life,699.0,349.0,50.0
522,2,Westernwear,fratini,2638.2167045910855,1299.0,44.84758845312988
523,3,Westernwear,life,1699.0,849.0,50.0
524,4,Westernwear,kraus,1895.0,1705.0,10.0
525,5,Westernwear,latin quarters,2999.0,2099.0,30.0
526,6,Westernwear,altlife,599.0,299.0,50.0
527,7,Westernwear,sera,1294.0,388.0,70.0
528,8,Westernwear,marie claire,2190.0,985.0,55.0
529,9,Westernwear,only,3699.0,2959.0,20.0
530,10,Westernwear,life,999.0,499.0,50.0
531,11,Westernwear,sera,1298.0,389.0,70.0
532,12,Westernwear,life,999.0,499.0,50.0
533,13,Westernwear,life,1299.0,649.0,50.0
534,14,Westernwear,only,1499.0,899.0,40.0
535,15,Westernwear,only,4499.0,2249.0,50.0
536,16,Westernwear,zink london,2399.0,1439.0,40.0
537,17,Westernwear,van heusen,3499.0,1499.0,57.0
538,18,Westernwear,stop,799.0,399.0,50.0
539,19,Westernwear,rare,1199.0,539.0,55.0
540,20,Westernwear,forever new,7200.0,4680.0,35.0
541,21,Westernwear,van heusen,1999.0,799.0,60.0
543,23,Westernwear,life,1299.0,649.0,50.0
544,24,Westernwear,faballey,2200.0,1760.0,20.0
545,25,Westernwear,faballey,2600.0,2080.0,20.0
546,0,Westernwear,life,599.0,299.0,50.0
547,1,Westernwear,life,1499.0,749.0,50.0
548,2,Westernwear,madame,2899.0,2029.0,30.0
549,3,Westernwear,rare,2299.0,1034.0,55.0
550,4,Westernwear,life,599.0,299.0,50.0
551,5,Westernwear,altlife,399.0,199.0,50.0
552,6,Westernwear,life,999.0,499.0,50.0
553,7,Westernwear,enamor,949.0,664.0,30.0
554,8,Westernwear,fratini,2638.2167045910855,1999.0,44.84758845312988
555,9,Westernwear,vero moda,1899.0,1139.0,40.0
556,10,Westernwear,zink london,1499.0,749.0,50.0
557,11,Westernwear,and,1899.0,1519.0,20.0
558,12,Westernwear,and,2099.0,1679.0,20.0
559,13,Westernwear,cover story,990.0,693.0,30.0
560,14,Westernwear,infuse,2099.0,1049.0,50.0
561,15,Westernwear,zink london,1599.0,959.0,40.0
562,16,Westernwear,fratini,1299.0,649.0,50.0
563,17,Westernwear,infuse,699.0,349.0,50.0
564,18,Westernwear,forever new,2638.2167045910855,4000.0,44.84758845312988
565,19,Westernwear,life,1299.0,649.0,50.0
566,20,Westernwear,zink london,1799.0,899.0,50.0
567,21,Westernwear,infuse,1499.0,749.0,50.0
569,23,Westernwear,rare,1199.0,539.0,55.0
570,24,Westernwear,zink london,2599.0,1559.0,40.0
571,25,Westernwear,and,2099.0,1679.0,20.0
572,0,Westernwear,kraus,1995.0,1396.0,30.0
573,1,Westernwear,life,599.0,299.0,50.0
574,2,Westernwear,forever new,8000.0,5600.0,30.0
575,3,Westernwear,life,999.0,499.0,50.0
576,4,Westernwear,altlife,599.0,299.0,50.0
577,5,Westernwear,madame,2699.0,1349.0,50.0
578,6,Westernwear,and,2899.0,2609.0,10.0
579,7,Westernwear,rare,1199.0,599.0,50.0
580,8,Westernwear,magre,2390.0,1434.0,40.0
581,9,Westernwear,spykar,2499.0,1749.0,30.0
582,10,Westernwear,life,1299.0,649.0,50.0
583,11,Westernwear,only,1499.0,749.0,50.0
584,12,Westernwear,zink london,1499.0,899.0,40.0
585,13,Westernwear,fratini,1499.0,749.0,50.0
586,14,Westernwear,madame,1899.0,1329.0,30.0
587,15,Westernwear,life,1499.0,749.0,50.0
588,16,Westernwear,stop,2638.2167045910855,1499.0,44.84758845312988
589,17,Westernwear,life,699.0,349.0,50.0
590,18,Westernwear,madame,3299.0,2309.0,30.0
591,19,Westernwear,allen solly,1599.0,959.0,40.0
592,20,Westernwear,van heusen,4299.0,2999.0,30.0
593,21,Westernwear,latin quarters,1499.0,749.0,50.0
595,23,Westernwear,and,3699.0,2959.0,20.0
596,24,Westernwear,van heusen,3499.0,1499.0,57.0
597,25,Westernwear,life,799.0,399.0,50.0
598,0,Westernwear,life,699.0,349.0,50.0
599,1,Westernwear,fratini,799.0,399.0,50.0
600,2,Westernwear,only,1999.0,1199.0,40.0
601,3,Westernwear,kraus,1995.0,1396.0,30.0
602,4,Westernwear,fratini,2638.2167045910855,799.0,44.84758845312988
603,5,Westernwear,levis,2638.2167045910855,2899.0,44.84758845312988
604,6,Westernwear,faballey,2900.0,2320.0,20.0
605,7,Westernwear,madame,3299.0,2309.0,30.0
606,8,Westernwear,and,1599.0,1279.0,20.0
607,9,Westernwear,van heusen,2999.0,1499.0,50.0
608,10,Westernwear,rare,1299.0,584.0,55.0
609,11,Westernwear,iti,1799.0,399.0,78.0
610,12,Westernwear,allen solly,2299.0,1379.0,40.0
611,13,Westernwear,zink london,2699.0,1619.0,40.0
612,14,Westernwear,altlife,399.0,199.0,50.0
613,15,Westernwear,life,1899.0,949.0,50.0
614,16,Westernwear,forever new,7200.0,5400.0,25.0
615,17,Westernwear,zink london,2799.0,1679.0,40.0
616,18,Westernwear,life,1299.0,649.0,50.0
617,19,Westernwear,and,3699.0,2959.0,20.0
618,20,Westernwear,insense,399.0,199.0,50.0
619,21,Westernwear,life,999.0,499.0,50.0
621,23,Westernwear,cover story,1990.0,1194.0,40.0
622,24,Westernwear,zink london,1999.0,1199.0,40.0
623,25,Westernwear,levis,2638.2167045910855,2899.0,44.84758845312988
624,0,Westernwear,life,999.0,499.0,50.0
625,1,Westernwear,rare,1599.0,719.0,55.0
626,2,Westernwear,zink london,2199.0,1319.0,40.0
627,3,Westernwear,kraus,1895.0,947.0,50.0
628,4,Westernwear,kraus,1795.0,1615.0,10.0
629,5,Westernwear,only,2799.0,1959.0,30.0
630,6,Westernwear,vero moda,1999.0,999.0,50.0
631,7,Westernwear,madame,799.0,399.0,50.0
632,8,Westernwear,pepe,2599.0,1559.0,40.0
633,9,Westernwear,infuse,2099.0,1049.0,50.0
634,10,Westernwear,zink london,1399.0,839.0,40.0
635,11,Westernwear,zink london,2499.0,1499.0,40.0
636,12,Westernwear,altlife,499.0,249.0,50.0
637,13,Westernwear,life,999.0,499.0,50.0
638,14,Westernwear,only,3699.0,2589.0,30.0
639,15,Westernwear,fratini,1699.0,849.0,50.0
640,16,Westernwear,get wrapped,2638.2167045910855,399.0,44.84758845312988
641,17,Westernwear,fratini,599.0,299.0,50.0
642,18,Westernwear,latin quarters,2999.0,2099.0,30.0
643,19,Westernwear,stop,2638.2167045910855,999.0,44.84758845312988
644,20,Westernwear,zink london,1599.0,959.0,40.0
645,21,Westernwear,cover story,2990.0,2093.0,30.0
647,23,Westernwear,allen solly,3999.0,2399.0,40.0
648,24,Westernwear,life,1499.0,749.0,50.0
649,25,Westernwear,faballey,2700.0,2160.0,20.0
650,0,Westernwear,altlife,499.0,249.0,50.0
651,1,Westernwear,zink london,3299.0,1979.0,40.0
652,2,Westernwear,zink london,799.0,479.0,40.0
653,3,Westernwear,adidas,1499.0,1049.0,30.0
654,4,Westernwear,van heusen,2299.0,999.0,57.0
655,5,Westernwear,zink london,2499.0,1499.0,40.0
656,6,Westernwear,and,2099.0,1679.0,20.0
657,7,Westernwear,infuse,499.0,199.0,60.0
658,8,Westernwear,van heusen,1699.0,999.0,41.0
659,9,Westernwear,madame,2899.0,2029.0,30.0
660,10,Westernwear,allen solly,1299.0,1039.0,20.0
661,11,Westernwear,infuse,499.0,199.0,60.0
662,12,Westernwear,zink london,3299.0,999.0,70.0
663,13,Westernwear,fratini,999.0,499.0,50.0
664,14,Westernwear,campus sutra,2638.2167045910855,1999.0,44.84758845312988
665,15,Westernwear,zink london,2599.0,1559.0,40.0
666,16,Westernwear,and,3899.0,3119.0,20.0
667,17,Westernwear,fratini,2638.2167045910855,2499.0,44.84758845312988
668,18,Westernwear,fratini,2638.2167045910855,1699.0,44.84758845312988
669,19,Westernwear,and,2899.0,1884.0,35.0
670,20,Westernwear,life,399.0,199.0,50.0
671,21,Westernwear,altlife,999.0,499.0,50.0
673,23,Westernwear,fratini,2638.2167045910855,699.0,44.84758845312988
674,24,Westernwear,zink london,1699.0,1019.0,40.0
675,25,Westernwear,juniper,999.0,699.0,30.0
676,0,Westernwear,lovegen,1999.0,399.0,80.0
677,1,Westernwear,adidas,1199.0,599.0,50.0
678,2,Westernwear,and,1899.0,1519.0,20.0
679,3,Westernwear,zink london,1699.0,1019.0,40.0
680,4,Westernwear,stop,1499.0,749.0,50.0
681,5,Westernwear,infuse,499.0,199.0,60.0
682,6,Westernwear,zink london,2999.0,1799.0,40.0
683,7,Westernwear,zink london,2799.0,1399.0,50.0
684,8,Westernwear,kraus,1795.0,1615.0,10.0
685,9,Westernwear,only,3499.0,2449.0,30.0
686,10,Westernwear,zink london,1499.0,899.0,40.0
687,11,Westernwear,and,3899.0,3119.0,20.0
688,12,Westernwear,kraus,1895.0,947.0,50.0
689,13,Westernwear,madame,2999.0,1799.0,40.0
690,14,Westernwear,zink london,1499.0,899.0,40.0
691,15,Westernwear,allen solly,1299.0,779.0,40.0
692,16,Westernwear,kraus,1795.0,1615.0,10.0
693,17,Westernwear,zink london,2499.0,1499.0,40.0
694,18,Westernwear,vero moda,2638.2167045910855,2599.0,44.84758845312988
695,19,Westernwear,forever new,3200.0,2400.0,25.0
696,20,Westernwear,spykar,2199.0,1539.0,30.0
697,21,Westernwear,life,899.0,449.0,50.0
699,23,Westernwear,juniper,2499.0,999.0,60.0
700,24,Westernwear,life,999.0,499.0,50.0
701,25,Westernwear,and,3099.0,2479.0,20.0
702,0,Westernwear,only,1299.0,779.0,40.0
703,1,Westernwear,cover story,2990.0,2093.0,30.0
704,2,Westernwear,and,2099.0,1679.0,20.0
705,3,Westernwear,fratini,599.0,299.0,50.0
706,4,Westernwear,zink london,2799.0,1679.0,40.0
707,5,Westernwear,latin quarters,2899.0,1449.0,50.0
708,6,Westernwear,fratini,699.0,349.0,50.0
709,7,Westernwear,zink london,2399.0,1199.0,50.0
710,8,Westernwear,zink london,1299.0,399.0,69.0
711,9,Westernwear,life,1699.0,849.0,50.0
712,10,Westernwear,kraus,2095.0,1466.0,30.0
713,11,Westernwear,life,1699.0,849.0,50.0
714,12,Westernwear,life,1699.0,849.0,50.0
715,13,Westernwear,fratini,2638.2167045910855,799.0,44.84758845312988
716,14,Westernwear,life,1699.0,849.0,50.0
717,15,Westernwear,allen solly,1999.0,1199.0,40.0
718,16,Westernwear,kraus,1595.0,797.0,50.0
719,17,Westernwear,van heusen,1699.0,999.0,41.0
720,18,Westernwear,allen solly,1699.0,1019.0,40.0
721,19,Westernwear,zink london,2299.0,1379.0,40.0
722,20,Westernwear,sera,1894.0,947.0,50.0
723,21,Westernwear,spykar,1899.0,1329.0,30.0
725,23,Westernwear,rare,1299.0,584.0,55.0
726,24,Westernwear,and,1699.0,1359.0,20.0
727,25,Westernwear,levis,2638.2167045910855,1399.0,44.84758845312988
728,0,Westernwear,van heusen,1899.0,999.0,47.0
729,1,Westernwear,infuse,799.0,319.0,60.0
730,2,Westernwear,life,999.0,499.0,50.0
731,3,Westernwear,zink london,1999.0,1199.0,40.0
732,4,Westernwear,stop,1299.0,649.0,50.0
733,5,Westernwear,madame,1899.0,1329.0,30.0
734,6,Westernwear,kraus,1795.0,1615.0,10.0
735,7,Westernwear,zink london,2299.0,1379.0,40.0
736,8,Westernwear,zink london,2499.0,1499.0,40.0
737,9,Westernwear,altlife,999.0,499.0,50.0
738,10,Westernwear,zink london,2799.0,1399.0,50.0
739,11,Westernwear,fratini,899.0,449.0,50.0
740,12,Westernwear,only,2499.0,1749.0,30.0
741,13,Westernwear,rare,1199.0,539.0,55.0
742,14,Westernwear,life,799.0,399.0,50.0
743,15,Westernwear,zink london,2699.0,1619.0,40.0
744,16,Westernwear,allen solly,1299.0,779.0,40.0
745,17,Westernwear,infuse,699.0,419.0,40.0
746,18,Westernwear,life,1899.0,949.0,50.0
747,19,Westernwear,infuse,799.0,239.0,70.0
748,20,Westernwear,allen solly,1699.0,1359.0,20.0
749,21,Westernwear,levis,2638.2167045910855,1399.0,44.84758845312988
751,23,Westernwear,rare,1399.0,559.0,60.0
752,24,Westernwear,faballey,2400.0,1200.0,50.0
753,25,Westernwear,life,1299.0,649.0,50.0
754,0,Westernwear,zink london,2599.0,1559.0,40.0
755,1,Westernwear,rare,2399.0,1079.0,55.0
756,2,Westernwear,stop,1299.0,649.0,50.0
757,3,Westernwear,allen solly,1699.0,1019.0,40.0
758,4,Westernwear,latin quarters,1399.0,499.0,64.0
759,5,Westernwear,life,999.0,499.0,50.0
760,6,Westernwear,van heusen,1999.0,1499.0,25.0
761,7,Westernwear,only,3999.0,3199.0,20.0
762,8,Westernwear,insense,999.0,499.0,50.0
763,9,Westernwear,dolce crudo,2599.0,779.0,70.0
764,10,Westernwear,only,1799.0,899.0,50.0
765,11,Westernwear,indya,3200.0,1600.0,50.0
766,12,Westernwear,and,2099.0,1679.0,20.0
767,13,Westernwear,rare,2099.0,944.0,55.0
768,14,Westernwear,fratini,2638.2167045910855,1299.0,44.84758845312988
769,15,Westernwear,only,1299.0,779.0,40.0
770,16,Westernwear,madame,1799.0,1079.0,40.0
771,17,Westernwear,altlife,399.0,199.0,50.0
772,18,Westernwear,latin quarters,2499.0,1749.0,30.0
773,19,Westernwear,cover story,2590.0,1813.0,30.0
774,20,Westernwear,zink london,3999.0,1599.0,60.0
775,21,Westernwear,rare,999.0,499.0,50.0
777,23,Westernwear,life,1899.0,949.0,50.0
778,24,Westernwear,only,1699.0,1019.0,40.0
779,25,Westernwear,stop,999.0,499.0,50.0
780,0,Westernwear,only,2499.0,1499.0,40.0
781,1,Westernwear,cover story,2638.2167045910855,2990.0,44.84758845312988
782,2,Westernwear,rare,2099.0,839.0,60.0
783,3,Westernwear,vero moda,999.0,499.0,50.0
784,4,Westernwear,van heusen,1699.0,999.0,41.0
785,5,Westernwear,iti,2638.2167045910855,2699.0,44.84758845312988
786,6,Westernwear,life,699.0,349.0,50.0
787,7,Westernwear,life,1899.0,949.0,50.0
788,8,Westernwear,altlife,499.0,249.0,50.0
789,9,Westernwear,only,2299.0,1839.0,20.0
790,10,Westernwear,forever new,7000.0,4900.0,30.0
791,11,Westernwear,life,1199.0,599.0,50.0
792,12,Westernwear,kraus,1895.0,947.0,50.0
793,13,Westernwear,stop,999.0,499.0,50.0
794,14,Westernwear,altlife,999.0,499.0,50.0
795,15,Westernwear,cover story,1590.0,1113.0,30.0
796,16,Westernwear,life,1199.0,599.0,50.0
797,17,Westernwear,kraus,1895.0,1705.0,10.0
798,18,Westernwear,levis,2638.2167045910855,3799.0,44.84758845312988
799,19,Westernwear,only,3799.0,1899.0,50.0
800,20,Westernwear,infuse,999.0,499.0,50.0
801,21,Westernwear,van heusen,4799.0,1499.0,69.0
803,23,Westernwear,latin quarters,2299.0,799.0,65.0
804,24,Westernwear,life,1499.0,749.0,50.0
805,25,Westernwear,faballey,1400.0,1120.0,20.0
806,0,Westernwear,life,599.0,299.0,50.0
807,1,Westernwear,fratini,1299.0,649.0,50.0
808,2,Westernwear,and,3899.0,3119.0,20.0
809,3,Westernwear,zink london,2999.0,1799.0,40.0
810,4,Westernwear,and,3099.0,2479.0,20.0
811,5,Westernwear,kraus,1595.0,1116.0,30.0
812,6,Westernwear,altlife,399.0,199.0,50.0
813,7,Westernwear,van heusen,2199.0,999.0,55.0
814,8,Westernwear,van heusen,3999.0,1499.0,63.0
815,9,Westernwear,kraus,1895.0,1705.0,10.0
816,10,Westernwear,kraus,1895.0,1705.0,10.0
817,11,Westernwear,altlife,599.0,299.0,50.0
818,12,Westernwear,altlife,599.0,299.0,50.0
819,13,Westernwear,zink london,3499.0,2099.0,40.0
820,14,Westernwear,levis,2638.2167045910855,1399.0,44.84758845312988
821,15,Westernwear,kraus,1795.0,1615.0,10.0
822,16,Westernwear,sera,1294.0,388.0,70.0
823,17,Westernwear,levis,2638.2167045910855,2999.0,44.84758845312988
824,18,Westernwear,life,1699.0,849.0,50.0
825,19,Westernwear,life,999.0,499.0,50.0
826,20,Westernwear,only,3499.0,2449.0,30.0
827,21,Westernwear,life,699.0,349.0,50.0
829,23,Westernwear,life,1899.0,949.0,50.0
830,24,Westernwear,vero moda,1799.0,899.0,50.0
831,25,Westernwear,life,1299.0,649.0,50.0
832,0,Westernwear,cover story,1290.0,690.0,47.0
833,1,Westernwear,adidas,1999.0,1399.0,30.0
834,2,Westernwear,levis,2638.2167045910855,1899.0,44.84758845312988
835,3,Westernwear,faballey,2100.0,1680.0,20.0
836,4,Westernwear,zink london,1299.0,399.0,69.0
837,5,Westernwear,life,1199.0,599.0,50.0
838,6,Westernwear,forever new,8400.0,5880.0,30.0
839,7,Westernwear,and,2199.0,1979.0,10.0
840,8,Westernwear,vero moda,3499.0,1749.0,50.0
841,9,Westernwear,allen solly,3499.0,2799.0,20.0
842,10,Westernwear,indya,4000.0,2000.0,50.0
843,11,Westernwear,stop,999.0,499.0,50.0
844,12,Westernwear,latin quarters,2499.0,799.0,68.0
845,13,Westernwear,sera,1494.0,747.0,50.0
846,14,Westernwear,stop,999.0,499.0,50.0
847,15,Westernwear,stop,999.0,499.0,50.0
848,16,Westernwear,fratini,999.0,499.0,50.0
849,17,Westernwear,fratini,999.0,499.0,50.0
850,18,Westernwear,cover story,2490.0,1494.0,40.0
851,19,Westernwear,faballey,1600.0,1280.0,20.0
852,20,Westernwear,allen solly,2299.0,1499.0,35.0
853,21,Westernwear,only,1699.0,1019.0,40.0
855,23,Westernwear,zink london,2499.0,1499.0,40.0
856,24,Westernwear,forever new,6200.0,4340.0,30.0
857,25,Westernwear,juniper,1999.0,999.0,50.0
858,0,Westernwear,only,1799.0,1079.0,40.0
859,1,Westernwear,and,1899.0,1234.0,35.0
860,2,Westernwear,rare,2499.0,999.0,60.0
861,3,Westernwear,cover story,2290.0,1603.0,30.0
862,4,Westernwear,zink london,3499.0,2099.0,40.0
863,5,Westernwear,altlife,1299.0,649.0,50.0
864,6,Westernwear,madame,2899.0,1739.0,40.0
865,7,Westernwear,kraus,1795.0,1256.0,30.0
866,8,Westernwear,altlife,499.0,249.0,50.0
867,9,Westernwear,fratini,999.0,499.0,50.0
868,10,Westernwear,zink london,2499.0,1249.0,50.0
869,11,Westernwear,only,2499.0,1999.0,20.0
870,12,Westernwear,kraus,1895.0,947.0,50.0
871,13,Westernwear,rare,2199.0,879.0,60.0
872,14,Westernwear,only,3999.0,3199.0,20.0
873,15,Westernwear,stop,899.0,449.0,50.0
874,16,Westernwear,sera,1998.0,999.0,50.0
875,17,Westernwear,stop,2638.2167045910855,1499.0,44.84758845312988
876,18,Westernwear,life,799.0,399.0,50.0
877,19,Westernwear,forever new,7600.0,5700.0,25.0
878,20,Westernwear,adidas,1599.0,799.0,50.0
879,21,Westernwear,altlife,1299.0,649.0,50.0
881,23,Westernwear,madame,2899.0,1739.0,40.0
882,24,Westernwear,rare,1499.0,674.0,55.0
883,25,Westernwear,only,2299.0,1379.0,40.0
884,0,Westernwear,zink london,1399.0,839.0,40.0
885,1,Westernwear,fratini,799.0,399.0,50.0
886,2,Westernwear,life,999.0,499.0,50.0
887,3,Westernwear,levis,2638.2167045910855,3199.0,44.84758845312988
888,4,Westernwear,zink london,1499.0,899.0,40.0
889,5,Westernwear,and,2638.2167045910855,2499.0,44.84758845312988
890,6,Westernwear,allen solly,1699.0,1019.0,40.0
891,7,Westernwear,rare,1299.0,584.0,55.0
892,8,Westernwear,adidas,1499.0,1049.0,30.0
893,9,Westernwear,life,699.0,349.0,50.0
894,10,Westernwear,life,1199.0,599.0,50.0
895,11,Westernwear,van heusen,2199.0,1499.0,32.0
896,12,Westernwear,allen solly,2799.0,1679.0,40.0
897,13,Westernwear,fratini,2638.2167045910855,999.0,44.84758845312988
898,14,Westernwear,spykar,1899.0,1329.0,30.0
899,15,Westernwear,latin quarters,2638.2167045910855,2899.0,44.84758845312988
900,16,Westernwear,forever new,4200.0,2730.0,35.0
901,17,Westernwear,life,1199.0,599.0,50.0
902,18,Westernwear,only,1299.0,779.0,40.0
903,19,Westernwear,life,999.0,499.0,50.0
904,20,Westernwear,van heusen,1499.0,799.0,47.0
905,21,Westernwear,kraus,1595.0,1116.0,30.0
907,23,Westernwear,stop,2638.2167045910855,899.0,44.84758845312988
908,24,Westernwear,reebok,1999.0,999.0,50.0
909,25,Westernwear,van heusen,4499.0,1499.0,67.0
910,0,Westernwear,and,1999.0,999.0,50.0
911,1,Westernwear,adidas,2799.0,1399.0,50.0
912,2,Westernwear,and,2299.0,1839.0,20.0
913,3,Westernwear,latin quarters,2299.0,799.0,65.0
914,4,Westernwear,fratini,1499.0,749.0,50.0
915,5,Westernwear,levis,2638.2167045910855,3399.0,44.84758845312988
916,6,Westernwear,kraus,1595.0,1435.0,10.0
917,7,Westernwear,zink london,2499.0,1499.0,40.0
918,8,Westernwear,van heusen,1499.0,999.0,33.0
919,9,Westernwear,life,1199.0,599.0,50.0
920,10,Westernwear,kraus,1895.0,947.0,50.0
921,11,Westernwear,madame,3299.0,1979.0,40.0
922,12,Westernwear,infuse,799.0,319.0,60.0
923,13,Westernwear,allen solly,1699.0,1019.0,40.0
924,14,Westernwear,zink london,2499.0,1499.0,40.0
925,15,Westernwear,and,2899.0,1449.0,50.0
926,16,Westernwear,altlife,399.0,199.0,50.0
927,17,Westernwear,emblaze,2638.2167045910855,5500.0,44.84758845312988
928,18,Westernwear,life,1299.0,649.0,50.0
929,19,Westernwear,infuse,1299.0,519.0,60.0
930,20,Westernwear,zink london,1599.0,499.0,69.0
931,21,Westernwear,zink london,1399.0,699.0,50.0
933,23,Westernwear,insense,999.0,499.0,50.0
934,24,Westernwear,zink london,1599.0,959.0,40.0
935,25,Westernwear,life,999.0,499.0,50.0
936,0,Westernwear,levis,2638.2167045910855,3599.0,44.84758845312988
937,1,Westernwear,fratini,1499.0,749.0,50.0
938,2,Westernwear,life,1499.0,749.0,50.0
939,3,Westernwear,zink london,1599.0,499.0,69.0
940,4,Westernwear,madame,1799.0,1259.0,30.0
941,5,Westernwear,fratini,2638.2167045910855,2199.0,44.84758845312988
942,6,Westernwear,stop,999.0,499.0,50.0
943,7,Westernwear,insense,399.0,199.0,50.0
944,8,Westernwear,allen solly,599.0,249.0,58.0
945,9,Westernwear,life,2299.0,1149.0,50.0
946,10,Westernwear,faballey,2700.0,2160.0,20.0
947,11,Westernwear,madame,1999.0,1399.0,30.0
948,12,Westernwear,faballey,2950.0,2360.0,20.0
949,13,Westernwear,rare,2399.0,959.0,60.0
950,14,Westernwear,infuse,1299.0,519.0,60.0
951,15,Westernwear,life,599.0,299.0,50.0
952,16,Westernwear,juniper,1899.0,569.0,70.0
953,17,Westernwear,and,3099.0,2479.0,20.0
954,18,Westernwear,kraus,1895.0,1326.0,30.0
955,19,Westernwear,stop,999.0,499.0,50.0
956,20,Westernwear,altlife,399.0,199.0,50.0
957,21,Westernwear,iti,2638.2167045910855,2999.0,44.84758845312988
959,23,Westernwear,madame,2399.0,1679.0,30.0
960,24,Westernwear,allen solly,1499.0,899.0,40.0
961,25,Westernwear,life,1299.0,649.0,50.0
962,0,Westernwear,life,1299.0,649.0,50.0
963,1,Westernwear,and,1899.0,1519.0,20.0
964,2,Westernwear,rare,1899.0,854.0,55.0
965,3,Westernwear,life,1199.0,599.0,50.0
966,4,Westernwear,madame,1799.0,1079.0,40.0
967,5,Westernwear,rare,2399.0,1079.0,55.0
968,6,Westernwear,vero moda,3999.0,2399.0,40.0
969,7,Westernwear,forever new,3200.0,1600.0,50.0
970,8,Westernwear,altlife,599.0,299.0,50.0
971,9,Westernwear,altlife,399.0,199.0,50.0
972,10,Westernwear,cover story,3790.0,2274.0,40.0
973,11,Westernwear,vero moda,2299.0,1149.0,50.0
974,12,Westernwear,infuse,799.0,319.0,60.0
975,13,Westernwear,life,1299.0,649.0,50.0
976,14,Westernwear,infuse,799.0,239.0,70.0
977,15,Westernwear,zink london,1699.0,1019.0,40.0
978,16,Westernwear,faballey,2400.0,1920.0,20.0
979,17,Westernwear,spykar,2299.0,1609.0,30.0
980,18,Westernwear,faballey,2800.0,2240.0,20.0
981,19,Westernwear,fratini,2638.2167045910855,599.0,44.84758845312988
982,20,Westernwear,life,999.0,499.0,50.0
983,21,Westernwear,stop,799.0,399.0,50.0
985,23,Westernwear,and,1899.0,1234.0,35.0
986,24,Westernwear,kraus,1895.0,1326.0,30.0
987,25,Westernwear,madame,1699.0,1189.0,30.0
988,0,Westernwear,zink london,1499.0,899.0,40.0
989,1,Westernwear,only,2699.0,1619.0,40.0
990,2,Westernwear,spykar,2299.0,1609.0,30.0
991,3,Westernwear,vero moda,999.0,699.0,30.0
992,4,Westernwear,and,3499.0,2799.0,20.0
993,5,Westernwear,stop,2638.2167045910855,1999.0,44.84758845312988
994,6,Westernwear,infuse,1499.0,599.0,60.0
995,7,Westernwear,faballey,2600.0,2080.0,20.0
996,8,Westernwear,life,1699.0,849.0,50.0
997,9,Westernwear,zink london,1499.0,899.0,40.0
998,10,Westernwear,rare,1799.0,809.0,55.0
999,11,Westernwear,magre,2390.0,1434.0,40.0
1000,12,Westernwear,kraus,1695.0,1525.0,10.0
1001,13,Westernwear,zink london,2199.0,1319.0,40.0
1002,14,Westernwear,forever new,8000.0,4800.0,40.0
1003,15,Westernwear,cover story,1990.0,1194.0,40.0
1004,16,Westernwear,life,499.0,249.0,50.0
1005,17,Westernwear,zink london,4499.0,1799.0,60.0
1006,18,Westernwear,iti,1799.0,399.0,78.0
1007,19,Westernwear,faballey,2400.0,1920.0,20.0
1008,20,Westernwear,and,1799.0,1619.0,10.0
1009,21,Westernwear,latin quarters,1999.0,799.0,60.0
1011,23,Westernwear,fratini,2638.2167045910855,899.0,44.84758845312988
1012,24,Westernwear,spykar,2299.0,1609.0,30.0
1013,25,Westernwear,only,1999.0,1399.0,30.0
1014,0,Westernwear,levis,2638.2167045910855,3799.0,44.84758845312988
1015,1,Westernwear,rare,2399.0,1079.0,55.0
1016,2,Westernwear,kraus,1299.0,649.0,50.0
1017,3,Westernwear,only,1499.0,749.0,50.0
1018,4,Westernwear,vero moda,3299.0,2309.0,30.0
1019,5,Westernwear,zink london,1599.0,959.0,40.0
1020,6,Westernwear,latin quarters,2638.2167045910855,2699.0,44.84758845312988
1021,7,Westernwear,zink london,1599.0,959.0,40.0
1022,8,Westernwear,vero moda,2999.0,2099.0,30.0
1023,9,Westernwear,rare,1499.0,599.0,60.0
1024,10,Westernwear,only,1799.0,1259.0,30.0
1025,11,Westernwear,faballey,2400.0,1920.0,20.0
1026,12,Westernwear,forever new,4000.0,2600.0,35.0
1027,13,Westernwear,zink london,2299.0,1149.0,50.0
1028,14,Westernwear,zink london,1499.0,899.0,40.0
1029,15,Westernwear,life,1299.0,649.0,50.0
1030,16,Westernwear,allen solly,3799.0,2799.0,26.0
1031,17,Westernwear,life,699.0,349.0,50.0
1032,18,Westernwear,life,799.0,399.0,50.0
1033,19,Westernwear,latin quarters,1999.0,1399.0,30.0
1034,20,Westernwear,madame,2199.0,1319.0,40.0
1035,21,Westernwear,only,3699.0,2589.0,30.0
1037,23,Westernwear,rare,1199.0,539.0,55.0
1038,24,Westernwear,life,899.0,449.0,50.0
1039,25,Westernwear,kraus,1795.0,1256.0,30.0
1040,0,Westernwear,latin quarters,2999.0,2099.0,30.0
1041,1,Westernwear,vero moda,2999.0,2099.0,30.0
1042,2,Westernwear,fratini,1299.0,649.0,50.0
1043,3,Westernwear,rare,1399.0,559.0,60.0
1044,4,Westernwear,madame,1699.0,1019.0,40.0
1045,5,Westernwear,infuse,799.0,239.0,70.0
1046,6,Westernwear,zink london,2999.0,599.0,80.0
1047,7,Westernwear,cover story,990.0,693.0,30.0
1048,8,Westernwear,fratini,2638.2167045910855,1899.0,44.84758845312988
1049,9,Westernwear,fratini,2638.2167045910855,1299.0,44.84758845312988
1050,10,Westernwear,life,1299.0,649.0,50.0
1051,11,Westernwear,van heusen,2999.0,1499.0,50.0
1052,12,Westernwear,enamor,949.0,664.0,30.0
1053,13,Westernwear,fratini,999.0,499.0,50.0
1054,14,Westernwear,insense,899.0,449.0,50.0
1055,15,Westernwear,zink london,2399.0,699.0,71.0
1056,16,Westernwear,only,1299.0,649.0,50.0
1057,17,Westernwear,life,1299.0,649.0,50.0
1058,18,Westernwear,stop,999.0,499.0,50.0
1059,19,Westernwear,global desi,1699.0,509.0,70.0
1060,20,Westernwear,life,1499.0,749.0,50.0
1061,21,Westernwear,altlife,999.0,499.0,50.0
1063,23,Westernwear,cover story,2890.0,2023.0,30.0
1064,24,Westernwear,fratini,799.0,399.0,50.0
1065,25,Westernwear,fratini,1299.0,649.0,50.0
1066,0,Westernwear,only,2299.0,1379.0,40.0
1067,1,Westernwear,vero moda,1999.0,999.0,50.0
1068,2,Westernwear,life,1699.0,849.0,50.0
1069,3,Westernwear,zink london,2999.0,1799.0,40.0
1070,4,Westernwear,and,2638.2167045910855,3099.0,44.84758845312988
1071,5,Westernwear,infuse,399.0,199.0,50.0
1072,6,Westernwear,van heusen,1699.0,999.0,41.0
1073,7,Westernwear,life,1299.0,649.0,50.0
1075,9,Westernwear,infuse,699.0,279.0,60.0
1076,10,Westernwear,latin quarters,2499.0,1249.0,50.0
1077,11,Westernwear,madame,999.0,599.0,40.0
1078,12,Westernwear,sera,1694.0,762.0,55.0
1079,13,Westernwear,life,399.0,199.0,50.0
1080,14,Westernwear,zink london,2799.0,1679.0,40.0
1081,15,Westernwear,kraus,1895.0,1705.0,10.0
1082,16,Westernwear,jealous 21,2638.2167045910855,1899.0,44.84758845312988
1083,17,Westernwear,pepe,2399.0,1439.0,40.0
1084,18,Westernwear,forever new,2638.2167045910855,7800.0,44.84758845312988
1085,19,Westernwear,stop,999.0,499.0,50.0
1086,20,Westernwear,and,2638.2167045910855,3499.0,44.84758845312988
1087,21,Westernwear,rare,1899.0,854.0,55.0
1089,23,Westernwear,fratini,1299.0,649.0,50.0
1090,24,Westernwear,zink london,2399.0,959.0,60.0
1091,25,Westernwear,latin quarters,2799.0,1399.0,50.0
1092,0,Westernwear,life,1499.0,749.0,50.0
1093,1,Westernwear,rare,1799.0,719.0,60.0
1094,2,Westernwear,cover story,5490.0,3294.0,40.0
1095,3,Westernwear,life,1299.0,649.0,50.0
1096,4,Westernwear,only,2499.0,1749.0,30.0
1097,5,Westernwear,zink london,1299.0,399.0,69.0
1098,6,Westernwear,altlife,599.0,299.0,50.0
1099,7,Westernwear,dolce crudo,2499.0,999.0,60.0
1100,8,Westernwear,and,2899.0,2319.0,20.0
1101,9,Westernwear,cover story,2638.2167045910855,2590.0,44.84758845312988
1102,10,Westernwear,vero moda,3299.0,1979.0,40.0
1103,11,Westernwear,allen solly,2299.0,1839.0,20.0
1104,12,Westernwear,and,2499.0,1249.0,50.0
1105,13,Westernwear,kraus,1895.0,1326.0,30.0
1106,14,Westernwear,vero moda,1999.0,1599.0,20.0
1107,15,Westernwear,latin quarters,1399.0,499.0,64.0
1108,16,Westernwear,zink london,899.0,499.0,44.0
1109,17,Westernwear,altlife,399.0,199.0,50.0
1110,18,Westernwear,fratini,1499.0,749.0,50.0
1111,19,Westernwear,and,2638.2167045910855,3099.0,44.84758845312988
1112,20,Westernwear,infuse,499.0,199.0,60.0
1113,21,Westernwear,latin quarters,2499.0,799.0,68.0
1115,23,Westernwear,latin quarters,1499.0,749.0,50.0
1116,24,Westernwear,levis,2638.2167045910855,3399.0,44.84758845312988
1117,25,Westernwear,stop,999.0,499.0,50.0
1118,0,Westernwear,kraus,1695.0,1525.0,10.0
1119,1,Westernwear,madame,1599.0,959.0,40.0
1120,2,Westernwear,life,1299.0,649.0,50.0
1121,3,Westernwear,infuse,799.0,239.0,70.0
1122,4,Westernwear,madame,1899.0,1329.0,30.0
1123,5,Westernwear,kraus,1795.0,1256.0,30.0
1124,6,Westernwear,fratini,2638.2167045910855,999.0,44.84758845312988
1125,7,Westernwear,allen solly,2299.0,1379.0,40.0
1126,8,Westernwear,vero moda,2499.0,1999.0,20.0
1127,9,Westernwear,rare,1399.0,699.0,50.0
1128,10,Westernwear,stop,2638.2167045910855,899.0,44.84758845312988
1129,11,Westernwear,sera,1294.0,647.0,50.0
1130,12,Westernwear,jockey,2638.2167045910855,259.0,44.84758845312988
1131,13,Westernwear,altlife,999.0,499.0,50.0
1132,14,Westernwear,vero moda,2299.0,1839.0,20.0
1133,15,Westernwear,kraus,1299.0,909.0,30.0
1134,16,Westernwear,and,2499.0,1999.0,20.0
1135,17,Westernwear,only,4499.0,2249.0,50.0
1136,18,Westernwear,and,3099.0,1549.0,50.0
1137,19,Westernwear,zink london,2699.0,1619.0,40.0
1138,20,Westernwear,infuse,1299.0,519.0,60.0
1139,21,Westernwear,pepe,1699.0,1019.0,40.0
1141,23,Westernwear,cover story,2638.2167045910855,1490.0,44.84758845312988
1142,24,Westernwear,allen solly,2299.0,1839.0,20.0
1143,25,Westernwear,zink london,2399.0,1199.0,50.0
1144,0,Westernwear,life,1199.0,599.0,50.0
1145,1,Westernwear,only,2299.0,1379.0,40.0
1146,2,Westernwear,zink london,1499.0,899.0,40.0
1147,3,Westernwear,rare,1899.0,854.0,55.0
1148,4,Westernwear,van heusen,2199.0,1499.0,32.0
1149,5,Westernwear,life,699.0,349.0,50.0
1150,6,Westernwear,faballey,1500.0,1200.0,20.0
1151,7,Westernwear,infuse,699.0,279.0,60.0
1152,8,Westernwear,rare,1990.0,895.0,55.0
1153,9,Westernwear,only,2299.0,1379.0,40.0
1154,10,Westernwear,latin quarters,2638.2167045910855,3399.0,44.84758845312988
1155,11,Westernwear,vero moda,3499.0,1749.0,50.0
1156,12,Westernwear,altlife,499.0,249.0,50.0
1157,13,Westernwear,juniper,2599.0,1039.0,60.0
1158,14,Westernwear,zink london,2999.0,1799.0,40.0
1159,15,Westernwear,vero moda,2999.0,1799.0,40.0
1160,16,Westernwear,zink london,1299.0,399.0,69.0
1161,17,Westernwear,juniper,3299.0,989.0,70.0
1162,18,Westernwear,enamor,949.0,664.0,30.0
1163,19,Westernwear,altlife,1299.0,649.0,50.0
1164,20,Westernwear,zink london,1399.0,839.0,40.0
1165,21,Westernwear,cover story,3490.0,2443.0,30.0
1167,23,Westernwear,and,2099.0,1679.0,20.0
1168,24,Westernwear,infuse,499.0,199.0,60.0
1169,25,Westernwear,fratini,999.0,499.0,50.0
1170,0,Westernwear,rare,1199.0,539.0,55.0
1171,1,Westernwear,life,1699.0,849.0,50.0
1172,2,Westernwear,life,1499.0,749.0,50.0
1173,3,Westernwear,faballey,1600.0,1280.0,20.0
1174,4,Westernwear,latin quarters,1499.0,499.0,67.0
1175,5,Westernwear,zink london,1599.0,399.0,75.0
1176,6,Westernwear,cover story,2890.0,2023.0,30.0
1177,7,Westernwear,life,1699.0,849.0,50.0
1178,8,Westernwear,stop,2638.2167045910855,799.0,44.84758845312988
1179,9,Westernwear,only,3299.0,1979.0,40.0
1180,10,Westernwear,fratini,2638.2167045910855,1999.0,44.84758845312988
1181,11,Westernwear,stop,1999.0,999.0,50.0
1182,12,Westernwear,fratini,699.0,349.0,50.0
1183,13,Westernwear,life,999.0,499.0,50.0
1184,14,Westernwear,life,1299.0,649.0,50.0
1185,15,Westernwear,magre,2599.0,1559.0,40.0
1186,16,Westernwear,infuse,1299.0,779.0,40.0
1187,17,Westernwear,stop,699.0,349.0,50.0
1188,18,Westernwear,altlife,499.0,249.0,50.0
1189,19,Westernwear,fratini,2638.2167045910855,1299.0,44.84758845312988
1190,20,Westernwear,zink london,1399.0,839.0,40.0
1191,21,Westernwear,life,599.0,299.0,50.0
1193,23,Westernwear,allen solly,2299.0,1499.0,35.0
1194,24,Westernwear,levis,2638.2167045910855,3699.0,44.84758845312988
1195,25,Westernwear,get wrapped,2638.2167045910855,399.0,44.84758845312988
1196,0,Westernwear,life,299.0,149.0,50.0
1197,1,Westernwear,stop,1899.0,949.0,50.0
1198,2,Westernwear,life,1299.0,649.0,50.0
1199,3,Westernwear,zink london,2799.0,1679.0,40.0
1200,4,Westernwear,stop,2638.2167045910855,1299.0,44.84758845312988
1201,5,Westernwear,van heusen,3999.0,1499.0,63.0
1202,6,Westernwear,and,3099.0,2479.0,20.0
1203,7,Westernwear,infuse,599.0,299.0,50.0
1204,8,Westernwear,latin quarters,2638.2167045910855,2999.0,44.84758845312988
1205,9,Westernwear,van heusen,1699.0,999.0,41.0
1206,10,Westernwear,life,699.0,349.0,50.0
1207,11,Westernwear,allen solly,3499.0,2799.0,20.0
1208,12,Westernwear,zink london,2699.0,1619.0,40.0
1209,13,Westernwear,only,1499.0,899.0,40.0
1210,14,Westernwear,zink london,3499.0,1399.0,60.0
1211,15,Westernwear,zink london,1499.0,899.0,40.0
1212,16,Westernwear,infuse,1499.0,749.0,50.0
1213,17,Westernwear,zink london,1799.0,1079.0,40.0
1214,18,Westernwear,stop,799.0,399.0,50.0
1215,19,Westernwear,infuse,599.0,299.0,50.0
1216,20,Westernwear,life,299.0,149.0,50.0
1217,21,Westernwear,life,1499.0,749.0,50.0
1219,23,Westernwear,only,2699.0,1889.0,30.0
1220,24,Westernwear,pepe,1199.0,719.0,40.0
1221,25,Westernwear,cover story,3490.0,1745.0,50.0
1222,0,Westernwear,zink london,2899.0,1159.0,60.0
1223,1,Westernwear,allen solly,2499.0,1499.0,40.0
1224,2,Westernwear,altlife,499.0,249.0,50.0
1225,3,Westernwear,madame,1499.0,1049.0,30.0
1226,4,Westernwear,fratini,1299.0,649.0,50.0
1227,5,Westernwear,cover story,990.0,693.0,30.0
1228,6,Westernwear,zink london,2999.0,1199.0,60.0
1229,7,Westernwear,infuse,499.0,199.0,60.0
1230,8,Westernwear,fratini,599.0,299.0,50.0
1231,9,Westernwear,altlife,599.0,299.0,50.0
1232,10,Westernwear,van heusen,2638.2167045910855,2199.0,44.84758845312988
1233,11,Westernwear,zink london,2699.0,2159.0,20.0
1234,12,Westernwear,life,699.0,349.0,50.0
1235,13,Westernwear,only,2699.0,1619.0,40.0
1236,14,Westernwear,zink london,1899.0,1139.0,40.0
1237,15,Westernwear,zink london,2699.0,1619.0,40.0
1238,16,Westernwear,life,599.0,299.0,50.0
1239,17,Westernwear,faballey,1600.0,1280.0,20.0
1240,18,Westernwear,and,3099.0,2479.0,20.0
1241,19,Westernwear,life,1199.0,599.0,50.0
1242,20,Westernwear,rare,1590.0,636.0,60.0
1243,21,Westernwear,stop,2638.2167045910855,999.0,44.84758845312988
1245,23,Westernwear,only,699.0,559.0,20.0
1246,24,Westernwear,magre,2199.0,1319.0,40.0
1247,25,Westernwear,life,999.0,499.0,50.0
1248,0,Westernwear,allen solly,3799.0,2279.0,40.0
1249,1,Westernwear,forever new,2638.2167045910855,2600.0,44.84758845312988
1250,2,Westernwear,only,3999.0,3199.0,20.0
1251,3,Westernwear,zink london,1499.0,899.0,40.0
1252,4,Westernwear,and,2499.0,1999.0,20.0
1253,5,Westernwear,latin quarters,2638.2167045910855,2999.0,44.84758845312988
1254,6,Westernwear,faballey,2200.0,1760.0,20.0
1255,7,Westernwear,only,999.0,599.0,40.0
1256,8,Westernwear,altlife,1299.0,649.0,50.0
1257,9,Westernwear,lovegen,1999.0,399.0,80.0
1258,10,Westernwear,and,1399.0,1119.0,20.0
1259,11,Westernwear,madame,2699.0,1619.0,40.0
1260,12,Westernwear,zink london,2299.0,1379.0,40.0
1261,13,Westernwear,insense,999.0,499.0,50.0
1262,14,Westernwear,and,3099.0,1549.0,50.0
1263,15,Westernwear,life,249.0,124.0,50.0
1264,16,Westernwear,stop,2638.2167045910855,1499.0,44.84758845312988
1265,17,Westernwear,pepe,1999.0,1199.0,40.0
1266,18,Westernwear,kraus,1895.0,947.0,50.0
1267,19,Westernwear,rare,1699.0,679.0,60.0
1268,20,Westernwear,forever new,6200.0,4340.0,30.0
1269,21,Westernwear,zink london,2299.0,1379.0,40.0
1271,23,Westernwear,madame,999.0,599.0,40.0
1272,24,Westernwear,zink london,1899.0,1139.0,40.0
1273,25,Westernwear,insense,999.0,499.0,50.0
1274,0,Westernwear,life,1499.0,749.0,50.0
1275,1,Westernwear,vero moda,2599.0,2079.0,20.0
1276,2,Westernwear,rare,999.0,499.0,50.0
1277,3,Westernwear,altlife,599.0,299.0,50.0
1278,4,Westernwear,indya,2800.0,1400.0,50.0
1279,5,Westernwear,zink london,2799.0,1679.0,40.0
1280,6,Westernwear,allen solly,2299.0,1499.0,35.0
1281,7,Westernwear,kraus,1995.0,1396.0,30.0
1282,8,Westernwear,and,4899.0,2449.0,50.0
1283,9,Westernwear,faballey,2700.0,2160.0,20.0
1284,10,Westernwear,only,999.0,599.0,40.0
1285,11,Westernwear,only,2299.0,1149.0,50.0
1286,12,Westernwear,life,999.0,499.0,50.0
1287,13,Westernwear,infuse,499.0,249.0,50.0
1288,14,Westernwear,life,999.0,499.0,50.0
1289,15,Westernwear,zink z,2638.2167045910855,1999.0,44.84758845312988
1290,16,Westernwear,only,2999.0,2399.0,20.0
1291,17,Westernwear,iti,2638.2167045910855,3499.0,44.84758845312988
1292,18,Westernwear,stop,1899.0,949.0,50.0
1293,19,Westernwear,and,2099.0,1679.0,20.0
1294,20,Westernwear,and,2899.0,2609.0,10.0
1295,21,Westernwear,kraus,1995.0,1396.0,30.0
1297,23,Westernwear,only,1799.0,1079.0,40.0
1298,24,Westernwear,kraus,1695.0,1525.0,10.0
1299,25,Westernwear,only,2799.0,1679.0,40.0
1300,0,Westernwear,and,3099.0,2479.0,20.0
1301,1,Westernwear,allen solly,3799.0,2799.0,26.0
1302,2,Westernwear,latin quarters,1599.0,799.0,50.0
1303,3,Westernwear,levis,2638.2167045910855,1399.0,44.84758845312988
1304,4,Westernwear,van heusen,2299.0,999.0,57.0
1305,5,Westernwear,only,1799.0,899.0,50.0
1306,6,Westernwear,altlife,1299.0,649.0,50.0
1307,7,Westernwear,fratini,1499.0,749.0,50.0
1308,8,Westernwear,zink london,2999.0,1199.0,60.0
1309,9,Westernwear,madame,1599.0,1119.0,30.0
1310,10,Westernwear,adidas,1599.0,799.0,50.0
1311,11,Westernwear,forever new,4400.0,3520.0,20.0
1312,12,Westernwear,magre,3190.0,1914.0,40.0
1313,13,Westernwear,levis,2638.2167045910855,2899.0,44.84758845312988
1314,14,Westernwear,fratini,1299.0,649.0,50.0
1315,15,Westernwear,only,2999.0,2099.0,30.0
1316,16,Westernwear,faballey,2300.0,1840.0,20.0
1317,17,Westernwear,life,1899.0,949.0,50.0
1318,18,Westernwear,rare,2199.0,879.0,60.0
1319,19,Westernwear,life,399.0,199.0,50.0
1320,20,Westernwear,life,499.0,249.0,50.0
1321,21,Westernwear,zink london,1699.0,1019.0,40.0
1323,23,Westernwear,only,2799.0,1959.0,30.0
1324,24,Westernwear,insense,399.0,199.0,50.0
1325,25,Westernwear,jealous 21,2638.2167045910855,2399.0,44.84758845312988
1326,0,Westernwear,only,1799.0,1079.0,40.0
1327,1,Westernwear,insense,999.0,499.0,50.0
1328,2,Westernwear,cover story,2590.0,1813.0,30.0
1329,3,Westernwear,stop,1199.0,599.0,50.0
1330,4,Westernwear,crimsoune club,2299.0,1609.0,30.0
1331,5,Westernwear,stop,1999.0,999.0,50.0
1332,6,Westernwear,life,699.0,349.0,50.0
1333,7,Westernwear,latin quarters,2499.0,1249.0,50.0
1334,8,Westernwear,zink london,2699.0,599.0,78.0
1335,9,Westernwear,zink london,2499.0,999.0,60.0
1336,10,Westernwear,fratini,2638.2167045910855,799.0,44.84758845312988
1337,11,Westernwear,life,699.0,349.0,50.0
1338,12,Westernwear,levis,2638.2167045910855,3299.0,44.84758845312988
1339,13,Westernwear,faballey,1600.0,1280.0,20.0
1340,14,Westernwear,fratini,699.0,349.0,50.0
1341,15,Westernwear,fratini,1299.0,649.0,50.0
1342,16,Westernwear,only,3499.0,2799.0,20.0
1343,17,Westernwear,zink london,1599.0,499.0,69.0
1344,18,Westernwear,juniper,4899.0,1469.0,70.0
1345,19,Westernwear,fratini,1699.0,849.0,50.0
1346,20,Westernwear,insense,399.0,199.0,50.0
1347,21,Westernwear,infuse,799.0,319.0,60.0
1349,23,Westernwear,zink london,1399.0,839.0,40.0
1350,24,Westernwear,kraus,1695.0,1525.0,10.0
1351,25,Westernwear,only,3699.0,2589.0,30.0
1352,0,Westernwear,faballey,1600.0,1280.0,20.0
1353,1,Westernwear,life,1499.0,749.0,50.0
1354,2,Westernwear,altlife,999.0,499.0,50.0
1355,3,Westernwear,zink london,2899.0,1739.0,40.0
1356,4,Westernwear,rare,1599.0,559.0,65.0
1357,5,Westernwear,kraus,1795.0,1256.0,30.0
1358,6,Westernwear,forever new,2638.2167045910855,8000.0,44.84758845312988
1359,7,Westernwear,magre,2390.0,1434.0,40.0
1360,8,Westernwear,levis,2638.2167045910855,2999.0,44.84758845312988
1361,9,Westernwear,forever new,2638.2167045910855,5000.0,44.84758845312988
1362,10,Westernwear,life,799.0,399.0,50.0
1363,11,Westernwear,fratini,1699.0,849.0,50.0
1364,12,Westernwear,stop,999.0,499.0,50.0
1365,13,Westernwear,kraus,1895.0,947.0,50.0
1366,14,Westernwear,latin quarters,1599.0,799.0,50.0
1367,15,Westernwear,fratini,1999.0,999.0,50.0
1368,16,Westernwear,rare,1199.0,539.0,55.0
1369,17,Westernwear,madame,2699.0,1889.0,30.0
1370,18,Westernwear,only,2499.0,1499.0,40.0
1371,19,Westernwear,and,1799.0,899.0,50.0
1372,20,Westernwear,madame,2638.2167045910855,1299.0,44.84758845312988
1373,21,Westernwear,kraus,1695.0,1186.0,30.0
1375,23,Westernwear,infuse,799.0,319.0,60.0
1376,24,Westernwear,vero moda,2638.2167045910855,3499.0,44.84758845312988
1377,25,Westernwear,latin quarters,2499.0,1249.0,50.0
1378,0,Westernwear,zink london,2199.0,1099.0,50.0
1379,1,Westernwear,zink london,1499.0,899.0,40.0
1380,2,Westernwear,life,1299.0,649.0,50.0
1381,3,Westernwear,zink london,1599.0,799.0,50.0
1382,4,Westernwear,zink london,1399.0,839.0,40.0
1383,5,Westernwear,zink london,2699.0,1619.0,40.0
1384,6,Westernwear,rare,2599.0,1039.0,60.0
1385,7,Westernwear,only,2299.0,1379.0,40.0
1386,8,Westernwear,life,999.0,499.0,50.0
1387,9,Westernwear,zink london,1899.0,399.0,79.0
1388,10,Westernwear,allen solly,2299.0,1499.0,35.0
1389,11,Westernwear,stop,799.0,399.0,50.0
1390,12,Westernwear,forever new,6800.0,4080.0,40.0
1391,13,Westernwear,fratini,1299.0,649.0,50.0
1392,14,Westernwear,latin quarters,1699.0,849.0,50.0
1393,15,Westernwear,van heusen,1999.0,999.0,50.0
1394,16,Westernwear,latin quarters,2899.0,1449.0,50.0
1395,17,Westernwear,juniper,2499.0,1499.0,40.0
1396,18,Westernwear,forever new,4400.0,2860.0,35.0
1397,19,Westernwear,levis,2638.2167045910855,4299.0,44.84758845312988
1398,20,Westernwear,madame,2899.0,2029.0,30.0
1399,21,Westernwear,latin quarters,2499.0,1749.0,30.0
1401,23,Westernwear,zink london,2299.0,1379.0,40.0
1402,24,Westernwear,kraus,1595.0,1435.0,10.0
1403,25,Westernwear,fratini,799.0,399.0,50.0
1404,0,Westernwear,latin quarters,1399.0,979.0,30.0
1405,1,Westernwear,haute curry,1499.0,749.0,50.0
1406,2,Westernwear,and,2499.0,1999.0,20.0
1407,3,Westernwear,life,899.0,449.0,50.0
1408,4,Westernwear,madame,3699.0,2589.0,30.0
1409,5,Westernwear,get wrapped,2638.2167045910855,399.0,44.84758845312988
1410,6,Westernwear,infuse,699.0,349.0,50.0
1411,7,Westernwear,and,2699.0,2159.0,20.0
1412,8,Westernwear,enamor,699.0,489.0,30.0
1413,9,Westernwear,altlife,999.0,499.0,50.0
1414,10,Westernwear,faballey,2400.0,1920.0,20.0
1415,11,Westernwear,zink london,2999.0,1799.0,40.0
1416,12,Westernwear,life,1199.0,599.0,50.0
1417,13,Westernwear,life,999.0,499.0,50.0
1418,14,Westernwear,fratini,2638.2167045910855,1499.0,44.84758845312988
1419,15,Westernwear,and,2638.2167045910855,2899.0,44.84758845312988
1420,16,Westernwear,life,1499.0,749.0,50.0
1421,17,Westernwear,zink london,1299.0,399.0,69.0
1422,18,Westernwear,rare,1899.0,759.0,60.0
1423,19,Westernwear,life,899.0,449.0,50.0
1424,20,Westernwear,allen solly,3999.0,2399.0,40.0
1425,21,Westernwear,van heusen,1699.0,999.0,41.0
1427,23,Westernwear,stop,2638.2167045910855,1499.0,44.84758845312988
1428,24,Westernwear,life,599.0,299.0,50.0
1429,25,Westernwear,latin quarters,1799.0,1259.0,30.0
1430,0,Westernwear,stop,1299.0,649.0,50.0
1431,1,Westernwear,infuse,1599.0,799.0,50.0
1432,2,Westernwear,altlife,1299.0,649.0,50.0
1433,3,Westernwear,only,2499.0,1499.0,40.0
1434,4,Westernwear,only,2799.0,1399.0,50.0
1435,5,Westernwear,zink london,2399.0,959.0,60.0
1436,6,Westernwear,cover story,1290.0,690.0,47.0
1437,7,Westernwear,zink london,1599.0,639.0,60.0
1438,8,Westernwear,and,1899.0,1519.0,20.0
1439,9,Westernwear,zink london,1499.0,749.0,50.0
1440,10,Westernwear,altlife,1299.0,649.0,50.0
1441,11,Westernwear,reebok,1599.0,799.0,50.0
1442,12,Westernwear,and,1999.0,799.0,60.0
1443,13,Westernwear,kraus,1895.0,1705.0,10.0
1444,14,Westernwear,life,799.0,399.0,50.0
1445,15,Westernwear,kraus,1495.0,1046.0,30.0
1446,16,Westernwear,fratini,999.0,499.0,50.0
1447,17,Westernwear,van heusen,3799.0,1499.0,61.0
1448,18,Westernwear,madame,2638.2167045910855,2199.0,44.84758845312988
1449,19,Westernwear,zink london,2699.0,1619.0,40.0
1450,20,Westernwear,fratini,1199.0,599.0,50.0
1451,21,Westernwear,rare,1599.0,639.0,60.0
1453,23,Westernwear,indya,2950.0,1475.0,50.0
1454,24,Westernwear,fratini,2638.2167045910855,1299.0,44.84758845312988
1455,25,Westernwear,levis,2638.2167045910855,1599.0,44.84758845312988
1456,0,Westernwear,pepe,999.0,599.0,40.0
1457,1,Westernwear,levis,2638.2167045910855,3999.0,44.84758845312988
1458,2,Westernwear,stop,999.0,499.0,50.0
1459,3,Westernwear,zink london,2199.0,1319.0,40.0
1460,4,Westernwear,van heusen,2638.2167045910855,5799.0,44.84758845312988
1461,5,Westernwear,zink london,1499.0,899.0,40.0
1462,6,Westernwear,madame,1999.0,1399.0,30.0
1463,7,Westernwear,fratini,2638.2167045910855,1599.0,44.84758845312988
1464,8,Westernwear,dolce crudo,2499.0,999.0,60.0
1465,9,Westernwear,iti,1699.0,899.0,47.0
1466,10,Westernwear,forever new,2638.2167045910855,4200.0,44.84758845312988
1467,11,Westernwear,zink london,1899.0,1139.0,40.0
1468,12,Westernwear,allen solly,1699.0,1019.0,40.0
1469,13,Westernwear,and,2099.0,1679.0,20.0
1470,14,Westernwear,madame,2999.0,2099.0,30.0
1471,15,Westernwear,zink london,2899.0,1739.0,40.0
1472,16,Westernwear,madame,799.0,559.0,30.0
1473,17,Westernwear,faballey,2500.0,2000.0,20.0
1474,18,Westernwear,levis,2638.2167045910855,2899.0,44.84758845312988
1475,19,Westernwear,iti,2638.2167045910855,2999.0,44.84758845312988
1476,20,Westernwear,kraus,1895.0,947.0,50.0
1477,21,Westernwear,madame,999.0,499.0,50.0
1479,23,Westernwear,altlife,499.0,249.0,50.0
1480,24,Westernwear,altlife,899.0,449.0,50.0
1481,25,Westernwear,and,2638.2167045910855,2499.0,44.84758845312988
1482,0,Westernwear,insense,499.0,249.0,50.0
1483,1,Westernwear,life,499.0,249.0,50.0
1484,2,Westernwear,faballey,2500.0,2000.0,20.0
1485,3,Westernwear,zink london,2299.0,1839.0,20.0
1486,4,Westernwear,fratini,999.0,499.0,50.0
1487,5,Westernwear,fratini,2638.2167045910855,799.0,44.84758845312988
1488,6,Westernwear,kraus,1895.0,1705.0,10.0
1489,7,Westernwear,dolce crudo,2499.0,999.0,60.0
1490,8,Westernwear,zink london,3499.0,2099.0,40.0
1491,9,Westernwear,vero moda,3799.0,2659.0,30.0
1492,10,Westernwear,insense,999.0,499.0,50.0
1493,11,Westernwear,zink london,2699.0,799.0,70.0
1494,12,Westernwear,lovegen,1799.0,359.0,80.0
1495,13,Westernwear,altlife,699.0,349.0,50.0
1496,14,Westernwear,infuse,1299.0,519.0,60.0
1497,15,Westernwear,rare,1590.0,636.0,60.0
1498,16,Westernwear,magre,2599.0,1039.0,60.0
1499,17,Westernwear,and,2499.0,1999.0,20.0
1500,18,Westernwear,van heusen,1699.0,999.0,41.0
1501,19,Westernwear,allen solly,1499.0,899.0,40.0
1502,20,Westernwear,and,1699.0,1359.0,20.0
1503,21,Westernwear,zink london,799.0,479.0,40.0
1505,23,Westernwear,allen solly,1599.0,959.0,40.0
1506,24,Westernwear,only,1999.0,999.0,50.0
1507,25,Westernwear,latin quarters,2999.0,1499.0,50.0
1508,0,Westernwear,vero moda,1999.0,1599.0,20.0
1509,1,Westernwear,life,499.0,249.0,50.0
1510,2,Westernwear,zink london,1599.0,959.0,40.0
1511,3,Westernwear,sera,1294.0,388.0,70.0
1512,4,Westernwear,kraus,1895.0,1705.0,10.0
1513,5,Westernwear,latin quarters,2699.0,1889.0,30.0
1514,6,Westernwear,only,3999.0,3199.0,20.0
1515,7,Westernwear,dolce crudo,2399.0,959.0,60.0
1516,8,Westernwear,zink london,1799.0,719.0,60.0
1517,9,Westernwear,lovegen,1999.0,599.0,70.0
1518,10,Westernwear,latin quarters,2599.0,1299.0,50.0
1519,11,Westernwear,and,1999.0,999.0,50.0
1520,12,Westernwear,kraus,1895.0,1326.0,30.0
1521,13,Westernwear,proline,599.0,299.0,50.0
1522,14,Westernwear,zink london,1599.0,799.0,50.0
1523,15,Westernwear,life,699.0,349.0,50.0
1524,16,Westernwear,latin quarters,2299.0,799.0,65.0
1525,17,Westernwear,fratini,2638.2167045910855,999.0,44.84758845312988
1526,18,Westernwear,stop,2638.2167045910855,799.0,44.84758845312988
1527,19,Westernwear,allen solly,2299.0,1839.0,20.0
1528,20,Westernwear,life,1199.0,599.0,50.0
1529,21,Westernwear,zink london,1999.0,1199.0,40.0
1531,23,Westernwear,madame,999.0,599.0,40.0
1532,24,Westernwear,spykar,1899.0,1329.0,30.0
1533,25,Westernwear,cover story,2638.2167045910855,1490.0,44.84758845312988
1534,0,Westernwear,only,3999.0,3199.0,20.0
1535,1,Westernwear,zink london,2699.0,1349.0,50.0
1536,2,Westernwear,stop,2638.2167045910855,1499.0,44.84758845312988
1537,3,Westernwear,pepe,2499.0,1499.0,40.0
1538,4,Westernwear,life,699.0,349.0,50.0
1539,5,Westernwear,allen solly,2899.0,1159.0,60.0
1540,6,Westernwear,zink london,1599.0,799.0,50.0
1541,7,Westernwear,life,599.0,299.0,50.0
1542,8,Westernwear,latin quarters,1299.0,649.0,50.0
1543,9,Westernwear,altlife,599.0,299.0,50.0
1544,10,Westernwear,life,999.0,499.0,50.0
1545,11,Westernwear,fratini,1299.0,649.0,50.0
1546,12,Westernwear,zink london,2899.0,899.0,69.0
1547,13,Westernwear,infuse,1299.0,519.0,60.0
1548,14,Westernwear,only,3699.0,2589.0,30.0
1549,15,Westernwear,madame,1799.0,899.0,50.0
1550,16,Westernwear,infuse,3199.0,959.0,70.0
1551,17,Westernwear,fratini,799.0,399.0,50.0
1552,18,Westernwear,kraus,1695.0,847.0,50.0
1553,19,Westernwear,only,2299.0,1839.0,20.0
1554,20,Westernwear,lovegen,2599.0,779.0,70.0
1555,21,Westernwear,only,999.0,599.0,40.0
1557,23,Westernwear,zink london,2499.0,1499.0,40.0
1558,24,Westernwear,life,699.0,349.0,50.0
1559,25,Westernwear,latin quarters,2638.2167045910855,2899.0,44.84758845312988
1560,0,Westernwear,zink london,1599.0,499.0,69.0
1561,1,Westernwear,insense,999.0,499.0,50.0
1562,2,Westernwear,levis,2638.2167045910855,2999.0,44.84758845312988
1563,3,Westernwear,allen solly,2299.0,1839.0,20.0
1564,4,Westernwear,allen solly,1599.0,959.0,40.0
1565,5,Westernwear,life,699.0,349.0,50.0
1566,6,Westernwear,fratini,599.0,299.0,50.0
1567,7,Westernwear,life,1199.0,599.0,50.0
1568,8,Westernwear,zink london,1299.0,399.0,69.0
1569,9,Westernwear,altlife,499.0,249.0,50.0
1570,10,Westernwear,infuse,899.0,359.0,60.0
1571,11,Westernwear,and,3499.0,2799.0,20.0
1572,12,Westernwear,zink london,1299.0,779.0,40.0
1573,13,Westernwear,zink london,2699.0,1619.0,40.0
1574,14,Westernwear,only,1799.0,899.0,50.0
1575,15,Westernwear,vero moda,3799.0,1899.0,50.0
1576,16,Westernwear,altlife,499.0,249.0,50.0
1577,17,Westernwear,and,1699.0,679.0,60.0
1578,18,Westernwear,madame,1899.0,1329.0,30.0
1579,19,Westernwear,and,2099.0,1679.0,20.0
1580,20,Westernwear,life,1299.0,649.0,50.0
1581,21,Westernwear,madame,1699.0,1189.0,30.0
1583,23,Westernwear,and,2099.0,1679.0,20.0
1584,24,Westernwear,latin quarters,2699.0,1349.0,50.0
1585,25,Westernwear,zink london,1499.0,1049.0,30.0
1586,0,Westernwear,fratini,2638.2167045910855,1199.0,44.84758845312988
1587,1,Westernwear,fratini,2638.2167045910855,1199.0,44.84758845312988
1588,2,Westernwear,and,3499.0,2799.0,20.0
1589,3,Westernwear,life,599.0,299.0,50.0
1590,4,Westernwear,forever new,3600.0,2520.0,30.0
1591,5,Westernwear,and,2638.2167045910855,2799.0,44.84758845312988
1592,6,Westernwear,forever new,4000.0,3000.0,25.0
1593,7,Westernwear,jealous 21,2638.2167045910855,1999.0,44.84758845312988
1594,8,Westernwear,infuse,1499.0,599.0,60.0
1595,9,Westernwear,zink london,1599.0,959.0,40.0
1596,10,Westernwear,life,1699.0,849.0,50.0
1597,11,Westernwear,kraus,2095.0,1885.0,10.0
1598,12,Westernwear,life,299.0,149.0,50.0
1599,13,Westernwear,only,3699.0,2219.0,40.0
1600,14,Westernwear,stop,2638.2167045910855,1499.0,44.84758845312988
1601,15,Westernwear,only,1499.0,749.0,50.0
1602,16,Westernwear,life,999.0,499.0,50.0
1603,17,Westernwear,cover story,890.0,534.0,40.0
1604,18,Westernwear,iti,2638.2167045910855,2999.0,44.84758845312988
1605,19,Westernwear,van heusen,2499.0,999.0,60.0
1606,20,Westernwear,faballey,2200.0,1760.0,20.0
1607,21,Westernwear,faballey,2400.0,1920.0,20.0
1609,23,Westernwear,zink london,1499.0,899.0,40.0
1610,24,Westernwear,insense,399.0,199.0,50.0
1611,25,Westernwear,zink london,2999.0,1499.0,50.0
1612,0,Westernwear,van heusen,1699.0,999.0,41.0
1613,1,Westernwear,rare,1499.0,599.0,60.0
1614,2,Westernwear,global desi,2199.0,659.0,70.0
1615,3,Westernwear,rare,1399.0,629.0,55.0
1616,4,Westernwear,faballey,1900.0,950.0,50.0
1617,5,Westernwear,zink london,1599.0,959.0,40.0
1618,6,Westernwear,faballey,2600.0,2080.0,20.0
1619,7,Westernwear,vero moda,2499.0,1999.0,20.0
1620,8,Westernwear,kraus,1995.0,1795.0,10.0
1621,9,Westernwear,vero moda,2599.0,1819.0,30.0
1622,10,Westernwear,altlife,499.0,249.0,50.0
1623,11,Westernwear,and,2499.0,1249.0,50.0
1624,12,Westernwear,zink london,1899.0,599.0,68.0
1625,13,Westernwear,only,1499.0,899.0,40.0
1626,14,Westernwear,and,2299.0,1839.0,20.0
1627,15,Westernwear,forever new,2638.2167045910855,8400.0,44.84758845312988
1628,16,Westernwear,kraus,1299.0,1169.0,10.0
1629,17,Westernwear,levis,2638.2167045910855,2799.0,44.84758845312988
1630,18,Westernwear,life,799.0,399.0,50.0
1631,19,Westernwear,altlife,399.0,199.0,50.0
1632,20,Westernwear,life,399.0,199.0,50.0
1633,21,Westernwear,only,3699.0,2589.0,30.0
1635,23,Westernwear,sera,1894.0,947.0,50.0
1636,24,Westernwear,vero moda,2638.2167045910855,3999.0,44.84758845312988
1637,25,Westernwear,altlife,499.0,249.0,50.0
1638,0,Westernwear,stop,2638.2167045910855,1499.0,44.84758845312988
1639,1,Westernwear,zink london,899.0,539.0,40.0
1640,2,Westernwear,levis,2638.2167045910855,1999.0,44.84758845312988
1641,3,Westernwear,fratini,1199.0,599.0,50.0
1642,4,Westernwear,latin quarters,2499.0,799.0,68.0
1643,5,Westernwear,infuse,799.0,319.0,60.0
1644,6,Westernwear,allen solly,2499.0,1499.0,40.0
1645,7,Westernwear,zink london,3299.0,1979.0,40.0
1646,8,Westernwear,altlife,1299.0,649.0,50.0
1647,9,Westernwear,only,1999.0,1199.0,40.0
1648,10,Westernwear,life,249.0,124.0,50.0
1649,11,Westernwear,life,1299.0,649.0,50.0
1650,12,Westernwear,rare,1599.0,639.0,60.0
1651,13,Westernwear,and,1999.0,999.0,50.0
1652,14,Westernwear,and,4299.0,2149.0,50.0
1653,15,Westernwear,van heusen,2638.2167045910855,1999.0,44.84758845312988
1654,16,Westernwear,fratini,2638.2167045910855,1699.0,44.84758845312988
1655,17,Westernwear,emblaze,2638.2167045910855,3800.0,44.84758845312988
1656,18,Westernwear,only,1799.0,1079.0,40.0
1657,19,Westernwear,faballey,2600.0,2080.0,20.0
1658,20,Westernwear,van heusen,3299.0,2499.0,24.0
1659,21,Westernwear,only,4299.0,2579.0,40.0
1661,23,Westernwear,vero moda,3499.0,2099.0,40.0
1662,24,Westernwear,infuse,1999.0,999.0,50.0
1663,25,Westernwear,fratini,1299.0,649.0,50.0
1664,0,Westernwear,stop,799.0,399.0,50.0
1665,1,Westernwear,infuse,499.0,199.0,60.0
1666,2,Westernwear,kraus,1595.0,1116.0,30.0
1667,3,Westernwear,life,1699.0,849.0,50.0
1668,4,Westernwear,vero moda,2638.2167045910855,3799.0,44.84758845312988
1669,5,Westernwear,infuse,499.0,249.0,50.0
1670,6,Westernwear,van heusen,5999.0,1999.0,67.0
1671,7,Westernwear,faballey,1950.0,1560.0,20.0
1672,8,Westernwear,adidas,1999.0,999.0,50.0
1673,9,Westernwear,calvin klein underwear,2799.0,1959.0,30.0
1674,10,Westernwear,stop,2638.2167045910855,999.0,44.84758845312988
1675,11,Westernwear,and,2699.0,2159.0,20.0
1676,12,Westernwear,only,3499.0,2449.0,30.0
1677,13,Westernwear,lovegen,1799.0,359.0,80.0
1678,14,Westernwear,faballey,2200.0,1760.0,20.0
1679,15,Westernwear,zink london,1299.0,399.0,69.0
1680,16,Westernwear,stop,999.0,499.0,50.0
1681,17,Westernwear,infuse,599.0,239.0,60.0
1682,18,Westernwear,latin quarters,1399.0,499.0,64.0
1683,19,Westernwear,life,299.0,149.0,50.0
1684,20,Westernwear,zink london,1799.0,1079.0,40.0
1685,21,Westernwear,life,1499.0,749.0,50.0
1687,23,Westernwear,haute curry,1499.0,749.0,50.0
1688,24,Westernwear,madame,1699.0,849.0,50.0
1689,25,Westernwear,infuse,499.0,199.0,60.0
1690,0,Westernwear,lovegen,1599.0,319.0,80.0
1691,1,Westernwear,latin quarters,2599.0,799.0,69.0
1692,2,Westernwear,reebok,1599.0,799.0,50.0
1693,3,Westernwear,life,1499.0,749.0,50.0
1694,4,Westernwear,life,1699.0,849.0,50.0
1695,5,Westernwear,fratini,1499.0,749.0,50.0
1696,6,Westernwear,zink london,2299.0,1379.0,40.0
1697,7,Westernwear,allen solly,3799.0,3039.0,20.0
1698,8,Westernwear,zink london,1899.0,1139.0,40.0
1699,9,Westernwear,madame,2699.0,1619.0,40.0
1700,10,Westernwear,zink london,2999.0,1199.0,60.0
1701,11,Westernwear,levis,2638.2167045910855,3799.0,44.84758845312988
1702,12,Westernwear,vero moda,2499.0,1999.0,20.0
1703,13,Westernwear,only,3499.0,2799.0,20.0
1704,14,Westernwear,and,4099.0,3279.0,20.0
1705,15,Westernwear,only,2299.0,1609.0,30.0
1706,16,Westernwear,kraus,1895.0,1705.0,10.0
1707,17,Westernwear,fratini,2638.2167045910855,1599.0,44.84758845312988
1708,18,Westernwear,van heusen,2638.2167045910855,1999.0,44.84758845312988
1709,19,Westernwear,zink london,2299.0,699.0,70.0
1710,20,Westernwear,van heusen,2638.2167045910855,1499.0,44.84758845312988
1711,21,Westernwear,pepe,1999.0,1199.0,40.0
1713,23,Westernwear,only,3699.0,2959.0,20.0
1714,24,Westernwear,infuse,2799.0,839.0,70.0
1715,25,Westernwear,vero moda,1299.0,909.0,30.0
1716,0,Westernwear,altlife,1299.0,649.0,50.0
1717,1,Westernwear,zink london,3299.0,1979.0,40.0
1718,2,Westernwear,altlife,899.0,449.0,50.0
1719,3,Westernwear,fratini,2638.2167045910855,2299.0,44.84758845312988
1720,4,Westernwear,faballey,1600.0,1280.0,20.0
1721,5,Westernwear,life,399.0,199.0,50.0
1722,6,Westernwear,vero moda,2799.0,1679.0,40.0
1723,7,Westernwear,magre,2190.0,1314.0,40.0
1724,8,Westernwear,altlife,599.0,299.0,50.0
1725,9,Westernwear,spykar,1899.0,1329.0,30.0
1726,10,Westernwear,zink london,1399.0,399.0,71.0
1727,11,Westernwear,only,1799.0,1259.0,30.0
1728,12,Westernwear,zink london,1499.0,899.0,40.0
1729,13,Westernwear,madame,999.0,699.0,30.0
1730,14,Westernwear,latin quarters,2638.2167045910855,2499.0,44.84758845312988
1731,15,Westernwear,life,899.0,449.0,50.0
1732,16,Westernwear,zink london,2399.0,699.0,71.0
1733,17,Westernwear,forever new,8600.0,4300.0,50.0
1734,18,Westernwear,forever new,3400.0,2550.0,25.0
1735,19,Westernwear,adidas,1599.0,799.0,50.0
1736,20,Westernwear,van heusen,1699.0,999.0,41.0
1737,21,Westernwear,fratini,1299.0,649.0,50.0
1739,23,Westernwear,only,3699.0,1849.0,50.0
1740,24,Westernwear,madame,1899.0,1329.0,30.0
1741,25,Westernwear,zink london,3999.0,1599.0,60.0
1742,0,Westernwear,forever new,7800.0,4680.0,40.0
1743,1,Westernwear,altlife,499.0,249.0,50.0
1744,2,Westernwear,faballey,2400.0,1920.0,20.0
1745,3,Westernwear,insense,399.0,199.0,50.0
1746,4,Westernwear,levis,2638.2167045910855,3699.0,44.84758845312988
1747,5,Westernwear,zink london,2399.0,699.0,71.0
1748,6,Westernwear,and,2999.0,1949.0,35.0
1749,7,Westernwear,only,2799.0,1679.0,40.0
1750,8,Westernwear,latin quarters,1499.0,499.0,67.0
1751,9,Westernwear,stop,799.0,399.0,50.0
1752,10,Westernwear,stop,899.0,449.0,50.0
1753,11,Westernwear,madame,899.0,539.0,40.0
1754,12,Westernwear,zink london,1599.0,499.0,69.0
1755,13,Westernwear,life,1699.0,849.0,50.0
1756,14,Westernwear,kraus,1895.0,947.0,50.0
1757,15,Westernwear,rare,1899.0,854.0,55.0
1758,16,Westernwear,magre,2990.0,1345.0,55.0
1759,17,Westernwear,infuse,799.0,319.0,60.0
1760,18,Westernwear,fratini,1499.0,749.0,50.0
1761,19,Westernwear,infuse,1599.0,799.0,50.0
1762,20,Westernwear,latin quarters,1599.0,1119.0,30.0
1763,21,Westernwear,rare,1899.0,854.0,55.0
1765,23,Westernwear,jealous 21,2638.2167045910855,1699.0,44.84758845312988
1766,24,Westernwear,levis,2638.2167045910855,3799.0,44.84758845312988
1767,25,Westernwear,latin quarters,1599.0,1119.0,30.0
1768,0,Westernwear,allen solly,2499.0,1999.0,20.0
1769,1,Westernwear,only,3499.0,2449.0,30.0
1770,2,Westernwear,van heusen,1899.0,999.0,47.0
1771,3,Westernwear,stop,2638.2167045910855,999.0,44.84758845312988
1772,4,Westernwear,life,499.0,249.0,50.0
1773,5,Westernwear,madame,2699.0,1349.0,50.0
1774,6,Westernwear,madame,2899.0,1449.0,50.0
1775,7,Westernwear,latin quarters,1499.0,749.0,50.0
1776,8,Westernwear,vero moda,999.0,499.0,50.0
1777,9,Westernwear,and,2799.0,1399.0,50.0
1778,10,Westernwear,latin quarters,2799.0,1959.0,30.0
1779,11,Westernwear,indya,1500.0,1200.0,20.0
1780,12,Westernwear,stop,2638.2167045910855,1299.0,44.84758845312988
1781,13,Westernwear,latin quarters,1599.0,1119.0,30.0
1782,14,Westernwear,forever new,8000.0,6000.0,25.0
1783,15,Westernwear,faballey,2400.0,1920.0,20.0
1784,16,Westernwear,altlife,599.0,299.0,50.0
1785,17,Westernwear,and,1699.0,849.0,50.0
1786,18,Westernwear,stop,2638.2167045910855,1499.0,44.84758845312988
1787,19,Westernwear,life,999.0,499.0,50.0
1788,20,Westernwear,life,999.0,499.0,50.0
1789,21,Westernwear,only,3699.0,2959.0,20.0
1791,23,Westernwear,and,4099.0,3279.0,20.0
1792,24,Westernwear,van heusen,3499.0,1499.0,57.0
1793,25,Westernwear,and,2899.0,1449.0,50.0
1794,0,Westernwear,life,299.0,149.0,50.0
1795,1,Westernwear,forever new,6800.0,4420.0,35.0
1796,2,Westernwear,madame,1899.0,1139.0,40.0
1797,3,Westernwear,altlife,1299.0,649.0,50.0
1798,4,Westernwear,zink london,1799.0,599.0,67.0
1799,5,Westernwear,infuse,499.0,199.0,60.0
1800,6,Westernwear,juniper,3299.0,989.0,70.0
1801,7,Westernwear,adidas,1799.0,1259.0,30.0
1802,8,Westernwear,and,1699.0,1359.0,20.0
1803,9,Westernwear,vero moda,1899.0,1329.0,30.0
1804,10,Westernwear,dolce crudo,2299.0,1149.0,50.0
1805,11,Westernwear,only,1499.0,1049.0,30.0
1806,12,Westernwear,sera,1298.0,584.0,55.0
1807,13,Westernwear,life,499.0,249.0,50.0
1808,14,Westernwear,zink london,1299.0,399.0,69.0
1809,15,Westernwear,and,3499.0,2799.0,20.0
1810,16,Westernwear,levis,2638.2167045910855,1399.0,44.84758845312988
1811,17,Westernwear,vero moda,2638.2167045910855,3499.0,44.84758845312988
1812,18,Westernwear,cover story,1790.0,1253.0,30.0
1813,19,Westernwear,life,599.0,299.0,50.0
1814,20,Westernwear,life,1199.0,599.0,50.0
1815,21,Westernwear,life,599.0,299.0,50.0
1817,23,Westernwear,zink london,2399.0,1439.0,40.0
1818,24,Westernwear,life,1199.0,599.0,50.0
1819,25,Westernwear,only,1699.0,849.0,50.0
1820,0,Westernwear,vero moda,3799.0,3039.0,20.0
1821,1,Westernwear,madame,1699.0,1019.0,40.0
1822,2,Westernwear,faballey,2600.0,1300.0,50.0
1823,3,Westernwear,zink london,1499.0,399.0,73.0
1824,4,Westernwear,rare,1990.0,796.0,60.0
1825,5,Westernwear,latin quarters,2638.2167045910855,2999.0,44.84758845312988
1826,6,Westernwear,zink london,2199.0,1319.0,40.0
1827,7,Westernwear,life,1499.0,749.0,50.0
1828,8,Westernwear,stop,1199.0,599.0,50.0
1829,9,Westernwear,zink london,1899.0,599.0,68.0
1830,10,Westernwear,stop,999.0,499.0,50.0
1831,11,Westernwear,life,999.0,499.0,50.0
1832,12,Westernwear,levis,2638.2167045910855,4599.0,44.84758845312988
1833,13,Westernwear,fratini,1299.0,649.0,50.0
1834,14,Westernwear,stop,2638.2167045910855,1499.0,44.84758845312988
1835,15,Westernwear,only,3299.0,2309.0,30.0
1836,16,Westernwear,vero moda,3299.0,2639.0,20.0
1837,17,Westernwear,magre,2890.0,1734.0,40.0
1838,18,Westernwear,madame,1399.0,979.0,30.0
1839,19,Westernwear,and,2699.0,1349.0,50.0
1840,20,Westernwear,campus sutra,2638.2167045910855,1999.0,44.84758845312988
1841,21,Westernwear,sera,1294.0,388.0,70.0
1843,23,Westernwear,zink london,1699.0,1019.0,40.0
1844,24,Westernwear,fratini,1999.0,999.0,50.0
1845,25,Westernwear,zink london,1599.0,959.0,40.0
1846,0,Westernwear,adidas,1799.0,1259.0,30.0
1847,1,Westernwear,kraus,1895.0,947.0,50.0
1848,2,Westernwear,forever new,4200.0,3150.0,25.0
1849,3,Westernwear,altlife,999.0,499.0,50.0
1850,4,Westernwear,madame,2199.0,1539.0,30.0
1851,5,Westernwear,zink london,2299.0,1379.0,40.0
1852,6,Westernwear,only,3999.0,2799.0,30.0
1853,7,Westernwear,life,399.0,199.0,50.0
1854,8,Westernwear,levis,2638.2167045910855,3999.0,44.84758845312988
1855,9,Westernwear,only,2999.0,1499.0,50.0
1856,10,Westernwear,allen solly,1599.0,1279.0,20.0
1857,11,Westernwear,zink z,2638.2167045910855,799.0,44.84758845312988
1858,12,Westernwear,zink london,1499.0,899.0,40.0
1859,13,Westernwear,rare,2099.0,839.0,60.0
1860,14,Westernwear,lovegen,1699.0,339.0,80.0
1861,15,Westernwear,allen solly,1499.0,899.0,40.0
1862,16,Westernwear,and,2199.0,1099.0,50.0
1863,17,Westernwear,forever new,8000.0,5600.0,30.0
1864,18,Westernwear,zink london,2499.0,1499.0,40.0
1865,19,Westernwear,and,1499.0,599.0,60.0
1866,20,Westernwear,rare,1999.0,799.0,60.0
1867,21,Westernwear,and,3499.0,2799.0,20.0
1869,23,Westernwear,life,399.0,199.0,50.0
1870,24,Westernwear,madame,2499.0,1749.0,30.0
1871,25,Westernwear,van heusen,2999.0,1499.0,50.0
1872,0,Westernwear,and,1699.0,1189.0,30.0
1873,1,Westernwear,madame,1299.0,909.0,30.0
1874,2,Westernwear,altlife,1299.0,649.0,50.0
1875,3,Westernwear,infuse,999.0,399.0,60.0
1876,4,Westernwear,zink london,1399.0,499.0,64.0
1877,5,Westernwear,and,999.0,499.0,50.0
1878,6,Westernwear,faballey,2950.0,1475.0,50.0
1879,7,Westernwear,faballey,2400.0,1920.0,20.0
1880,8,Westernwear,van heusen,2499.0,999.0,60.0
1881,9,Westernwear,only,1499.0,749.0,50.0
1882,10,Westernwear,latin quarters,2699.0,1349.0,50.0
1883,11,Westernwear,madame,2638.2167045910855,2899.0,44.84758845312988
1884,12,Westernwear,kraus,1895.0,947.0,50.0
1885,13,Westernwear,latin quarters,2499.0,1749.0,30.0
1886,14,Westernwear,fratini,2638.2167045910855,1999.0,44.84758845312988
1887,15,Westernwear,puma,1799.0,1259.0,30.0
1888,16,Westernwear,kraus,1995.0,1396.0,30.0
1889,17,Westernwear,stop,599.0,299.0,50.0
1890,18,Westernwear,kraus,1495.0,1046.0,30.0
1891,19,Westernwear,levis,2638.2167045910855,3799.0,44.84758845312988
1892,20,Westernwear,faballey,1900.0,1520.0,20.0
1893,21,Westernwear,zink london,2299.0,1379.0,40.0
1895,23,Westernwear,zink london,1599.0,959.0,40.0
1896,24,Westernwear,stop,1299.0,649.0,50.0
1897,25,Westernwear,adidas,2699.0,1349.0,50.0
1898,0,Westernwear,and,1899.0,1519.0,20.0
1899,1,Westernwear,rare,1999.0,899.0,55.0
1900,2,Westernwear,zink london,1499.0,899.0,40.0
1901,3,Westernwear,only,799.0,639.0,20.0
1902,4,Westernwear,altlife,499.0,249.0,50.0
1903,5,Westernwear,zink london,1899.0,1139.0,40.0
1904,6,Westernwear,zink london,2899.0,1739.0,40.0
1905,7,Westernwear,latin quarters,1599.0,1119.0,30.0
1906,8,Westernwear,forever new,2638.2167045910855,2600.0,44.84758845312988
1907,9,Westernwear,only,1999.0,1199.0,40.0
1908,10,Westernwear,life,1299.0,649.0,50.0
1909,11,Westernwear,faballey,2200.0,1760.0,20.0
1910,12,Westernwear,only,3299.0,2309.0,30.0
1911,13,Westernwear,latin quarters,1499.0,499.0,67.0
1912,14,Westernwear,zink london,1899.0,759.0,60.0
1913,15,Westernwear,fratini,1499.0,749.0,50.0
1914,16,Westernwear,and,2699.0,2159.0,20.0
1915,17,Westernwear,enamor,949.0,664.0,30.0
1916,18,Westernwear,zink z,2638.2167045910855,999.0,44.84758845312988
1917,19,Westernwear,zink london,1999.0,1199.0,40.0
1918,20,Westernwear,cover story,2490.0,1743.0,30.0
1919,21,Westernwear,only,3799.0,2659.0,30.0
1921,23,Westernwear,only,3499.0,2449.0,30.0
1922,24,Westernwear,van heusen,2638.2167045910855,1699.0,44.84758845312988
1923,25,Westernwear,kraus,1595.0,1116.0,30.0
1924,0,Westernwear,kraus,1895.0,1326.0,30.0
1925,1,Westernwear,levis,2638.2167045910855,1199.0,44.84758845312988
1926,2,Westernwear,and,2899.0,1449.0,50.0
1927,3,Westernwear,life,899.0,449.0,50.0
1928,4,Westernwear,only,2499.0,1749.0,30.0
1929,5,Westernwear,stop,999.0,499.0,50.0
1930,6,Westernwear,reebok,1599.0,799.0,50.0
1931,7,Westernwear,iti,2638.2167045910855,2499.0,44.84758845312988
1932,8,Westernwear,fratini,999.0,499.0,50.0
1933,9,Westernwear,altlife,599.0,299.0,50.0
1934,10,Westernwear,allen solly,2499.0,1499.0,40.0
1935,11,Westernwear,stop,2638.2167045910855,999.0,44.84758845312988
1936,12,Westernwear,and,4299.0,3439.0,20.0
1937,13,Westernwear,and,3099.0,2479.0,20.0
1938,14,Westernwear,vero moda,2499.0,1749.0,30.0
1939,15,Westernwear,zink london,2499.0,1249.0,50.0
1940,16,Westernwear,global desi,1999.0,999.0,50.0
1941,17,Westernwear,only,1999.0,999.0,50.0
1942,18,Westernwear,indya,3200.0,2560.0,20.0
1943,19,Westernwear,zink london,999.0,599.0,40.0
1944,20,Westernwear,life,1499.0,749.0,50.0
1945,21,Westernwear,fratini,1299.0,649.0,50.0
1947,23,Westernwear,zink london,2899.0,1159.0,60.0
1948,24,Westernwear,latin quarters,1450.0,725.0,50.0
1949,25,Westernwear,and,3699.0,2959.0,20.0
1950,0,Westernwear,and,2699.0,2159.0,20.0
1951,1,Westernwear,faballey,1900.0,1520.0,20.0
1952,2,Westernwear,life,699.0,349.0,50.0
1953,3,Westernwear,zink london,2299.0,699.0,70.0
1954,4,Westernwear,rare,1599.0,799.0,50.0
1955,5,Westernwear,juniper,3499.0,1574.0,55.0
1956,6,Westernwear,and,3099.0,2479.0,20.0
1957,7,Westernwear,rare,1199.0,539.0,55.0
1958,8,Westernwear,altlife,899.0,449.0,50.0
1959,9,Westernwear,zink z,2638.2167045910855,799.0,44.84758845312988
1960,10,Westernwear,fratini,2638.2167045910855,1999.0,44.84758845312988
1961,11,Westernwear,life,1699.0,849.0,50.0
1962,12,Westernwear,infuse,1599.0,799.0,50.0
1963,13,Westernwear,van heusen,2638.2167045910855,2999.0,44.84758845312988
1964,14,Westernwear,allen solly,3799.0,2279.0,40.0
1965,15,Westernwear,levis,2638.2167045910855,3799.0,44.84758845312988
1966,16,Westernwear,only,1699.0,849.0,50.0
1967,17,Westernwear,madame,2899.0,1449.0,50.0
1968,18,Westernwear,faballey,1400.0,1120.0,20.0
1969,19,Westernwear,kraus,1995.0,1795.0,10.0
1970,20,Westernwear,altlife,499.0,249.0,50.0
1971,21,Westernwear,only,1999.0,1199.0,40.0
1973,23,Westernwear,cover story,1890.0,1323.0,30.0
1974,24,Westernwear,only,3499.0,2099.0,40.0
1975,25,Westernwear,faballey,1950.0,975.0,50.0
1976,0,Westernwear,jealous 21,2638.2167045910855,1699.0,44.84758845312988
1977,1,Westernwear,magre,2890.0,1734.0,40.0
1978,2,Westernwear,life,599.0,299.0,50.0
1979,3,Westernwear,emblaze,2638.2167045910855,4000.0,44.84758845312988
1980,4,Westernwear,vero moda,2799.0,1959.0,30.0
1981,5,Westernwear,forever new,3800.0,1900.0,50.0
1982,6,Westernwear,stop,999.0,499.0,50.0
1983,7,Westernwear,kraus,1895.0,1326.0,30.0
1984,8,Westernwear,life,399.0,199.0,50.0
1985,9,Westernwear,lovegen,1599.0,639.0,60.0
1986,10,Westernwear,madame,2399.0,1199.0,50.0
1987,11,Westernwear,latin quarters,1999.0,799.0,60.0
1988,12,Westernwear,life,1699.0,849.0,50.0
1989,13,Westernwear,jealous 21,2638.2167045910855,2299.0,44.84758845312988
1990,14,Westernwear,fratini,699.0,349.0,50.0
1991,15,Westernwear,infuse,699.0,419.0,40.0
1992,16,Westernwear,allen solly,1999.0,1499.0,25.0
1993,17,Westernwear,life,499.0,249.0,50.0
1994,18,Westernwear,levis,2638.2167045910855,1399.0,44.84758845312988
1995,19,Westernwear,and,1899.0,1709.0,10.0
1996,20,Westernwear,ivy,2499.0,1249.0,50.0
1997,21,Westernwear,levis,2638.2167045910855,3199.0,44.84758845312988
1999,23,Westernwear,rare,2399.0,1079.0,55.0
2000,24,Westernwear,madame,3599.0,2159.0,40.0
2001,25,Westernwear,cover story,1890.0,945.0,50.0
2002,0,Westernwear,zink london,1799.0,1079.0,40.0
2003,1,Westernwear,vero moda,1799.0,1439.0,20.0
2004,2,Westernwear,altlife,499.0,249.0,50.0
2005,3,Westernwear,zink london,1999.0,1199.0,40.0
2006,4,Westernwear,zink london,3199.0,999.0,69.0
2007,5,Westernwear,vero moda,2799.0,1959.0,30.0
2008,6,Westernwear,altlife,399.0,199.0,50.0
2009,7,Westernwear,latin quarters,3499.0,1749.0,50.0
2010,8,Westernwear,life,1299.0,649.0,50.0
2011,9,Westernwear,kraus,1895.0,1326.0,30.0
2012,10,Westernwear,allen solly,1999.0,1499.0,25.0
2013,11,Westernwear,sera,2494.0,872.0,65.0
2014,12,Westernwear,life,599.0,299.0,50.0
2015,13,Westernwear,fratini,999.0,499.0,50.0
2016,14,Westernwear,pepe,1999.0,1199.0,40.0
2017,15,Westernwear,stop,1299.0,649.0,50.0
2018,16,Westernwear,vero moda,2299.0,1839.0,20.0
2019,17,Westernwear,juniper,2499.0,999.0,60.0
2020,18,Westernwear,allen solly,1699.0,1019.0,40.0
2021,19,Westernwear,sera,2998.0,1349.0,55.0
2022,20,Westernwear,zink london,2399.0,1199.0,50.0
2023,21,Westernwear,zink z,2638.2167045910855,2699.0,44.84758845312988
2025,23,Westernwear,vero moda,1299.0,649.0,50.0
2026,24,Westernwear,vero moda,1899.0,1139.0,40.0
2027,25,Westernwear,kraus,1695.0,1525.0,10.0
2028,0,Westernwear,cover story,2638.2167045910855,2590.0,44.84758845312988
2029,1,Westernwear,sera,1398.0,699.0,50.0
2030,2,Westernwear,levis,2638.2167045910855,1999.0,44.84758845312988
2031,3,Westernwear,and,2499.0,1249.0,50.0
2032,4,Westernwear,and,1899.0,1519.0,20.0
2033,5,Westernwear,kraus,1695.0,1525.0,10.0
2034,6,Westernwear,only,3699.0,2589.0,30.0
2035,7,Westernwear,zink london,3299.0,1979.0,40.0
2036,8,Westernwear,kraus,2095.0,1885.0,10.0
2037,9,Westernwear,allen solly,1999.0,1599.0,20.0
2038,10,Westernwear,only,3499.0,1749.0,50.0
2039,11,Westernwear,kraus,1995.0,1396.0,30.0
2040,12,Westernwear,latin quarters,1299.0,499.0,62.0
2041,13,Westernwear,only,2499.0,1499.0,40.0
2042,14,Westernwear,zink london,2599.0,1299.0,50.0
2043,15,Westernwear,van heusen,2638.2167045910855,3599.0,44.84758845312988
2044,16,Westernwear,zink london,3499.0,1399.0,60.0
2045,17,Westernwear,faballey,1900.0,950.0,50.0
2046,18,Westernwear,zink london,1299.0,399.0,69.0
2047,19,Westernwear,vero moda,2599.0,1559.0,40.0
2048,20,Westernwear,van heusen,1899.0,999.0,47.0
2049,21,Westernwear,latin quarters,1499.0,499.0,67.0
2051,23,Westernwear,allen solly,1699.0,1019.0,40.0
2052,24,Westernwear,cover story,2638.2167045910855,2290.0,44.84758845312988
2053,25,Westernwear,forever new,6800.0,4760.0,30.0
2054,0,Westernwear,forever new,5800.0,3770.0,35.0
2055,1,Westernwear,madame,899.0,539.0,40.0
2056,2,Westernwear,cover story,2290.0,1374.0,40.0
2057,3,Westernwear,stop,899.0,449.0,50.0
2058,4,Westernwear,adidas,1799.0,1259.0,30.0
2059,5,Westernwear,kraus,1695.0,1186.0,30.0
2060,6,Westernwear,altlife,399.0,199.0,50.0
2061,7,Westernwear,sera,1594.0,717.0,55.0
2062,8,Westernwear,life,999.0,499.0,50.0
2063,9,Westernwear,altlife,599.0,299.0,50.0
2064,10,Westernwear,madame,1599.0,799.0,50.0
2065,11,Westernwear,insense,999.0,499.0,50.0
2066,12,Westernwear,zink london,2699.0,2159.0,20.0
2067,13,Westernwear,fratini,1499.0,749.0,50.0
2068,14,Westernwear,life,1199.0,599.0,50.0
2069,15,Westernwear,infuse,1299.0,779.0,40.0
2070,16,Westernwear,zink london,1999.0,799.0,60.0
2071,17,Westernwear,altlife,1299.0,649.0,50.0
2072,18,Westernwear,zink london,1599.0,499.0,69.0
2073,19,Westernwear,altlife,499.0,249.0,50.0
2074,20,Westernwear,zink london,2799.0,699.0,75.0
2075,21,Westernwear,zink london,2499.0,1499.0,40.0
2077,23,Westernwear,allen solly,2299.0,1379.0,40.0
2078,24,Westernwear,iti,1899.0,599.0,68.0
2079,25,Westernwear,life,999.0,499.0,50.0
2080,0,Westernwear,life,999.0,499.0,50.0
2081,1,Westernwear,and,1699.0,1359.0,20.0
2082,2,Westernwear,latin quarters,2638.2167045910855,1750.0,44.84758845312988
2083,3,Westernwear,faballey,2700.0,2160.0,20.0
2084,4,Westernwear,vero moda,2499.0,1749.0,30.0
2085,5,Westernwear,and,2699.0,1349.0,50.0
2086,6,Westernwear,kraus,1895.0,947.0,50.0
2087,7,Westernwear,magre,2199.0,1319.0,40.0
2088,8,Westernwear,levis,2638.2167045910855,2999.0,44.84758845312988
2089,9,Westernwear,spykar,2699.0,1889.0,30.0
2090,10,Westernwear,zink z,2638.2167045910855,1499.0,44.84758845312988
2091,11,Westernwear,zink london,2799.0,1679.0,40.0
2092,12,Westernwear,fratini,699.0,349.0,50.0
2093,13,Westernwear,altlife,499.0,249.0,50.0
2094,14,Westernwear,only,2799.0,1679.0,40.0
2095,15,Westernwear,van heusen,1699.0,999.0,41.0
2096,16,Westernwear,and,3499.0,1399.0,60.0
2097,17,Westernwear,vero moda,2638.2167045910855,2799.0,44.84758845312988
2098,18,Westernwear,infuse,699.0,419.0,40.0
2099,19,Westernwear,altlife,899.0,449.0,50.0
2100,20,Westernwear,only,2499.0,1999.0,20.0
2101,21,Westernwear,fratini,2638.2167045910855,1999.0,44.84758845312988
2103,23,Westernwear,sera,1698.0,679.0,60.0
2104,24,Westernwear,only,1299.0,909.0,30.0
2105,25,Westernwear,levis,2638.2167045910855,4999.0,44.84758845312988
2106,0,Westernwear,faballey,2400.0,1920.0,20.0
2107,1,Westernwear,vh flex,1299.0,399.0,69.0
2108,2,Westernwear,life,399.0,199.0,50.0
2109,3,Westernwear,zink london,1999.0,1199.0,40.0
2110,4,Westernwear,kraus,1395.0,697.0,50.0
2111,5,Westernwear,allen solly,2299.0,1839.0,20.0
2112,6,Westernwear,zink london,1899.0,1139.0,40.0
2113,7,Westernwear,fratini,699.0,349.0,50.0
2114,8,Westernwear,kraus,1895.0,1326.0,30.0
2115,9,Westernwear,iti,2638.2167045910855,1999.0,44.84758845312988
2116,10,Westernwear,fratini,1299.0,649.0,50.0
2117,11,Westernwear,life,599.0,299.0,50.0
2118,12,Westernwear,vero moda,3499.0,2449.0,30.0
2119,13,Westernwear,zink london,2199.0,1319.0,40.0
2120,14,Westernwear,life,999.0,499.0,50.0
2121,15,Westernwear,rare,1599.0,639.0,60.0
2122,16,Westernwear,rare,1499.0,599.0,60.0
2123,17,Westernwear,forever new,2400.0,1680.0,30.0
2124,18,Westernwear,reebok,1599.0,799.0,50.0
2125,19,Westernwear,myshka,1899.0,569.0,70.0
2126,20,Westernwear,stop,999.0,499.0,50.0
2127,21,Westernwear,life,499.0,249.0,50.0
2129,23,Westernwear,forever new,2638.2167045910855,4600.0,44.84758845312988
2130,24,Westernwear,zink london,2999.0,1799.0,40.0
2131,25,Westernwear,and,2699.0,2159.0,20.0
2132,0,Westernwear,altlife,799.0,399.0,50.0
2133,1,Westernwear,zink london,1399.0,839.0,40.0
2134,2,Westernwear,vero moda,3299.0,2309.0,30.0
2135,3,Westernwear,adidas,1499.0,749.0,50.0
2136,4,Westernwear,madame,1199.0,719.0,40.0
2137,5,Westernwear,latin quarters,2999.0,1499.0,50.0
2138,6,Westernwear,kraus,1695.0,1525.0,10.0
2139,7,Westernwear,and,2099.0,1679.0,20.0
2140,8,Westernwear,kraus,1895.0,947.0,50.0
2141,9,Westernwear,vero moda,2999.0,1799.0,40.0
2142,10,Westernwear,vero moda,2499.0,1999.0,20.0
2143,11,Westernwear,faballey,2600.0,1300.0,50.0
2144,12,Westernwear,fratini,1299.0,649.0,50.0
2145,13,Westernwear,altlife,399.0,199.0,50.0
2146,14,Westernwear,adidas,1599.0,799.0,50.0
2147,15,Westernwear,iti,2638.2167045910855,2699.0,44.84758845312988
2148,16,Westernwear,zink london,1699.0,1019.0,40.0
2149,17,Westernwear,forever new,2600.0,1820.0,30.0
2150,18,Westernwear,infuse,999.0,499.0,50.0
2151,19,Westernwear,only,2499.0,1499.0,40.0
2152,20,Westernwear,only,1699.0,1019.0,40.0
2153,21,Westernwear,only,3699.0,2219.0,40.0
2155,23,Westernwear,life,149.0,74.0,50.0
2156,24,Westernwear,femina flaunt,2638.2167045910855,1699.0,44.84758845312988
2157,25,Westernwear,levis,2638.2167045910855,1999.0,44.84758845312988
2158,0,Westernwear,infuse,599.0,299.0,50.0
2159,1,Westernwear,and,2638.2167045910855,2099.0,44.84758845312988
2160,2,Westernwear,zink london,2699.0,1619.0,40.0
2161,3,Westernwear,rare,1899.0,854.0,55.0
2162,4,Westernwear,and,2799.0,1119.0,60.0
2163,5,Westernwear,zink london,1699.0,1019.0,40.0
2164,6,Westernwear,zink london,1399.0,839.0,40.0
2165,7,Westernwear,cover story,2490.0,1494.0,40.0
2166,8,Westernwear,only,4499.0,3149.0,30.0
2167,9,Westernwear,madame,899.0,539.0,40.0
2168,10,Westernwear,iti,2638.2167045910855,2799.0,44.84758845312988
2169,11,Westernwear,life,999.0,499.0,50.0
2170,12,Westernwear,latin quarters,2399.0,1679.0,30.0
2171,13,Westernwear,van heusen,1499.0,999.0,33.0
2172,14,Westernwear,only,2799.0,1959.0,30.0
2173,15,Westernwear,lovegen,1299.0,389.0,70.0
2174,16,Westernwear,van heusen,1699.0,999.0,41.0
2175,17,Westernwear,latin quarters,2638.2167045910855,2799.0,44.84758845312988
2176,18,Westernwear,infuse,3199.0,959.0,70.0
2177,19,Westernwear,faballey,1400.0,1120.0,20.0
2178,20,Westernwear,vero moda,2499.0,1749.0,30.0
2179,21,Westernwear,kraus,1399.0,1259.0,10.0
2181,23,Westernwear,adidas,1499.0,1049.0,30.0
2182,24,Westernwear,and,2899.0,2319.0,20.0
2183,25,Westernwear,van heusen,1699.0,999.0,41.0
2184,0,Westernwear,zink london,2999.0,1799.0,40.0
2185,1,Westernwear,indya,3950.0,1975.0,50.0
2186,2,Westernwear,zink london,2299.0,1379.0,40.0
2187,3,Westernwear,and,2299.0,1839.0,20.0
2188,4,Westernwear,and,3699.0,2959.0,20.0
2189,5,Westernwear,indya,1950.0,975.0,50.0
2190,6,Westernwear,fratini,2638.2167045910855,1599.0,44.84758845312988
2191,7,Westernwear,levis,2638.2167045910855,2899.0,44.84758845312988
2192,8,Westernwear,kraus,1895.0,1326.0,30.0
2193,9,Westernwear,zink london,3499.0,1399.0,60.0
2194,10,Westernwear,zink london,2299.0,1839.0,20.0
2195,11,Westernwear,madame,999.0,699.0,30.0
2196,12,Westernwear,cover story,1590.0,990.0,38.0
2197,13,Westernwear,and,2099.0,1679.0,20.0
2198,14,Westernwear,and,1899.0,1329.0,30.0
2199,15,Westernwear,allen solly,3799.0,2279.0,40.0
2200,16,Westernwear,w,2638.2167045910855,3999.0,44.84758845312988
2201,17,Westernwear,van heusen,3499.0,1999.0,43.0
2202,18,Westernwear,altlife,899.0,449.0,50.0
2203,19,Westernwear,fratini,2638.2167045910855,2199.0,44.84758845312988
2204,20,Westernwear,madame,3699.0,1849.0,50.0
2205,21,Westernwear,insense,699.0,349.0,50.0
2207,23,Westernwear,faballey,2600.0,1300.0,50.0
2208,24,Westernwear,cover story,2638.2167045910855,1990.0,44.84758845312988
2209,25,Westernwear,zink london,1599.0,399.0,75.0
2210,0,Westernwear,stop,2999.0,1499.0,50.0
2211,1,Westernwear,and,2299.0,1839.0,20.0
2212,2,Westernwear,insense,399.0,199.0,50.0
2213,3,Westernwear,and,2638.2167045910855,2499.0,44.84758845312988
2214,4,Westernwear,insense,1199.0,599.0,50.0
2215,5,Westernwear,zink london,2399.0,699.0,71.0
2216,6,Westernwear,forever new,3200.0,1760.0,45.0
2217,7,Westernwear,life,1299.0,649.0,50.0
2218,8,Westernwear,rare,1599.0,639.0,60.0
2219,9,Westernwear,rare,2099.0,944.0,55.0
2220,10,Westernwear,and,2638.2167045910855,5499.0,44.84758845312988
2221,11,Westernwear,zink london,2799.0,1399.0,50.0
2222,12,Westernwear,fratini,1499.0,749.0,50.0
2223,13,Westernwear,cover story,3490.0,2443.0,30.0
2224,14,Westernwear,only,2299.0,1609.0,30.0
2225,15,Westernwear,vero moda,2499.0,1499.0,40.0
2226,16,Westernwear,latin quarters,1499.0,1049.0,30.0
2227,17,Westernwear,life,399.0,199.0,50.0
2228,18,Westernwear,zink london,2299.0,1149.0,50.0
2229,19,Westernwear,zink london,2199.0,1319.0,40.0
2230,20,Westernwear,vero moda,2638.2167045910855,4299.0,44.84758845312988
2231,21,Westernwear,altlife,999.0,499.0,50.0
2233,23,Westernwear,infuse,1499.0,599.0,60.0
2234,24,Westernwear,latin quarters,1399.0,699.0,50.0
2235,25,Westernwear,jealous 21,2638.2167045910855,2199.0,44.84758845312988
2236,0,Westernwear,faballey,2450.0,1960.0,20.0
2237,1,Westernwear,allen solly,1699.0,1019.0,40.0
2238,2,Westernwear,life,499.0,249.0,50.0
2239,3,Westernwear,stop,1299.0,649.0,50.0
2240,4,Westernwear,only,1499.0,749.0,50.0
2241,5,Westernwear,vero moda,2299.0,1379.0,40.0
2242,6,Westernwear,and,5499.0,2749.0,50.0
2243,7,Westernwear,enamor,949.0,664.0,30.0
2244,8,Westernwear,levis,2638.2167045910855,2999.0,44.84758845312988
2245,9,Westernwear,van heusen,2499.0,999.0,60.0
2246,10,Westernwear,and,2699.0,2429.0,10.0
2247,11,Westernwear,faballey,2500.0,2000.0,20.0
2248,12,Westernwear,dolce crudo,2349.0,939.0,60.0
2249,13,Westernwear,altlife,599.0,299.0,50.0
2250,14,Westernwear,latin quarters,1750.0,799.0,54.0
2251,15,Westernwear,and,2099.0,1679.0,20.0
2252,16,Westernwear,sera,1694.0,677.0,60.0
2253,17,Westernwear,magre,3890.0,2139.0,45.0
2254,18,Westernwear,van heusen,999.0,799.0,20.0
2255,19,Westernwear,only,1299.0,779.0,40.0
2256,20,Westernwear,life,1299.0,649.0,50.0
2257,21,Westernwear,and,1899.0,1519.0,20.0
2259,23,Westernwear,zink london,2299.0,919.0,60.0
2260,24,Westernwear,kraus,1895.0,947.0,50.0
2261,25,Westernwear,lovegen,1299.0,389.0,70.0
2262,0,Westernwear,vero moda,3499.0,2449.0,30.0
2263,1,Westernwear,madame,1799.0,1259.0,30.0
2264,2,Westernwear,iti,2638.2167045910855,2099.0,44.84758845312988
2265,3,Westernwear,levis,2638.2167045910855,4299.0,44.84758845312988
2266,4,Westernwear,zink london,1599.0,959.0,40.0
2267,5,Westernwear,jealous 21,2638.2167045910855,1099.0,44.84758845312988
2268,6,Westernwear,zink london,2499.0,1499.0,40.0
2269,7,Westernwear,altlife,899.0,449.0,50.0
2270,8,Westernwear,latin quarters,2899.0,1449.0,50.0
2271,9,Westernwear,zink london,1999.0,999.0,50.0
2272,10,Westernwear,rare,2499.0,999.0,60.0
2273,11,Westernwear,sera,1294.0,647.0,50.0
2274,12,Westernwear,forever new,3200.0,2240.0,30.0
2275,13,Westernwear,faballey,2400.0,1920.0,20.0
2276,14,Westernwear,levis,2638.2167045910855,1099.0,44.84758845312988
2277,15,Westernwear,infuse,999.0,499.0,50.0
2278,16,Westernwear,and,1699.0,1359.0,20.0
2279,17,Westernwear,life,1299.0,649.0,50.0
2280,18,Westernwear,altlife,1299.0,649.0,50.0
2281,19,Westernwear,and,2638.2167045910855,3299.0,44.84758845312988
2282,20,Westernwear,life,1699.0,849.0,50.0
2283,21,Westernwear,cover story,1790.0,1253.0,30.0
2285,23,Westernwear,life,999.0,499.0,50.0
2286,24,Westernwear,sera,1898.0,759.0,60.0
2287,25,Westernwear,zink london,1899.0,759.0,60.0
2288,0,Westernwear,van heusen,2638.2167045910855,1799.0,44.84758845312988
2289,1,Westernwear,madame,2899.0,1739.0,40.0
2290,2,Westernwear,latin quarters,2899.0,1449.0,50.0
2291,3,Westernwear,forever new,4600.0,3680.0,20.0
2292,4,Westernwear,fratini,2638.2167045910855,1699.0,44.84758845312988
2293,5,Westernwear,faballey,1950.0,975.0,50.0
2294,6,Westernwear,kraus,1495.0,1046.0,30.0
2295,7,Westernwear,zink london,1499.0,899.0,40.0
2296,8,Westernwear,vero moda,2638.2167045910855,3499.0,44.84758845312988
2297,9,Westernwear,altlife,799.0,399.0,50.0
2298,10,Westernwear,life,499.0,249.0,50.0
2299,11,Westernwear,life,1499.0,749.0,50.0
2300,12,Westernwear,and,1699.0,849.0,50.0
2301,13,Westernwear,fratini,2638.2167045910855,1699.0,44.84758845312988
2302,14,Westernwear,cover story,1990.0,995.0,50.0
2303,15,Westernwear,zink london,1599.0,959.0,40.0
2304,16,Westernwear,only,1799.0,1079.0,40.0
2305,17,Westernwear,altlife,1299.0,649.0,50.0
2306,18,Westernwear,rare,1599.0,639.0,60.0
2307,19,Westernwear,life,1499.0,749.0,50.0
2308,20,Westernwear,vero moda,2299.0,1839.0,20.0
2309,21,Westernwear,vero moda,3799.0,3039.0,20.0
2311,23,Westernwear,only,2499.0,1499.0,40.0
2312,24,Westernwear,magre,2390.0,1434.0,40.0
2313,25,Westernwear,forever new,2638.2167045910855,3000.0,44.84758845312988
2314,0,Westernwear,109f,1899.0,569.0,70.0
2315,1,Westernwear,and,2638.2167045910855,4899.0,44.84758845312988
2316,2,Westernwear,crimsoune club,1399.0,979.0,30.0
2317,3,Westernwear,enamor,1599.0,1119.0,30.0
2318,4,Westernwear,life,1199.0,599.0,50.0
2319,5,Westernwear,forever new,2638.2167045910855,7000.0,44.84758845312988
2320,6,Westernwear,faballey,1950.0,1560.0,20.0
2321,7,Westernwear,faballey,739.0,369.0,50.0
2322,8,Westernwear,latin quarters,1499.0,499.0,67.0
2323,9,Westernwear,allen solly,1999.0,1599.0,20.0
2324,10,Westernwear,adidas,2499.0,1749.0,30.0
2325,11,Westernwear,zink london,3499.0,2099.0,40.0
2326,12,Westernwear,zink london,1499.0,899.0,40.0
2327,13,Westernwear,infuse,499.0,199.0,60.0
2328,14,Westernwear,dolce crudo,2499.0,1124.0,55.0
2329,15,Westernwear,zink london,1599.0,799.0,50.0
2330,16,Westernwear,stop,4499.0,2249.0,50.0
2331,17,Westernwear,and,2299.0,2069.0,10.0
2332,18,Westernwear,van heusen,1699.0,999.0,41.0
2333,19,Westernwear,kraus,1895.0,1326.0,30.0
2334,20,Westernwear,allen solly,3799.0,2799.0,26.0
2335,21,Westernwear,vero moda,2638.2167045910855,1999.0,44.84758845312988
2337,23,Westernwear,pepe,2599.0,1559.0,40.0
2338,24,Westernwear,life,999.0,499.0,50.0
2339,25,Westernwear,altlife,499.0,249.0,50.0
2340,0,Westernwear,fratini,2638.2167045910855,1799.0,44.84758845312988
2341,1,Westernwear,allen solly,1699.0,1019.0,40.0
2342,2,Westernwear,only,2638.2167045910855,999.0,44.84758845312988
2343,3,Westernwear,and,1299.0,1039.0,20.0
2344,4,Westernwear,latin quarters,2638.2167045910855,2499.0,44.84758845312988
2345,5,Westernwear,and,3699.0,2959.0,20.0
2346,6,Westernwear,life,799.0,399.0,50.0
2347,7,Westernwear,life,1199.0,599.0,50.0
2348,8,Westernwear,insense,1199.0,599.0,50.0
2349,9,Westernwear,altlife,399.0,199.0,50.0
2350,10,Westernwear,van heusen,2638.2167045910855,3999.0,44.84758845312988
2351,11,Westernwear,latin quarters,2699.0,1349.0,50.0
2352,12,Westernwear,rare,1199.0,539.0,55.0
2353,13,Westernwear,madame,1299.0,779.0,40.0
2354,14,Westernwear,infuse,999.0,499.0,50.0
2355,15,Westernwear,life,1699.0,849.0,50.0
2356,16,Westernwear,life,1699.0,849.0,50.0
2357,17,Westernwear,van heusen,2638.2167045910855,1499.0,44.84758845312988
2358,18,Westernwear,only,1499.0,899.0,40.0
2359,19,Westernwear,life,699.0,349.0,50.0
2360,20,Westernwear,fratini,599.0,299.0,50.0
2361,21,Westernwear,zink london,1699.0,679.0,60.0
2363,23,Westernwear,and,2699.0,1889.0,30.0
2364,24,Westernwear,latin quarters,1299.0,499.0,62.0
2365,25,Westernwear,zink london,2299.0,1379.0,40.0
2366,0,Westernwear,zink london,1599.0,959.0,40.0
2367,1,Westernwear,levis,2638.2167045910855,4599.0,44.84758845312988
2368,2,Westernwear,enamor,1049.0,734.0,30.0
2369,3,Westernwear,van heusen,1799.0,999.0,44.0
2370,4,Westernwear,madame,1199.0,839.0,30.0
2371,5,Westernwear,only,1499.0,899.0,40.0
2372,6,Westernwear,van heusen,2638.2167045910855,1999.0,44.84758845312988
2373,7,Westernwear,zink london,2299.0,1379.0,40.0
2374,8,Westernwear,altlife,999.0,499.0,50.0
2375,9,Westernwear,van heusen,1499.0,999.0,33.0
2376,10,Westernwear,only,3999.0,3199.0,20.0
2377,11,Westernwear,infuse,1499.0,749.0,50.0
2378,12,Westernwear,insense,999.0,499.0,50.0
2379,13,Westernwear,and,2499.0,999.0,60.0
2380,14,Westernwear,and,1899.0,1519.0,20.0
2381,15,Westernwear,latin quarters,2699.0,799.0,70.0
2382,16,Westernwear,latin quarters,2499.0,799.0,68.0
2383,17,Westernwear,life,1299.0,649.0,50.0
2384,18,Westernwear,vero moda,2699.0,2159.0,20.0
2385,19,Westernwear,van heusen,1299.0,999.0,23.0
2386,20,Westernwear,stop,2638.2167045910855,1299.0,44.84758845312988
2387,21,Westernwear,van heusen,1699.0,999.0,41.0
2389,23,Westernwear,w,1899.0,1424.0,25.0
2390,24,Westernwear,gipsy,1395.0,976.0,30.0
2391,25,Westernwear,emblaze,2638.2167045910855,3000.0,44.84758845312988
2392,0,Westernwear,cover story,1990.0,1194.0,40.0
2393,1,Westernwear,faballey,2400.0,1920.0,20.0
2394,2,Westernwear,altlife,399.0,199.0,50.0
2395,3,Westernwear,life,699.0,349.0,50.0
2396,4,Westernwear,sera,1694.0,508.0,70.0
2397,5,Westernwear,latin quarters,2399.0,799.0,67.0
2398,6,Westernwear,zink london,2799.0,1679.0,40.0
2399,7,Westernwear,fratini,1199.0,599.0,50.0
2400,8,Westernwear,forever new,2638.2167045910855,8000.0,44.84758845312988
2401,9,Westernwear,zink london,1599.0,959.0,40.0
2402,10,Westernwear,zink london,2899.0,1739.0,40.0
2403,11,Westernwear,only,2299.0,1149.0,50.0
2404,12,Westernwear,altlife,1299.0,649.0,50.0
2405,13,Westernwear,levis,2638.2167045910855,2899.0,44.84758845312988
2406,14,Westernwear,spykar,2199.0,1539.0,30.0
2407,15,Westernwear,and,2299.0,1839.0,20.0
2408,16,Westernwear,allen solly,1299.0,1039.0,20.0
2409,17,Westernwear,zink london,1399.0,839.0,40.0
2410,18,Westernwear,latin quarters,1699.0,849.0,50.0
2411,19,Westernwear,levis,2638.2167045910855,999.0,44.84758845312988
2412,20,Westernwear,fratini,1199.0,599.0,50.0
2413,21,Westernwear,zink london,2599.0,1299.0,50.0
2415,23,Westernwear,life,999.0,499.0,50.0
2416,24,Westernwear,and,2099.0,1469.0,30.0
2417,25,Westernwear,and,2899.0,1449.0,50.0
2418,0,Westernwear,latin quarters,1999.0,799.0,60.0
2419,1,Westernwear,only,1799.0,1079.0,40.0
2420,2,Westernwear,only,2499.0,1749.0,30.0
2421,3,Westernwear,forever new,3400.0,1700.0,50.0
2422,4,Westernwear,only,2499.0,1749.0,30.0
2423,5,Westernwear,levis,2638.2167045910855,3699.0,44.84758845312988
2424,6,Westernwear,sera,1194.0,477.0,60.0
2425,7,Westernwear,and,3499.0,2799.0,20.0
2426,8,Westernwear,and,5299.0,3444.0,35.0
2427,9,Westernwear,van heusen,2638.2167045910855,3599.0,44.84758845312988
2428,10,Westernwear,zink london,1699.0,679.0,60.0
2429,11,Westernwear,zink london,1799.0,1079.0,40.0
2430,12,Westernwear,fratini,1499.0,749.0,50.0
2431,13,Westernwear,van heusen,4299.0,2999.0,30.0
2432,14,Westernwear,and,1799.0,899.0,50.0
2433,15,Westernwear,life,1499.0,749.0,50.0
2434,16,Westernwear,latin quarters,2799.0,1959.0,30.0
2435,17,Westernwear,and,1399.0,1119.0,20.0
2436,18,Westernwear,dolce crudo,2349.0,939.0,60.0
2437,19,Westernwear,zink london,2999.0,1799.0,40.0
2438,20,Westernwear,allen solly,1299.0,1039.0,20.0
2439,21,Westernwear,faballey,1600.0,1280.0,20.0
2441,23,Westernwear,fratini,2638.2167045910855,1199.0,44.84758845312988
2442,24,Westernwear,madame,1299.0,909.0,30.0
2443,25,Westernwear,forever new,2638.2167045910855,3600.0,44.84758845312988
2444,0,Westernwear,zink london,1999.0,1199.0,40.0
2445,1,Westernwear,zink london,1499.0,899.0,40.0
2446,2,Westernwear,kraus,1295.0,906.0,30.0
2447,3,Westernwear,and,3099.0,2479.0,20.0
2448,4,Westernwear,fratini,2638.2167045910855,1599.0,44.84758845312988
2449,5,Westernwear,kraus,1595.0,1435.0,10.0
2450,6,Westernwear,infuse,999.0,499.0,50.0
2451,7,Westernwear,zink london,1899.0,1139.0,40.0
2452,8,Westernwear,vero moda,2638.2167045910855,3799.0,44.84758845312988
2453,9,Westernwear,vero moda,3499.0,2099.0,40.0
2454,10,Westernwear,allen solly,3799.0,3039.0,20.0
2455,11,Westernwear,only,2499.0,1749.0,30.0
2456,12,Westernwear,zink london,2999.0,1799.0,40.0
2457,13,Westernwear,kraus,1499.0,1349.0,10.0
2458,14,Westernwear,and,2099.0,1679.0,20.0
2459,15,Westernwear,vero moda,2799.0,1959.0,30.0
2460,16,Westernwear,samshek,2638.2167045910855,3190.0,44.84758845312988
2461,17,Westernwear,vero moda,1799.0,899.0,50.0
2462,18,Westernwear,stop,999.0,499.0,50.0
2463,19,Westernwear,and,3899.0,3509.0,10.0
2464,20,Westernwear,van heusen,2638.2167045910855,2199.0,44.84758845312988
2465,21,Westernwear,altlife,1299.0,649.0,50.0
2467,23,Westernwear,kraus,1595.0,797.0,50.0
2468,24,Westernwear,and,1899.0,1519.0,20.0
2469,25,Westernwear,kraus,1895.0,1705.0,10.0
2470,0,Westernwear,life,999.0,499.0,50.0
2471,1,Westernwear,infuse,899.0,359.0,60.0
2472,2,Westernwear,pepe,999.0,599.0,40.0
2473,3,Westernwear,global desi,1999.0,599.0,70.0
2474,4,Westernwear,latin quarters,1499.0,749.0,50.0
2475,5,Westernwear,zink london,2999.0,599.0,80.0
2476,6,Westernwear,latin quarters,2899.0,1449.0,50.0
2477,7,Westernwear,zink london,1499.0,599.0,60.0
2478,8,Westernwear,infuse,999.0,599.0,40.0
2479,9,Westernwear,madame,2799.0,1959.0,30.0
2480,10,Westernwear,kraus,1795.0,897.0,50.0
2481,11,Westernwear,samshek,2880.0,1296.0,55.0
2482,12,Westernwear,altlife,499.0,249.0,50.0
2483,13,Westernwear,infuse,399.0,199.0,50.0
2484,14,Westernwear,life,1299.0,649.0,50.0
2485,15,Westernwear,forever new,7000.0,4900.0,30.0
2486,16,Westernwear,altlife,399.0,199.0,50.0
2487,17,Westernwear,fratini,1299.0,649.0,50.0
2488,18,Westernwear,life,699.0,349.0,50.0
2489,19,Westernwear,kraus,1595.0,1435.0,10.0
2490,20,Westernwear,fratini,899.0,449.0,50.0
2491,21,Westernwear,gipsy,1995.0,1396.0,30.0
2493,23,Westernwear,life,999.0,499.0,50.0
2494,24,Westernwear,and,3799.0,1899.0,50.0
2495,25,Westernwear,zink london,1599.0,799.0,50.0
2496,0,Westernwear,haute curry,1499.0,749.0,50.0
2497,1,Westernwear,indya,1500.0,750.0,50.0
2498,2,Westernwear,faballey,2500.0,2000.0,20.0
2499,3,Westernwear,kraus,2095.0,1466.0,30.0
2500,4,Westernwear,reebok,1099.0,549.0,50.0
2501,5,Westernwear,proline,799.0,399.0,50.0
2502,6,Westernwear,stop,2638.2167045910855,1299.0,44.84758845312988
2503,7,Westernwear,faballey,2200.0,1100.0,50.0
2504,8,Westernwear,life,299.0,149.0,50.0
2505,9,Westernwear,stop,999.0,499.0,50.0
2506,10,Westernwear,only,2499.0,1999.0,20.0
2507,11,Westernwear,only,4299.0,3009.0,30.0
2508,12,Westernwear,madame,1699.0,1189.0,30.0
2509,13,Westernwear,stop,999.0,499.0,50.0
2510,14,Westernwear,allen solly,2299.0,1379.0,40.0
2511,15,Westernwear,only,1799.0,1079.0,40.0
2512,16,Westernwear,cover story,990.0,693.0,30.0
2513,17,Westernwear,life,999.0,499.0,50.0
2514,18,Westernwear,levis,2638.2167045910855,3699.0,44.84758845312988
2515,19,Westernwear,adidas,1299.0,909.0,30.0
2516,20,Westernwear,allen solly,1599.0,959.0,40.0
2517,21,Westernwear,crimsoune club,1999.0,999.0,50.0
2519,23,Westernwear,kraus,1795.0,897.0,50.0
2520,24,Westernwear,pepe,2499.0,1499.0,40.0
2521,25,Westernwear,only,2699.0,2159.0,20.0
2522,0,Westernwear,emblaze,2638.2167045910855,3000.0,44.84758845312988
2523,1,Westernwear,life,399.0,199.0,50.0
2524,2,Westernwear,madame,2638.2167045910855,899.0,44.84758845312988
2525,3,Westernwear,kraus,1199.0,599.0,50.0
2526,4,Westernwear,only,2299.0,1609.0,30.0
2527,5,Westernwear,madame,999.0,499.0,50.0
2528,6,Westernwear,zink london,2499.0,1499.0,40.0
2529,7,Westernwear,zink london,2499.0,1499.0,40.0
2530,8,Westernwear,zink london,1899.0,759.0,60.0
2531,9,Westernwear,insense,399.0,199.0,50.0
2532,10,Westernwear,infuse,699.0,419.0,40.0
2533,11,Westernwear,zink london,2799.0,1399.0,50.0
2534,12,Westernwear,zink london,2299.0,699.0,70.0
2535,13,Westernwear,madame,1999.0,1199.0,40.0
2536,14,Westernwear,altlife,899.0,449.0,50.0
2537,15,Westernwear,gipsy,1995.0,1396.0,30.0
2538,16,Westernwear,reebok,1199.0,599.0,50.0
2539,17,Westernwear,vero moda,3799.0,3039.0,20.0
2540,18,Westernwear,spykar,2499.0,1749.0,30.0
2541,19,Westernwear,kraus,1995.0,1795.0,10.0
2542,20,Westernwear,vero moda,999.0,499.0,50.0
2543,21,Westernwear,levis,2638.2167045910855,2999.0,44.84758845312988
2545,23,Westernwear,madame,999.0,599.0,40.0
2546,24,Westernwear,zink london,1399.0,839.0,40.0
2547,25,Westernwear,vero moda,3999.0,2399.0,40.0
2548,0,Westernwear,insense,399.0,199.0,50.0
2549,1,Westernwear,only,1499.0,1049.0,30.0
2550,2,Westernwear,kraus,1299.0,649.0,50.0
2551,3,Westernwear,vero moda,1999.0,1599.0,20.0
2552,4,Westernwear,only,2499.0,1749.0,30.0
2553,5,Westernwear,only,3499.0,2449.0,30.0
2554,6,Westernwear,stop,1199.0,599.0,50.0
2555,7,Westernwear,life,1499.0,749.0,50.0
2556,8,Westernwear,puma,1799.0,1259.0,30.0
2557,9,Westernwear,rare,2699.0,1079.0,60.0
2558,10,Westernwear,zink london,2399.0,1439.0,40.0
2559,11,Westernwear,stop,2638.2167045910855,999.0,44.84758845312988
2560,12,Westernwear,latin quarters,1599.0,499.0,69.0
2561,13,Westernwear,lovegen,1599.0,639.0,60.0
2562,14,Westernwear,enamor,1049.0,734.0,30.0
2563,15,Westernwear,forever new,2638.2167045910855,4200.0,44.84758845312988
2564,16,Westernwear,and,3299.0,1649.0,50.0
2565,17,Westernwear,faballey,2100.0,1050.0,50.0
2566,18,Westernwear,vero moda,2999.0,2399.0,20.0
2567,19,Westernwear,puma,1799.0,1259.0,30.0
2568,20,Westernwear,only,2699.0,1349.0,50.0
2569,21,Westernwear,zink london,1499.0,899.0,40.0
2571,23,Westernwear,zink london,1599.0,639.0,60.0
2572,24,Westernwear,latin quarters,1999.0,999.0,50.0
2573,25,Westernwear,altlife,499.0,249.0,50.0
2574,0,Westernwear,only,3299.0,2309.0,30.0
2575,1,Westernwear,fratini,1299.0,649.0,50.0
2576,2,Westernwear,rare,1499.0,599.0,60.0
2577,3,Westernwear,madame,1899.0,949.0,50.0
2578,4,Westernwear,adidas,1999.0,1399.0,30.0
2579,5,Westernwear,and,3099.0,2789.0,10.0
2580,6,Westernwear,zink london,1499.0,599.0,60.0
2581,7,Westernwear,zink london,1599.0,639.0,60.0
2582,8,Westernwear,latin quarters,1399.0,499.0,64.0
2583,9,Westernwear,allen solly,1099.0,799.0,27.0
2584,10,Westernwear,zink london,1499.0,899.0,40.0
2585,11,Westernwear,fratini,1299.0,649.0,50.0
2586,12,Westernwear,and,2499.0,1999.0,20.0
2587,13,Westernwear,zink z,2638.2167045910855,2199.0,44.84758845312988
2588,14,Westernwear,allen solly,1599.0,959.0,40.0
2589,15,Westernwear,fratini,2638.2167045910855,1499.0,44.84758845312988
2590,16,Westernwear,kraus,1895.0,1326.0,30.0
2591,17,Westernwear,cover story,1290.0,903.0,30.0
2592,18,Westernwear,life,1099.0,549.0,50.0
2593,19,Westernwear,infuse,999.0,599.0,40.0
2594,20,Westernwear,only,4499.0,2249.0,50.0
2595,21,Westernwear,life,1299.0,649.0,50.0
2597,23,Westernwear,rare,1599.0,639.0,60.0
2598,24,Westernwear,juniper,1899.0,569.0,70.0
2599,25,Westernwear,only,1299.0,779.0,40.0
2600,0,Westernwear,cover story,990.0,693.0,30.0
2601,1,Westernwear,latin quarters,2399.0,799.0,67.0
2602,2,Westernwear,zink london,1599.0,799.0,50.0
2603,3,Westernwear,life,1199.0,599.0,50.0
2604,4,Westernwear,vero moda,2499.0,1749.0,30.0
2605,5,Westernwear,allen solly,1799.0,1499.0,17.0
2606,6,Westernwear,sera,1398.0,699.0,50.0
2607,7,Westernwear,madame,1199.0,599.0,50.0
2608,8,Westernwear,latin quarters,2399.0,1199.0,50.0
2609,9,Westernwear,forever new,6800.0,4760.0,30.0
2610,10,Westernwear,zink london,3299.0,1979.0,40.0
2611,11,Westernwear,and,1299.0,649.0,50.0
2612,12,Westernwear,zink london,1799.0,399.0,78.0
2613,13,Westernwear,reebok,1799.0,899.0,50.0
2614,14,Westernwear,life,999.0,499.0,50.0
2615,15,Westernwear,zink london,1599.0,959.0,40.0
2616,16,Westernwear,zink london,2399.0,959.0,60.0
2617,17,Westernwear,altlife,499.0,249.0,50.0
2618,18,Westernwear,marie claire,1499.0,674.0,55.0
2619,19,Westernwear,and,3999.0,3199.0,20.0
2620,20,Westernwear,and,2499.0,999.0,60.0
2621,21,Westernwear,life,599.0,299.0,50.0
2623,23,Westernwear,madame,1599.0,799.0,50.0
2624,24,Westernwear,zink london,1899.0,1139.0,40.0
2625,25,Westernwear,life,1299.0,649.0,50.0
2626,0,Westernwear,fratini,2638.2167045910855,2499.0,44.84758845312988
2627,1,Westernwear,infuse,1499.0,599.0,60.0
2628,2,Westernwear,altlife,1299.0,649.0,50.0
2629,3,Westernwear,altlife,599.0,299.0,50.0
2630,4,Westernwear,altlife,1299.0,649.0,50.0
2631,5,Westernwear,forever new,3600.0,2340.0,35.0
2632,6,Westernwear,iti,2638.2167045910855,2999.0,44.84758845312988
2633,7,Westernwear,altlife,1499.0,749.0,50.0
2634,8,Westernwear,altlife,399.0,199.0,50.0
2635,9,Westernwear,campus sutra,2638.2167045910855,1999.0,44.84758845312988
2636,10,Westernwear,pepe,2299.0,1379.0,40.0
2637,11,Westernwear,pepe,2599.0,1559.0,40.0
2638,12,Westernwear,stop,2638.2167045910855,1999.0,44.84758845312988
2639,13,Westernwear,indya,1400.0,1120.0,20.0
2640,14,Westernwear,and,1999.0,799.0,60.0
2641,15,Westernwear,zink london,2999.0,1199.0,60.0
2642,16,Westernwear,latin quarters,2499.0,1249.0,50.0
2643,17,Westernwear,zink london,1599.0,799.0,50.0
2644,18,Westernwear,stop,2638.2167045910855,1299.0,44.84758845312988
2645,19,Westernwear,madame,1699.0,849.0,50.0
2646,20,Westernwear,and,2499.0,1999.0,20.0
2647,21,Westernwear,allen solly,1999.0,1199.0,40.0
2649,23,Westernwear,and,2299.0,2069.0,10.0
2650,24,Westernwear,infuse,799.0,319.0,60.0
2651,25,Westernwear,levis,2638.2167045910855,3699.0,44.84758845312988
2652,0,Westernwear,and,3099.0,2479.0,20.0
2653,1,Westernwear,and,2699.0,2159.0,20.0
2654,2,Westernwear,latin quarters,1699.0,1189.0,30.0
2655,3,Westernwear,allen solly,3499.0,2799.0,20.0
2656,4,Westernwear,samshek,2490.0,1992.0,20.0
2657,5,Westernwear,kraus,1895.0,1326.0,30.0
2658,6,Westernwear,zink london,2999.0,1199.0,60.0
2659,7,Westernwear,zink london,2299.0,919.0,60.0
2660,8,Westernwear,life,399.0,199.0,50.0
2661,9,Westernwear,sera,1594.0,637.0,60.0
2662,10,Westernwear,vero moda,2638.2167045910855,2299.0,44.84758845312988
2663,11,Westernwear,vero moda,4799.0,2879.0,40.0
2664,12,Westernwear,latin quarters,2999.0,2099.0,30.0
2665,13,Westernwear,magre,2290.0,1374.0,40.0
2666,14,Westernwear,life,999.0,499.0,50.0
2667,15,Westernwear,faballey,2600.0,1300.0,50.0
2668,16,Westernwear,vero moda,2638.2167045910855,2499.0,44.84758845312988
2669,17,Westernwear,van heusen,1299.0,999.0,23.0
2670,18,Westernwear,femina flaunt,2638.2167045910855,1699.0,44.84758845312988
2671,19,Westernwear,lovegen,1899.0,759.0,60.0
2672,20,Westernwear,vero moda,3999.0,3199.0,20.0
2673,21,Westernwear,latin quarters,1650.0,499.0,70.0
2675,23,Westernwear,sera,1294.0,647.0,50.0
2676,24,Westernwear,life,2638.2167045910855,1299.0,44.84758845312988
2677,25,Westernwear,and,2899.0,1449.0,50.0
2678,0,Westernwear,only,4299.0,3439.0,20.0
2679,1,Westernwear,life,799.0,399.0,50.0
2680,2,Westernwear,only,2299.0,1379.0,40.0
2681,3,Westernwear,stop,1199.0,599.0,50.0
2682,4,Westernwear,life,399.0,199.0,50.0
2683,5,Westernwear,life,399.0,199.0,50.0
2684,6,Westernwear,forever new,3200.0,2560.0,20.0
2685,7,Westernwear,allen solly,2299.0,1379.0,40.0
2686,8,Westernwear,madame,1199.0,839.0,30.0
2687,9,Westernwear,allen solly,1899.0,1139.0,40.0
2688,10,Westernwear,sera,1094.0,437.0,60.0
2689,11,Westernwear,jealous 21,2638.2167045910855,1699.0,44.84758845312988
2690,12,Westernwear,stop,2638.2167045910855,1999.0,44.84758845312988
2691,13,Westernwear,zink london,1699.0,1019.0,40.0
2692,14,Westernwear,reebok,2499.0,1249.0,50.0
2693,15,Westernwear,only,1799.0,1259.0,30.0
2694,16,Westernwear,spykar,2699.0,1889.0,30.0
2695,17,Westernwear,only,1299.0,779.0,40.0
2696,18,Westernwear,cover story,1290.0,903.0,30.0
2697,19,Westernwear,levis,2638.2167045910855,3399.0,44.84758845312988
2698,20,Westernwear,only,2299.0,1379.0,40.0
2699,21,Westernwear,life,599.0,299.0,50.0
2701,23,Westernwear,jealous 21,2638.2167045910855,2499.0,44.84758845312988
2702,24,Westernwear,spykar,2299.0,1609.0,30.0
2703,25,Westernwear,zink london,2899.0,1159.0,60.0
2704,0,Westernwear,life,599.0,299.0,50.0
2705,1,Westernwear,only,1499.0,1049.0,30.0
2706,2,Westernwear,kraus,1695.0,847.0,50.0
2707,3,Westernwear,zink london,1599.0,499.0,69.0
2708,4,Westernwear,fratini,699.0,349.0,50.0
2709,5,Westernwear,get wrapped,2638.2167045910855,399.0,44.84758845312988
2710,6,Westernwear,vero moda,1899.0,1329.0,30.0
2711,7,Westernwear,allen solly,2499.0,1499.0,40.0
2712,8,Westernwear,fratini,3499.0,1749.0,50.0
2713,9,Westernwear,latin quarters,2638.2167045910855,2799.0,44.84758845312988
2714,10,Westernwear,kraus,1695.0,1186.0,30.0
2715,11,Westernwear,vero moda,2699.0,2159.0,20.0
2716,12,Westernwear,adidas,1799.0,1259.0,30.0
2717,13,Westernwear,altlife,499.0,249.0,50.0
2718,14,Westernwear,kraus,1299.0,909.0,30.0
2719,15,Westernwear,enamor,1699.0,1189.0,30.0
2720,16,Westernwear,vero moda,2799.0,2239.0,20.0
2721,17,Westernwear,allen solly,1399.0,839.0,40.0
2722,18,Westernwear,zink z,2638.2167045910855,2199.0,44.84758845312988
2723,19,Westernwear,indya,1300.0,650.0,50.0
2724,20,Westernwear,latin quarters,2799.0,1959.0,30.0
2725,21,Westernwear,latin quarters,2399.0,1199.0,50.0
2727,23,Westernwear,latin quarters,2638.2167045910855,2999.0,44.84758845312988
2728,24,Westernwear,latin quarters,2999.0,2099.0,30.0
2729,25,Westernwear,infuse,999.0,499.0,50.0
2730,0,Westernwear,latin quarters,2399.0,799.0,67.0
2731,1,Westernwear,faballey,1950.0,975.0,50.0
2732,2,Westernwear,cover story,1190.0,690.0,42.0
2733,3,Westernwear,magre,2699.0,1619.0,40.0
2734,4,Westernwear,iti,2638.2167045910855,2499.0,44.84758845312988
2735,5,Westernwear,109f,1499.0,599.0,60.0
2736,6,Westernwear,madame,2999.0,2099.0,30.0
2737,7,Westernwear,forever new,2638.2167045910855,3800.0,44.84758845312988
2738,8,Westernwear,life,1499.0,749.0,50.0
2739,9,Westernwear,zink london,1399.0,839.0,40.0
2740,10,Westernwear,vero moda,2999.0,1499.0,50.0
2741,11,Westernwear,allen solly,1299.0,999.0,23.0
2742,12,Westernwear,zink london,2799.0,1679.0,40.0
2743,13,Westernwear,and,3099.0,2479.0,20.0
2744,14,Westernwear,latin quarters,1499.0,749.0,50.0
2745,15,Westernwear,zink london,2899.0,699.0,76.0
2746,16,Westernwear,cover story,2290.0,1603.0,30.0
2747,17,Westernwear,rare,1399.0,629.0,55.0
2748,18,Westernwear,life,499.0,249.0,50.0
2749,19,Westernwear,fratini,1299.0,649.0,50.0
2750,20,Westernwear,spykar,2699.0,1889.0,30.0
2751,21,Westernwear,latin quarters,2299.0,799.0,65.0
2753,23,Westernwear,zink london,1299.0,649.0,50.0
2754,24,Westernwear,faballey,1500.0,1200.0,20.0
2755,25,Westernwear,vero moda,2799.0,1959.0,30.0
2756,0,Westernwear,enamor,1049.0,734.0,30.0
2757,1,Westernwear,infuse,999.0,599.0,40.0
2758,2,Westernwear,allen solly,2699.0,1499.0,44.0
2759,3,Westernwear,altlife,999.0,499.0,50.0
2760,4,Westernwear,and,2299.0,1839.0,20.0
2761,5,Westernwear,only,2499.0,1499.0,40.0
2762,6,Westernwear,adidas,2299.0,1609.0,30.0
2763,7,Westernwear,and,1799.0,899.0,50.0
2764,8,Westernwear,fratini,899.0,449.0,50.0
2765,9,Westernwear,levis,2638.2167045910855,1599.0,44.84758845312988
2766,10,Westernwear,latin quarters,1499.0,1049.0,30.0
2767,11,Westernwear,enamor,1049.0,734.0,30.0
2768,12,Westernwear,allen solly,1999.0,1499.0,25.0
2769,13,Westernwear,and,1299.0,649.0,50.0
2770,14,Westernwear,indya,3400.0,2720.0,20.0
2771,15,Westernwear,fratini,2638.2167045910855,799.0,44.84758845312988
2772,16,Westernwear,zink london,2699.0,799.0,70.0
2773,17,Westernwear,fratini,1499.0,749.0,50.0
2774,18,Westernwear,stop,599.0,299.0,50.0
2775,19,Westernwear,madame,2638.2167045910855,1299.0,44.84758845312988
2776,20,Westernwear,life,999.0,499.0,50.0
2777,21,Westernwear,cover story,2290.0,1145.0,50.0
2779,23,Westernwear,stop,999.0,499.0,50.0
2780,24,Westernwear,zink london,1499.0,599.0,60.0
2781,25,Westernwear,faballey,2600.0,2080.0,20.0
2782,0,Westernwear,iti,2638.2167045910855,2999.0,44.84758845312988
2783,1,Westernwear,zink london,2499.0,1499.0,40.0
2784,2,Westernwear,only,1299.0,909.0,30.0
2785,3,Westernwear,zink london,1499.0,899.0,40.0
2786,4,Westernwear,madame,1199.0,599.0,50.0
2787,5,Westernwear,life,1299.0,649.0,50.0
2788,6,Westernwear,zink london,2999.0,1799.0,40.0
2789,7,Westernwear,life,899.0,449.0,50.0
2790,8,Westernwear,w,2638.2167045910855,3599.0,44.84758845312988
2791,9,Westernwear,cover story,1890.0,1134.0,40.0
2792,10,Westernwear,altlife,499.0,249.0,50.0
2793,11,Westernwear,only,2299.0,1609.0,30.0
2794,12,Westernwear,van heusen,2799.0,1399.0,50.0
2795,13,Westernwear,zink london,2299.0,1149.0,50.0
2796,14,Westernwear,fratini,1299.0,649.0,50.0
2797,15,Westernwear,zink london,2499.0,699.0,72.0
2798,16,Westernwear,life,699.0,349.0,50.0
2799,17,Westernwear,zink london,4999.0,1999.0,60.0
2800,18,Westernwear,sera,1694.0,847.0,50.0
2801,19,Westernwear,puma,1799.0,1259.0,30.0
2802,20,Westernwear,madame,2638.2167045910855,1299.0,44.84758845312988
2803,21,Westernwear,altlife,999.0,499.0,50.0
2805,23,Westernwear,vero moda,2299.0,1609.0,30.0
2806,24,Westernwear,stop,2638.2167045910855,1499.0,44.84758845312988
2807,25,Westernwear,fratini,1299.0,649.0,50.0
2808,0,Westernwear,reebok,1399.0,699.0,50.0
2809,1,Westernwear,is.u,1890.0,945.0,50.0
2810,2,Westernwear,life,399.0,199.0,50.0
2811,3,Westernwear,life,399.0,199.0,50.0
2812,4,Westernwear,vero moda,2499.0,1749.0,30.0
2813,5,Westernwear,zink london,2999.0,1199.0,60.0
2814,6,Westernwear,infuse,499.0,299.0,40.0
2815,7,Westernwear,life,1699.0,849.0,50.0
2816,8,Westernwear,zink london,2199.0,599.0,73.0
2817,9,Westernwear,fratini,1199.0,599.0,50.0
2818,10,Westernwear,kraus,1795.0,897.0,50.0
2819,11,Westernwear,spykar,1099.0,769.0,30.0
2820,12,Westernwear,only,1999.0,1199.0,40.0
2821,13,Westernwear,life,1499.0,749.0,50.0
2822,14,Westernwear,infuse,1599.0,799.0,50.0
2823,15,Westernwear,zink london,1599.0,959.0,40.0
2824,16,Westernwear,life,1299.0,649.0,50.0
2825,17,Westernwear,forever new,2638.2167045910855,8400.0,44.84758845312988
2826,18,Westernwear,magre,2290.0,1374.0,40.0
2827,19,Westernwear,and,1199.0,839.0,30.0
2828,20,Westernwear,insense,399.0,199.0,50.0
2829,21,Westernwear,fratini,1299.0,649.0,50.0
2831,23,Westernwear,allen solly,1899.0,1519.0,20.0
2832,24,Westernwear,rare,2099.0,839.0,60.0
2833,25,Westernwear,cover story,1590.0,1113.0,30.0
2834,0,Westernwear,altlife,499.0,249.0,50.0
2835,1,Westernwear,fratini,3499.0,1749.0,50.0
2836,2,Westernwear,dolce crudo,3599.0,1259.0,65.0
2837,3,Westernwear,only,1499.0,899.0,40.0
2838,4,Westernwear,zink london,1499.0,899.0,40.0
2839,5,Westernwear,life,1199.0,599.0,50.0
2840,6,Westernwear,van heusen,1699.0,999.0,41.0
2841,7,Westernwear,fratini,2638.2167045910855,999.0,44.84758845312988
2842,8,Westernwear,faballey,2200.0,1760.0,20.0
2843,9,Westernwear,zink london,1599.0,959.0,40.0
2844,10,Westernwear,vero moda,999.0,699.0,30.0
2845,11,Westernwear,altlife,999.0,499.0,50.0
2846,12,Westernwear,levis,2638.2167045910855,4299.0,44.84758845312988
2847,13,Westernwear,sera,1694.0,677.0,60.0
2848,14,Westernwear,enamor,949.0,664.0,30.0
2849,15,Westernwear,levis,2638.2167045910855,2999.0,44.84758845312988
2850,16,Westernwear,stop,2638.2167045910855,1299.0,44.84758845312988
2851,17,Westernwear,zink london,1799.0,1079.0,40.0
2852,18,Westernwear,life,799.0,399.0,50.0
2853,19,Westernwear,fratini,1299.0,649.0,50.0
2854,20,Westernwear,infuse,799.0,319.0,60.0
2855,21,Westernwear,vero moda,1999.0,999.0,50.0
2857,23,Westernwear,and,1999.0,999.0,50.0
2858,24,Westernwear,zink london,2799.0,699.0,75.0
2859,25,Westernwear,zink london,1599.0,799.0,50.0
2860,0,Westernwear,life,1199.0,599.0,50.0
2861,1,Westernwear,stop,2638.2167045910855,1999.0,44.84758845312988
2862,2,Westernwear,stop,2638.2167045910855,1299.0,44.84758845312988
2863,3,Westernwear,zink z,2638.2167045910855,1899.0,44.84758845312988
2864,4,Westernwear,life,1199.0,599.0,50.0
2865,5,Westernwear,altlife,599.0,299.0,50.0
2866,6,Westernwear,kraus,1995.0,1795.0,10.0
2867,7,Westernwear,and,1999.0,1599.0,20.0
2868,8,Westernwear,and,1899.0,1519.0,20.0
2869,9,Westernwear,sera,1494.0,448.0,70.0
2870,10,Westernwear,life,999.0,499.0,50.0
2871,11,Westernwear,insense,399.0,199.0,50.0
2872,12,Westernwear,insense,799.0,399.0,50.0
2873,13,Westernwear,adidas,1399.0,979.0,30.0
2874,14,Westernwear,altlife,599.0,299.0,50.0
2875,15,Westernwear,allen solly,2638.2167045910855,1399.0,44.84758845312988
2876,16,Westernwear,zink london,1299.0,399.0,69.0
2877,17,Westernwear,stop,999.0,499.0,50.0
2878,18,Westernwear,campus sutra,2638.2167045910855,1599.0,44.84758845312988
2879,19,Westernwear,and,2299.0,1839.0,20.0
2880,20,Westernwear,levis,2638.2167045910855,3199.0,44.84758845312988
2881,21,Westernwear,van heusen,2199.0,1499.0,32.0
2883,23,Westernwear,and,1699.0,1359.0,20.0
2884,24,Westernwear,proline,699.0,349.0,50.0
2885,25,Westernwear,altlife,499.0,249.0,50.0
2886,0,Westernwear,stop,2638.2167045910855,999.0,44.84758845312988
2887,1,Westernwear,enamor,1599.0,1119.0,30.0
2888,2,Westernwear,life,1699.0,849.0,50.0
2889,3,Westernwear,vero moda,3499.0,1749.0,50.0
2890,4,Westernwear,madame,1699.0,1189.0,30.0
2891,5,Westernwear,life,1699.0,849.0,50.0
2892,6,Westernwear,levis,2638.2167045910855,4599.0,44.84758845312988
2893,7,Westernwear,kraus,1895.0,1326.0,30.0
2894,8,Westernwear,altlife,499.0,249.0,50.0
2895,9,Westernwear,zink london,2899.0,2319.0,20.0
2896,10,Westernwear,gipsy,1795.0,1256.0,30.0
2897,11,Westernwear,madame,2899.0,2029.0,30.0
2898,12,Westernwear,infuse,1199.0,479.0,60.0
2899,13,Westernwear,fratini,1299.0,649.0,50.0
2900,14,Westernwear,only,1999.0,1399.0,30.0
2901,15,Westernwear,life,699.0,349.0,50.0
2902,16,Westernwear,zink london,1699.0,679.0,60.0
2903,17,Westernwear,miss chase,2638.2167045910855,3299.0,44.84758845312988
2904,18,Westernwear,rare,1699.0,594.0,65.0
2905,19,Westernwear,sera,1499.0,449.0,70.0
2906,20,Westernwear,zink london,1599.0,399.0,75.0
2907,21,Westernwear,only,3999.0,2799.0,30.0
2909,23,Westernwear,zink london,2799.0,1679.0,40.0
2910,24,Westernwear,zink london,1599.0,499.0,69.0
2911,25,Westernwear,jealous 21,2638.2167045910855,2599.0,44.84758845312988
2912,0,Westernwear,insense,1199.0,599.0,50.0
2913,1,Westernwear,and,3499.0,1749.0,50.0
2914,2,Westernwear,madame,2638.2167045910855,999.0,44.84758845312988
2915,3,Westernwear,and,2499.0,999.0,60.0
2916,4,Westernwear,zink london,3299.0,1319.0,60.0
2917,5,Westernwear,sera,1494.0,672.0,55.0
2918,6,Westernwear,forever new,3200.0,1920.0,40.0
2919,7,Westernwear,fratini,2638.2167045910855,1299.0,44.84758845312988
2920,8,Westernwear,latin quarters,2799.0,799.0,71.0
2921,9,Westernwear,faballey,1900.0,950.0,50.0
2922,10,Westernwear,allen solly,1099.0,659.0,40.0
2923,11,Westernwear,zink london,2699.0,1619.0,40.0
2924,12,Westernwear,sera,1898.0,759.0,60.0
2925,13,Westernwear,latin quarters,1399.0,499.0,64.0
2926,14,Westernwear,and,3499.0,2799.0,20.0
2927,15,Westernwear,adidas,2499.0,1249.0,50.0
2928,16,Westernwear,infuse,2099.0,1049.0,50.0
2929,17,Westernwear,stop,2638.2167045910855,1299.0,44.84758845312988
2930,18,Westernwear,and,2638.2167045910855,2699.0,44.84758845312988
2931,19,Westernwear,jealous 21,2638.2167045910855,999.0,44.84758845312988
2932,20,Westernwear,allen solly,2299.0,1839.0,20.0
2933,21,Westernwear,sera,1694.0,762.0,55.0
2935,23,Westernwear,zink london,3499.0,999.0,71.0
2936,24,Westernwear,zink london,2299.0,1379.0,40.0
2937,25,Westernwear,fratini,1499.0,749.0,50.0
2938,0,Westernwear,faballey,1600.0,1280.0,20.0
2939,1,Westernwear,fratini,699.0,349.0,50.0
2940,2,Westernwear,global desi,1799.0,539.0,70.0
2941,3,Westernwear,insense,399.0,199.0,50.0
2942,4,Westernwear,vero moda,1899.0,1139.0,40.0
2943,5,Westernwear,life,699.0,349.0,50.0
2944,6,Westernwear,levis,2638.2167045910855,1099.0,44.84758845312988
2945,7,Westernwear,and,3299.0,2639.0,20.0
2946,8,Westernwear,only,3999.0,3199.0,20.0
2947,9,Westernwear,only,1999.0,1199.0,40.0
2948,10,Westernwear,faballey,2500.0,2000.0,20.0
2949,11,Westernwear,vero moda,999.0,499.0,50.0
2950,12,Westernwear,faballey,2300.0,1840.0,20.0
2951,13,Westernwear,and,2638.2167045910855,2099.0,44.84758845312988
2952,14,Westernwear,stop,999.0,499.0,50.0
2953,15,Westernwear,kraus,1995.0,1795.0,10.0
2954,16,Westernwear,zink london,2699.0,799.0,70.0
2955,17,Westernwear,stop,2638.2167045910855,1299.0,44.84758845312988
2956,18,Westernwear,latin quarters,4999.0,3499.0,30.0
2957,19,Westernwear,rare,1599.0,639.0,60.0
2958,20,Westernwear,madame,1199.0,599.0,50.0
2959,21,Westernwear,zink london,1499.0,899.0,40.0
2961,23,Westernwear,kraus,1795.0,1256.0,30.0
2962,24,Westernwear,madame,999.0,599.0,40.0
2963,25,Westernwear,adidas,2499.0,1249.0,50.0
2964,0,Westernwear,and,2699.0,1349.0,50.0
2965,1,Westernwear,forever new,2638.2167045910855,3400.0,44.84758845312988
2966,2,Westernwear,vero moda,2638.2167045910855,2999.0,44.84758845312988
2967,3,Westernwear,allen solly,1699.0,1019.0,40.0
2968,4,Westernwear,vero moda,3999.0,2799.0,30.0
2969,5,Westernwear,life,2638.2167045910855,99.0,44.84758845312988
2970,6,Westernwear,only,4499.0,3599.0,20.0
2971,7,Westernwear,magre,2190.0,1314.0,40.0
2972,8,Westernwear,iti,2638.2167045910855,1799.0,44.84758845312988
2973,9,Westernwear,life,1199.0,599.0,50.0
2974,10,Westernwear,kraus,1495.0,1046.0,30.0
2975,11,Westernwear,infuse,999.0,499.0,50.0
2976,12,Westernwear,stop,999.0,499.0,50.0
2977,13,Westernwear,sera,2194.0,877.0,60.0
2978,14,Westernwear,altlife,499.0,249.0,50.0
2979,15,Westernwear,pepe,1499.0,899.0,40.0
2980,16,Westernwear,kraus,1695.0,847.0,50.0
2981,17,Westernwear,cover story,1590.0,954.0,40.0
2982,18,Westernwear,and,1999.0,999.0,50.0
2983,19,Westernwear,miss chase,2638.2167045910855,2995.0,44.84758845312988
2984,20,Westernwear,fratini,599.0,299.0,50.0
2985,21,Westernwear,zink london,2499.0,1499.0,40.0
2987,23,Westernwear,zink london,2599.0,1559.0,40.0
2988,24,Westernwear,faballey,1800.0,1440.0,20.0
2989,25,Westernwear,altlife,1299.0,649.0,50.0
2990,0,Westernwear,fratini,699.0,349.0,50.0
2991,1,Westernwear,fratini,2638.2167045910855,1199.0,44.84758845312988
2992,2,Westernwear,crimsoune club,2499.0,1249.0,50.0
2993,3,Westernwear,vero moda,3799.0,2279.0,40.0
2994,4,Westernwear,vero moda,1899.0,949.0,50.0
2995,5,Westernwear,zink london,1599.0,959.0,40.0
2996,6,Westernwear,stop,799.0,399.0,50.0
2997,7,Westernwear,is.u,1790.0,895.0,50.0
2998,8,Westernwear,forever new,2638.2167045910855,4400.0,44.84758845312988
2999,9,Westernwear,and,2699.0,1349.0,50.0
3000,10,Westernwear,life,699.0,349.0,50.0
3001,11,Westernwear,forever new,6000.0,3900.0,35.0
3002,12,Westernwear,and,3099.0,1549.0,50.0
3003,13,Westernwear,dolce crudo,2449.0,979.0,60.0
3004,14,Westernwear,zink london,3499.0,1399.0,60.0
3005,15,Westernwear,only,1499.0,1049.0,30.0
3006,16,Westernwear,lovegen,920.0,368.0,60.0
3007,17,Westernwear,zink london,1599.0,959.0,40.0
3008,18,Westernwear,cover story,4490.0,2694.0,40.0
3009,19,Westernwear,latin quarters,1399.0,499.0,64.0
3010,20,Westernwear,zink london,1499.0,599.0,60.0
3011,21,Westernwear,stop,999.0,499.0,50.0
3013,23,Westernwear,latin quarters,1699.0,499.0,71.0
3014,24,Westernwear,stop,1899.0,949.0,50.0
3015,25,Westernwear,life,1499.0,749.0,50.0
3016,0,Westernwear,fratini,799.0,399.0,50.0
3017,1,Westernwear,iti,2638.2167045910855,1499.0,44.84758845312988
3018,2,Westernwear,zink z,2638.2167045910855,999.0,44.84758845312988
3019,3,Westernwear,jealous 21,2638.2167045910855,1899.0,44.84758845312988
3020,4,Westernwear,kraus,1595.0,1435.0,10.0
3021,5,Westernwear,latin quarters,2899.0,1449.0,50.0
3022,6,Westernwear,only,2499.0,1749.0,30.0
3023,7,Westernwear,only,1999.0,1199.0,40.0
3024,8,Westernwear,only,2299.0,1609.0,30.0
3025,9,Westernwear,faballey,2800.0,2240.0,20.0
3026,10,Westernwear,infuse,1199.0,479.0,60.0
3027,11,Westernwear,kraus,1695.0,847.0,50.0
3028,12,Westernwear,fratini,799.0,399.0,50.0
3029,13,Westernwear,faballey,2200.0,1760.0,20.0
3030,14,Westernwear,life,249.0,124.0,50.0
3031,15,Westernwear,proline,799.0,399.0,50.0
3032,16,Westernwear,vero moda,1499.0,749.0,50.0
3033,17,Westernwear,zink london,1699.0,679.0,60.0
3034,18,Westernwear,stop,999.0,499.0,50.0
3035,19,Westernwear,van heusen,1699.0,999.0,41.0
3036,20,Westernwear,rare,2399.0,1079.0,55.0
3037,21,Westernwear,stop,1499.0,749.0,50.0
3039,23,Westernwear,and,1899.0,1519.0,20.0
3040,24,Westernwear,kraus,1695.0,1525.0,10.0
3041,25,Westernwear,kraus,2095.0,1466.0,30.0
3042,0,Westernwear,faballey,1800.0,1440.0,20.0
3043,1,Westernwear,only,1499.0,1049.0,30.0
3044,2,Westernwear,spykar,2299.0,1609.0,30.0
3045,3,Westernwear,only,1999.0,1199.0,40.0
3046,4,Westernwear,only,2638.2167045910855,3699.0,44.84758845312988
3047,5,Westernwear,w,2638.2167045910855,3999.0,44.84758845312988
3048,6,Westernwear,dolce crudo,2499.0,999.0,60.0
3049,7,Westernwear,faballey,2150.0,1075.0,50.0
3050,8,Westernwear,madame,1690.0,1183.0,30.0
3051,9,Westernwear,kraus,1695.0,1525.0,10.0
3052,10,Westernwear,and,2638.2167045910855,2099.0,44.84758845312988
3053,11,Westernwear,vero moda,3999.0,3199.0,20.0
3054,12,Westernwear,fratini,799.0,399.0,50.0
3055,13,Westernwear,zink london,2899.0,699.0,76.0
3056,14,Westernwear,cover story,2638.2167045910855,1490.0,44.84758845312988
3057,15,Westernwear,kraus,1695.0,1186.0,30.0
3058,16,Westernwear,life,999.0,499.0,50.0
3059,17,Westernwear,insense,499.0,249.0,50.0
3060,18,Westernwear,marie claire,1399.0,629.0,55.0
3061,19,Westernwear,juniper,2499.0,1374.0,45.0
3062,20,Westernwear,only,2499.0,1499.0,40.0
3063,21,Westernwear,enamor,699.0,489.0,30.0
3065,23,Westernwear,and,2099.0,1049.0,50.0
3066,24,Westernwear,zink london,2999.0,1799.0,40.0
3067,25,Westernwear,kraus,1499.0,749.0,50.0
3068,0,Westernwear,madame,999.0,499.0,50.0
3069,1,Westernwear,kraus,1895.0,1705.0,10.0
3070,2,Westernwear,stop,2638.2167045910855,1299.0,44.84758845312988
3071,3,Westernwear,life,999.0,499.0,50.0
3072,4,Westernwear,vero moda,4499.0,3149.0,30.0
3073,5,Westernwear,pepe,3499.0,2099.0,40.0
3074,6,Westernwear,life,799.0,399.0,50.0
3075,7,Westernwear,infuse,1499.0,599.0,60.0
3076,8,Westernwear,cover story,2638.2167045910855,1490.0,44.84758845312988
3077,9,Westernwear,life,499.0,249.0,50.0
3078,10,Westernwear,life,1499.0,749.0,50.0
3079,11,Westernwear,and,2199.0,1099.0,50.0
3080,12,Westernwear,vero moda,1799.0,1439.0,20.0
3081,13,Westernwear,rare,1499.0,599.0,60.0
3082,14,Westernwear,global desi,1499.0,749.0,50.0
3083,15,Westernwear,van heusen,1899.0,999.0,47.0
3084,16,Westernwear,faballey,1650.0,825.0,50.0
3085,17,Westernwear,iti,2638.2167045910855,2999.0,44.84758845312988
3086,18,Westernwear,life,1999.0,999.0,50.0
3087,19,Westernwear,fratini,1299.0,649.0,50.0
3088,20,Westernwear,faballey,2900.0,2320.0,20.0
3089,21,Westernwear,forever new,2638.2167045910855,1800.0,44.84758845312988
3091,23,Westernwear,only,1299.0,779.0,40.0
3092,24,Westernwear,iti,2638.2167045910855,2299.0,44.84758845312988
3093,25,Westernwear,madame,3899.0,2729.0,30.0
3094,0,Westernwear,dolce crudo,3599.0,1259.0,65.0
3095,1,Westernwear,cover story,3990.0,2394.0,40.0
3096,2,Westernwear,vero moda,2599.0,1559.0,40.0
3097,3,Westernwear,allen solly,1299.0,1039.0,20.0
3098,4,Westernwear,dolce crudo,2349.0,939.0,60.0
3099,5,Westernwear,levis,2638.2167045910855,1599.0,44.84758845312988
3100,6,Westernwear,madame,1199.0,719.0,40.0
3101,7,Westernwear,kraus,1299.0,909.0,30.0
3102,8,Westernwear,zink z,2638.2167045910855,1499.0,44.84758845312988
3103,9,Westernwear,fratini,1699.0,849.0,50.0
3104,10,Westernwear,only,3499.0,2099.0,40.0
3105,11,Westernwear,crimsoune club,1999.0,1199.0,40.0
3106,12,Westernwear,altlife,599.0,299.0,50.0
3107,13,Westernwear,faballey,2800.0,2240.0,20.0
3108,14,Westernwear,ira soleil,2638.2167045910855,1999.0,44.84758845312988
3109,15,Westernwear,rare,2199.0,879.0,60.0
3110,16,Westernwear,latin quarters,2399.0,799.0,67.0
3111,17,Westernwear,only,3699.0,2959.0,20.0
3112,18,Westernwear,indya,2450.0,1225.0,50.0
3113,19,Westernwear,and,1399.0,1119.0,20.0
3114,20,Westernwear,vero moda,1999.0,1399.0,30.0
3115,21,Westernwear,puma,3499.0,2449.0,30.0
3117,23,Westernwear,vero moda,3299.0,1649.0,50.0
3118,24,Westernwear,life,499.0,249.0,50.0
3119,25,Westernwear,vero moda,3499.0,2449.0,30.0
3120,0,Westernwear,zink london,1499.0,899.0,40.0
3121,1,Westernwear,faballey,1300.0,1040.0,20.0
3122,2,Westernwear,faballey,1900.0,1520.0,20.0
3123,3,Westernwear,fratini,2638.2167045910855,1199.0,44.84758845312988
3124,4,Westernwear,altlife,399.0,199.0,50.0
3125,5,Westernwear,vero moda,3299.0,2639.0,20.0
3126,6,Westernwear,vero moda,2638.2167045910855,2599.0,44.84758845312988
3127,7,Westernwear,life,799.0,399.0,50.0
3128,8,Westernwear,zink london,1599.0,959.0,40.0
3129,9,Westernwear,life,999.0,499.0,50.0
3130,10,Westernwear,vero moda,1299.0,779.0,40.0
3131,11,Westernwear,zink london,1599.0,959.0,40.0
3132,12,Westernwear,life,699.0,349.0,50.0
3133,13,Westernwear,only,1999.0,1399.0,30.0
3134,14,Westernwear,zink london,1999.0,1199.0,40.0
3135,15,Westernwear,zink london,3199.0,1279.0,60.0
3136,16,Westernwear,faballey,2950.0,2360.0,20.0
3137,17,Westernwear,infuse,499.0,299.0,40.0
3138,18,Westernwear,rare,1199.0,539.0,55.0
3139,19,Westernwear,kraus,1299.0,649.0,50.0
3140,20,Westernwear,life,1699.0,849.0,50.0
3141,21,Westernwear,global desi,2199.0,879.0,60.0
3143,23,Westernwear,iti,2638.2167045910855,3499.0,44.84758845312988
3144,24,Westernwear,faballey,2100.0,1680.0,20.0
3145,25,Westernwear,infuse,799.0,239.0,70.0
3146,0,Westernwear,altlife,499.0,249.0,50.0
3147,1,Westernwear,stop,2638.2167045910855,799.0,44.84758845312988
3148,2,Westernwear,vero moda,2638.2167045910855,2299.0,44.84758845312988
3149,3,Westernwear,only,2499.0,1499.0,40.0
3150,4,Westernwear,life,499.0,249.0,50.0
3151,5,Westernwear,latin quarters,1999.0,799.0,60.0
3152,6,Westernwear,only,2999.0,1799.0,40.0
3153,7,Westernwear,zink london,2899.0,1159.0,60.0
3154,8,Westernwear,spykar,1899.0,1329.0,30.0
3155,9,Westernwear,fratini,2638.2167045910855,1299.0,44.84758845312988
3156,10,Westernwear,altlife,399.0,199.0,50.0
3157,11,Westernwear,allen solly,2299.0,1379.0,40.0
3158,12,Westernwear,dolce crudo,2349.0,939.0,60.0
3159,13,Westernwear,fratini,1699.0,849.0,50.0
3160,14,Westernwear,and,2499.0,1249.0,50.0
3161,15,Westernwear,fila,2638.2167045910855,2099.0,44.84758845312988
3162,16,Westernwear,sera,1894.0,947.0,50.0
3163,17,Westernwear,reebok,1999.0,999.0,50.0
3164,18,Westernwear,zink london,1799.0,499.0,72.0
3165,19,Westernwear,vero moda,1299.0,649.0,50.0
3166,20,Westernwear,kraus,1199.0,839.0,30.0
3167,21,Westernwear,life,799.0,399.0,50.0
3169,23,Westernwear,life,399.0,199.0,50.0
3170,24,Westernwear,cover story,2890.0,2023.0,30.0
3171,25,Westernwear,latin quarters,2499.0,1249.0,50.0
3172,0,Westernwear,kraus,1299.0,1169.0,10.0
3173,1,Westernwear,rare,1999.0,899.0,55.0
3174,2,Westernwear,faballey,1950.0,975.0,50.0
3175,3,Westernwear,pepe,2799.0,1679.0,40.0
3176,4,Westernwear,faballey,1950.0,1560.0,20.0
3177,5,Westernwear,life,1699.0,849.0,50.0
3178,6,Westernwear,allen solly,1499.0,899.0,40.0
3179,7,Westernwear,madame,2638.2167045910855,1099.0,44.84758845312988
3180,8,Westernwear,only,3699.0,2589.0,30.0
3181,9,Westernwear,and,2638.2167045910855,3499.0,44.84758845312988
3182,10,Westernwear,adidas,1499.0,1049.0,30.0
3183,11,Westernwear,only,1999.0,999.0,50.0
3184,12,Westernwear,levis,2638.2167045910855,2899.0,44.84758845312988
3185,13,Westernwear,indya,2950.0,2360.0,20.0
3186,14,Westernwear,vero moda,2699.0,2159.0,20.0
3187,15,Westernwear,gipsy,1395.0,976.0,30.0
3188,16,Westernwear,vero moda,3799.0,2279.0,40.0
3189,17,Westernwear,zink london,1399.0,559.0,60.0
3190,18,Westernwear,stop,999.0,499.0,50.0
3191,19,Westernwear,zink london,2999.0,1199.0,60.0
3192,20,Westernwear,dolce crudo,2349.0,939.0,60.0
3193,21,Westernwear,rare,1990.0,895.0,55.0
3195,23,Westernwear,rare,1599.0,559.0,65.0
3196,24,Westernwear,life,1199.0,599.0,50.0
3197,25,Westernwear,and,2638.2167045910855,2099.0,44.84758845312988
3198,0,Westernwear,vero moda,1899.0,1329.0,30.0
3199,1,Westernwear,only,1999.0,999.0,50.0
3200,2,Westernwear,zink z,2638.2167045910855,1899.0,44.84758845312988
3201,3,Westernwear,lovegen,1899.0,569.0,70.0
3202,4,Westernwear,van heusen,1999.0,1499.0,25.0
3203,5,Westernwear,vero moda,4499.0,3599.0,20.0
3204,6,Westernwear,levis,2638.2167045910855,2899.0,44.84758845312988
3205,7,Westernwear,sera,1998.0,999.0,50.0
3206,8,Westernwear,iti,2638.2167045910855,3499.0,44.84758845312988
3207,9,Westernwear,fratini,2638.2167045910855,1499.0,44.84758845312988
3208,10,Westernwear,cover story,1990.0,995.0,50.0
3209,11,Westernwear,forever new,2638.2167045910855,4200.0,44.84758845312988
3210,12,Westernwear,only,3999.0,3199.0,20.0
3211,13,Westernwear,van heusen,1699.0,999.0,41.0
3212,14,Westernwear,life,799.0,399.0,50.0
3213,15,Westernwear,and,2499.0,1249.0,50.0
3214,16,Westernwear,and,3299.0,2639.0,20.0
3215,17,Westernwear,fratini,999.0,499.0,50.0
3216,18,Westernwear,forever new,7400.0,4440.0,40.0
3217,19,Westernwear,and,4199.0,2099.0,50.0
3218,20,Westernwear,zink london,2299.0,1379.0,40.0
3219,21,Westernwear,and,1499.0,749.0,50.0
3221,23,Westernwear,van heusen,2638.2167045910855,1199.0,44.84758845312988
3222,24,Westernwear,zink london,1599.0,959.0,40.0
3223,25,Westernwear,puma,1299.0,909.0,30.0
3224,0,Westernwear,allen solly,1599.0,1279.0,20.0
3225,1,Westernwear,madame,1499.0,749.0,50.0
3226,2,Westernwear,levis,2638.2167045910855,1199.0,44.84758845312988
3227,3,Westernwear,and,2799.0,1399.0,50.0
3228,4,Westernwear,dolce crudo,4799.0,1919.0,60.0
3229,5,Westernwear,zink london,1599.0,639.0,60.0
3230,6,Westernwear,vero moda,3799.0,3039.0,20.0
3231,7,Westernwear,faballey,1800.0,900.0,50.0
3232,8,Westernwear,stop,2199.0,1099.0,50.0
3233,9,Westernwear,faballey,1400.0,1120.0,20.0
3234,10,Westernwear,stop,1199.0,599.0,50.0
3235,11,Westernwear,zink london,1499.0,899.0,40.0
3236,12,Westernwear,kraus,1895.0,1326.0,30.0
3237,13,Westernwear,only,2299.0,1609.0,30.0
3238,14,Westernwear,zink london,1499.0,899.0,40.0
3239,15,Westernwear,zink london,1299.0,779.0,40.0
3240,16,Westernwear,only,1999.0,1399.0,30.0
3241,17,Westernwear,vero moda,3299.0,1979.0,40.0
3242,18,Westernwear,life,699.0,349.0,50.0
3243,19,Westernwear,dolce crudo,2399.0,1199.0,50.0
3244,20,Westernwear,allen solly,1799.0,1079.0,40.0
3245,21,Westernwear,jealous 21,2638.2167045910855,999.0,44.84758845312988
3247,23,Westernwear,zink london,2399.0,1439.0,40.0
3248,24,Westernwear,zink london,2499.0,999.0,60.0
3249,25,Westernwear,stop,2638.2167045910855,1299.0,44.84758845312988
3250,0,Westernwear,rare,1899.0,854.0,55.0
3251,1,Westernwear,faballey,1400.0,1120.0,20.0
3252,2,Westernwear,van heusen,2638.2167045910855,4299.0,44.84758845312988
3253,3,Westernwear,forever new,2200.0,1760.0,20.0
3254,4,Westernwear,insense,699.0,349.0,50.0
3255,5,Westernwear,reebok,3299.0,1649.0,50.0
3256,6,Westernwear,allen solly,1999.0,1599.0,20.0
3257,7,Westernwear,only,2499.0,1749.0,30.0
3258,8,Westernwear,madame,2499.0,1499.0,40.0
3259,9,Westernwear,iti,2638.2167045910855,2499.0,44.84758845312988
3260,10,Westernwear,sera,2498.0,1249.0,50.0
3261,11,Westernwear,faballey,2250.0,1800.0,20.0
3262,12,Westernwear,zink london,1699.0,1019.0,40.0
3263,13,Westernwear,altlife,499.0,249.0,50.0
3264,14,Westernwear,fratini,2638.2167045910855,799.0,44.84758845312988
3265,15,Westernwear,zink london,1599.0,959.0,40.0
3266,16,Westernwear,only,2999.0,1499.0,50.0
3267,17,Westernwear,campus sutra,2638.2167045910855,1999.0,44.84758845312988
3268,18,Westernwear,levis,2638.2167045910855,2499.0,44.84758845312988
3269,19,Westernwear,zink london,899.0,539.0,40.0
3270,20,Westernwear,only,2799.0,1679.0,40.0
3271,21,Westernwear,infuse,599.0,239.0,60.0
3273,23,Westernwear,allen solly,1999.0,1599.0,20.0
3274,24,Westernwear,fratini,899.0,449.0,50.0
3275,25,Westernwear,life,799.0,399.0,50.0
3276,0,Westernwear,and,2638.2167045910855,3499.0,44.84758845312988
3277,1,Westernwear,faballey,1500.0,1200.0,20.0
3278,2,Westernwear,latin quarters,1450.0,725.0,50.0
3279,3,Westernwear,infuse,999.0,399.0,60.0
3280,4,Westernwear,zink london,1599.0,799.0,50.0
3281,5,Westernwear,sera,1998.0,799.0,60.0
3282,6,Westernwear,zink london,2399.0,959.0,60.0
3283,7,Westernwear,van heusen,2638.2167045910855,2199.0,44.84758845312988
3284,8,Westernwear,pepe,2199.0,1319.0,40.0
3285,9,Westernwear,van heusen,1699.0,999.0,41.0
3286,10,Westernwear,global desi,1999.0,599.0,70.0
3287,11,Westernwear,forever new,7200.0,5040.0,30.0
3288,12,Westernwear,iti,2638.2167045910855,2699.0,44.84758845312988
3289,13,Westernwear,marie claire,2499.0,1124.0,55.0
3290,14,Westernwear,life,1699.0,849.0,50.0
3291,15,Westernwear,altlife,799.0,399.0,50.0
3292,16,Westernwear,sera,1998.0,799.0,60.0
3293,17,Westernwear,life,1299.0,649.0,50.0
3294,18,Westernwear,cover story,2638.2167045910855,2590.0,44.84758845312988
3295,19,Westernwear,and,2638.2167045910855,3899.0,44.84758845312988
3296,20,Westernwear,madame,1199.0,599.0,50.0
3297,21,Westernwear,altlife,599.0,299.0,50.0
3299,23,Westernwear,life,1199.0,599.0,50.0
3300,24,Westernwear,infuse,699.0,419.0,40.0
3301,25,Westernwear,only,3499.0,2799.0,20.0
3302,0,Westernwear,indya,2950.0,2360.0,20.0
3303,1,Westernwear,puma,1299.0,909.0,30.0
3304,2,Westernwear,infuse,499.0,299.0,40.0
3305,3,Westernwear,and,3499.0,1749.0,50.0
3306,4,Westernwear,zink london,2299.0,919.0,60.0
3307,5,Westernwear,latin quarters,2699.0,1889.0,30.0
3308,6,Westernwear,fratini,1199.0,599.0,50.0
3309,7,Westernwear,life,1199.0,599.0,50.0
3310,8,Westernwear,rare,1599.0,639.0,60.0
3311,9,Westernwear,latin quarters,1699.0,799.0,53.0
3312,10,Westernwear,kraus,1695.0,1186.0,30.0
3313,11,Westernwear,allen solly,1499.0,899.0,40.0
3314,12,Westernwear,fratini,899.0,449.0,50.0
3315,13,Westernwear,zink london,2299.0,699.0,70.0
3316,14,Westernwear,only,4299.0,3009.0,30.0
3317,15,Westernwear,only,2299.0,1149.0,50.0
3318,16,Westernwear,cover story,2638.2167045910855,1590.0,44.84758845312988
3319,17,Westernwear,vero moda,2499.0,1999.0,20.0
3320,18,Westernwear,faballey,2100.0,1050.0,50.0
3321,19,Westernwear,zink london,2249.0,599.0,73.0
3322,20,Westernwear,vero moda,3799.0,2659.0,30.0
3323,21,Westernwear,zink london,1299.0,399.0,69.0
3325,23,Westernwear,life,1199.0,599.0,50.0
3326,24,Westernwear,stop,899.0,449.0,50.0
3327,25,Westernwear,faballey,1600.0,1280.0,20.0
3328,0,Westernwear,kraus,999.0,899.0,10.0
3329,1,Westernwear,life,1299.0,649.0,50.0
3330,2,Westernwear,vero moda,2999.0,2099.0,30.0
3331,3,Westernwear,cover story,3490.0,2094.0,40.0
3332,4,Westernwear,life,1499.0,749.0,50.0
3333,5,Westernwear,stop,999.0,499.0,50.0
3334,6,Westernwear,life,599.0,299.0,50.0
3335,7,Westernwear,only,2799.0,1959.0,30.0
3336,8,Westernwear,latin quarters,2399.0,1199.0,50.0
3337,9,Westernwear,only,1499.0,749.0,50.0
3338,10,Westernwear,zink london,2999.0,1799.0,40.0
3339,11,Westernwear,infuse,399.0,199.0,50.0
3340,12,Westernwear,fratini,1499.0,749.0,50.0
3341,13,Westernwear,zink london,3999.0,1599.0,60.0
3342,14,Westernwear,rare,2499.0,999.0,60.0
3343,15,Westernwear,rare,1590.0,636.0,60.0
3344,16,Westernwear,allen solly,2638.2167045910855,599.0,44.84758845312988
3345,17,Westernwear,zink london,1599.0,799.0,50.0
3346,18,Westernwear,iti,2638.2167045910855,2799.0,44.84758845312988
3347,19,Westernwear,crimsoune club,1699.0,849.0,50.0
3348,20,Westernwear,life,599.0,299.0,50.0
3349,21,Westernwear,and,1599.0,1279.0,20.0
3351,23,Westernwear,and,2638.2167045910855,1999.0,44.84758845312988
3352,24,Westernwear,enamor,949.0,664.0,30.0
3353,25,Westernwear,magre,2390.0,1434.0,40.0
3354,0,Westernwear,levis,2638.2167045910855,2899.0,44.84758845312988
3355,1,Westernwear,life,399.0,199.0,50.0
3356,2,Westernwear,fratini,2638.2167045910855,1199.0,44.84758845312988
3357,3,Westernwear,only,2499.0,1999.0,20.0
3358,4,Westernwear,vero moda,2599.0,2079.0,20.0
3359,5,Westernwear,zink london,1799.0,899.0,50.0
3360,6,Westernwear,global desi,1799.0,899.0,50.0
3361,7,Westernwear,and,1499.0,749.0,50.0
3362,8,Westernwear,zink london,1999.0,999.0,50.0
3363,9,Westernwear,kraus,1795.0,897.0,50.0
3364,10,Westernwear,rare,1299.0,584.0,55.0
3365,11,Westernwear,vero moda,2799.0,1399.0,50.0
3366,12,Westernwear,global desi,1799.0,899.0,50.0
3367,13,Westernwear,insense,399.0,199.0,50.0
3368,14,Westernwear,lovegen,1049.0,419.0,60.0
3369,15,Westernwear,zink london,2299.0,1379.0,40.0
3370,16,Westernwear,life,1799.0,899.0,50.0
3371,17,Westernwear,vero moda,4299.0,3439.0,20.0
3372,18,Westernwear,only,2999.0,2099.0,30.0
3373,19,Westernwear,faballey,2100.0,1680.0,20.0
3374,20,Westernwear,stop,1499.0,749.0,50.0
3375,21,Westernwear,zink london,1699.0,1019.0,40.0
3377,23,Westernwear,kraus,1595.0,797.0,50.0
3378,24,Westernwear,jealous 21,2638.2167045910855,2299.0,44.84758845312988
3379,25,Westernwear,life,999.0,499.0,50.0
3380,0,Westernwear,adidas,1799.0,899.0,50.0
3381,1,Westernwear,madame,899.0,539.0,40.0
3382,2,Westernwear,jealous 21,2638.2167045910855,2199.0,44.84758845312988
3383,3,Westernwear,lovegen,899.0,359.0,60.0
3384,4,Westernwear,zink london,1799.0,899.0,50.0
3385,5,Westernwear,stop,1299.0,649.0,50.0
3386,6,Westernwear,life,699.0,349.0,50.0
3387,7,Westernwear,life,999.0,499.0,50.0
3388,8,Westernwear,and,2638.2167045910855,2299.0,44.84758845312988
3389,9,Westernwear,only,2499.0,1999.0,20.0
3390,10,Westernwear,van heusen,1049.0,799.0,24.0
3391,11,Westernwear,life,699.0,349.0,50.0
3392,12,Westernwear,life,399.0,199.0,50.0
3393,13,Westernwear,crimsoune club,1299.0,1039.0,20.0
3394,14,Westernwear,zink london,1599.0,639.0,60.0
3395,15,Westernwear,life,1299.0,649.0,50.0
3396,16,Westernwear,and,1299.0,649.0,50.0
3397,17,Westernwear,samshek,2638.2167045910855,3500.0,44.84758845312988
3398,18,Westernwear,and,1099.0,549.0,50.0
3399,19,Westernwear,zink london,1699.0,679.0,60.0
3400,20,Westernwear,zink london,2199.0,879.0,60.0
3401,21,Westernwear,allen solly,1099.0,659.0,40.0
3403,23,Westernwear,life,599.0,299.0,50.0
3404,24,Westernwear,forever new,2638.2167045910855,6400.0,44.84758845312988
3405,25,Westernwear,life,3499.0,1749.0,50.0
3406,0,Westernwear,cover story,2590.0,1813.0,30.0
3407,1,Westernwear,jealous 21,2638.2167045910855,2299.0,44.84758845312988
3408,2,Westernwear,vero moda,3799.0,3039.0,20.0
3409,3,Westernwear,and,2499.0,1999.0,20.0
3410,4,Westernwear,pepe,3299.0,1979.0,40.0
3411,5,Westernwear,kraus,1895.0,947.0,50.0
3412,6,Westernwear,zink london,2599.0,2079.0,20.0
3413,7,Westernwear,and,2899.0,1449.0,50.0
3414,8,Westernwear,infuse,1599.0,799.0,50.0
3415,9,Westernwear,infuse,899.0,359.0,60.0
3416,10,Westernwear,life,1499.0,749.0,50.0
3417,11,Westernwear,vero moda,1299.0,779.0,40.0
3418,12,Westernwear,allen solly,1799.0,1079.0,40.0
3419,13,Westernwear,and,2899.0,2029.0,30.0
3420,14,Westernwear,zink london,1499.0,599.0,60.0
3421,15,Westernwear,zink london,2899.0,1159.0,60.0
3422,16,Westernwear,zink london,1599.0,499.0,69.0
3423,17,Westernwear,pepe,1199.0,719.0,40.0
3424,18,Westernwear,fratini,799.0,399.0,50.0
3425,19,Westernwear,stop,999.0,499.0,50.0
3426,20,Westernwear,latin quarters,1399.0,499.0,64.0
3427,21,Westernwear,latin quarters,1999.0,499.0,75.0
3429,23,Westernwear,and,3299.0,1649.0,50.0
3430,24,Westernwear,vh flex,2499.0,1999.0,20.0
3431,25,Westernwear,magre,1590.0,874.0,45.0
3432,0,Westernwear,and,2499.0,1999.0,20.0
3433,1,Westernwear,faballey,1950.0,975.0,50.0
3434,2,Westernwear,and,2699.0,1889.0,30.0
3435,3,Westernwear,and,1899.0,1519.0,20.0
3436,4,Westernwear,spykar,2699.0,1889.0,30.0
3437,5,Westernwear,and,2099.0,1469.0,30.0
3438,6,Westernwear,only,3499.0,2099.0,40.0
3439,7,Westernwear,levis,2638.2167045910855,3999.0,44.84758845312988
3440,8,Westernwear,infuse,1499.0,599.0,60.0
3441,9,Westernwear,van heusen,1049.0,799.0,24.0
3442,10,Westernwear,allen solly,1699.0,1019.0,40.0
3443,11,Westernwear,kraus,1895.0,947.0,50.0
3444,12,Westernwear,indya,3400.0,2720.0,20.0
3445,13,Westernwear,only,2299.0,1609.0,30.0
3446,14,Westernwear,allen solly,1699.0,1499.0,12.0
3447,15,Westernwear,latin quarters,1599.0,799.0,50.0
3448,16,Westernwear,ivy,2499.0,1249.0,50.0
3449,17,Westernwear,latin quarters,2638.2167045910855,2999.0,44.84758845312988
3450,18,Westernwear,only,3699.0,2589.0,30.0
3451,19,Westernwear,van heusen,2638.2167045910855,1999.0,44.84758845312988
3452,20,Westernwear,altlife,899.0,449.0,50.0
3453,21,Westernwear,latin quarters,1650.0,825.0,50.0
3455,23,Westernwear,insense,899.0,449.0,50.0
3456,24,Westernwear,jealous 21,2638.2167045910855,2199.0,44.84758845312988
3457,25,Westernwear,zink london,2299.0,1379.0,40.0
3458,0,Westernwear,latin quarters,1799.0,899.0,50.0
3459,1,Westernwear,zink london,1399.0,839.0,40.0
3460,2,Westernwear,madame,1799.0,899.0,50.0
3461,3,Westernwear,zink london,3999.0,1599.0,60.0
3462,4,Westernwear,global desi,1899.0,759.0,60.0
3463,5,Westernwear,global desi,1499.0,599.0,60.0
3464,6,Westernwear,and,1699.0,1359.0,20.0
3465,7,Westernwear,allen solly,1699.0,1019.0,40.0
3466,8,Westernwear,enamor,949.0,664.0,30.0
3467,9,Westernwear,fratini,1499.0,749.0,50.0
3468,10,Westernwear,kraus,1995.0,1795.0,10.0
3469,11,Westernwear,fratini,1199.0,599.0,50.0
3470,12,Westernwear,vero moda,2499.0,1249.0,50.0
3471,13,Westernwear,stop,999.0,499.0,50.0
3472,14,Westernwear,vero moda,1599.0,1119.0,30.0
3473,15,Westernwear,faballey,2200.0,1760.0,20.0
3474,16,Westernwear,kraus,1995.0,1396.0,30.0
3475,17,Westernwear,sera,3294.0,1317.0,60.0
3476,18,Westernwear,proline,799.0,399.0,50.0
3477,19,Westernwear,zink london,2499.0,999.0,60.0
3478,20,Westernwear,and,3099.0,2479.0,20.0
3479,21,Westernwear,kraus,1895.0,1326.0,30.0
3481,23,Westernwear,lovegen,1099.0,439.0,60.0
3482,24,Westernwear,only,3699.0,1849.0,50.0
3483,25,Westernwear,faballey,2600.0,2080.0,20.0
3484,0,Westernwear,dolce crudo,2499.0,1249.0,50.0
3485,1,Westernwear,faballey,1950.0,1560.0,20.0
3486,2,Westernwear,latin quarters,2638.2167045910855,2699.0,44.84758845312988
3487,3,Westernwear,zink london,2299.0,919.0,60.0
3488,4,Westernwear,zink london,2399.0,959.0,60.0
3489,5,Westernwear,stop,1699.0,849.0,50.0
3490,6,Westernwear,madame,899.0,539.0,40.0
3491,7,Westernwear,lovegen,2199.0,659.0,70.0
3492,8,Westernwear,emblaze,2638.2167045910855,3000.0,44.84758845312988
3493,9,Westernwear,van heusen,1699.0,999.0,41.0
3494,10,Westernwear,vero moda,3799.0,2659.0,30.0
3495,11,Westernwear,zink london,1499.0,899.0,40.0
3496,12,Westernwear,allen solly,1699.0,1019.0,40.0
3497,13,Westernwear,only,1999.0,1399.0,30.0
3498,14,Westernwear,allen solly,1699.0,1499.0,12.0
3499,15,Westernwear,zink london,2499.0,1499.0,40.0
3500,16,Westernwear,lovegen,1899.0,569.0,70.0
3501,17,Westernwear,vero moda,2799.0,2239.0,20.0
3502,18,Westernwear,kraus,1299.0,909.0,30.0
3503,19,Westernwear,infuse,1499.0,749.0,50.0
3504,20,Westernwear,puma,1999.0,1399.0,30.0
3505,21,Westernwear,and,2638.2167045910855,1399.0,44.84758845312988
3507,23,Westernwear,kraus,1995.0,1795.0,10.0
3508,24,Westernwear,vero moda,2599.0,1299.0,50.0
3509,25,Westernwear,altlife,399.0,199.0,50.0
3510,0,Westernwear,madame,1399.0,839.0,40.0
3511,1,Westernwear,allen solly,1599.0,999.0,38.0
3512,2,Westernwear,only,3299.0,2309.0,30.0
3513,3,Westernwear,and,1699.0,849.0,50.0
3514,4,Westernwear,global desi,1899.0,949.0,50.0
3515,5,Westernwear,zink london,1699.0,679.0,60.0
3516,6,Westernwear,latin quarters,2399.0,799.0,67.0
3517,7,Westernwear,and,1799.0,899.0,50.0
3518,8,Westernwear,jealous 21,2638.2167045910855,999.0,44.84758845312988
3519,9,Westernwear,latin quarters,2699.0,799.0,70.0
3520,10,Westernwear,zink london,2499.0,699.0,72.0
3521,11,Westernwear,allen solly,1599.0,959.0,40.0
3522,12,Westernwear,zink london,1699.0,1359.0,20.0
3523,13,Westernwear,life,699.0,349.0,50.0
3524,14,Westernwear,kraus,1049.0,524.0,50.0
3525,15,Westernwear,allen solly,1599.0,1279.0,20.0
3526,16,Westernwear,only,2499.0,1499.0,40.0
3527,17,Westernwear,insense,399.0,199.0,50.0
3528,18,Westernwear,only,3299.0,2309.0,30.0
3529,19,Westernwear,latin quarters,2299.0,1149.0,50.0
3530,20,Westernwear,enamor,1699.0,1189.0,30.0
3531,21,Westernwear,life,599.0,299.0,50.0
3533,23,Westernwear,van heusen,2638.2167045910855,1799.0,44.84758845312988
3534,24,Westernwear,stop,1199.0,599.0,50.0
3535,25,Westernwear,and,1699.0,1359.0,20.0
3536,0,Westernwear,faballey,2100.0,1680.0,20.0
3537,1,Westernwear,zink london,2199.0,1319.0,40.0
3538,2,Westernwear,life,599.0,299.0,50.0
3539,3,Westernwear,faballey,2700.0,2160.0,20.0
3540,4,Westernwear,vero moda,2599.0,1819.0,30.0
3541,5,Westernwear,zink london,1499.0,899.0,40.0
3542,6,Westernwear,stop,899.0,449.0,50.0
3543,7,Westernwear,and,2899.0,2029.0,30.0
3544,8,Westernwear,reebok,1499.0,749.0,50.0
3545,9,Westernwear,life,999.0,499.0,50.0
3546,10,Westernwear,rare,1599.0,639.0,60.0
3547,11,Westernwear,zink london,2299.0,699.0,70.0
3548,12,Westernwear,and,3699.0,1849.0,50.0
3549,13,Westernwear,kraus,1695.0,1186.0,30.0
3550,14,Westernwear,iti,2638.2167045910855,2699.0,44.84758845312988
3551,15,Westernwear,kraus,1795.0,1256.0,30.0
3552,16,Westernwear,zink london,2799.0,699.0,75.0
3553,17,Westernwear,enamor,699.0,489.0,30.0
3554,18,Westernwear,rare,2190.0,876.0,60.0
3555,19,Westernwear,van heusen,2999.0,1499.0,50.0
3556,20,Westernwear,zink z,2638.2167045910855,1599.0,44.84758845312988
3557,21,Westernwear,gipsy,1795.0,1256.0,30.0
3559,23,Westernwear,samshek,3900.0,1950.0,50.0
3560,24,Westernwear,vero moda,1799.0,899.0,50.0
3561,25,Westernwear,faballey,2200.0,1760.0,20.0
3562,0,Westernwear,and,2299.0,1839.0,20.0
3563,1,Westernwear,only,999.0,699.0,30.0
3564,2,Westernwear,only,1499.0,899.0,40.0
3565,3,Westernwear,dolce crudo,2349.0,1174.0,50.0
3566,4,Westernwear,campus sutra,2638.2167045910855,1999.0,44.84758845312988
3567,5,Westernwear,kraus,1795.0,1615.0,10.0
3568,6,Westernwear,van heusen,2638.2167045910855,2199.0,44.84758845312988
3569,7,Westernwear,vero moda,3499.0,2449.0,30.0
3570,8,Westernwear,kraus,1895.0,947.0,50.0
3571,9,Westernwear,sera,1998.0,999.0,50.0
3572,10,Westernwear,altlife,399.0,199.0,50.0
3573,11,Westernwear,fratini,1299.0,649.0,50.0
3574,12,Westernwear,faballey,1650.0,825.0,50.0
3575,13,Westernwear,altlife,1299.0,649.0,50.0
3576,14,Westernwear,only,999.0,699.0,30.0
3577,15,Westernwear,puma,1299.0,909.0,30.0
3578,16,Westernwear,altlife,499.0,249.0,50.0
3579,17,Westernwear,infuse,799.0,319.0,60.0
3580,18,Westernwear,levis,2638.2167045910855,2799.0,44.84758845312988
3581,19,Westernwear,zink london,2599.0,1299.0,50.0
3582,20,Westernwear,zink london,2299.0,1149.0,50.0
3583,21,Westernwear,109f,1599.0,639.0,60.0
3585,23,Westernwear,latin quarters,1599.0,499.0,69.0
3586,24,Westernwear,infuse,599.0,299.0,50.0
3587,25,Westernwear,zink london,1699.0,1019.0,40.0
3588,0,Westernwear,adidas,2499.0,1249.0,50.0
3589,1,Westernwear,zink london,1499.0,1199.0,20.0
3590,2,Westernwear,indya,1800.0,900.0,50.0
3591,3,Westernwear,latin quarters,2899.0,799.0,72.0
3592,4,Westernwear,magre,2190.0,1314.0,40.0
3593,5,Westernwear,only,3699.0,2959.0,20.0
3594,6,Westernwear,latin quarters,1499.0,1049.0,30.0
3595,7,Westernwear,vero moda,2638.2167045910855,3499.0,44.84758845312988
3596,8,Westernwear,w,2638.2167045910855,3999.0,44.84758845312988
3597,9,Westernwear,faballey,2800.0,2240.0,20.0
3598,10,Westernwear,only,2499.0,1999.0,20.0
3599,11,Westernwear,faballey,2200.0,1100.0,50.0
3600,12,Westernwear,life,999.0,499.0,50.0
3601,13,Westernwear,campus sutra,2638.2167045910855,1399.0,44.84758845312988
3602,14,Westernwear,cover story,2290.0,1603.0,30.0
3603,15,Westernwear,vero moda,2499.0,1499.0,40.0
3604,16,Westernwear,is.u,890.0,445.0,50.0
3605,17,Westernwear,zink london,1399.0,839.0,40.0
3606,18,Westernwear,allen solly,3499.0,2799.0,20.0
3607,19,Westernwear,juniper,1899.0,759.0,60.0
3608,20,Westernwear,life,1199.0,599.0,50.0
3609,21,Westernwear,proline,699.0,349.0,50.0
3611,23,Westernwear,fratini,2638.2167045910855,999.0,44.84758845312988
3612,24,Westernwear,life,799.0,399.0,50.0
3613,25,Westernwear,forever new,7800.0,5460.0,30.0
3614,0,Westernwear,and,3699.0,2959.0,20.0
3615,1,Westernwear,and,1999.0,999.0,50.0
3616,2,Westernwear,vero moda,2599.0,1559.0,40.0
3617,3,Westernwear,zink london,2699.0,1079.0,60.0
3618,4,Westernwear,zink london,1699.0,1019.0,40.0
3619,5,Westernwear,zink london,2699.0,1349.0,50.0
3620,6,Westernwear,insense,499.0,249.0,50.0
3621,7,Westernwear,infuse,899.0,359.0,60.0
3622,8,Westernwear,spykar,2638.2167045910855,2699.0,44.84758845312988
3623,9,Westernwear,zink london,3999.0,1599.0,60.0
3624,10,Westernwear,faballey,1600.0,800.0,50.0
3625,11,Westernwear,only,1799.0,1079.0,40.0
3626,12,Westernwear,stop,999.0,499.0,50.0
3627,13,Westernwear,latin quarters,1999.0,799.0,60.0
3628,14,Westernwear,faballey,1800.0,900.0,50.0
3629,15,Westernwear,zink london,2299.0,1379.0,40.0
3630,16,Westernwear,109f,1199.0,479.0,60.0
3631,17,Westernwear,vero moda,3299.0,1649.0,50.0
3632,18,Westernwear,faballey,2200.0,1760.0,20.0
3633,19,Westernwear,vero moda,2599.0,1819.0,30.0
3634,20,Westernwear,levis,2638.2167045910855,3699.0,44.84758845312988
3635,21,Westernwear,van heusen,3299.0,1499.0,55.0
3637,23,Westernwear,and,3499.0,1749.0,50.0
3638,24,Westernwear,enamor,1599.0,1119.0,30.0
3639,25,Westernwear,zink z,2638.2167045910855,1999.0,44.84758845312988
3640,0,Westernwear,global desi,1999.0,999.0,50.0
3641,1,Westernwear,adidas,1799.0,1259.0,30.0
3642,2,Westernwear,vero moda,3499.0,2099.0,40.0
3643,3,Westernwear,kraus,2095.0,1466.0,30.0
3644,4,Westernwear,only,2499.0,1749.0,30.0
3645,5,Westernwear,faballey,2200.0,1760.0,20.0
3646,6,Westernwear,faballey,2450.0,1960.0,20.0
3647,7,Westernwear,kami kubi,1399.0,629.0,55.0
3648,8,Westernwear,life,1299.0,649.0,50.0
3649,9,Westernwear,latin quarters,2499.0,799.0,68.0
3650,10,Westernwear,zink london,1599.0,959.0,40.0
3651,11,Westernwear,crimsoune club,1299.0,649.0,50.0
3652,12,Westernwear,zink london,1499.0,399.0,73.0
3653,13,Westernwear,zink london,2899.0,1159.0,60.0
3654,14,Westernwear,and,1999.0,999.0,50.0
3655,15,Westernwear,latin quarters,2399.0,799.0,67.0
3656,16,Westernwear,rare,1899.0,854.0,55.0
3657,17,Westernwear,and,3499.0,1749.0,50.0
3658,18,Westernwear,zink london,1799.0,719.0,60.0
3659,19,Westernwear,and,2999.0,1499.0,50.0
3660,20,Westernwear,latin quarters,2399.0,799.0,67.0
3661,21,Westernwear,infuse,399.0,199.0,50.0
3663,23,Westernwear,and,1599.0,1279.0,20.0
3664,24,Westernwear,only,1699.0,849.0,50.0
3665,25,Westernwear,stop,2299.0,1149.0,50.0
3666,0,Westernwear,only,2299.0,1149.0,50.0
3667,1,Westernwear,sera,1998.0,799.0,60.0
3668,2,Westernwear,fratini,1299.0,649.0,50.0
3669,3,Westernwear,zink london,2199.0,1319.0,40.0
3670,4,Westernwear,life,599.0,299.0,50.0
3671,5,Westernwear,life,2638.2167045910855,99.0,44.84758845312988
3672,6,Westernwear,adidas,1799.0,899.0,50.0
3673,7,Westernwear,van heusen,2638.2167045910855,479.0,44.84758845312988
3674,8,Westernwear,van heusen,2638.2167045910855,1499.0,44.84758845312988
3675,9,Westernwear,faballey,1500.0,1200.0,20.0
3676,10,Westernwear,life,1699.0,849.0,50.0
3677,11,Westernwear,van heusen,1699.0,999.0,41.0
3678,12,Westernwear,latin quarters,1999.0,799.0,60.0
3679,13,Westernwear,indya,1600.0,1280.0,20.0
3680,14,Westernwear,dolce crudo,2399.0,959.0,60.0
3681,15,Westernwear,magre,1690.0,1098.0,35.0
3682,16,Westernwear,travel blue,2638.2167045910855,149.0,44.84758845312988
3683,17,Westernwear,kraus,1895.0,1705.0,10.0
3684,18,Westernwear,is.u,3290.0,1645.0,50.0
3685,19,Westernwear,latin quarters,2638.2167045910855,2999.0,44.84758845312988
3686,20,Westernwear,zink london,1499.0,749.0,50.0
3687,21,Westernwear,latin quarters,2699.0,1349.0,50.0
3689,23,Westernwear,dolce crudo,2399.0,959.0,60.0
3690,24,Westernwear,life,999.0,499.0,50.0
3691,25,Westernwear,dolce crudo,2699.0,1079.0,60.0
3692,0,Westernwear,juniper,2999.0,1349.0,55.0
3693,1,Westernwear,varanga,1299.0,519.0,60.0
3694,2,Westernwear,latin quarters,2899.0,1449.0,50.0
3695,3,Westernwear,and,1899.0,949.0,50.0
3696,4,Westernwear,kraus,1895.0,947.0,50.0
3697,5,Westernwear,faballey,2100.0,1050.0,50.0
3698,6,Westernwear,zink london,1799.0,719.0,60.0
3699,7,Westernwear,zink london,1799.0,719.0,60.0
3700,8,Westernwear,life,1299.0,649.0,50.0
3701,9,Westernwear,allen solly,1999.0,1499.0,25.0
3702,10,Westernwear,dolce crudo,2995.0,1347.0,55.0
3703,11,Westernwear,latin quarters,1399.0,499.0,64.0
3704,12,Westernwear,only,3499.0,2449.0,30.0
3705,13,Westernwear,fratini,2638.2167045910855,1199.0,44.84758845312988
3706,14,Westernwear,zink london,2399.0,1439.0,40.0
3707,15,Westernwear,levis,2638.2167045910855,4999.0,44.84758845312988
3708,16,Westernwear,stop,2638.2167045910855,999.0,44.84758845312988
3709,17,Westernwear,vero moda,2499.0,1499.0,40.0
3710,18,Westernwear,altlife,499.0,249.0,50.0
3711,19,Westernwear,sera,1494.0,672.0,55.0
3712,20,Westernwear,only,2499.0,1999.0,20.0
3713,21,Westernwear,spykar,1899.0,1329.0,30.0
3715,23,Westernwear,latin quarters,1399.0,699.0,50.0
3716,24,Westernwear,cover story,1790.0,1074.0,40.0
3717,25,Westernwear,insense,999.0,499.0,50.0
3718,0,Westernwear,faballey,1800.0,1440.0,20.0
3719,1,Westernwear,life,499.0,249.0,50.0
3720,2,Westernwear,kraus,999.0,899.0,10.0
3721,3,Westernwear,stop,2638.2167045910855,1299.0,44.84758845312988
3722,4,Westernwear,life,899.0,449.0,50.0
3723,5,Westernwear,and,3499.0,2799.0,20.0
3724,6,Westernwear,magre,3190.0,1914.0,40.0
3725,7,Westernwear,only,3699.0,2959.0,20.0
3726,8,Westernwear,faballey,2600.0,2080.0,20.0
3727,9,Westernwear,lovegen,1699.0,339.0,80.0
3728,10,Westernwear,fratini,1199.0,599.0,50.0
3729,11,Westernwear,life,599.0,299.0,50.0
3730,12,Westernwear,sera,1998.0,799.0,60.0
3731,13,Westernwear,zink london,1799.0,499.0,72.0
3732,14,Westernwear,kraus,1299.0,909.0,30.0
3733,15,Westernwear,ira soleil,2638.2167045910855,1499.0,44.84758845312988
3734,16,Westernwear,life,599.0,299.0,50.0
3735,17,Westernwear,jealous 21,2638.2167045910855,2499.0,44.84758845312988
3736,18,Westernwear,and,1799.0,899.0,50.0
3737,19,Westernwear,zink london,2699.0,1079.0,60.0
3738,20,Westernwear,fratini,999.0,499.0,50.0
3739,21,Westernwear,levis,2638.2167045910855,2399.0,44.84758845312988
3741,23,Westernwear,infuse,899.0,359.0,60.0
3742,24,Westernwear,madame,1599.0,1119.0,30.0
3743,25,Westernwear,madame,1599.0,799.0,50.0
3744,0,Westernwear,jockey,2638.2167045910855,218.0,44.84758845312988
3745,1,Westernwear,and,2099.0,1679.0,20.0
3746,2,Westernwear,and,1899.0,1519.0,20.0
3747,3,Westernwear,zink london,1699.0,679.0,60.0
3748,4,Westernwear,and,1899.0,1329.0,30.0
3749,5,Westernwear,life,1999.0,999.0,50.0
3750,6,Westernwear,vero moda,2638.2167045910855,3799.0,44.84758845312988
3751,7,Westernwear,cover story,1890.0,1134.0,40.0
3752,8,Westernwear,altlife,799.0,399.0,50.0
3753,9,Westernwear,sera,1498.0,599.0,60.0
3754,10,Westernwear,vero moda,1599.0,959.0,40.0
3755,11,Westernwear,zink london,1599.0,959.0,40.0
3756,12,Westernwear,only,1999.0,1199.0,40.0
3757,13,Westernwear,only,2999.0,2099.0,30.0
3758,14,Westernwear,emblaze,2638.2167045910855,5000.0,44.84758845312988
3759,15,Westernwear,insense,399.0,199.0,50.0
3760,16,Westernwear,vero moda,4299.0,3009.0,30.0
3762,18,Westernwear,zink london,2699.0,1619.0,40.0
3763,19,Westernwear,fratini,2638.2167045910855,1299.0,44.84758845312988
3764,20,Westernwear,faballey,1900.0,1520.0,20.0
3765,21,Westernwear,zink london,1999.0,1199.0,40.0
3767,23,Westernwear,life,1199.0,599.0,50.0
3768,24,Westernwear,zink london,1799.0,1079.0,40.0
3769,25,Westernwear,vero moda,3499.0,2799.0,20.0
3770,0,Westernwear,jealous 21,2638.2167045910855,2199.0,44.84758845312988
3771,1,Westernwear,vero moda,1999.0,1199.0,40.0
3772,2,Westernwear,gipsy,1795.0,1256.0,30.0
3773,3,Westernwear,zink london,2299.0,919.0,60.0
3774,4,Westernwear,and,2699.0,1349.0,50.0
3775,5,Westernwear,and,1699.0,849.0,50.0
3776,6,Westernwear,zink london,1599.0,639.0,60.0
3777,7,Westernwear,insense,1199.0,599.0,50.0
3778,8,Westernwear,fratini,2638.2167045910855,699.0,44.84758845312988
3779,9,Westernwear,stop,2638.2167045910855,1299.0,44.84758845312988
3780,10,Westernwear,van heusen,2638.2167045910855,1799.0,44.84758845312988
3781,11,Westernwear,rare,1599.0,639.0,60.0
3782,12,Westernwear,forever new,5800.0,3770.0,35.0
3783,13,Westernwear,kraus,1895.0,947.0,50.0
3784,14,Westernwear,latin quarters,1999.0,499.0,75.0
3785,15,Westernwear,rare,2399.0,959.0,60.0
3786,16,Westernwear,altlife,599.0,299.0,50.0
3787,17,Westernwear,zink london,1399.0,499.0,64.0
3788,18,Westernwear,crimsoune club,1399.0,979.0,30.0
3789,19,Westernwear,fratini,599.0,299.0,50.0
3790,20,Westernwear,allen solly,2299.0,1379.0,40.0
3791,21,Westernwear,faballey,2200.0,1100.0,50.0
3793,23,Westernwear,indya,1600.0,1280.0,20.0
3794,24,Westernwear,vero moda,3499.0,2799.0,20.0
3795,25,Westernwear,rare,1899.0,854.0,55.0
3796,0,Westernwear,faballey,2250.0,1800.0,20.0
3797,1,Westernwear,life,1499.0,749.0,50.0
3798,2,Westernwear,zink z,2638.2167045910855,1799.0,44.84758845312988
3799,3,Westernwear,allen solly,1999.0,1199.0,40.0
3800,4,Westernwear,zink london,1299.0,399.0,69.0
3801,5,Westernwear,faballey,2500.0,2000.0,20.0
3802,6,Westernwear,forever new,3400.0,2550.0,25.0
3803,7,Westernwear,infuse,399.0,199.0,50.0
3804,8,Westernwear,zink london,2499.0,1499.0,40.0
3805,9,Westernwear,allen solly,1799.0,1079.0,40.0
3806,10,Westernwear,jealous 21,2638.2167045910855,2299.0,44.84758845312988
3807,11,Westernwear,indya,1500.0,1200.0,20.0
3808,12,Westernwear,infuse,599.0,239.0,60.0
3809,13,Westernwear,life,1299.0,649.0,50.0
3810,14,Westernwear,pepe,1799.0,1079.0,40.0
3811,15,Westernwear,stop,1699.0,849.0,50.0
3812,16,Westernwear,stop,1199.0,599.0,50.0
3813,17,Westernwear,zink london,2399.0,959.0,60.0
3814,18,Westernwear,madame,1699.0,849.0,50.0
3815,19,Westernwear,faballey,1400.0,700.0,50.0
3816,20,Westernwear,kraus,1895.0,947.0,50.0
3817,21,Westernwear,altlife,499.0,249.0,50.0
3819,23,Westernwear,faballey,2400.0,1920.0,20.0
3820,24,Westernwear,vero moda,2799.0,2239.0,20.0
3821,25,Westernwear,de moza,2638.2167045910855,1299.0,44.84758845312988
3822,0,Westernwear,faballey,2400.0,1920.0,20.0
3823,1,Westernwear,insense,399.0,199.0,50.0
3824,2,Westernwear,dolce crudo,3999.0,1599.0,60.0
3825,3,Westernwear,and,2699.0,2159.0,20.0
3826,4,Westernwear,vero moda,4799.0,3839.0,20.0
3827,5,Westernwear,spykar,999.0,699.0,30.0
3828,6,Westernwear,magre,3190.0,1435.0,55.0
3829,7,Westernwear,allen solly,1599.0,959.0,40.0
3830,8,Westernwear,vero moda,2638.2167045910855,2599.0,44.84758845312988
3831,9,Westernwear,vero moda,2299.0,1839.0,20.0
3832,10,Westernwear,sera,1998.0,999.0,50.0
3833,11,Westernwear,iti,2638.2167045910855,2299.0,44.84758845312988
3834,12,Westernwear,life,999.0,499.0,50.0
3835,13,Westernwear,kraus,999.0,899.0,10.0
3836,14,Westernwear,life,699.0,349.0,50.0
3837,15,Westernwear,adidas,1599.0,1119.0,30.0
3838,16,Westernwear,kami kubi,1299.0,714.0,45.0
3839,17,Westernwear,and,2638.2167045910855,3699.0,44.84758845312988
3840,18,Westernwear,faballey,2200.0,1760.0,20.0
3841,19,Westernwear,latin quarters,1399.0,499.0,64.0
3842,20,Westernwear,zink london,1499.0,599.0,60.0
3843,21,Westernwear,u.s. polo assn.,2638.2167045910855,499.0,44.84758845312988
3845,23,Westernwear,juniper,4048.0,1821.0,55.0
3846,24,Westernwear,and,1499.0,749.0,50.0
3847,25,Westernwear,faballey,2800.0,1400.0,50.0
3848,0,Westernwear,cover story,4490.0,2245.0,50.0
3849,1,Westernwear,lovegen,1049.0,419.0,60.0
3850,2,Westernwear,levis,2638.2167045910855,2899.0,44.84758845312988
3851,3,Westernwear,faballey,1500.0,1200.0,20.0
3852,4,Westernwear,life,599.0,299.0,50.0
3853,5,Westernwear,life,999.0,499.0,50.0
3854,6,Westernwear,cover story,2590.0,1554.0,40.0
3855,7,Westernwear,allen solly,2299.0,1839.0,20.0
3856,8,Westernwear,and,2638.2167045910855,2799.0,44.84758845312988
3857,9,Westernwear,cover story,1790.0,1074.0,40.0
3858,10,Westernwear,faballey,1400.0,1120.0,20.0
3859,11,Westernwear,altlife,999.0,499.0,50.0
3860,12,Westernwear,haute curry,1499.0,749.0,50.0
3861,13,Westernwear,iti,1499.0,799.0,47.0
3862,14,Westernwear,latin quarters,2638.2167045910855,2899.0,44.84758845312988
3863,15,Westernwear,vero moda,2999.0,1799.0,40.0
3864,16,Westernwear,sera,1694.0,677.0,60.0
3865,17,Westernwear,latin quarters,1399.0,499.0,64.0
3866,18,Westernwear,lovegen,2999.0,899.0,70.0
3867,19,Westernwear,sera,1494.0,522.0,65.0
3868,20,Westernwear,stop,2638.2167045910855,1299.0,44.84758845312988
3869,21,Westernwear,madame,2638.2167045910855,899.0,44.84758845312988
3871,23,Westernwear,kraus,1995.0,1795.0,10.0
3872,24,Westernwear,samshek,2638.2167045910855,1690.0,44.84758845312988
3873,25,Westernwear,infuse,699.0,419.0,40.0
3874,0,Westernwear,life,1699.0,849.0,50.0
3875,1,Westernwear,and,2799.0,1399.0,50.0
3876,2,Westernwear,latin quarters,2390.0,799.0,67.0
3877,3,Westernwear,crimsoune club,2499.0,1249.0,50.0
3878,4,Westernwear,crimsoune club,1399.0,839.0,40.0
3879,5,Westernwear,and,2899.0,1449.0,50.0
3880,6,Westernwear,stop,2638.2167045910855,1299.0,44.84758845312988
3881,7,Westernwear,latin quarters,2499.0,799.0,68.0
3882,8,Westernwear,zink london,2499.0,999.0,60.0
3883,9,Westernwear,zink london,1599.0,399.0,75.0
3884,10,Westernwear,levis,2638.2167045910855,1099.0,44.84758845312988
3885,11,Westernwear,zink london,1999.0,499.0,75.0
3886,12,Westernwear,forever new,3800.0,2280.0,40.0
3887,13,Westernwear,zink london,1499.0,499.0,67.0
3888,14,Westernwear,rare,1299.0,584.0,55.0
3889,15,Westernwear,and,2638.2167045910855,3099.0,44.84758845312988
3890,16,Westernwear,fratini,1499.0,749.0,50.0
3891,17,Westernwear,forever new,4200.0,2940.0,30.0
3892,18,Westernwear,global desi,2638.2167045910855,2899.0,44.84758845312988
3893,19,Westernwear,faballey,1400.0,700.0,50.0
3894,20,Westernwear,only,3499.0,2449.0,30.0
3895,21,Westernwear,lovegen,1190.0,476.0,60.0
3897,23,Westernwear,adidas,2499.0,1749.0,30.0
3898,24,Westernwear,fratini,2638.2167045910855,1299.0,44.84758845312988
3899,25,Westernwear,sera,1494.0,747.0,50.0
3900,0,Westernwear,vero moda,3999.0,3199.0,20.0
3901,1,Westernwear,faballey,2100.0,1050.0,50.0
3902,2,Westernwear,levis,2638.2167045910855,3699.0,44.84758845312988
3903,3,Westernwear,vero moda,3799.0,3039.0,20.0
3904,4,Westernwear,life,399.0,199.0,50.0
3905,5,Westernwear,madame,1699.0,1189.0,30.0
3906,6,Westernwear,faballey,1500.0,1200.0,20.0
3907,7,Westernwear,life,299.0,149.0,50.0
3908,8,Westernwear,vero moda,2638.2167045910855,2299.0,44.84758845312988
3909,9,Westernwear,and,2499.0,1999.0,20.0
3910,10,Westernwear,fratini,599.0,299.0,50.0
3911,11,Westernwear,life,499.0,249.0,50.0
3912,12,Westernwear,van heusen,2199.0,1499.0,32.0
3913,13,Westernwear,infuse,699.0,419.0,40.0
3914,14,Westernwear,vero moda,2499.0,1749.0,30.0
3915,15,Westernwear,levis,2638.2167045910855,1399.0,44.84758845312988
3916,16,Westernwear,zink london,2799.0,1679.0,40.0
3917,17,Westernwear,kraus,1995.0,1396.0,30.0
3918,18,Westernwear,life,599.0,299.0,50.0
3919,19,Westernwear,cover story,1290.0,903.0,30.0
3920,20,Westernwear,spykar,2699.0,1889.0,30.0
3921,21,Westernwear,latin quarters,2799.0,1399.0,50.0
3923,23,Westernwear,jealous 21,2638.2167045910855,2099.0,44.84758845312988
3924,24,Westernwear,marie claire,1999.0,899.0,55.0
3925,25,Westernwear,rare,2699.0,1079.0,60.0
3926,0,Westernwear,latin quarters,1399.0,499.0,64.0
3927,1,Westernwear,cover story,2890.0,1445.0,50.0
3928,2,Westernwear,life,1699.0,849.0,50.0
3929,3,Westernwear,kraus,1499.0,1349.0,10.0
3930,4,Westernwear,zink london,2999.0,1199.0,60.0
3931,5,Westernwear,and,3499.0,2449.0,30.0
3932,6,Westernwear,forever new,4400.0,3300.0,25.0
3933,7,Westernwear,faballey,2600.0,1300.0,50.0
3934,8,Westernwear,zink london,2399.0,959.0,60.0
3935,9,Westernwear,stop,2638.2167045910855,799.0,44.84758845312988
3936,10,Westernwear,enamor,1599.0,1119.0,30.0
3937,11,Westernwear,insense,999.0,499.0,50.0
3938,12,Westernwear,vero moda,2599.0,2079.0,20.0
3939,13,Westernwear,spykar,1899.0,1329.0,30.0
3940,14,Westernwear,faballey,1600.0,1280.0,20.0
3941,15,Westernwear,zink london,1499.0,499.0,67.0
3942,16,Westernwear,puma,2799.0,1959.0,30.0
3943,17,Westernwear,vero moda,2599.0,2079.0,20.0
3944,18,Westernwear,pepe,1299.0,779.0,40.0
3945,19,Westernwear,zink london,2199.0,1319.0,40.0
3946,20,Westernwear,emblaze,2638.2167045910855,3000.0,44.84758845312988
3947,21,Westernwear,only,2799.0,1959.0,30.0
3949,23,Westernwear,gipsy,1995.0,1396.0,30.0
3950,24,Westernwear,sera,1494.0,747.0,50.0
3951,25,Westernwear,adidas,1799.0,1259.0,30.0
3952,0,Westernwear,fratini,1199.0,599.0,50.0
3953,1,Westernwear,pepe,999.0,599.0,40.0
3954,2,Westernwear,faballey,2200.0,1760.0,20.0
3955,3,Westernwear,faballey,1400.0,700.0,50.0
3956,4,Westernwear,vero moda,4299.0,3009.0,30.0
3957,5,Westernwear,indya,1400.0,700.0,50.0
3958,6,Westernwear,vero moda,2299.0,1839.0,20.0
3959,7,Westernwear,sera,1298.0,519.0,60.0
3960,8,Westernwear,vero moda,1599.0,959.0,40.0
3961,9,Westernwear,magre,1790.0,1163.0,35.0
3962,10,Westernwear,sera,1198.0,479.0,60.0
3963,11,Westernwear,adidas,2299.0,1149.0,50.0
3964,12,Westernwear,allen solly,1799.0,1079.0,40.0
3965,13,Westernwear,zink london,1499.0,499.0,67.0
3966,14,Westernwear,zink london,1999.0,1199.0,40.0
3967,15,Westernwear,latin quarters,1650.0,825.0,50.0
3968,16,Westernwear,zink london,2499.0,1499.0,40.0
3969,17,Westernwear,zink london,2399.0,899.0,63.0
3970,18,Westernwear,stop,2638.2167045910855,1299.0,44.84758845312988
3971,19,Westernwear,rare,1499.0,674.0,55.0
3972,20,Westernwear,stop,1299.0,649.0,50.0
3973,21,Westernwear,life,599.0,299.0,50.0
3975,23,Westernwear,kraus,1199.0,599.0,50.0
3976,24,Westernwear,madame,1899.0,1139.0,40.0
3977,25,Westernwear,zink london,2399.0,959.0,60.0
3978,0,Westernwear,zink london,4499.0,1799.0,60.0
3979,1,Westernwear,life,699.0,349.0,50.0
3980,2,Westernwear,only,3699.0,2219.0,40.0
3981,3,Westernwear,life,799.0,399.0,50.0
3982,4,Westernwear,emblaze,2638.2167045910855,4500.0,44.84758845312988
3983,5,Westernwear,stop,2199.0,1099.0,50.0
3984,6,Westernwear,sera,1094.0,437.0,60.0
3985,7,Westernwear,kraus,1299.0,1169.0,10.0
3986,8,Westernwear,forever new,2638.2167045910855,2400.0,44.84758845312988
3987,9,Westernwear,vero moda,3799.0,3039.0,20.0
3988,10,Westernwear,only,1699.0,1189.0,30.0
3989,11,Westernwear,stop,999.0,499.0,50.0
3990,12,Westernwear,and,1799.0,899.0,50.0
3991,13,Westernwear,altlife,599.0,299.0,50.0
3992,14,Westernwear,adidas,3299.0,2309.0,30.0
3993,15,Westernwear,109f,1199.0,479.0,60.0
3994,16,Westernwear,allen solly,999.0,599.0,40.0
3995,17,Westernwear,faballey,2200.0,1100.0,50.0
3996,18,Westernwear,fratini,2638.2167045910855,799.0,44.84758845312988
3997,19,Westernwear,spykar,2799.0,1959.0,30.0
3998,20,Westernwear,stop,2638.2167045910855,1499.0,44.84758845312988
3999,21,Westernwear,vero moda,3799.0,1899.0,50.0
4001,23,Westernwear,vero moda,2638.2167045910855,2599.0,44.84758845312988
4002,24,Westernwear,life,999.0,499.0,50.0
4003,25,Westernwear,sera,1998.0,799.0,60.0
4004,0,Westernwear,iti,2638.2167045910855,1799.0,44.84758845312988
4005,1,Westernwear,kraus,1895.0,1326.0,30.0
4006,2,Westernwear,vero moda,999.0,599.0,40.0
4007,3,Westernwear,global desi,3299.0,2639.0,20.0
4008,4,Westernwear,and,2699.0,2159.0,20.0
4009,5,Westernwear,and,2499.0,1249.0,50.0
4010,6,Westernwear,life,799.0,399.0,50.0
4011,7,Westernwear,fratini,2638.2167045910855,1499.0,44.84758845312988
4012,8,Westernwear,zink london,1899.0,759.0,60.0
4013,9,Westernwear,zink london,1599.0,639.0,60.0
4014,10,Westernwear,zink london,1699.0,1019.0,40.0
4015,11,Westernwear,zink london,1499.0,599.0,60.0
4016,12,Westernwear,van heusen,2638.2167045910855,1499.0,44.84758845312988
4017,13,Westernwear,rare,1999.0,899.0,55.0
4018,14,Westernwear,and,2499.0,1249.0,50.0
4019,15,Westernwear,vero moda,999.0,499.0,50.0
4020,16,Westernwear,allen solly,1599.0,959.0,40.0
4021,17,Westernwear,latin quarters,1399.0,499.0,64.0
4022,18,Westernwear,latin quarters,1899.0,799.0,58.0
4023,19,Westernwear,vero moda,4499.0,3599.0,20.0
4024,20,Westernwear,magre,2390.0,1434.0,40.0
4025,21,Westernwear,only,1499.0,1049.0,30.0
4027,23,Westernwear,levis,2638.2167045910855,1599.0,44.84758845312988
4028,24,Westernwear,stop,999.0,499.0,50.0
4029,25,Westernwear,vero moda,1899.0,1329.0,30.0
4030,0,Westernwear,vero moda,2638.2167045910855,4999.0,44.84758845312988
4031,1,Westernwear,vero moda,4299.0,3439.0,20.0
4032,2,Westernwear,gipsy,3295.0,2306.0,30.0
4033,3,Westernwear,vero moda,2299.0,1379.0,40.0
4034,4,Westernwear,levis,2638.2167045910855,3799.0,44.84758845312988
4035,5,Westernwear,vero moda,2499.0,1999.0,20.0
4036,6,Westernwear,vero moda,1999.0,1399.0,30.0
4037,7,Westernwear,zink london,2799.0,1119.0,60.0
4038,8,Westernwear,indya,3200.0,1600.0,50.0
4039,9,Westernwear,and,1999.0,1399.0,30.0
4040,10,Westernwear,zink london,1799.0,1079.0,40.0
4041,11,Westernwear,and,2099.0,1679.0,20.0
4042,12,Westernwear,faballey,2600.0,2080.0,20.0
4043,13,Westernwear,stop,2638.2167045910855,899.0,44.84758845312988
4044,14,Westernwear,faballey,1400.0,1120.0,20.0
4045,15,Westernwear,latin quarters,2638.2167045910855,3499.0,44.84758845312988
4046,16,Westernwear,dolce crudo,2549.0,1274.0,50.0
4047,17,Westernwear,kami kubi,1999.0,899.0,55.0
4048,18,Westernwear,jealous 21,2638.2167045910855,1699.0,44.84758845312988
4049,19,Westernwear,vero moda,2999.0,2099.0,30.0
4050,20,Westernwear,allen solly,3799.0,2799.0,26.0
4051,21,Westernwear,only,3299.0,2309.0,30.0
4053,23,Westernwear,pepe,1999.0,1199.0,40.0
4054,24,Westernwear,vero moda,2638.2167045910855,2999.0,44.84758845312988
4055,25,Westernwear,campus sutra,2638.2167045910855,2199.0,44.84758845312988
4056,0,Westernwear,allen solly,2299.0,1379.0,40.0
4057,1,Westernwear,cover story,1990.0,990.0,50.0
4058,2,Westernwear,crimsoune club,1399.0,979.0,30.0
4059,3,Westernwear,zink london,1699.0,1019.0,40.0
4060,4,Westernwear,zink london,1599.0,639.0,60.0
4061,5,Westernwear,life,699.0,349.0,50.0
4062,6,Westernwear,stop,1699.0,849.0,50.0
4063,7,Westernwear,adidas,2999.0,1499.0,50.0
4064,8,Westernwear,kraus,2095.0,1466.0,30.0
4065,9,Westernwear,varanga,1999.0,799.0,60.0
4066,10,Westernwear,and,1499.0,749.0,50.0
4067,11,Westernwear,madame,1799.0,899.0,50.0
4068,12,Westernwear,campus sutra,2638.2167045910855,4999.0,44.84758845312988
4069,13,Westernwear,zink london,1499.0,499.0,67.0
4070,14,Westernwear,kraus,1695.0,847.0,50.0
4071,15,Westernwear,faballey,1450.0,725.0,50.0
4072,16,Westernwear,and,2499.0,1249.0,50.0
4073,17,Westernwear,latin quarters,2799.0,1959.0,30.0
4074,18,Westernwear,kraus,1695.0,1186.0,30.0
4075,19,Westernwear,zink london,1499.0,899.0,40.0
4076,20,Westernwear,van heusen,2199.0,1499.0,32.0
4077,21,Westernwear,infuse,999.0,599.0,40.0
4079,23,Westernwear,fratini,2638.2167045910855,799.0,44.84758845312988
4080,24,Westernwear,only,1999.0,1399.0,30.0
4081,25,Westernwear,levis,2638.2167045910855,4599.0,44.84758845312988
4082,0,Westernwear,dolce crudo,2499.0,874.0,65.0
4083,1,Westernwear,only,1699.0,1189.0,30.0
4084,2,Westernwear,vero moda,4299.0,3009.0,30.0
4085,3,Westernwear,life,999.0,499.0,50.0
4086,4,Westernwear,zink london,1499.0,899.0,40.0
4087,5,Westernwear,fratini,699.0,349.0,50.0
4088,6,Westernwear,vero moda,2638.2167045910855,2999.0,44.84758845312988
4089,7,Westernwear,sera,1498.0,749.0,50.0
4090,8,Westernwear,allen solly,1999.0,1199.0,40.0
4091,9,Westernwear,only,2499.0,1499.0,40.0
4092,10,Westernwear,van heusen,2638.2167045910855,2199.0,44.84758845312988
4093,11,Westernwear,zink london,1699.0,1019.0,40.0
4094,12,Westernwear,enamor,1599.0,1119.0,30.0
4095,13,Westernwear,stop,2638.2167045910855,999.0,44.84758845312988
4096,14,Westernwear,is.u,1799.0,899.0,50.0
4097,15,Westernwear,kraus,1895.0,1326.0,30.0
4098,16,Westernwear,only,2499.0,1749.0,30.0
4099,17,Westernwear,crimsoune club,1399.0,979.0,30.0
4100,18,Westernwear,altlife,599.0,299.0,50.0
4101,19,Westernwear,life,699.0,349.0,50.0
4102,20,Westernwear,and,2299.0,1149.0,50.0
4103,21,Westernwear,latin quarters,1799.0,1259.0,30.0
4105,23,Westernwear,vero moda,2799.0,1959.0,30.0
4106,24,Westernwear,life,1899.0,949.0,50.0
4107,25,Westernwear,iti,2638.2167045910855,2999.0,44.84758845312988
4108,0,Westernwear,is.u,2190.0,1095.0,50.0
4109,1,Westernwear,zink london,1599.0,639.0,60.0
4110,2,Westernwear,and,1899.0,1234.0,35.0
4111,3,Westernwear,allen solly,1499.0,899.0,40.0
4112,4,Westernwear,van heusen,1999.0,799.0,60.0
4113,5,Westernwear,infuse,799.0,319.0,60.0
4114,6,Westernwear,and,1599.0,1279.0,20.0
4115,7,Westernwear,and,2799.0,1119.0,60.0
4116,8,Westernwear,zink london,2899.0,899.0,69.0
4117,9,Westernwear,marie claire,2099.0,944.0,55.0
4118,10,Westernwear,jockey,2638.2167045910855,119.0,44.84758845312988
4119,11,Westernwear,altlife,999.0,499.0,50.0
4120,12,Westernwear,faballey,2200.0,1760.0,20.0
4121,13,Westernwear,latin quarters,1499.0,1049.0,30.0
4122,14,Westernwear,latin quarters,1599.0,499.0,69.0
4123,15,Westernwear,stop,1299.0,649.0,50.0
4124,16,Westernwear,samshek,2638.2167045910855,3999.0,44.84758845312988
4125,17,Westernwear,faballey,2800.0,1400.0,50.0
4126,18,Westernwear,and,2699.0,2159.0,20.0
4127,19,Westernwear,latin quarters,1799.0,1259.0,30.0
4128,20,Westernwear,zink london,1999.0,799.0,60.0
4129,21,Westernwear,faballey,2200.0,1760.0,20.0
4131,23,Westernwear,spykar,2299.0,1609.0,30.0
4132,24,Westernwear,is.u,2190.0,1095.0,50.0
4133,25,Westernwear,zink z,2638.2167045910855,1499.0,44.84758845312988
4134,0,Westernwear,vero moda,3499.0,2449.0,30.0
4135,1,Westernwear,jealous 21,2638.2167045910855,1199.0,44.84758845312988
4136,2,Westernwear,insense,399.0,199.0,50.0
4137,3,Westernwear,and,2699.0,1349.0,50.0
4138,4,Westernwear,spykar,2599.0,1819.0,30.0
4139,5,Westernwear,and,1699.0,849.0,50.0
4140,6,Westernwear,and,3999.0,1999.0,50.0
4141,7,Westernwear,kraus,1995.0,1396.0,30.0
4142,8,Westernwear,sera,2498.0,999.0,60.0
4143,9,Westernwear,and,4099.0,3689.0,10.0
4144,10,Westernwear,only,1299.0,779.0,40.0
4145,11,Westernwear,infuse,999.0,499.0,50.0
4146,12,Westernwear,kraus,1299.0,1169.0,10.0
4147,13,Westernwear,fratini,1299.0,649.0,50.0
4148,14,Westernwear,zink london,2399.0,1439.0,40.0
4149,15,Westernwear,and,2299.0,1149.0,50.0
4150,16,Westernwear,indya,1200.0,600.0,50.0
4151,17,Westernwear,vero moda,3799.0,2659.0,30.0
4152,18,Westernwear,zink london,2399.0,959.0,60.0
4153,19,Westernwear,vero moda,3499.0,2799.0,20.0
4154,20,Westernwear,altlife,599.0,299.0,50.0
4155,21,Westernwear,adidas,1499.0,1049.0,30.0
4157,23,Westernwear,juniper,2999.0,1349.0,55.0
4158,24,Westernwear,rare,1999.0,899.0,55.0
4159,25,Westernwear,rare,1999.0,899.0,55.0
4160,0,Westernwear,rare,1999.0,899.0,55.0
4161,1,Westernwear,kraus,1895.0,947.0,50.0
4162,2,Westernwear,and,1899.0,949.0,50.0
4163,3,Westernwear,global desi,1999.0,599.0,70.0
4164,4,Westernwear,and,1999.0,1399.0,30.0
4165,5,Westernwear,latin quarters,1399.0,499.0,64.0
4166,6,Westernwear,zink london,2399.0,959.0,60.0
4167,7,Westernwear,zink london,2399.0,699.0,71.0
4168,8,Westernwear,iti,2638.2167045910855,3499.0,44.84758845312988
4169,9,Westernwear,vero moda,2799.0,1959.0,30.0
4170,10,Westernwear,stop,2638.2167045910855,799.0,44.84758845312988
4171,11,Westernwear,emblaze,2638.2167045910855,5000.0,44.84758845312988
4172,12,Westernwear,adidas,2699.0,1889.0,30.0
4173,13,Westernwear,latin quarters,1399.0,979.0,30.0
4174,14,Westernwear,and,2638.2167045910855,2499.0,44.84758845312988
4175,15,Westernwear,crimsoune club,1499.0,749.0,50.0
4176,16,Westernwear,life,1299.0,649.0,50.0
4177,17,Westernwear,stop,2638.2167045910855,1499.0,44.84758845312988
4178,18,Westernwear,faballey,2600.0,2080.0,20.0
4179,19,Westernwear,van heusen,2199.0,1499.0,32.0
4180,20,Westernwear,kraus,1895.0,1705.0,10.0
4181,21,Westernwear,zink london,1699.0,1019.0,40.0
4184,24,Westernwear,fratini,2638.2167045910855,999.0,44.84758845312988
4185,25,Westernwear,life,299.0,149.0,50.0
4186,0,Westernwear,faballey,1200.0,600.0,50.0
4187,1,Westernwear,spykar,2899.0,2029.0,30.0
4188,2,Westernwear,zink london,2399.0,1439.0,40.0
4189,3,Westernwear,zink london,2499.0,999.0,60.0
4190,4,Westernwear,life,699.0,349.0,50.0
4191,5,Westernwear,rare,1699.0,764.0,55.0
4192,6,Westernwear,global desi,1499.0,449.0,70.0
4193,7,Westernwear,kraus,1295.0,647.0,50.0
4194,8,Westernwear,samshek,2638.2167045910855,2999.0,44.84758845312988
4195,9,Westernwear,and,2499.0,1249.0,50.0
4196,10,Westernwear,zink london,2499.0,999.0,60.0
4197,11,Westernwear,madame,1899.0,1139.0,40.0
4198,12,Westernwear,juniper,4899.0,1714.0,65.0
4199,13,Westernwear,life,1999.0,999.0,50.0
4200,14,Westernwear,and,2699.0,2159.0,20.0
4201,15,Westernwear,zink london,1699.0,1019.0,40.0
4202,16,Westernwear,enamor,499.0,349.0,30.0
4203,17,Westernwear,fratini,899.0,449.0,50.0
4204,18,Westernwear,stop,1499.0,749.0,50.0
4205,19,Westernwear,and,2799.0,1399.0,50.0
4206,20,Westernwear,forever new,2638.2167045910855,4600.0,44.84758845312988
4207,21,Westernwear,kraus,899.0,449.0,50.0
4209,23,Westernwear,life,799.0,399.0,50.0
4210,24,Westernwear,zink z,2638.2167045910855,899.0,44.84758845312988
4211,25,Westernwear,forever new,4600.0,3220.0,30.0
4212,0,Westernwear,allen solly,999.0,599.0,40.0
4213,1,Westernwear,vero moda,2299.0,1839.0,20.0
4214,2,Westernwear,van heusen,2638.2167045910855,1999.0,44.84758845312988
4215,3,Westernwear,infuse,999.0,499.0,50.0
4216,4,Westernwear,kraus,1895.0,947.0,50.0
4217,5,Westernwear,only,1799.0,1079.0,40.0
4218,6,Westernwear,and,1699.0,1359.0,20.0
4219,7,Westernwear,kraus,1299.0,649.0,50.0
4220,8,Westernwear,enamor,2638.2167045910855,1599.0,44.84758845312988
4221,9,Westernwear,only,999.0,499.0,50.0
4222,10,Westernwear,van heusen,2638.2167045910855,1699.0,44.84758845312988
4223,11,Westernwear,vero moda,2999.0,1799.0,40.0
4224,12,Westernwear,cover story,3490.0,1745.0,50.0
4225,13,Westernwear,levis,2638.2167045910855,2799.0,44.84758845312988
4226,14,Westernwear,levis,2638.2167045910855,2499.0,44.84758845312988
4227,15,Westernwear,allen solly,1599.0,999.0,38.0
4228,16,Westernwear,crimsoune club,1299.0,1039.0,20.0
4229,17,Westernwear,infuse,1599.0,799.0,50.0
4230,18,Westernwear,latin quarters,2638.2167045910855,1650.0,44.84758845312988
4231,19,Westernwear,kraus,1795.0,1256.0,30.0
4232,20,Westernwear,and,1799.0,899.0,50.0
4233,21,Westernwear,allen solly,1299.0,779.0,40.0
4235,23,Westernwear,only,4299.0,2149.0,50.0
4236,24,Westernwear,fratini,1299.0,649.0,50.0
4237,25,Westernwear,zink london,1499.0,499.0,67.0
4238,0,Westernwear,zink london,1899.0,1139.0,40.0
4239,1,Westernwear,stop,1499.0,749.0,50.0
4240,2,Westernwear,jockey,2638.2167045910855,278.0,44.84758845312988
4241,3,Westernwear,faballey,1950.0,975.0,50.0
4242,4,Westernwear,crimsoune club,2638.2167045910855,2299.0,44.84758845312988
4243,5,Westernwear,and,2799.0,1959.0,30.0
4244,6,Westernwear,iti,2638.2167045910855,1899.0,44.84758845312988
4245,7,Westernwear,zink london,2499.0,999.0,60.0
4246,8,Westernwear,zink london,1599.0,639.0,60.0
4247,9,Westernwear,zink london,1499.0,599.0,60.0
4248,10,Westernwear,jealous 21,2638.2167045910855,2499.0,44.84758845312988
4249,11,Westernwear,samshek,2980.0,1490.0,50.0
4250,12,Westernwear,jealous 21,2638.2167045910855,1599.0,44.84758845312988
4251,13,Westernwear,life,699.0,349.0,50.0
4252,14,Westernwear,life,1499.0,749.0,50.0
4253,15,Westernwear,life,699.0,349.0,50.0
4254,16,Westernwear,allen solly,1199.0,799.0,33.0
4255,17,Westernwear,vero moda,3799.0,2659.0,30.0
4256,18,Westernwear,lovegen,1120.0,448.0,60.0
4257,19,Westernwear,faballey,1200.0,600.0,50.0
4258,20,Westernwear,life,1199.0,599.0,50.0
4259,21,Westernwear,only,3699.0,2589.0,30.0
4261,23,Westernwear,madame,999.0,699.0,30.0
4262,24,Westernwear,proline,1399.0,979.0,30.0
4263,25,Westernwear,forever new,2638.2167045910855,4600.0,44.84758845312988
4264,0,Westernwear,vero moda,2638.2167045910855,2299.0,44.84758845312988
4265,1,Westernwear,fratini,2638.2167045910855,1299.0,44.84758845312988
4266,2,Westernwear,forever new,2638.2167045910855,4000.0,44.84758845312988
4267,3,Westernwear,vero moda,2999.0,2399.0,20.0
4268,4,Westernwear,faballey,1600.0,1280.0,20.0
4269,5,Westernwear,pepe,2599.0,1559.0,40.0
4270,6,Westernwear,w,2638.2167045910855,3799.0,44.84758845312988
4271,7,Westernwear,van heusen,1699.0,1499.0,12.0
4272,8,Westernwear,kraus,1595.0,797.0,50.0
4273,9,Westernwear,life,999.0,499.0,50.0
4274,10,Westernwear,pepe,1699.0,1019.0,40.0
4275,11,Westernwear,stop,2638.2167045910855,1299.0,44.84758845312988
4276,12,Westernwear,zink london,1599.0,959.0,40.0
4277,13,Westernwear,zink london,1599.0,639.0,60.0
4278,14,Westernwear,vero moda,2599.0,1819.0,30.0
4279,15,Westernwear,and,2499.0,1249.0,50.0
4280,16,Westernwear,fratini,699.0,349.0,50.0
4281,17,Westernwear,stop,2638.2167045910855,1299.0,44.84758845312988
4282,18,Westernwear,latin quarters,1599.0,799.0,50.0
4283,19,Westernwear,latin quarters,2299.0,799.0,65.0
4284,20,Westernwear,zink london,2899.0,1159.0,60.0
4285,21,Westernwear,life,999.0,499.0,50.0
4287,23,Westernwear,insense,499.0,249.0,50.0
4288,24,Westernwear,madame,1599.0,959.0,40.0
4289,25,Westernwear,and,1899.0,949.0,50.0
4290,0,Westernwear,forever new,6000.0,4200.0,30.0
4291,1,Westernwear,zink london,1899.0,499.0,74.0
4292,2,Westernwear,faballey,2400.0,1200.0,50.0
4293,3,Westernwear,kraus,1049.0,524.0,50.0
4294,4,Westernwear,crimsoune club,899.0,449.0,50.0
4295,5,Westernwear,zink london,2499.0,999.0,60.0
4296,6,Westernwear,and,1999.0,999.0,50.0
4297,7,Westernwear,life,599.0,299.0,50.0
4298,8,Westernwear,vero moda,2799.0,1399.0,50.0
4299,9,Westernwear,sera,1694.0,847.0,50.0
4300,10,Westernwear,vero moda,3799.0,2659.0,30.0
4301,11,Westernwear,life,2499.0,1249.0,50.0
4302,12,Westernwear,iti,2638.2167045910855,1999.0,44.84758845312988
4303,13,Westernwear,levis,2638.2167045910855,3999.0,44.84758845312988
4304,14,Westernwear,latin quarters,1999.0,999.0,50.0
4305,15,Westernwear,madame,2638.2167045910855,2399.0,44.84758845312988
4306,16,Westernwear,life,699.0,349.0,50.0
4307,17,Westernwear,faballey,2100.0,1680.0,20.0
4308,18,Westernwear,and,2799.0,1399.0,50.0
4309,19,Westernwear,dolce crudo,2349.0,1057.0,55.0
4310,20,Westernwear,dolce crudo,2995.0,1198.0,60.0
4311,21,Westernwear,madame,2638.2167045910855,899.0,44.84758845312988
4313,23,Westernwear,fratini,2638.2167045910855,1999.0,44.84758845312988
4314,24,Westernwear,only,2299.0,1379.0,40.0
4315,25,Westernwear,latin quarters,1399.0,979.0,30.0
4316,0,Westernwear,and,1699.0,849.0,50.0
4317,1,Westernwear,zink london,2999.0,1199.0,60.0
4318,2,Westernwear,faballey,1600.0,1280.0,20.0
4319,3,Westernwear,vero moda,2299.0,1839.0,20.0
4320,4,Westernwear,only,1999.0,1399.0,30.0
4321,5,Westernwear,kraus,1895.0,1326.0,30.0
4322,6,Westernwear,life,499.0,249.0,50.0
4323,7,Westernwear,van heusen,3299.0,1499.0,55.0
4324,8,Westernwear,life,1199.0,599.0,50.0
4325,9,Westernwear,zink london,1399.0,839.0,40.0
4326,10,Westernwear,latin quarters,2499.0,1249.0,50.0
4327,11,Westernwear,kraus,1895.0,1326.0,30.0
4328,12,Westernwear,life,1499.0,749.0,50.0
4329,13,Westernwear,zink london,2399.0,1439.0,40.0
4330,14,Westernwear,and,1899.0,949.0,50.0
4331,15,Westernwear,life,699.0,349.0,50.0
4332,16,Westernwear,emblaze,2638.2167045910855,2000.0,44.84758845312988
4333,17,Westernwear,zink london,1599.0,959.0,40.0
4334,18,Westernwear,altlife,499.0,249.0,50.0
4335,19,Westernwear,van heusen,3499.0,1499.0,57.0
4336,20,Westernwear,crimsoune club,1699.0,1019.0,40.0
4337,21,Westernwear,and,3299.0,1649.0,50.0
4339,23,Westernwear,sera,1294.0,582.0,55.0
4340,24,Westernwear,latin quarters,1499.0,499.0,67.0
4341,25,Westernwear,zink london,1499.0,599.0,60.0
4342,0,Westernwear,only,1299.0,779.0,40.0
4343,1,Westernwear,faballey,1900.0,950.0,50.0
4344,2,Westernwear,zink london,2999.0,1199.0,60.0
4345,3,Westernwear,madame,2599.0,1299.0,50.0
4346,4,Westernwear,lovegen,1999.0,1199.0,40.0
4347,5,Westernwear,and,3099.0,2479.0,20.0
4348,6,Westernwear,madame,1999.0,999.0,50.0
4349,7,Westernwear,vero moda,2999.0,2099.0,30.0
4350,8,Westernwear,levis,2638.2167045910855,2399.0,44.84758845312988
4351,9,Westernwear,vero moda,2499.0,1499.0,40.0
4352,10,Westernwear,only,4299.0,3009.0,30.0
4353,11,Westernwear,stop,2638.2167045910855,799.0,44.84758845312988
4354,12,Westernwear,vero moda,4299.0,3439.0,20.0
4355,13,Westernwear,allen solly,1699.0,1499.0,12.0
4356,14,Westernwear,dolce crudo,1699.0,764.0,55.0
4357,15,Westernwear,vero moda,2299.0,1609.0,30.0
4358,16,Westernwear,only,2499.0,1249.0,50.0
4359,17,Westernwear,only,1999.0,999.0,50.0
4360,18,Westernwear,vero moda,2299.0,1379.0,40.0
4361,19,Westernwear,cover story,1890.0,945.0,50.0
4362,20,Westernwear,van heusen,2638.2167045910855,599.0,44.84758845312988
4363,21,Westernwear,fratini,1299.0,649.0,50.0
4365,23,Westernwear,samshek,1690.0,1352.0,20.0
4366,24,Westernwear,kraus,1695.0,847.0,50.0
4367,25,Westernwear,faballey,1950.0,1560.0,20.0
4368,0,Westernwear,van heusen,1999.0,999.0,50.0
4369,1,Westernwear,and,2099.0,1679.0,20.0
4370,2,Westernwear,only,2999.0,1799.0,40.0
4371,3,Westernwear,sera,1098.0,549.0,50.0
4372,4,Westernwear,crimsoune club,1699.0,1189.0,30.0
4373,5,Westernwear,only,1499.0,899.0,40.0
4374,6,Westernwear,de moza,1499.0,899.0,40.0
4375,7,Westernwear,forever new,3800.0,1710.0,55.0
4376,8,Westernwear,crimsoune club,1399.0,1119.0,20.0
4377,9,Westernwear,and,2499.0,1249.0,50.0
4378,10,Westernwear,life,1199.0,599.0,50.0
4379,11,Westernwear,only,2499.0,1749.0,30.0
4380,12,Westernwear,latin quarters,1499.0,749.0,50.0
4381,13,Westernwear,kraus,1299.0,1169.0,10.0
4382,14,Westernwear,rare,1999.0,899.0,55.0
4383,15,Westernwear,marie claire,1699.0,849.0,50.0
4384,16,Westernwear,and,2638.2167045910855,2299.0,44.84758845312988
4385,17,Westernwear,magre,1490.0,596.0,60.0
4386,18,Westernwear,global desi,2799.0,1399.0,50.0
4387,19,Westernwear,zink london,2199.0,879.0,60.0
4388,20,Westernwear,zink london,2299.0,699.0,70.0
4389,21,Westernwear,faballey,1950.0,975.0,50.0
4391,23,Westernwear,zink london,2299.0,699.0,70.0
4392,24,Westernwear,van heusen,2638.2167045910855,479.0,44.84758845312988
4393,25,Westernwear,faballey,2100.0,1050.0,50.0
4394,0,Westernwear,fratini,2638.2167045910855,1299.0,44.84758845312988
4395,1,Westernwear,magre,2390.0,1434.0,40.0
4396,2,Westernwear,allen solly,1699.0,1499.0,12.0
4397,3,Westernwear,faballey,1900.0,950.0,50.0
4398,4,Westernwear,kraus,2095.0,1047.0,50.0
4399,5,Westernwear,faballey,1950.0,1560.0,20.0
4400,6,Westernwear,van heusen,2638.2167045910855,1499.0,44.84758845312988
4401,7,Westernwear,enamor,1049.0,734.0,30.0
4402,8,Westernwear,w,2638.2167045910855,3799.0,44.84758845312988
4403,9,Westernwear,vero moda,3499.0,2449.0,30.0
4404,10,Westernwear,insense,399.0,199.0,50.0
4405,11,Westernwear,dolce crudo,2349.0,1057.0,55.0
4406,12,Westernwear,vero moda,2999.0,2099.0,30.0
4407,13,Westernwear,allen solly,1699.0,1019.0,40.0
4408,14,Westernwear,and,2499.0,1999.0,20.0
4409,15,Westernwear,fratini,2638.2167045910855,699.0,44.84758845312988
4410,16,Westernwear,enamor,2638.2167045910855,1499.0,44.84758845312988
4411,17,Westernwear,only,1999.0,999.0,50.0
4412,18,Westernwear,indya,1700.0,850.0,50.0
4413,19,Westernwear,vero moda,1799.0,1439.0,20.0
4414,20,Westernwear,jealous 21,2638.2167045910855,1099.0,44.84758845312988
4415,21,Westernwear,and,1499.0,749.0,50.0
4417,23,Westernwear,zink london,1699.0,1019.0,40.0
4418,24,Westernwear,lovegen,1499.0,449.0,70.0
4419,25,Westernwear,only,1799.0,899.0,50.0
4420,0,Westernwear,crimsoune club,1399.0,699.0,50.0
4421,1,Westernwear,dolce crudo,2499.0,999.0,60.0
4422,2,Westernwear,faballey,1300.0,650.0,50.0
4423,3,Westernwear,levis,2638.2167045910855,2199.0,44.84758845312988
4424,4,Westernwear,zink london,1799.0,899.0,50.0
4425,5,Westernwear,vero moda,3799.0,3039.0,20.0
4426,6,Westernwear,zink london,1799.0,1079.0,40.0
4427,7,Westernwear,faballey,2450.0,1225.0,50.0
4428,8,Westernwear,enamor,799.0,559.0,30.0
4429,9,Westernwear,global desi,1799.0,719.0,60.0
4430,10,Westernwear,stop,2638.2167045910855,1299.0,44.84758845312988
4431,11,Westernwear,faballey,2600.0,2080.0,20.0
4432,12,Westernwear,zink london,2299.0,919.0,60.0
4433,13,Westernwear,latin quarters,3999.0,2799.0,30.0
4434,14,Westernwear,zink london,2299.0,919.0,60.0
4435,15,Westernwear,zink london,2999.0,2399.0,20.0
4436,16,Westernwear,fratini,1299.0,649.0,50.0
4437,17,Westernwear,zink london,2399.0,699.0,71.0
4438,18,Westernwear,insense,499.0,249.0,50.0
4439,19,Westernwear,life,1699.0,849.0,50.0
4440,20,Westernwear,only,1999.0,1399.0,30.0
4441,21,Westernwear,life,399.0,199.0,50.0
4443,23,Westernwear,altlife,2638.2167045910855,499.0,44.84758845312988
4444,24,Westernwear,madame,1699.0,849.0,50.0
4445,25,Westernwear,zink london,3999.0,1599.0,60.0
4446,0,Westernwear,zink london,3999.0,1599.0,60.0
4447,1,Westernwear,rare,1590.0,636.0,60.0
4448,2,Westernwear,marie claire,1499.0,674.0,55.0
4449,3,Westernwear,allen solly,2638.2167045910855,3499.0,44.84758845312988
4450,4,Westernwear,allen solly,1599.0,959.0,40.0
4451,5,Westernwear,latin quarters,1499.0,499.0,67.0
4452,6,Westernwear,zink london,2799.0,699.0,75.0
4453,7,Westernwear,cover story,2590.0,990.0,62.0
4454,8,Westernwear,sera,1098.0,439.0,60.0
4455,9,Westernwear,sera,1294.0,517.0,60.0
4456,10,Westernwear,vero moda,1999.0,1399.0,30.0
4457,11,Westernwear,levis,2638.2167045910855,1199.0,44.84758845312988
4458,12,Westernwear,only,3999.0,2799.0,30.0
4459,13,Westernwear,levis,2638.2167045910855,1699.0,44.84758845312988
4460,14,Westernwear,vero moda,2799.0,1399.0,50.0
4461,15,Westernwear,van heusen,1699.0,999.0,41.0
4462,16,Westernwear,adidas,1799.0,1259.0,30.0
4463,17,Westernwear,is.u,2490.0,1245.0,50.0
4464,18,Westernwear,109f,1299.0,519.0,60.0
4465,19,Westernwear,stop,1499.0,749.0,50.0
4466,20,Westernwear,enamor,1699.0,1189.0,30.0
4467,21,Westernwear,infuse,999.0,599.0,40.0
4469,23,Westernwear,vero moda,5299.0,4239.0,20.0
4470,24,Westernwear,only,2299.0,1609.0,30.0
4471,25,Westernwear,insense,999.0,499.0,50.0
4472,0,Westernwear,reebok,2199.0,1099.0,50.0
4473,1,Westernwear,vero moda,2999.0,2399.0,20.0
4474,2,Westernwear,cover story,2290.0,1374.0,40.0
4475,3,Westernwear,lovegen,1899.0,759.0,60.0
4476,4,Westernwear,insense,399.0,199.0,50.0
4477,5,Westernwear,van heusen,1699.0,999.0,41.0
4478,6,Westernwear,and,2099.0,1679.0,20.0
4479,7,Westernwear,life,799.0,399.0,50.0
4480,8,Westernwear,pepe,3499.0,2099.0,40.0
4481,9,Westernwear,life,499.0,249.0,50.0
4482,10,Westernwear,adidas,1599.0,799.0,50.0
4483,11,Westernwear,zink london,2799.0,1119.0,60.0
4484,12,Westernwear,zink london,2299.0,919.0,60.0
4485,13,Westernwear,109f,1499.0,599.0,60.0
4486,14,Westernwear,allen solly,1799.0,1439.0,20.0
4487,15,Westernwear,puma,2638.2167045910855,2499.0,44.84758845312988
4488,16,Westernwear,sera,1894.0,947.0,50.0
4489,17,Westernwear,latin quarters,2499.0,799.0,68.0
4490,18,Westernwear,magre,2390.0,1434.0,40.0
4491,19,Westernwear,levis,2638.2167045910855,2999.0,44.84758845312988
4492,20,Westernwear,sera,1998.0,999.0,50.0
4493,21,Westernwear,gipsy,2638.2167045910855,1895.0,44.84758845312988
4495,23,Westernwear,zink london,1599.0,959.0,40.0
4496,24,Westernwear,vip,2638.2167045910855,349.0,44.84758845312988
4497,25,Westernwear,magre,3890.0,2139.0,45.0
4498,0,Westernwear,vero moda,999.0,799.0,20.0
4499,1,Westernwear,lovegen,1899.0,379.0,80.0
4500,2,Westernwear,life,499.0,249.0,50.0
4501,3,Westernwear,is.u,2190.0,1095.0,50.0
4502,4,Westernwear,puma,1499.0,1049.0,30.0
4503,5,Westernwear,vero moda,2499.0,1249.0,50.0
4504,6,Westernwear,and,1699.0,849.0,50.0
4505,7,Westernwear,forever new,4600.0,3220.0,30.0
4506,8,Westernwear,forever new,5800.0,4060.0,30.0
4507,9,Westernwear,only,1999.0,1599.0,20.0
4508,10,Westernwear,kraus,1895.0,947.0,50.0
4509,11,Westernwear,and,2299.0,1839.0,20.0
4510,12,Westernwear,adidas,1999.0,1399.0,30.0
4511,13,Westernwear,adidas,3999.0,1999.0,50.0
4512,14,Westernwear,sera,1494.0,747.0,50.0
4513,15,Westernwear,vero moda,2599.0,2079.0,20.0
4514,16,Westernwear,only,1499.0,749.0,50.0
4515,17,Westernwear,sera,1094.0,547.0,50.0
4516,18,Westernwear,crimsoune club,1399.0,979.0,30.0
4517,19,Westernwear,van heusen,2638.2167045910855,1499.0,44.84758845312988
4518,20,Westernwear,puma,3999.0,2799.0,30.0
4519,21,Westernwear,faballey,2250.0,1125.0,50.0
4521,23,Westernwear,is.u,1799.0,899.0,50.0
4522,24,Westernwear,u.s. polo assn.,1500.0,750.0,50.0
4523,25,Westernwear,only,1999.0,1599.0,20.0
4524,0,Westernwear,zink london,2499.0,1499.0,40.0
4525,1,Westernwear,faballey,2100.0,1050.0,50.0
4526,2,Westernwear,faballey,2200.0,1100.0,50.0
4527,3,Westernwear,sera,2998.0,1499.0,50.0
4528,4,Westernwear,allen solly,2638.2167045910855,1699.0,44.84758845312988
4529,5,Westernwear,allen solly,1699.0,1019.0,40.0
4530,6,Westernwear,kraus,1399.0,699.0,50.0
4531,7,Westernwear,latin quarters,1999.0,999.0,50.0
4532,8,Westernwear,cover story,2290.0,1374.0,40.0
4533,9,Westernwear,life,399.0,199.0,50.0
4534,10,Westernwear,forever new,3800.0,2850.0,25.0
4535,11,Westernwear,latin quarters,1799.0,499.0,72.0
4536,12,Westernwear,stop,1299.0,649.0,50.0
4537,13,Westernwear,and,1799.0,899.0,50.0
4538,14,Westernwear,zink london,1899.0,759.0,60.0
4539,15,Westernwear,zink london,2899.0,1159.0,60.0
4540,16,Westernwear,zink london,2299.0,919.0,60.0
4541,17,Westernwear,zink london,2699.0,1619.0,40.0
4542,18,Westernwear,latin quarters,1999.0,499.0,75.0
4543,19,Westernwear,latin quarters,1599.0,1119.0,30.0
4544,20,Westernwear,sera,1498.0,749.0,50.0
4545,21,Westernwear,and,2299.0,1839.0,20.0
4547,23,Westernwear,van heusen,2638.2167045910855,1699.0,44.84758845312988
4548,24,Westernwear,marie claire,1699.0,764.0,55.0
4549,25,Westernwear,and,1699.0,1189.0,30.0
4550,0,Westernwear,madame,2699.0,1349.0,50.0
4551,1,Westernwear,allen solly,2638.2167045910855,1699.0,44.84758845312988
4552,2,Westernwear,global desi,2399.0,1439.0,40.0
4553,3,Westernwear,jealous 21,2638.2167045910855,2499.0,44.84758845312988
4554,4,Westernwear,life,1199.0,599.0,50.0
4555,5,Westernwear,vero moda,2638.2167045910855,2599.0,44.84758845312988
4556,6,Westernwear,dolce crudo,2499.0,999.0,60.0
4557,7,Westernwear,only,1999.0,1399.0,30.0
4558,8,Westernwear,only,2499.0,1749.0,30.0
4559,9,Westernwear,and,1399.0,1119.0,20.0
4560,10,Westernwear,spykar,1399.0,979.0,30.0
4561,11,Westernwear,stop,2638.2167045910855,1299.0,44.84758845312988
4562,12,Westernwear,latin quarters,2638.2167045910855,2799.0,44.84758845312988
4563,13,Westernwear,cover story,1490.0,1043.0,30.0
4564,14,Westernwear,faballey,1600.0,1280.0,20.0
4565,15,Westernwear,life,999.0,499.0,50.0
4566,16,Westernwear,latin quarters,2599.0,1299.0,50.0
4567,17,Westernwear,spykar,1099.0,769.0,30.0
4568,18,Westernwear,stop,2638.2167045910855,1299.0,44.84758845312988
4569,19,Westernwear,faballey,2250.0,1800.0,20.0
4570,20,Westernwear,vero moda,999.0,499.0,50.0
4571,21,Westernwear,levis,2638.2167045910855,2999.0,44.84758845312988
4573,23,Westernwear,zink london,1999.0,1599.0,20.0
4574,24,Westernwear,proline,899.0,449.0,50.0
4575,25,Westernwear,global desi,2599.0,1039.0,60.0
4576,0,Westernwear,life,899.0,449.0,50.0
4577,1,Westernwear,zink london,1599.0,639.0,60.0
4578,2,Westernwear,zink london,1599.0,639.0,60.0
4579,3,Westernwear,zink london,1999.0,1599.0,20.0
4580,4,Westernwear,only,2799.0,1399.0,50.0
4581,5,Westernwear,van heusen,1699.0,999.0,41.0
4582,6,Westernwear,kraus,1895.0,1326.0,30.0
4583,7,Westernwear,madame,1699.0,1189.0,30.0
4584,8,Westernwear,and,4499.0,3149.0,30.0
4585,9,Westernwear,kraus,999.0,499.0,50.0
4586,10,Westernwear,and,2999.0,1499.0,50.0
4587,11,Westernwear,zink london,1899.0,499.0,74.0
4588,12,Westernwear,cover story,1990.0,1194.0,40.0
4589,13,Westernwear,insense,399.0,199.0,50.0
4590,14,Westernwear,and,4299.0,2149.0,50.0
4591,15,Westernwear,samshek,990.0,891.0,10.0
4592,16,Westernwear,crimsoune club,1699.0,849.0,50.0
4593,17,Westernwear,zink london,2999.0,1199.0,60.0
4594,18,Westernwear,crimsoune club,1999.0,1199.0,40.0
4595,19,Westernwear,fratini,1699.0,849.0,50.0
4596,20,Westernwear,only,1999.0,1399.0,30.0
4597,21,Westernwear,janasya,2698.0,944.0,65.0
4599,23,Westernwear,fratini,599.0,299.0,50.0
4600,24,Westernwear,samshek,2699.0,1889.0,30.0
4601,25,Westernwear,sera,1998.0,999.0,50.0
4602,0,Westernwear,life,1199.0,599.0,50.0
4603,1,Westernwear,van heusen,1299.0,999.0,23.0
4604,2,Westernwear,juniper,999.0,749.0,25.0
4605,3,Westernwear,enamor,2638.2167045910855,799.0,44.84758845312988
4606,4,Westernwear,global desi,1899.0,759.0,60.0
4607,5,Westernwear,kraus,1199.0,599.0,50.0
4608,6,Westernwear,marie claire,1799.0,719.0,60.0
4609,7,Westernwear,life,1299.0,649.0,50.0
4610,8,Westernwear,madame,2399.0,1199.0,50.0
4611,9,Westernwear,jealous 21,2638.2167045910855,999.0,44.84758845312988
4612,10,Westernwear,kraus,1895.0,947.0,50.0
4613,11,Westernwear,kraus,1995.0,1396.0,30.0
4614,12,Westernwear,vero moda,2599.0,1559.0,40.0
4615,13,Westernwear,pepe,899.0,539.0,40.0
4616,14,Westernwear,is.u,2199.0,659.0,70.0
4617,15,Westernwear,stop,2499.0,999.0,60.0
4618,16,Westernwear,indya,3200.0,1600.0,50.0
4619,17,Westernwear,gipsy,1895.0,1326.0,30.0
4620,18,Westernwear,jealous 21,2638.2167045910855,899.0,44.84758845312988
4621,19,Westernwear,109f,1799.0,719.0,60.0
4622,20,Westernwear,and,1699.0,849.0,50.0
4623,21,Westernwear,vero moda,2799.0,2239.0,20.0
4625,23,Westernwear,only,999.0,699.0,30.0
4626,24,Westernwear,vero moda,2499.0,1499.0,40.0
4627,25,Westernwear,spykar,999.0,699.0,30.0
4628,0,Westernwear,puma,2799.0,1959.0,30.0
4629,1,Westernwear,kraus,1399.0,699.0,50.0
4630,2,Westernwear,vero moda,2638.2167045910855,1799.0,44.84758845312988
4631,3,Westernwear,samshek,2590.0,2072.0,20.0
4632,4,Westernwear,zink london,1499.0,399.0,73.0
4633,5,Westernwear,zink london,2299.0,1149.0,50.0
4634,6,Westernwear,zink london,1499.0,499.0,67.0
4635,7,Westernwear,rare,1499.0,599.0,60.0
4636,8,Westernwear,marie claire,1999.0,999.0,50.0
4637,9,Westernwear,zink london,5499.0,2199.0,60.0
4638,10,Westernwear,allen solly,1799.0,1439.0,20.0
4639,11,Westernwear,rare,2090.0,940.0,55.0
4640,12,Westernwear,allen solly,2499.0,1499.0,40.0
4641,13,Westernwear,latin quarters,1499.0,1049.0,30.0
4642,14,Westernwear,latin quarters,1499.0,749.0,50.0
4643,15,Westernwear,magre,1990.0,796.0,60.0
4644,16,Westernwear,van heusen,2638.2167045910855,1499.0,44.84758845312988
4645,17,Westernwear,fratini,2638.2167045910855,1799.0,44.84758845312988
4646,18,Westernwear,faballey,1500.0,1200.0,20.0
4647,19,Westernwear,skechers,2638.2167045910855,699.0,44.84758845312988
4648,20,Westernwear,only,2799.0,2239.0,20.0
4649,21,Westernwear,latin quarters,2699.0,1349.0,50.0
4651,23,Westernwear,gipsy,2638.2167045910855,1895.0,44.84758845312988
4652,24,Westernwear,pepe,3499.0,2099.0,40.0
4653,25,Westernwear,madame,1699.0,849.0,50.0
4654,0,Westernwear,puma,1999.0,1399.0,30.0
4655,1,Westernwear,faballey,2200.0,1100.0,50.0
4656,2,Westernwear,zink london,1699.0,899.0,47.0
4657,3,Westernwear,fratini,999.0,499.0,50.0
4658,4,Westernwear,stop,1499.0,749.0,50.0
4659,5,Westernwear,kraus,1895.0,947.0,50.0
4660,6,Westernwear,fratini,1199.0,599.0,50.0
4661,7,Westernwear,latin quarters,2499.0,1749.0,30.0
4662,8,Westernwear,vero moda,2499.0,1249.0,50.0
4663,9,Westernwear,zink london,2599.0,1559.0,40.0
4664,10,Westernwear,fratini,1799.0,899.0,50.0
4665,11,Westernwear,zink london,2399.0,1439.0,40.0
4666,12,Westernwear,and,2699.0,2159.0,20.0
4667,13,Westernwear,lovegen,1399.0,559.0,60.0
4668,14,Westernwear,faballey,2500.0,2000.0,20.0
4669,15,Westernwear,vero moda,2638.2167045910855,2299.0,44.84758845312988
4670,16,Westernwear,vero moda,2499.0,1749.0,30.0
4671,17,Westernwear,enamor,499.0,349.0,30.0
4672,18,Westernwear,magre,2490.0,1369.0,45.0
4673,19,Westernwear,insense,899.0,449.0,50.0
4674,20,Westernwear,fratini,1199.0,599.0,50.0
4675,21,Westernwear,faballey,1400.0,1120.0,20.0
4677,23,Westernwear,allen solly,1799.0,1079.0,40.0
4678,24,Westernwear,and,1599.0,1279.0,20.0
4679,25,Westernwear,vero moda,2638.2167045910855,2299.0,44.84758845312988
4680,0,Westernwear,sera,1298.0,649.0,50.0
4681,1,Westernwear,life,2638.2167045910855,1499.0,44.84758845312988
4682,2,Westernwear,life,399.0,199.0,50.0
4683,3,Westernwear,sera,1494.0,747.0,50.0
4684,4,Westernwear,stop,1999.0,999.0,50.0
4685,5,Westernwear,life,1299.0,649.0,50.0
4686,6,Westernwear,altlife,499.0,249.0,50.0
4687,7,Westernwear,latin quarters,2638.2167045910855,1499.0,44.84758845312988
4688,8,Westernwear,adidas,1999.0,999.0,50.0
4689,9,Westernwear,pepe,2499.0,1499.0,40.0
4690,10,Westernwear,stop,1199.0,599.0,50.0
4691,11,Westernwear,fratini,2638.2167045910855,999.0,44.84758845312988
4692,12,Westernwear,cover story,2490.0,1494.0,40.0
4693,13,Westernwear,magre,1490.0,596.0,60.0
4694,14,Westernwear,and,1899.0,949.0,50.0
4695,15,Westernwear,magre,1990.0,995.0,50.0
4696,16,Westernwear,and,1799.0,899.0,50.0
4697,17,Westernwear,kraus,2195.0,1536.0,30.0
4698,18,Westernwear,only,1499.0,899.0,40.0
4699,19,Westernwear,zink london,1499.0,499.0,67.0
4700,20,Westernwear,life,399.0,199.0,50.0
4701,21,Westernwear,adidas,1799.0,1259.0,30.0
4703,23,Westernwear,vero moda,3499.0,2799.0,20.0
4704,24,Westernwear,faballey,2200.0,1760.0,20.0
4705,25,Westernwear,faballey,2200.0,1760.0,20.0
4706,0,Westernwear,kraus,1695.0,1525.0,10.0
4707,1,Westernwear,kraus,999.0,899.0,10.0
4708,2,Westernwear,cover story,1890.0,945.0,50.0
4709,3,Westernwear,zink london,1399.0,839.0,40.0
4710,4,Westernwear,latin quarters,2799.0,1399.0,50.0
4711,5,Westernwear,vero moda,2799.0,1399.0,50.0
4712,6,Westernwear,life,599.0,299.0,50.0
4713,7,Westernwear,is.u,2299.0,1149.0,50.0
4714,8,Westernwear,sera,1098.0,439.0,60.0
4715,9,Westernwear,life,1499.0,749.0,50.0
4716,10,Westernwear,only,2299.0,1149.0,50.0
4717,11,Westernwear,zink london,1599.0,959.0,40.0
4718,12,Westernwear,jealous 21,2638.2167045910855,1699.0,44.84758845312988
4719,13,Westernwear,and,1699.0,1189.0,30.0
4720,14,Westernwear,insense,1299.0,649.0,50.0
4721,15,Westernwear,vero moda,999.0,599.0,40.0
4722,16,Westernwear,faballey,2200.0,1100.0,50.0
4723,17,Westernwear,latin quarters,1499.0,499.0,67.0
4724,18,Westernwear,emblaze,2638.2167045910855,3000.0,44.84758845312988
4725,19,Westernwear,sera,999.0,399.0,60.0
4726,20,Westernwear,kraus,1295.0,1165.0,10.0
4727,21,Westernwear,lovegen,1499.0,599.0,60.0
4729,23,Westernwear,latin quarters,1450.0,1015.0,30.0
4730,24,Westernwear,allen solly,1999.0,1599.0,20.0
4731,25,Westernwear,campus sutra,2638.2167045910855,1999.0,44.84758845312988
4732,0,Westernwear,pepe,2599.0,1559.0,40.0
4733,1,Westernwear,kraus,1795.0,1256.0,30.0
4734,2,Westernwear,kraus,1495.0,747.0,50.0
4735,3,Westernwear,zink london,1499.0,599.0,60.0
4736,4,Westernwear,and,2638.2167045910855,4499.0,44.84758845312988
4737,5,Westernwear,zink london,1999.0,799.0,60.0
4738,6,Westernwear,zink london,1899.0,1139.0,40.0
4739,7,Westernwear,zink london,2199.0,879.0,60.0
4740,8,Westernwear,zink london,2699.0,2159.0,20.0
4741,9,Westernwear,vero moda,2599.0,1559.0,40.0
4742,10,Westernwear,only,3499.0,2449.0,30.0
4743,11,Westernwear,puma,1499.0,1049.0,30.0
4744,12,Westernwear,marie claire,2199.0,1099.0,50.0
4745,13,Westernwear,madame,1699.0,849.0,50.0
4746,14,Westernwear,zink london,2799.0,1119.0,60.0
4747,15,Westernwear,zink london,1549.0,499.0,68.0
4748,16,Westernwear,and,2699.0,1889.0,30.0
4749,17,Westernwear,and,1799.0,899.0,50.0
4750,18,Westernwear,and,1699.0,849.0,50.0
4751,19,Westernwear,and,2299.0,1149.0,50.0
4752,20,Westernwear,and,1999.0,999.0,50.0
4753,21,Westernwear,zink london,1599.0,399.0,75.0
4755,23,Westernwear,latin quarters,3999.0,1999.0,50.0
4756,24,Westernwear,allen solly,3499.0,2799.0,20.0
4757,25,Westernwear,only,1299.0,909.0,30.0
4758,0,Westernwear,vero moda,2299.0,1609.0,30.0
4759,1,Westernwear,zink london,2299.0,919.0,60.0
4760,2,Westernwear,adidas,2299.0,1609.0,30.0
4761,3,Westernwear,lee cooper,2638.2167045910855,1299.0,44.84758845312988
4762,4,Westernwear,stop,2638.2167045910855,1299.0,44.84758845312988
4763,5,Westernwear,lovegen,899.0,359.0,60.0
4764,6,Westernwear,vero moda,2299.0,1839.0,20.0
4765,7,Westernwear,faballey,1450.0,725.0,50.0
4766,8,Westernwear,sera,1998.0,999.0,50.0
4767,9,Westernwear,dolce crudo,1549.0,697.0,55.0
4768,10,Westernwear,spykar,1899.0,1329.0,30.0
4769,11,Westernwear,and,4999.0,3999.0,20.0
4770,12,Westernwear,spykar,2499.0,1749.0,30.0
4771,13,Westernwear,zink z,2638.2167045910855,2299.0,44.84758845312988
4772,14,Westernwear,crimsoune club,1399.0,979.0,30.0
4773,15,Westernwear,faballey,2100.0,1050.0,50.0
4774,16,Westernwear,van heusen,2638.2167045910855,1299.0,44.84758845312988
4775,17,Westernwear,adidas,1799.0,1259.0,30.0
4776,18,Westernwear,indya,1800.0,900.0,50.0
4778,20,Westernwear,life,1999.0,999.0,50.0
4779,21,Westernwear,stop,2638.2167045910855,1599.0,44.84758845312988
4781,23,Westernwear,faballey,1400.0,1120.0,20.0
4782,24,Westernwear,faballey,1300.0,1040.0,20.0
4783,25,Westernwear,zink london,1499.0,899.0,40.0
4784,0,Westernwear,and,1899.0,1519.0,20.0
4785,1,Westernwear,zink london,1599.0,1279.0,20.0
4786,2,Westernwear,life,1199.0,599.0,50.0
4787,3,Westernwear,madame,1499.0,749.0,50.0
4788,4,Westernwear,enamor,1599.0,1119.0,30.0
4789,5,Westernwear,and,1499.0,749.0,50.0
4790,6,Westernwear,kraus,1695.0,847.0,50.0
4791,7,Westernwear,cover story,1990.0,990.0,50.0
4792,8,Westernwear,insense,499.0,249.0,50.0
4793,9,Westernwear,zink london,2399.0,1439.0,40.0
4794,10,Westernwear,insense,399.0,199.0,50.0
4795,11,Westernwear,zink london,1899.0,759.0,60.0
4796,12,Westernwear,latin quarters,1999.0,799.0,60.0
4797,13,Westernwear,forever new,2638.2167045910855,4600.0,44.84758845312988
4798,14,Westernwear,allen solly,1699.0,1499.0,12.0
4799,15,Westernwear,and,2699.0,1889.0,30.0
4800,16,Westernwear,and,2899.0,1449.0,50.0
4801,17,Westernwear,zink london,2499.0,999.0,60.0
4802,18,Westernwear,vero moda,5499.0,4399.0,20.0
4803,19,Westernwear,samshek,2990.0,2392.0,20.0
4804,20,Westernwear,faballey,1700.0,850.0,50.0
4805,21,Westernwear,sera,2638.2167045910855,2498.0,44.84758845312988
4807,23,Westernwear,sera,1098.0,494.0,55.0
4808,24,Westernwear,indya,1400.0,700.0,50.0
4809,25,Westernwear,fratini,2638.2167045910855,999.0,44.84758845312988
4810,0,Westernwear,is.u,2190.0,1095.0,50.0
4811,1,Westernwear,iti,2638.2167045910855,1999.0,44.84758845312988
4812,2,Westernwear,enamor,899.0,629.0,30.0
4813,3,Westernwear,dolce crudo,2299.0,919.0,60.0
4814,4,Westernwear,levis,2638.2167045910855,2799.0,44.84758845312988
4815,5,Westernwear,only,4499.0,3149.0,30.0
4816,6,Westernwear,forever new,2638.2167045910855,7400.0,44.84758845312988
4817,7,Westernwear,and,1699.0,849.0,50.0
4818,8,Westernwear,madame,2199.0,1319.0,40.0
4819,9,Westernwear,zink london,1599.0,639.0,60.0
4820,10,Westernwear,only,4499.0,3149.0,30.0
4821,11,Westernwear,allen solly,3799.0,3039.0,20.0
4822,12,Westernwear,sera,1694.0,762.0,55.0
4823,13,Westernwear,zink london,1599.0,1279.0,20.0
4824,14,Westernwear,latin quarters,1599.0,799.0,50.0
4825,15,Westernwear,madame,1199.0,719.0,40.0
4826,16,Westernwear,zink z,2638.2167045910855,2499.0,44.84758845312988
4827,17,Westernwear,zink london,1699.0,1019.0,40.0
4828,18,Westernwear,only,4299.0,3439.0,20.0
4829,19,Westernwear,latin quarters,1399.0,979.0,30.0
4830,20,Westernwear,campus sutra,2638.2167045910855,1999.0,44.84758845312988
4831,21,Westernwear,109f,999.0,399.0,60.0
4833,23,Westernwear,and,1899.0,949.0,50.0
4834,24,Westernwear,magre,1990.0,1094.0,45.0
4835,25,Westernwear,dolce crudo,2999.0,899.0,70.0
4836,0,Westernwear,pepe,1499.0,899.0,40.0
4837,1,Westernwear,altlife,399.0,199.0,50.0
4838,2,Westernwear,vero moda,2599.0,2079.0,20.0
4839,3,Westernwear,faballey,2100.0,1050.0,50.0
4840,4,Westernwear,and,2099.0,1679.0,20.0
4841,5,Westernwear,fratini,1699.0,849.0,50.0
4842,6,Westernwear,allen solly,1699.0,1499.0,12.0
4843,7,Westernwear,only,1299.0,779.0,40.0
4844,8,Westernwear,infuse,999.0,599.0,40.0
4845,9,Westernwear,sera,1099.0,549.0,50.0
4846,10,Westernwear,and,1699.0,1359.0,20.0
4847,11,Westernwear,zink london,4499.0,1799.0,60.0
4848,12,Westernwear,global desi,1299.0,649.0,50.0
4849,13,Westernwear,and,2899.0,1449.0,50.0
4850,14,Westernwear,faballey,1900.0,950.0,50.0
4851,15,Westernwear,kraus,1695.0,1186.0,30.0
4852,16,Westernwear,and,1899.0,949.0,50.0
4853,17,Westernwear,is.u,1890.0,945.0,50.0
4854,18,Westernwear,forever new,4800.0,3360.0,30.0
4855,19,Westernwear,latin quarters,2699.0,1889.0,30.0
4856,20,Westernwear,zink london,2899.0,899.0,69.0
4857,21,Westernwear,zink london,1699.0,679.0,60.0
4859,23,Westernwear,pepe,2799.0,1679.0,40.0
4860,24,Westernwear,adidas,1799.0,1259.0,30.0
4861,25,Westernwear,jockey,2638.2167045910855,129.0,44.84758845312988
4862,0,Westernwear,fratini,1299.0,649.0,50.0
4863,1,Westernwear,rare,1999.0,899.0,55.0
4864,2,Westernwear,only,3299.0,1649.0,50.0
4865,3,Westernwear,and,1899.0,949.0,50.0
4866,4,Westernwear,life,399.0,199.0,50.0
4867,5,Westernwear,faballey,2950.0,1475.0,50.0
4868,6,Westernwear,faballey,2100.0,1050.0,50.0
4869,7,Westernwear,and,1699.0,849.0,50.0
4870,8,Westernwear,zink london,3999.0,1599.0,60.0
4871,9,Westernwear,sera,1294.0,517.0,60.0
4872,10,Westernwear,and,4299.0,2149.0,50.0
4873,11,Westernwear,kraus,1199.0,599.0,50.0
4874,12,Westernwear,sera,1998.0,799.0,60.0
4875,13,Westernwear,zink london,2299.0,699.0,70.0
4876,14,Westernwear,campus sutra,2638.2167045910855,1399.0,44.84758845312988
4877,15,Westernwear,zink london,1599.0,1279.0,20.0
4878,16,Westernwear,faballey,2900.0,2320.0,20.0
4879,17,Westernwear,kraus,1299.0,649.0,50.0
4880,18,Westernwear,levis,2638.2167045910855,1399.0,44.84758845312988
4881,19,Westernwear,gipsy,2795.0,1956.0,30.0
4882,20,Westernwear,faballey,2150.0,1075.0,50.0
4883,21,Westernwear,vero moda,2599.0,2079.0,20.0
4885,23,Westernwear,vero moda,4799.0,3359.0,30.0
4886,24,Westernwear,altlife,499.0,249.0,50.0
4887,25,Westernwear,zink z,2638.2167045910855,1499.0,44.84758845312988
4888,0,Westernwear,spykar,2499.0,1749.0,30.0
4889,1,Westernwear,stop,1299.0,649.0,50.0
4890,2,Westernwear,vero moda,2638.2167045910855,2299.0,44.84758845312988
4891,3,Westernwear,lovegen,1599.0,639.0,60.0
4892,4,Westernwear,altlife,599.0,299.0,50.0
4893,5,Westernwear,enamor,499.0,349.0,30.0
4894,6,Westernwear,only,1499.0,749.0,50.0
4895,7,Westernwear,faballey,2800.0,1400.0,50.0
4896,8,Westernwear,van heusen,2638.2167045910855,4499.0,44.84758845312988
4897,9,Westernwear,and,1399.0,1119.0,20.0
4898,10,Westernwear,latin quarters,1699.0,849.0,50.0
4899,11,Westernwear,stop,1299.0,649.0,50.0
4900,12,Westernwear,stop,399.0,199.0,50.0
4901,13,Westernwear,insense,499.0,249.0,50.0
4902,14,Westernwear,van heusen,3499.0,1499.0,57.0
4903,15,Westernwear,van heusen,1699.0,999.0,41.0
4904,16,Westernwear,gipsy,1695.0,1186.0,30.0
4905,17,Westernwear,zink london,1399.0,839.0,40.0
4906,18,Westernwear,zink london,1699.0,499.0,71.0
4907,19,Westernwear,zink london,1599.0,639.0,60.0
4908,20,Westernwear,zink london,2899.0,1159.0,60.0
4909,21,Westernwear,zink london,2499.0,999.0,60.0
4911,23,Westernwear,latin quarters,2499.0,1249.0,50.0
4912,24,Westernwear,zink london,1699.0,1359.0,20.0
4913,25,Westernwear,allen solly,2638.2167045910855,449.0,44.84758845312988
4914,0,Westernwear,zink london,1499.0,899.0,40.0
4915,1,Westernwear,gipsy,2495.0,1746.0,30.0
4916,2,Westernwear,altlife,2638.2167045910855,499.0,44.84758845312988
4917,3,Westernwear,rare,1499.0,599.0,60.0
4918,4,Westernwear,myshka,2999.0,899.0,70.0
4919,5,Westernwear,sera,1998.0,999.0,50.0
4920,6,Westernwear,latin quarters,1799.0,799.0,56.0
4921,7,Westernwear,fratini,2999.0,1499.0,50.0
4922,8,Westernwear,and,1799.0,899.0,50.0
4923,9,Westernwear,latin quarters,1499.0,749.0,50.0
4924,10,Westernwear,latin quarters,1699.0,849.0,50.0
4925,11,Westernwear,emblaze,2638.2167045910855,3500.0,44.84758845312988
4926,12,Westernwear,faballey,2200.0,1100.0,50.0
4927,13,Westernwear,allen solly,2638.2167045910855,399.0,44.84758845312988
4928,14,Westernwear,kraus,1199.0,839.0,30.0
4929,15,Westernwear,vero moda,2499.0,1499.0,40.0
4930,16,Westernwear,pepe,1699.0,1019.0,40.0
4931,17,Westernwear,crimsoune club,1799.0,899.0,50.0
4932,18,Westernwear,faballey,1700.0,850.0,50.0
4933,19,Westernwear,madame,2199.0,1099.0,50.0
4934,20,Westernwear,dolce crudo,2499.0,1124.0,55.0
4935,21,Westernwear,levis,2638.2167045910855,2299.0,44.84758845312988
4937,23,Westernwear,jealous 21,2638.2167045910855,2299.0,44.84758845312988
4938,24,Westernwear,vero moda,2638.2167045910855,1999.0,44.84758845312988
4939,25,Westernwear,vero moda,2299.0,1839.0,20.0
4940,0,Westernwear,vero moda,1999.0,1599.0,20.0
4941,1,Westernwear,faballey,1950.0,1560.0,20.0
4942,2,Westernwear,faballey,1700.0,850.0,50.0
4943,3,Westernwear,forever new,2638.2167045910855,6800.0,44.84758845312988
4944,4,Westernwear,samshek,2638.2167045910855,2690.0,44.84758845312988
4945,5,Westernwear,zink london,1599.0,639.0,60.0
4946,6,Westernwear,and,1899.0,949.0,50.0
4947,7,Westernwear,and,2499.0,1249.0,50.0
4948,8,Westernwear,allen solly,1699.0,1359.0,20.0
4949,9,Westernwear,kraus,1299.0,909.0,30.0
4950,10,Westernwear,faballey,1500.0,1200.0,20.0
4951,11,Westernwear,aarke,2638.2167045910855,2900.0,44.84758845312988
4952,12,Westernwear,levis,2638.2167045910855,999.0,44.84758845312988
4953,13,Westernwear,life,2638.2167045910855,99.0,44.84758845312988
4954,14,Westernwear,stop,2638.2167045910855,1299.0,44.84758845312988
4955,15,Westernwear,faballey,1900.0,1520.0,20.0
4956,16,Westernwear,van heusen,2499.0,999.0,60.0
4957,17,Westernwear,allen solly,2638.2167045910855,1799.0,44.84758845312988
4958,18,Westernwear,adidas,2699.0,1889.0,30.0
4959,19,Westernwear,levis,2638.2167045910855,3199.0,44.84758845312988
4960,20,Westernwear,dolce crudo,2199.0,989.0,55.0
4961,21,Westernwear,faballey,2600.0,2080.0,20.0
4963,23,Westernwear,and,1899.0,1519.0,20.0
4964,24,Westernwear,sera,1094.0,547.0,50.0
4965,25,Westernwear,jealous 21,2638.2167045910855,2499.0,44.84758845312988
4966,0,Westernwear,zink london,1699.0,679.0,60.0
4967,1,Westernwear,faballey,2200.0,1100.0,50.0
4968,2,Westernwear,allen solly,2499.0,1499.0,40.0
4969,3,Westernwear,zink london,1499.0,499.0,67.0
4970,4,Westernwear,sera,1298.0,519.0,60.0
4971,5,Westernwear,puma,1999.0,1399.0,30.0
4972,6,Westernwear,life,1499.0,749.0,50.0
4973,7,Westernwear,kraus,599.0,539.0,10.0
4974,8,Westernwear,u.s. polo assn.,2638.2167045910855,499.0,44.84758845312988
4975,9,Westernwear,zink london,1299.0,399.0,69.0
4976,10,Westernwear,zink london,2999.0,999.0,67.0
4977,11,Westernwear,and,2699.0,2159.0,20.0
4978,12,Westernwear,cover story,1290.0,690.0,47.0
4979,13,Westernwear,and,1299.0,649.0,50.0
4980,14,Westernwear,kraus,1295.0,647.0,50.0
4981,15,Westernwear,latin quarters,1499.0,749.0,50.0
4982,16,Westernwear,zink london,1899.0,1519.0,20.0
4983,17,Westernwear,latin quarters,2499.0,799.0,68.0
4984,18,Westernwear,zink london,2999.0,1199.0,60.0
4985,19,Westernwear,vero moda,1999.0,1399.0,30.0
4986,20,Westernwear,life,899.0,449.0,50.0
4987,21,Westernwear,zink london,1599.0,959.0,40.0
4989,23,Westernwear,altlife,2638.2167045910855,499.0,44.84758845312988
4990,24,Westernwear,rare,1399.0,629.0,55.0
4991,25,Westernwear,iti,2638.2167045910855,2599.0,44.84758845312988
4992,0,Westernwear,rare,1399.0,559.0,60.0
4993,1,Westernwear,madame,1599.0,799.0,50.0
4994,2,Westernwear,lovegen,1299.0,389.0,70.0
4995,3,Westernwear,and,1899.0,949.0,50.0
4996,4,Westernwear,kraus,1595.0,797.0,50.0
4997,5,Westernwear,faballey,1800.0,1440.0,20.0
4998,6,Westernwear,latin quarters,2499.0,799.0,68.0
4999,7,Westernwear,zink london,2299.0,919.0,60.0
5000,8,Westernwear,and,2499.0,1249.0,50.0
5001,9,Westernwear,infuse,599.0,239.0,60.0
5002,10,Westernwear,life,1499.0,749.0,50.0
5003,11,Westernwear,life,599.0,299.0,50.0
5004,12,Westernwear,gipsy,1395.0,976.0,30.0
5005,13,Westernwear,vero moda,2799.0,1679.0,40.0
5006,14,Westernwear,and,2638.2167045910855,2499.0,44.84758845312988
5007,15,Westernwear,sera,1594.0,797.0,50.0
5008,16,Westernwear,only,4299.0,3009.0,30.0
5009,17,Westernwear,jealous 21,2638.2167045910855,1199.0,44.84758845312988
5010,18,Westernwear,109f,1299.0,519.0,60.0
5011,19,Westernwear,adidas,1999.0,1399.0,30.0
5012,20,Westernwear,indya,1400.0,700.0,50.0
5013,21,Westernwear,zink z,2638.2167045910855,2799.0,44.84758845312988
5015,23,Westernwear,puma,3999.0,2799.0,30.0
5016,24,Westernwear,faballey,1400.0,1120.0,20.0
5017,25,Westernwear,levis,2638.2167045910855,1399.0,44.84758845312988
5018,0,Westernwear,spykar,2299.0,1609.0,30.0
5019,1,Westernwear,only,3299.0,2309.0,30.0
5020,2,Westernwear,global desi,3099.0,2479.0,20.0
5021,3,Westernwear,faballey,1700.0,850.0,50.0
5022,4,Westernwear,zink london,1299.0,779.0,40.0
5023,5,Westernwear,vero moda,1999.0,1199.0,40.0
5024,6,Westernwear,madame,3299.0,1649.0,50.0
5025,7,Westernwear,and,2699.0,1349.0,50.0
5026,8,Westernwear,only,2638.2167045910855,2499.0,44.84758845312988
5027,9,Westernwear,iti,2638.2167045910855,2699.0,44.84758845312988
5028,10,Westernwear,and,2299.0,1839.0,20.0
5029,11,Westernwear,zink london,1399.0,839.0,40.0
5030,12,Westernwear,ira soleil,2638.2167045910855,1799.0,44.84758845312988
5031,13,Westernwear,latin quarters,1499.0,749.0,50.0
5032,14,Westernwear,spykar,2499.0,1749.0,30.0
5033,15,Westernwear,puma,1799.0,1259.0,30.0
5034,16,Westernwear,zink london,1699.0,1019.0,40.0
5035,17,Westernwear,only,2638.2167045910855,2499.0,44.84758845312988
5036,18,Westernwear,dolce crudo,3799.0,1519.0,60.0
5037,19,Westernwear,cover story,2890.0,2023.0,30.0
5038,20,Westernwear,jealous 21,2638.2167045910855,2499.0,44.84758845312988
5039,21,Westernwear,fratini,1199.0,599.0,50.0
5041,23,Westernwear,kraus,1199.0,839.0,30.0
5042,24,Westernwear,madame,1999.0,999.0,50.0
5043,25,Westernwear,enamor,2638.2167045910855,549.0,44.84758845312988
5044,0,Westernwear,fratini,2638.2167045910855,1299.0,44.84758845312988
5045,1,Westernwear,iti,2638.2167045910855,1099.0,44.84758845312988
5046,2,Westernwear,zink london,2399.0,959.0,60.0
5047,3,Westernwear,kraus,1795.0,1256.0,30.0
5048,4,Westernwear,rare,4999.0,1999.0,60.0
5049,5,Westernwear,proline,999.0,499.0,50.0
5050,6,Westernwear,altlife,499.0,249.0,50.0
5051,7,Westernwear,and,2899.0,2319.0,20.0
5052,8,Westernwear,altlife,799.0,399.0,50.0
5053,9,Westernwear,latin quarters,1599.0,499.0,69.0
5054,10,Westernwear,latin quarters,1450.0,725.0,50.0
5055,11,Westernwear,zink london,1399.0,699.0,50.0
5056,12,Westernwear,rare,1999.0,799.0,60.0
5057,13,Westernwear,rare,1399.0,629.0,55.0
5058,14,Westernwear,crimsoune club,1299.0,779.0,40.0
5059,15,Westernwear,and,1299.0,649.0,50.0
5060,16,Westernwear,and,2999.0,1199.0,60.0
5061,17,Westernwear,faballey,837.0,418.0,50.0
5062,18,Westernwear,and,1799.0,1439.0,20.0
5063,19,Westernwear,is.u,3290.0,1645.0,50.0
5064,20,Westernwear,allen solly,2638.2167045910855,1599.0,44.84758845312988
5065,21,Westernwear,faballey,2600.0,2080.0,20.0
5067,23,Westernwear,faballey,1600.0,800.0,50.0
5068,24,Westernwear,latin quarters,2499.0,1249.0,50.0
5069,25,Westernwear,faballey,2400.0,1920.0,20.0
5070,0,Westernwear,and,1499.0,749.0,50.0
5071,1,Westernwear,latin quarters,1399.0,499.0,64.0
5072,2,Westernwear,zink london,1499.0,599.0,60.0
5073,3,Westernwear,zink london,1599.0,399.0,75.0
5074,4,Westernwear,lovegen,1190.0,476.0,60.0
5075,5,Westernwear,zink london,1499.0,599.0,60.0
5076,6,Westernwear,vero moda,2499.0,1499.0,40.0
5077,7,Westernwear,puma,1599.0,1119.0,30.0
5078,8,Westernwear,puma,3999.0,2799.0,30.0
5079,9,Westernwear,faballey,1500.0,1200.0,20.0
5080,10,Westernwear,faballey,2200.0,1100.0,50.0
5081,11,Westernwear,zink london,1899.0,1139.0,40.0
5082,12,Westernwear,only,2799.0,1679.0,40.0
5083,13,Westernwear,zink z,2638.2167045910855,1699.0,44.84758845312988
5084,14,Westernwear,kashish,3490.0,1570.0,55.0
5085,15,Westernwear,fratini,899.0,449.0,50.0
5086,16,Westernwear,is.u,2490.0,1245.0,50.0
5087,17,Westernwear,allen solly,1699.0,1499.0,12.0
5088,18,Westernwear,kraus,1695.0,847.0,50.0
5089,19,Westernwear,latin quarters,2399.0,1199.0,50.0
5090,20,Westernwear,kraus,1895.0,1326.0,30.0
5091,21,Westernwear,faballey,2100.0,1680.0,20.0
5093,23,Westernwear,vero moda,2499.0,1249.0,50.0
5094,24,Westernwear,life,899.0,449.0,50.0
5095,25,Westernwear,fratini,2638.2167045910855,799.0,44.84758845312988
5096,0,Westernwear,only,4499.0,3149.0,30.0
5097,1,Westernwear,pepe,1199.0,719.0,40.0
5098,2,Westernwear,zink london,1399.0,839.0,40.0
5099,3,Westernwear,forever new,2638.2167045910855,4400.0,44.84758845312988
5100,4,Westernwear,kraus,1299.0,1169.0,10.0
5101,5,Westernwear,jealous 21,2638.2167045910855,999.0,44.84758845312988
5102,6,Westernwear,campus sutra,2638.2167045910855,1599.0,44.84758845312988
5103,7,Westernwear,allen solly,1999.0,1199.0,40.0
5104,8,Westernwear,sera,1298.0,649.0,50.0
5105,9,Westernwear,enamor,1699.0,1189.0,30.0
5106,10,Westernwear,only,3999.0,2399.0,40.0
5107,11,Westernwear,and,2499.0,999.0,60.0
5108,12,Westernwear,enamor,2638.2167045910855,899.0,44.84758845312988
5109,13,Westernwear,fratini,2999.0,1499.0,50.0
5110,14,Westernwear,faballey,1950.0,975.0,50.0
5111,15,Westernwear,vero moda,3999.0,3199.0,20.0
5112,16,Westernwear,crimsoune club,1599.0,1119.0,30.0
5113,17,Westernwear,vero moda,1999.0,1199.0,40.0
5114,18,Westernwear,only,1999.0,1199.0,40.0
5115,19,Westernwear,haute curry,1499.0,749.0,50.0
5116,20,Westernwear,cover story,2638.2167045910855,1590.0,44.84758845312988
5117,21,Westernwear,only,2638.2167045910855,999.0,44.84758845312988
5119,23,Westernwear,and,2499.0,1249.0,50.0
5120,24,Westernwear,and,1899.0,1519.0,20.0
5121,25,Westernwear,vero moda,2599.0,1819.0,30.0
5122,0,Westernwear,madame,799.0,559.0,30.0
5123,1,Westernwear,jealous 21,2638.2167045910855,1999.0,44.84758845312988
5124,2,Westernwear,zink london,1499.0,899.0,40.0
5125,3,Westernwear,adidas,1199.0,839.0,30.0
5126,4,Westernwear,pepe,1799.0,1079.0,40.0
5127,5,Westernwear,vero moda,2599.0,1559.0,40.0
5128,6,Westernwear,zink london,1599.0,799.0,50.0
5129,7,Westernwear,zink london,2899.0,1739.0,40.0
5130,8,Westernwear,vero moda,2638.2167045910855,4999.0,44.84758845312988
5131,9,Westernwear,life,1699.0,849.0,50.0
5132,10,Westernwear,faballey,1500.0,1200.0,20.0
5133,11,Westernwear,madame,1999.0,1399.0,30.0
5134,12,Westernwear,and,2499.0,1749.0,30.0
5135,13,Westernwear,madame,1799.0,899.0,50.0
5136,14,Westernwear,marie claire,4199.0,1679.0,60.0
5137,15,Westernwear,zink london,1499.0,499.0,67.0
5138,16,Westernwear,and,1499.0,749.0,50.0
5139,17,Westernwear,crimsoune club,1499.0,1049.0,30.0
5140,18,Westernwear,zink london,1599.0,399.0,75.0
5141,19,Westernwear,enamor,949.0,664.0,30.0
5142,20,Westernwear,latin quarters,1599.0,499.0,69.0
5143,21,Westernwear,zink london,1499.0,599.0,60.0
5145,23,Westernwear,zink london,1499.0,599.0,60.0
5146,24,Westernwear,zink london,2499.0,999.0,60.0
5147,25,Westernwear,vero moda,1299.0,1039.0,20.0
5148,0,Westernwear,cover story,890.0,690.0,22.0
5149,1,Westernwear,infuse,699.0,419.0,40.0
5150,2,Westernwear,fratini,2638.2167045910855,999.0,44.84758845312988
5151,3,Westernwear,life,599.0,299.0,50.0
5152,4,Westernwear,samshek,2845.0,1707.0,40.0
5153,5,Westernwear,samshek,2638.2167045910855,1790.0,44.84758845312988
5154,6,Westernwear,only,1799.0,1259.0,30.0
5155,7,Westernwear,faballey,2100.0,1680.0,20.0
5156,8,Westernwear,only,3699.0,1849.0,50.0
5157,9,Westernwear,life,2638.2167045910855,99.0,44.84758845312988
5158,10,Westernwear,pepe kids,1400.0,1120.0,20.0
5159,11,Westernwear,spykar,1999.0,1399.0,30.0
5160,12,Westernwear,kraus,2095.0,1466.0,30.0
5161,13,Westernwear,pepe,1699.0,1019.0,40.0
5162,14,Westernwear,gipsy,1395.0,976.0,30.0
5163,15,Westernwear,faballey,2100.0,1680.0,20.0
5164,16,Westernwear,and,2638.2167045910855,2699.0,44.84758845312988
5165,17,Westernwear,spykar,2299.0,1609.0,30.0
5166,18,Westernwear,madame,899.0,449.0,50.0
5167,19,Westernwear,stop,2638.2167045910855,1299.0,44.84758845312988
5168,20,Westernwear,only,1999.0,1599.0,20.0
5169,21,Westernwear,only,2799.0,1399.0,50.0
5171,23,Westernwear,life,399.0,199.0,50.0
5172,24,Westernwear,and,2638.2167045910855,1799.0,44.84758845312988
5173,25,Westernwear,campus sutra,2638.2167045910855,1999.0,44.84758845312988
5174,0,Westernwear,enamor,1049.0,734.0,30.0
5175,1,Westernwear,only,3999.0,3199.0,20.0
5176,2,Westernwear,pepe,2799.0,1679.0,40.0
5177,3,Westernwear,only,2499.0,1499.0,40.0
5178,4,Westernwear,vero moda,1299.0,649.0,50.0
5179,5,Westernwear,kraus,1299.0,1169.0,10.0
5180,6,Westernwear,infuse,899.0,359.0,60.0
5181,7,Westernwear,magre,2790.0,1116.0,60.0
5182,8,Westernwear,global desi,3699.0,2959.0,20.0
5183,9,Westernwear,vero moda,1999.0,1599.0,20.0
5184,10,Westernwear,zink london,1599.0,959.0,40.0
5185,11,Westernwear,faballey,1950.0,1560.0,20.0
5186,12,Westernwear,life,699.0,349.0,50.0
5187,13,Westernwear,insense,499.0,249.0,50.0
5188,14,Westernwear,reebok,1599.0,799.0,50.0
5189,15,Westernwear,faballey,2400.0,1200.0,50.0
5190,16,Westernwear,faballey,1400.0,1120.0,20.0
5191,17,Westernwear,latin quarters,2638.2167045910855,1599.0,44.84758845312988
5192,18,Westernwear,only,1799.0,1259.0,30.0
5193,19,Westernwear,zink london,1699.0,1019.0,40.0
5194,20,Westernwear,latin quarters,1999.0,999.0,50.0
5195,21,Westernwear,zink london,1999.0,1199.0,40.0
5197,23,Westernwear,stop,999.0,499.0,50.0
5198,24,Westernwear,altlife,2638.2167045910855,499.0,44.84758845312988
5199,25,Westernwear,only,3699.0,2959.0,20.0
5200,0,Westernwear,rare,1990.0,895.0,55.0
5201,1,Westernwear,marie claire,1499.0,674.0,55.0
5202,2,Westernwear,juniper,2799.0,979.0,65.0
5203,3,Westernwear,marie claire,1599.0,799.0,50.0
5204,4,Westernwear,cover story,3490.0,2094.0,40.0
5205,5,Westernwear,faballey,2400.0,1200.0,50.0
5206,6,Westernwear,zink london,1499.0,899.0,40.0
5207,7,Westernwear,madame,2638.2167045910855,2599.0,44.84758845312988
5208,8,Westernwear,crimsoune club,1399.0,559.0,60.0
5209,9,Westernwear,kraus,1695.0,847.0,50.0
5210,10,Westernwear,latin quarters,2299.0,1149.0,50.0
5211,11,Westernwear,kraus,2295.0,1147.0,50.0
5212,12,Westernwear,insense,399.0,199.0,50.0
5213,13,Westernwear,sera,1494.0,747.0,50.0
5214,14,Westernwear,iti,2638.2167045910855,2999.0,44.84758845312988
5215,15,Westernwear,sera,1694.0,677.0,60.0
5216,16,Westernwear,varanga,1999.0,799.0,60.0
5217,17,Westernwear,sera,1498.0,749.0,50.0
5218,18,Westernwear,zink london,2899.0,999.0,66.0
5219,19,Westernwear,cover story,3490.0,2094.0,40.0
5220,20,Westernwear,kraus,1695.0,1186.0,30.0
5221,21,Westernwear,allen solly,2699.0,1619.0,40.0
5223,23,Westernwear,iti,2638.2167045910855,1599.0,44.84758845312988
5224,24,Westernwear,and,1899.0,949.0,50.0
5225,25,Westernwear,vero moda,2499.0,1749.0,30.0
5226,0,Westernwear,lovegen,1499.0,449.0,70.0
5227,1,Westernwear,w,2638.2167045910855,4599.0,44.84758845312988
5228,2,Westernwear,vero moda,1799.0,1439.0,20.0
5229,3,Westernwear,life,2499.0,1249.0,50.0
5230,4,Westernwear,is.u,2190.0,1095.0,50.0
5231,5,Westernwear,zink london,2699.0,1619.0,40.0
5232,6,Westernwear,only,3999.0,3199.0,20.0
5233,7,Westernwear,allen solly,1499.0,1199.0,20.0
5234,8,Westernwear,w,2638.2167045910855,3999.0,44.84758845312988
5235,9,Westernwear,forever new,3600.0,2520.0,30.0
5236,10,Westernwear,stop,4499.0,2249.0,50.0
5237,11,Westernwear,life,1299.0,649.0,50.0
5238,12,Westernwear,madame,2638.2167045910855,2499.0,44.84758845312988
5239,13,Westernwear,jealous 21,2638.2167045910855,1699.0,44.84758845312988
5240,14,Westernwear,samshek,3200.0,2560.0,20.0
5241,15,Westernwear,zink london,1699.0,1019.0,40.0
5242,16,Westernwear,and,1399.0,909.0,35.0
5243,17,Westernwear,gipsy,1695.0,1186.0,30.0
5244,18,Westernwear,and,1399.0,1119.0,20.0
5245,19,Westernwear,forever new,2638.2167045910855,3400.0,44.84758845312988
5246,20,Westernwear,only,1999.0,1199.0,40.0
5247,21,Westernwear,pepe,3499.0,2099.0,40.0
5249,23,Westernwear,allen solly,1699.0,1019.0,40.0
5250,24,Westernwear,iti,2638.2167045910855,2999.0,44.84758845312988
5251,25,Westernwear,reebok,1999.0,999.0,50.0
5252,0,Westernwear,adidas,1799.0,899.0,50.0
5253,1,Westernwear,and,2399.0,1199.0,50.0
5254,2,Westernwear,vero moda,3799.0,3039.0,20.0
5255,3,Westernwear,kraus,1499.0,749.0,50.0
5256,4,Westernwear,kraus,1995.0,1396.0,30.0
5257,5,Westernwear,fratini,599.0,299.0,50.0
5258,6,Westernwear,only,2999.0,1799.0,40.0
5259,7,Westernwear,spykar,999.0,699.0,30.0
5260,8,Westernwear,vero moda,2638.2167045910855,3799.0,44.84758845312988
5261,9,Westernwear,iti,2638.2167045910855,2699.0,44.84758845312988
5262,10,Westernwear,dolce crudo,2299.0,1034.0,55.0
5263,11,Westernwear,iti,2638.2167045910855,1499.0,44.84758845312988
5264,12,Westernwear,and,3699.0,2589.0,30.0
5265,13,Westernwear,faballey,2100.0,1050.0,50.0
5266,14,Westernwear,samshek,2990.0,2392.0,20.0
5267,15,Westernwear,dolce crudo,4249.0,1274.0,70.0
5268,16,Westernwear,only,3799.0,2659.0,30.0
5269,17,Westernwear,zink london,2999.0,1199.0,60.0
5270,18,Westernwear,zink london,1899.0,1139.0,40.0
5271,19,Westernwear,and,2199.0,1099.0,50.0
5272,20,Westernwear,kraus,1399.0,979.0,30.0
5273,21,Westernwear,and,3099.0,1549.0,50.0
5275,23,Westernwear,zink london,2299.0,919.0,60.0
5276,24,Westernwear,latin quarters,1299.0,499.0,62.0
5277,25,Westernwear,zink london,2799.0,1679.0,40.0
5278,0,Westernwear,dolce crudo,2499.0,999.0,60.0
5279,1,Westernwear,crimsoune club,1399.0,699.0,50.0
5280,2,Westernwear,adidas,1999.0,999.0,50.0
5281,3,Westernwear,insense,999.0,499.0,50.0
5282,4,Westernwear,and,2299.0,1149.0,50.0
5283,5,Westernwear,and,1699.0,849.0,50.0
5284,6,Westernwear,madame,2638.2167045910855,2899.0,44.84758845312988
5285,7,Westernwear,rare,1699.0,764.0,55.0
5286,8,Westernwear,global desi,2499.0,999.0,60.0
5287,9,Westernwear,madame,1999.0,999.0,50.0
5288,10,Westernwear,global desi,1699.0,679.0,60.0
5289,11,Westernwear,latin quarters,1999.0,799.0,60.0
5290,12,Westernwear,faballey,2400.0,1200.0,50.0
5291,13,Westernwear,kraus,1795.0,897.0,50.0
5292,14,Westernwear,and,1899.0,1329.0,30.0
5293,15,Westernwear,latin quarters,2899.0,1449.0,50.0
5294,16,Westernwear,cover story,1990.0,990.0,50.0
5295,17,Westernwear,faballey,1800.0,900.0,50.0
5296,18,Westernwear,and,2499.0,1624.0,35.0
5297,19,Westernwear,forever new,4600.0,3220.0,30.0
5298,20,Westernwear,insense,399.0,199.0,50.0
5299,21,Westernwear,rare,1599.0,639.0,60.0
5301,23,Westernwear,fratini,1199.0,599.0,50.0
5302,24,Westernwear,adidas,1399.0,979.0,30.0
5303,25,Westernwear,zink london,2799.0,2239.0,20.0
5304,0,Westernwear,sera,1494.0,747.0,50.0
5305,1,Westernwear,kraus,1299.0,909.0,30.0
5306,2,Westernwear,life,499.0,249.0,50.0
5307,3,Westernwear,fratini,2638.2167045910855,1199.0,44.84758845312988
5308,4,Westernwear,sera,1098.0,439.0,60.0
5309,5,Westernwear,pepe,2299.0,1379.0,40.0
5310,6,Westernwear,enamor,2638.2167045910855,799.0,44.84758845312988
5311,7,Westernwear,faballey,1600.0,1280.0,20.0
5312,8,Westernwear,lovegen,1999.0,999.0,50.0
5313,9,Westernwear,emblaze,2638.2167045910855,4500.0,44.84758845312988
5314,10,Westernwear,only,1499.0,899.0,40.0
5315,11,Westernwear,spykar,1899.0,1329.0,30.0
5316,12,Westernwear,only,2499.0,1749.0,30.0
5317,13,Westernwear,faballey,2100.0,1050.0,50.0
5318,14,Westernwear,stop,2299.0,1149.0,50.0
5319,15,Westernwear,zink z,2638.2167045910855,1799.0,44.84758845312988
5320,16,Westernwear,only,1499.0,899.0,40.0
5321,17,Westernwear,only,2999.0,1499.0,50.0
5322,18,Westernwear,van heusen,2638.2167045910855,2199.0,44.84758845312988
5323,19,Westernwear,vero moda,1799.0,1079.0,40.0
5324,20,Westernwear,only,1299.0,649.0,50.0
5325,21,Westernwear,latin quarters,1499.0,749.0,50.0
5327,23,Westernwear,levis,2638.2167045910855,2999.0,44.84758845312988
5328,24,Westernwear,faballey,2400.0,1920.0,20.0
5329,25,Westernwear,campus sutra,2638.2167045910855,1599.0,44.84758845312988
5330,0,Westernwear,only,2799.0,1959.0,30.0
5331,1,Westernwear,indya,2600.0,2080.0,20.0
5332,2,Westernwear,dolce crudo,2399.0,959.0,60.0
5333,3,Westernwear,gipsy,1295.0,906.0,30.0
5334,4,Westernwear,only,1299.0,779.0,40.0
5335,5,Westernwear,sera,999.0,449.0,55.0
5336,6,Westernwear,kraus,1299.0,1169.0,10.0
5337,7,Westernwear,pepe,1799.0,1079.0,40.0
5338,8,Westernwear,enamor,949.0,664.0,30.0
5339,9,Westernwear,vero moda,1999.0,1399.0,30.0
5340,10,Westernwear,and,2099.0,1889.0,10.0
5341,11,Westernwear,iti,1899.0,699.0,63.0
5342,12,Westernwear,samshek,2638.2167045910855,1490.0,44.84758845312988
5343,13,Westernwear,crimsoune club,2499.0,2249.0,10.0
5344,14,Westernwear,vero moda,2299.0,1149.0,50.0
5345,15,Westernwear,faballey,1500.0,1200.0,20.0
5346,16,Westernwear,kenneth cole,2638.2167045910855,399.0,44.84758845312988
5347,17,Westernwear,zink london,2199.0,1099.0,50.0
5348,18,Westernwear,kraus,2095.0,1466.0,30.0
5349,19,Westernwear,sera,1998.0,999.0,50.0
5350,20,Westernwear,adidas,3799.0,2659.0,30.0
5351,21,Westernwear,latin quarters,1450.0,1015.0,30.0
5353,23,Westernwear,zink london,2799.0,1119.0,60.0
5354,24,Westernwear,only,1999.0,1399.0,30.0
5355,25,Westernwear,rare,1399.0,629.0,55.0
5356,0,Westernwear,rare,1499.0,599.0,60.0
5357,1,Westernwear,and,1699.0,1189.0,30.0
5358,2,Westernwear,zink london,2999.0,1199.0,60.0
5359,3,Westernwear,kraus,1495.0,747.0,50.0
5360,4,Westernwear,magre,3890.0,2139.0,45.0
5361,5,Westernwear,sera,1694.0,847.0,50.0
5362,6,Westernwear,cover story,2990.0,2093.0,30.0
5363,7,Westernwear,and,2299.0,1839.0,20.0
5364,8,Westernwear,and,1899.0,949.0,50.0
5365,9,Westernwear,kraus,1699.0,849.0,50.0
5366,10,Westernwear,and,2799.0,1959.0,30.0
5367,11,Westernwear,and,1899.0,949.0,50.0
5368,12,Westernwear,faballey,2650.0,1325.0,50.0
5369,13,Westernwear,and,3299.0,2144.0,35.0
5370,14,Westernwear,latin quarters,1599.0,799.0,50.0
5371,15,Westernwear,latin quarters,2499.0,1249.0,50.0
5372,16,Westernwear,zink london,2899.0,1159.0,60.0
5373,17,Westernwear,zink london,4499.0,1799.0,60.0
5374,18,Westernwear,kraus,1795.0,1256.0,30.0
5375,19,Westernwear,zink london,2299.0,919.0,60.0
5376,20,Westernwear,enamor,2638.2167045910855,749.0,44.84758845312988
5377,21,Westernwear,only,3699.0,2959.0,20.0
5379,23,Westernwear,is.u,1490.0,745.0,50.0
5380,24,Westernwear,kraus,1895.0,1326.0,30.0
5381,25,Westernwear,life,2638.2167045910855,99.0,44.84758845312988
5382,0,Westernwear,zink london,1499.0,749.0,50.0
5383,1,Westernwear,vero moda,2599.0,2079.0,20.0
5384,2,Westernwear,gipsy,1795.0,1256.0,30.0
5385,3,Westernwear,spykar,2699.0,1889.0,30.0
5386,4,Westernwear,vero moda,2499.0,1999.0,20.0
5387,5,Westernwear,gipsy,2638.2167045910855,920.0,44.84758845312988
5388,6,Westernwear,zink london,5999.0,2399.0,60.0
5389,7,Westernwear,infuse,999.0,399.0,60.0
5390,8,Westernwear,gipsy,2638.2167045910855,2995.0,44.84758845312988
5391,9,Westernwear,stop,999.0,499.0,50.0
5392,10,Westernwear,stop,999.0,499.0,50.0
5393,11,Westernwear,stop,1499.0,749.0,50.0
5394,12,Westernwear,latin quarters,1399.0,699.0,50.0
5395,13,Westernwear,kraus,1499.0,749.0,50.0
5396,14,Westernwear,faballey,1400.0,1120.0,20.0
5397,15,Westernwear,lovegen,999.0,399.0,60.0
5398,16,Westernwear,global desi,1999.0,999.0,50.0
5399,17,Westernwear,vero moda,1799.0,1439.0,20.0
5400,18,Westernwear,is.u,1890.0,661.0,65.0
5401,19,Westernwear,global desi,2899.0,2319.0,20.0
5402,20,Westernwear,campus sutra,2638.2167045910855,1999.0,44.84758845312988
5403,21,Westernwear,zink z,2638.2167045910855,1299.0,44.84758845312988
5405,23,Westernwear,kraus,1595.0,1116.0,30.0
5406,24,Westernwear,dolce crudo,2449.0,979.0,60.0
5407,25,Westernwear,109f,2499.0,999.0,60.0
5408,0,Westernwear,dolce crudo,2499.0,749.0,70.0
5409,1,Westernwear,allen solly,2638.2167045910855,449.0,44.84758845312988
5410,2,Westernwear,allen solly,1699.0,1019.0,40.0
5411,3,Westernwear,lovegen,1999.0,599.0,70.0
5412,4,Westernwear,allen solly,3999.0,2399.0,40.0
5413,5,Westernwear,life,999.0,499.0,50.0
5414,6,Westernwear,jealous 21,2638.2167045910855,2499.0,44.84758845312988
5415,7,Westernwear,life,599.0,299.0,50.0
5416,8,Westernwear,allen solly,1499.0,899.0,40.0
5417,9,Westernwear,forever new,2638.2167045910855,4400.0,44.84758845312988
5418,10,Westernwear,and,1299.0,649.0,50.0
5419,11,Westernwear,life,999.0,499.0,50.0
5420,12,Westernwear,latin quarters,2450.0,799.0,67.0
5421,13,Westernwear,life,899.0,449.0,50.0
5422,14,Westernwear,allen solly,2299.0,1379.0,40.0
5423,15,Westernwear,adidas,1599.0,1119.0,30.0
5424,16,Westernwear,and,1699.0,1359.0,20.0
5425,17,Westernwear,vero moda,1999.0,1399.0,30.0
5426,18,Westernwear,life,699.0,349.0,50.0
5427,19,Westernwear,spykar,1899.0,1329.0,30.0
5428,20,Westernwear,life,999.0,499.0,50.0
5429,21,Westernwear,stop,999.0,499.0,50.0
5431,23,Westernwear,kraus,1595.0,797.0,50.0
5432,24,Westernwear,and,3499.0,2274.0,35.0
5433,25,Westernwear,only,1999.0,1399.0,30.0
5434,0,Westernwear,stop,399.0,199.0,50.0
5435,1,Westernwear,zink london,1599.0,499.0,69.0
5436,2,Westernwear,latin quarters,1450.0,725.0,50.0
5437,3,Westernwear,zink london,1599.0,639.0,60.0
5438,4,Westernwear,zink london,2699.0,1619.0,40.0
5439,5,Westernwear,zink london,1399.0,499.0,64.0
5440,6,Westernwear,latin quarters,2699.0,1889.0,30.0
5441,7,Westernwear,zink london,2299.0,919.0,60.0
5442,8,Westernwear,fratini,1699.0,849.0,50.0
5443,9,Westernwear,reebok,1399.0,699.0,50.0
5444,10,Westernwear,life,399.0,199.0,50.0
5445,11,Westernwear,cover story,1990.0,1194.0,40.0
5446,12,Westernwear,madame,1199.0,839.0,30.0
5447,13,Westernwear,cover story,1290.0,690.0,47.0
5448,14,Westernwear,global desi,1499.0,899.0,40.0
5449,15,Westernwear,marie claire,1199.0,599.0,50.0
5450,16,Westernwear,cover story,1990.0,1194.0,40.0
5451,17,Westernwear,rare,1999.0,699.0,65.0
5452,18,Westernwear,marie claire,2290.0,1145.0,50.0
5453,19,Westernwear,faballey,1600.0,800.0,50.0
5454,20,Westernwear,faballey,2100.0,1050.0,50.0
5455,21,Westernwear,crimsoune club,1299.0,649.0,50.0
5457,23,Westernwear,sera,1594.0,637.0,60.0
5458,24,Westernwear,is.u,1890.0,945.0,50.0
5459,25,Westernwear,is.u,990.0,297.0,70.0
5460,0,Westernwear,faballey,2800.0,1400.0,50.0
5461,1,Westernwear,faballey,2200.0,1760.0,20.0
5462,2,Westernwear,sera,1294.0,517.0,60.0
5463,3,Westernwear,latin quarters,2299.0,1609.0,30.0
5464,4,Westernwear,iti,2638.2167045910855,2999.0,44.84758845312988
5465,5,Westernwear,zink z,2638.2167045910855,2799.0,44.84758845312988
5466,6,Westernwear,life,699.0,349.0,50.0
5467,7,Westernwear,sera,2498.0,999.0,60.0
5468,8,Westernwear,enamor,2638.2167045910855,899.0,44.84758845312988
5469,9,Westernwear,vero moda,1799.0,1439.0,20.0
5470,10,Westernwear,life,399.0,199.0,50.0
5471,11,Westernwear,and,2638.2167045910855,2299.0,44.84758845312988
5472,12,Westernwear,latin quarters,1499.0,1049.0,30.0
5473,13,Westernwear,only,1299.0,909.0,30.0
5474,14,Westernwear,kraus,1299.0,1169.0,10.0
5475,15,Westernwear,levis,2638.2167045910855,3399.0,44.84758845312988
5476,16,Westernwear,only,2299.0,1609.0,30.0
5477,17,Westernwear,altlife,499.0,249.0,50.0
5478,18,Westernwear,faballey,2200.0,1100.0,50.0
5479,19,Westernwear,sera,1998.0,799.0,60.0
5480,20,Westernwear,van heusen,2638.2167045910855,1499.0,44.84758845312988
5481,21,Westernwear,dolce crudo,2399.0,959.0,60.0
5483,23,Westernwear,zink london,1999.0,799.0,60.0
5484,24,Westernwear,gipsy,1795.0,718.0,60.0
5485,25,Westernwear,spykar,1899.0,1329.0,30.0
5486,0,Westernwear,crimsoune club,1699.0,849.0,50.0
5487,1,Westernwear,vero moda,2799.0,2239.0,20.0
5488,2,Westernwear,latin quarters,2799.0,1399.0,50.0
5489,3,Westernwear,faballey,2800.0,2240.0,20.0
5490,4,Westernwear,proline,1399.0,979.0,30.0
5491,5,Westernwear,fratini,1199.0,599.0,50.0
5492,6,Westernwear,global desi,2999.0,1949.0,35.0
5493,7,Westernwear,vero moda,2699.0,2159.0,20.0
5494,8,Westernwear,vero moda,1799.0,1259.0,30.0
5495,9,Westernwear,vero moda,2999.0,1799.0,40.0
5496,10,Westernwear,adidas,3299.0,1649.0,50.0
5497,11,Westernwear,109f,3499.0,1399.0,60.0
5498,12,Westernwear,life,1199.0,599.0,50.0
5499,13,Westernwear,jealous 21,2638.2167045910855,2299.0,44.84758845312988
5500,14,Westernwear,dolce crudo,2399.0,959.0,60.0
5501,15,Westernwear,life,999.0,499.0,50.0
5502,16,Westernwear,and,1099.0,879.0,20.0
5503,17,Westernwear,life,499.0,249.0,50.0
5504,18,Westernwear,enamor,1049.0,734.0,30.0
5505,19,Westernwear,global desi,1799.0,899.0,50.0
5506,20,Westernwear,zink london,1599.0,639.0,60.0
5507,21,Westernwear,kraus,1495.0,1046.0,30.0
5509,23,Westernwear,altlife,2638.2167045910855,499.0,44.84758845312988
5510,24,Westernwear,marie claire,1799.0,899.0,50.0
5511,25,Westernwear,dolce crudo,2199.0,879.0,60.0
5512,0,Westernwear,faballey,2500.0,1250.0,50.0
5513,1,Westernwear,pepe,999.0,599.0,40.0
5514,2,Westernwear,faballey,2600.0,1300.0,50.0
5515,3,Westernwear,zink london,3499.0,1399.0,60.0
5516,4,Westernwear,and,2899.0,1449.0,50.0
5517,5,Westernwear,enamor,1599.0,1119.0,30.0
5518,6,Westernwear,109f,1799.0,539.0,70.0
5519,7,Westernwear,dolce crudo,2799.0,1259.0,55.0
5520,8,Westernwear,sera,1494.0,597.0,60.0
5521,9,Westernwear,and,1699.0,849.0,50.0
5522,10,Westernwear,vero moda,3299.0,1649.0,50.0
5523,11,Westernwear,dolce crudo,2499.0,999.0,60.0
5524,12,Westernwear,w,2638.2167045910855,3799.0,44.84758845312988
5525,13,Westernwear,faballey,2400.0,1200.0,50.0
5526,14,Westernwear,spykar,2599.0,1819.0,30.0
5527,15,Westernwear,only,1999.0,1399.0,30.0
5528,16,Westernwear,vero moda,2299.0,1839.0,20.0
5529,17,Westernwear,life,1199.0,599.0,50.0
5531,19,Westernwear,dolce crudo,2449.0,1224.0,50.0
5532,20,Westernwear,van heusen,2638.2167045910855,1699.0,44.84758845312988
5533,21,Westernwear,faballey,2400.0,1920.0,20.0
5535,23,Westernwear,magre,2390.0,1434.0,40.0
5536,24,Westernwear,only,2699.0,2159.0,20.0
5537,25,Westernwear,crimsoune club,1599.0,959.0,40.0
5538,0,Westernwear,ira soleil,2638.2167045910855,1998.0,44.84758845312988
5539,1,Westernwear,zink london,1899.0,759.0,60.0
5540,2,Westernwear,and,2638.2167045910855,2499.0,44.84758845312988
5541,3,Westernwear,iti,2638.2167045910855,2699.0,44.84758845312988
5542,4,Westernwear,enamor,2638.2167045910855,899.0,44.84758845312988
5543,5,Westernwear,vero moda,2638.2167045910855,1999.0,44.84758845312988
5544,6,Westernwear,vero moda,1999.0,1399.0,30.0
5545,7,Westernwear,spykar,2299.0,1609.0,30.0
5546,8,Westernwear,zink london,2699.0,1079.0,60.0
5547,9,Westernwear,cover story,4990.0,3493.0,30.0
5548,10,Westernwear,levis,2638.2167045910855,2399.0,44.84758845312988
5549,11,Westernwear,kraus,1595.0,1116.0,30.0
5550,12,Westernwear,latin quarters,1399.0,499.0,64.0
5551,13,Westernwear,only,1799.0,1259.0,30.0
5552,14,Westernwear,sera,1698.0,849.0,50.0
5553,15,Westernwear,emblaze,2638.2167045910855,2800.0,44.84758845312988
5554,16,Westernwear,magre,1990.0,895.0,55.0
5555,17,Westernwear,latin quarters,2499.0,1749.0,30.0
5556,18,Westernwear,vero moda,2638.2167045910855,3299.0,44.84758845312988
5557,19,Westernwear,stop,2638.2167045910855,1299.0,44.84758845312988
5558,20,Westernwear,and,2899.0,1449.0,50.0
5559,21,Westernwear,lovegen,1999.0,999.0,50.0
5561,23,Westernwear,only,2299.0,1609.0,30.0
5562,24,Westernwear,and,1899.0,949.0,50.0
5563,25,Westernwear,kraus,1895.0,1326.0,30.0
5564,0,Westernwear,emblaze,2638.2167045910855,3000.0,44.84758845312988
5565,1,Westernwear,vero moda,2499.0,1249.0,50.0
5566,2,Westernwear,and,4899.0,3919.0,20.0
5567,3,Westernwear,cover story,2638.2167045910855,2290.0,44.84758845312988
5568,4,Westernwear,puma,1799.0,1259.0,30.0
5569,5,Westernwear,kami kubi,1399.0,629.0,55.0
5570,6,Westernwear,latin quarters,1399.0,699.0,50.0
5571,7,Westernwear,puma,3999.0,2799.0,30.0
5572,8,Westernwear,kraus,1399.0,699.0,50.0
5573,9,Westernwear,faballey,2100.0,1680.0,20.0
5574,10,Westernwear,enamor,499.0,349.0,30.0
5575,11,Westernwear,vero moda,1299.0,649.0,50.0
5576,12,Westernwear,and,1699.0,1189.0,30.0
5577,13,Westernwear,crimsoune club,2499.0,2249.0,10.0
5578,14,Westernwear,latin quarters,2999.0,1499.0,50.0
5579,15,Westernwear,latin quarters,1650.0,825.0,50.0
5580,16,Westernwear,latin quarters,1599.0,799.0,50.0
5581,17,Westernwear,zink london,1599.0,959.0,40.0
5582,18,Westernwear,zink london,1599.0,799.0,50.0
5583,19,Westernwear,zink london,2699.0,1619.0,40.0
5584,20,Westernwear,van heusen,2638.2167045910855,849.0,44.84758845312988
5585,21,Westernwear,cover story,2790.0,1674.0,40.0
5587,23,Westernwear,marie claire,1499.0,599.0,60.0
5588,24,Westernwear,and,2299.0,1149.0,50.0
5589,25,Westernwear,rare,1499.0,599.0,60.0
5590,0,Westernwear,latin quarters,2999.0,2099.0,30.0
5591,1,Westernwear,kraus,1895.0,947.0,50.0
5592,2,Westernwear,iti,2638.2167045910855,2999.0,44.84758845312988
5593,3,Westernwear,zink london,2499.0,999.0,60.0
5594,4,Westernwear,global desi,2638.2167045910855,7999.0,44.84758845312988
5595,5,Westernwear,w,2638.2167045910855,3999.0,44.84758845312988
5596,6,Westernwear,levis,2638.2167045910855,1599.0,44.84758845312988
5597,7,Westernwear,levis,2638.2167045910855,3699.0,44.84758845312988
5598,8,Westernwear,sera,1998.0,999.0,50.0
5599,9,Westernwear,samshek,2638.2167045910855,3200.0,44.84758845312988
5600,10,Westernwear,zink london,1499.0,899.0,40.0
5601,11,Westernwear,zink london,1499.0,899.0,40.0
5602,12,Westernwear,van heusen,1999.0,799.0,60.0
5603,13,Westernwear,pepe,1699.0,1019.0,40.0
5604,14,Westernwear,w,2638.2167045910855,2999.0,44.84758845312988
5605,15,Westernwear,fratini,2638.2167045910855,1499.0,44.84758845312988
5606,16,Westernwear,emblaze,2638.2167045910855,5000.0,44.84758845312988
5607,17,Westernwear,spykar,1199.0,839.0,30.0
5608,18,Westernwear,levis,2638.2167045910855,1399.0,44.84758845312988
5609,19,Westernwear,reebok,1299.0,649.0,50.0
5610,20,Westernwear,allen solly,1999.0,1199.0,40.0
5611,21,Westernwear,cover story,2290.0,1374.0,40.0
5613,23,Westernwear,faballey,1500.0,1200.0,20.0
5614,24,Westernwear,insense,1299.0,649.0,50.0
5615,25,Westernwear,vero moda,1299.0,1039.0,20.0
5616,0,Westernwear,fratini,1299.0,649.0,50.0
5617,1,Westernwear,levis,2638.2167045910855,2899.0,44.84758845312988
5618,2,Westernwear,van heusen,1699.0,999.0,41.0
5619,3,Westernwear,cover story,2638.2167045910855,1990.0,44.84758845312988
5620,4,Westernwear,campus sutra,2638.2167045910855,1299.0,44.84758845312988
5621,5,Westernwear,zink london,1799.0,1079.0,40.0
5622,6,Westernwear,faballey,950.0,475.0,50.0
5623,7,Westernwear,w,2638.2167045910855,999.0,44.84758845312988
5624,8,Westernwear,gipsy,1595.0,797.0,50.0
5625,9,Westernwear,magre,1790.0,1163.0,35.0
5626,10,Westernwear,vero moda,1299.0,909.0,30.0
5627,11,Westernwear,reebok,1799.0,899.0,50.0
5628,12,Westernwear,levis,2638.2167045910855,3399.0,44.84758845312988
5629,13,Westernwear,spykar,1299.0,909.0,30.0
5630,14,Westernwear,samshek,2290.0,1832.0,20.0
5631,15,Westernwear,only,2499.0,1749.0,30.0
5632,16,Westernwear,vero moda,3999.0,3199.0,20.0
5633,17,Westernwear,only,3999.0,3199.0,20.0
5634,18,Westernwear,and,1899.0,1519.0,20.0
5635,19,Westernwear,dolce crudo,2399.0,959.0,60.0
5636,20,Westernwear,109f,1999.0,799.0,60.0
5637,21,Westernwear,vero moda,2638.2167045910855,2499.0,44.84758845312988
5639,23,Westernwear,vip,2638.2167045910855,130.0,44.84758845312988
5640,24,Westernwear,zink london,1499.0,899.0,40.0
5641,25,Westernwear,109f,1899.0,759.0,60.0
5642,0,Westernwear,magre,1490.0,670.0,55.0
5643,1,Westernwear,lovegen,2799.0,1399.0,50.0
5644,2,Westernwear,only,2499.0,1499.0,40.0
5645,3,Westernwear,enamor,1049.0,734.0,30.0
5646,4,Westernwear,only,3499.0,2449.0,30.0
5647,5,Westernwear,kraus,1199.0,839.0,30.0
5648,6,Westernwear,vero moda,1299.0,1039.0,20.0
5649,7,Westernwear,life,1299.0,649.0,50.0
5650,8,Westernwear,vero moda,4299.0,3439.0,20.0
5651,9,Westernwear,is.u,2299.0,1149.0,50.0
5652,10,Westernwear,and,2499.0,1999.0,20.0
5653,11,Westernwear,adidas,2999.0,1499.0,50.0
5654,12,Westernwear,magre,1790.0,1074.0,40.0
5655,13,Westernwear,and,2499.0,1249.0,50.0
5656,14,Westernwear,van heusen,1999.0,999.0,50.0
5657,15,Westernwear,fratini,999.0,499.0,50.0
5658,16,Westernwear,vero moda,2299.0,1379.0,40.0
5659,17,Westernwear,puma,3499.0,2449.0,30.0
5660,18,Westernwear,latin quarters,1599.0,799.0,50.0
5661,19,Westernwear,zink london,2799.0,2239.0,20.0
5662,20,Westernwear,only,2499.0,1999.0,20.0
5663,21,Westernwear,altlife,499.0,249.0,50.0
5665,23,Westernwear,reebok,2999.0,1499.0,50.0
5666,24,Westernwear,rare,1599.0,639.0,60.0
5667,25,Westernwear,latin quarters,2699.0,1349.0,50.0
5668,0,Westernwear,kraus,1399.0,699.0,50.0
5669,1,Westernwear,insense,1299.0,649.0,50.0
5670,2,Westernwear,adidas,2499.0,1249.0,50.0
5671,3,Westernwear,sera,1098.0,494.0,55.0
5672,4,Westernwear,lovegen,2499.0,999.0,60.0
5673,5,Westernwear,kraus,1595.0,797.0,50.0
5674,6,Westernwear,global desi,1899.0,759.0,60.0
5675,7,Westernwear,zink london,1699.0,499.0,71.0
5676,8,Westernwear,and,1699.0,849.0,50.0
5677,9,Westernwear,global desi,2499.0,1999.0,20.0
5678,10,Westernwear,vero moda,2799.0,1679.0,40.0
5679,11,Westernwear,kraus,1895.0,947.0,50.0
5680,12,Westernwear,vero moda,1299.0,909.0,30.0
5681,13,Westernwear,zink london,1999.0,799.0,60.0
5682,14,Westernwear,faballey,2600.0,1300.0,50.0
5683,15,Westernwear,and,4499.0,3599.0,20.0
5684,16,Westernwear,and,999.0,499.0,50.0
5685,17,Westernwear,madame,1999.0,999.0,50.0
5686,18,Westernwear,vero moda,3999.0,2799.0,30.0
5687,19,Westernwear,vero moda,999.0,699.0,30.0
5688,20,Westernwear,lovegen,1599.0,639.0,60.0
5689,21,Westernwear,kraus,1995.0,1795.0,10.0
5691,23,Westernwear,insense,499.0,249.0,50.0
5692,24,Westernwear,lovegen,999.0,399.0,60.0
5693,25,Westernwear,fratini,699.0,349.0,50.0
5694,0,Westernwear,vero moda,3799.0,3039.0,20.0
5695,1,Westernwear,faballey,2800.0,1400.0,50.0
5696,2,Westernwear,vero moda,3999.0,3199.0,20.0
5697,3,Westernwear,pepe,2199.0,1319.0,40.0
5698,4,Westernwear,zink london,2999.0,1799.0,40.0
5699,5,Westernwear,and,2299.0,1149.0,50.0
5700,6,Westernwear,emblaze,2638.2167045910855,3500.0,44.84758845312988
5701,7,Westernwear,janasya,1999.0,999.0,50.0
5702,8,Westernwear,vero moda,2999.0,2099.0,30.0
5703,9,Westernwear,sera,1998.0,999.0,50.0
5704,10,Westernwear,life,2638.2167045910855,99.0,44.84758845312988
5705,11,Westernwear,zink london,1399.0,839.0,40.0
5706,12,Westernwear,only,1999.0,1599.0,20.0
5707,13,Westernwear,and,2499.0,1999.0,20.0
5708,14,Westernwear,life,1699.0,849.0,50.0
5709,15,Westernwear,spykar,1199.0,839.0,30.0
5710,16,Westernwear,vero moda,3999.0,3199.0,20.0
5711,17,Westernwear,dolce crudo,2399.0,1199.0,50.0
5712,18,Westernwear,stop,1999.0,999.0,50.0
5713,19,Westernwear,latin quarters,2999.0,1499.0,50.0
5714,20,Westernwear,life,599.0,299.0,50.0
5715,21,Westernwear,life,399.0,199.0,50.0
5717,23,Westernwear,vero moda,2999.0,2399.0,20.0
5718,24,Westernwear,levis,2638.2167045910855,2499.0,44.84758845312988
5719,25,Westernwear,madame,1599.0,1119.0,30.0
5720,0,Westernwear,cover story,1890.0,1134.0,40.0
5721,1,Westernwear,faballey,1900.0,950.0,50.0
5722,2,Westernwear,lovegen,999.0,699.0,30.0
5723,3,Westernwear,fratini,999.0,499.0,50.0
5724,4,Westernwear,spykar,2499.0,1749.0,30.0
5725,5,Westernwear,dolce crudo,2349.0,939.0,60.0
5726,6,Westernwear,campus sutra,2638.2167045910855,1999.0,44.84758845312988
5727,7,Westernwear,stop,999.0,499.0,50.0
5728,8,Westernwear,puma,3999.0,2799.0,30.0
5729,9,Westernwear,allen solly,1299.0,779.0,40.0
5730,10,Westernwear,levis,2638.2167045910855,1199.0,44.84758845312988
5731,11,Westernwear,zink london,1699.0,849.0,50.0
5732,12,Westernwear,crimsoune club,1399.0,979.0,30.0
5733,13,Westernwear,crimsoune club,1499.0,1049.0,30.0
5734,14,Westernwear,global desi,1999.0,1199.0,40.0
5735,15,Westernwear,and,4199.0,2099.0,50.0
5736,16,Westernwear,life,499.0,249.0,50.0
5737,17,Westernwear,sera,1894.0,947.0,50.0
5738,18,Westernwear,zink london,2599.0,1299.0,50.0
5739,19,Westernwear,zink london,2399.0,1439.0,40.0
5740,20,Westernwear,zink london,1699.0,679.0,60.0
5741,21,Westernwear,adidas,2299.0,1609.0,30.0
5743,23,Westernwear,latin quarters,3299.0,2309.0,30.0
5744,24,Westernwear,latin quarters,1599.0,1119.0,30.0
5745,25,Westernwear,zink london,2699.0,1619.0,40.0
5746,0,Westernwear,zink london,2599.0,1559.0,40.0
5747,1,Westernwear,dolce crudo,4199.0,1469.0,65.0
5748,2,Westernwear,zink london,2299.0,1379.0,40.0
5749,3,Westernwear,allen solly,2638.2167045910855,1399.0,44.84758845312988
5750,4,Westernwear,madame,1799.0,899.0,50.0
5751,5,Westernwear,miss chase,2638.2167045910855,2399.0,44.84758845312988
5752,6,Westernwear,madame,2638.2167045910855,1899.0,44.84758845312988
5753,7,Westernwear,lovegen,1699.0,509.0,70.0
5754,8,Westernwear,allen solly,5999.0,3599.0,40.0
5755,9,Westernwear,and,2799.0,1399.0,50.0
5756,10,Westernwear,and,1999.0,999.0,50.0
5757,11,Westernwear,and,3499.0,2449.0,30.0
5758,12,Westernwear,latin quarters,2499.0,1249.0,50.0
5759,13,Westernwear,allen solly,2638.2167045910855,1599.0,44.84758845312988
5760,14,Westernwear,enamor,1699.0,1189.0,30.0
5761,15,Westernwear,zink london,1399.0,559.0,60.0
5762,16,Westernwear,madame,2399.0,1199.0,50.0
5763,17,Westernwear,varanga,1399.0,559.0,60.0
5764,18,Westernwear,vero moda,3799.0,3039.0,20.0
5765,19,Westernwear,levis,2638.2167045910855,2799.0,44.84758845312988
5766,20,Westernwear,magre,2490.0,1369.0,45.0
5767,21,Westernwear,zink london,2599.0,2079.0,20.0
5769,23,Westernwear,van heusen,2638.2167045910855,1999.0,44.84758845312988
5770,24,Westernwear,cover story,2638.2167045910855,1490.0,44.84758845312988
5771,25,Westernwear,crimsoune club,1049.0,944.0,10.0
5772,0,Westernwear,samshek,1999.0,1399.0,30.0
5773,1,Westernwear,levis,2638.2167045910855,4599.0,44.84758845312988
5774,2,Westernwear,crimsoune club,2199.0,1099.0,50.0
5775,3,Westernwear,gipsy,1695.0,847.0,50.0
5776,4,Westernwear,faballey,2100.0,1680.0,20.0
5777,5,Westernwear,jealous 21,2638.2167045910855,2199.0,44.84758845312988
5778,6,Westernwear,samshek,2490.0,1743.0,30.0
5779,7,Westernwear,vero moda,3499.0,2449.0,30.0
5780,8,Westernwear,sera,299.0,209.0,30.0
5781,9,Westernwear,puma,3499.0,2449.0,30.0
5782,10,Westernwear,kraus,1299.0,909.0,30.0
5783,11,Westernwear,jealous 21,2638.2167045910855,2299.0,44.84758845312988
5784,12,Westernwear,van heusen,2638.2167045910855,1999.0,44.84758845312988
5785,13,Westernwear,allen solly,1999.0,1199.0,40.0
5786,14,Westernwear,van heusen,2638.2167045910855,1499.0,44.84758845312988
5787,15,Westernwear,zink london,1799.0,1079.0,40.0
5788,16,Westernwear,fratini,999.0,499.0,50.0
5789,17,Westernwear,spykar,1899.0,1329.0,30.0
5790,18,Westernwear,travel blue,2638.2167045910855,149.0,44.84758845312988
5791,19,Westernwear,puma,1999.0,1399.0,30.0
5792,20,Westernwear,cover story,2638.2167045910855,1990.0,44.84758845312988
5793,21,Westernwear,faballey,2100.0,1050.0,50.0
5795,23,Westernwear,iti,2638.2167045910855,1899.0,44.84758845312988
5796,24,Westernwear,proline,999.0,499.0,50.0
5797,25,Westernwear,zink london,2499.0,999.0,60.0
5798,0,Westernwear,faballey,1200.0,600.0,50.0
5799,1,Westernwear,jealous 21,2638.2167045910855,2099.0,44.84758845312988
5800,2,Westernwear,vero moda,3799.0,3039.0,20.0
5801,3,Westernwear,vero moda,3999.0,2799.0,30.0
5802,4,Westernwear,sera,2998.0,1349.0,55.0
5803,5,Westernwear,latin quarters,2699.0,1889.0,30.0
5804,6,Westernwear,and,2638.2167045910855,2699.0,44.84758845312988
5805,7,Westernwear,only,2299.0,1839.0,20.0
5806,8,Westernwear,life,1499.0,749.0,50.0
5807,9,Westernwear,faballey,1950.0,1560.0,20.0
5808,10,Westernwear,life,999.0,499.0,50.0
5809,11,Westernwear,enamor,1599.0,1119.0,30.0
5810,12,Westernwear,insense,399.0,199.0,50.0
5811,13,Westernwear,allen solly,3299.0,2639.0,20.0
5812,14,Westernwear,vero moda,4499.0,2699.0,40.0
5813,15,Westernwear,faballey,1950.0,1560.0,20.0
5814,16,Westernwear,fratini,1699.0,849.0,50.0
5815,17,Westernwear,life,499.0,249.0,50.0
5816,18,Westernwear,levis,2638.2167045910855,3699.0,44.84758845312988
5817,19,Westernwear,stop,399.0,199.0,50.0
5818,20,Westernwear,samshek,2890.0,2023.0,30.0
5819,21,Westernwear,dolce crudo,2549.0,1019.0,60.0
5821,23,Westernwear,dolce crudo,4149.0,1244.0,70.0
5822,24,Westernwear,is.u,1999.0,999.0,50.0
5823,25,Westernwear,dolce crudo,2549.0,1274.0,50.0
5824,0,Westernwear,spykar,2399.0,1679.0,30.0
5825,1,Westernwear,fratini,2638.2167045910855,999.0,44.84758845312988
5826,2,Westernwear,vero moda,3299.0,2639.0,20.0
5827,3,Westernwear,faballey,1400.0,700.0,50.0
5828,4,Westernwear,is.u,2490.0,871.0,65.0
5829,5,Westernwear,and,2999.0,1499.0,50.0
5830,6,Westernwear,allen solly,1599.0,959.0,40.0
5831,7,Westernwear,altlife,1299.0,649.0,50.0
5832,8,Westernwear,magre,1990.0,1094.0,45.0
5833,9,Westernwear,zink london,2299.0,919.0,60.0
5834,10,Westernwear,vero moda,1999.0,1599.0,20.0
5835,11,Westernwear,latin quarters,1699.0,1189.0,30.0
5836,12,Westernwear,jealous 21,2638.2167045910855,2099.0,44.84758845312988
5837,13,Westernwear,vero moda,2499.0,1999.0,20.0
5838,14,Westernwear,altlife,499.0,249.0,50.0
5839,15,Westernwear,zink london,2799.0,1119.0,60.0
5840,16,Westernwear,latin quarters,2499.0,1749.0,30.0
5841,17,Westernwear,crimsoune club,1499.0,1049.0,30.0
5842,18,Westernwear,and,1699.0,849.0,50.0
5843,19,Westernwear,latin quarters,1299.0,649.0,50.0
5844,20,Westernwear,zink london,1599.0,499.0,69.0
5845,21,Westernwear,and,3499.0,1749.0,50.0
5847,23,Westernwear,fratini,999.0,499.0,50.0
5848,24,Westernwear,and,3799.0,2659.0,30.0
5849,25,Westernwear,zink london,2499.0,699.0,72.0
5850,0,Westernwear,faballey,2200.0,1100.0,50.0
5851,1,Westernwear,kraus,1895.0,947.0,50.0
5852,2,Westernwear,and,1999.0,999.0,50.0
5853,3,Westernwear,crimsoune club,1999.0,999.0,50.0
5854,4,Westernwear,latin quarters,2499.0,1249.0,50.0
5855,5,Westernwear,crimsoune club,1399.0,699.0,50.0
5856,6,Westernwear,faballey,2100.0,1050.0,50.0
5857,7,Westernwear,zink london,2299.0,919.0,60.0
5858,8,Westernwear,zink london,2499.0,999.0,60.0
5859,9,Westernwear,zink london,1499.0,499.0,67.0
5860,10,Westernwear,cover story,2490.0,690.0,72.0
5861,11,Westernwear,zink london,2499.0,999.0,60.0
5862,12,Westernwear,life,2638.2167045910855,99.0,44.84758845312988
5863,13,Westernwear,life,999.0,499.0,50.0
5864,14,Westernwear,faballey,1900.0,950.0,50.0
5865,15,Westernwear,faballey,1500.0,750.0,50.0
5866,16,Westernwear,zink london,1699.0,1019.0,40.0
5867,17,Westernwear,forever new,2638.2167045910855,5000.0,44.84758845312988
5868,18,Westernwear,and,2499.0,1249.0,50.0
5869,19,Westernwear,fratini,1499.0,749.0,50.0
5870,20,Westernwear,magre,2290.0,1374.0,40.0
5871,21,Westernwear,vero moda,2499.0,1999.0,20.0
5873,23,Westernwear,only,2499.0,1749.0,30.0
5874,24,Westernwear,life,1299.0,649.0,50.0
5875,25,Westernwear,zink london,1599.0,959.0,40.0
5876,0,Westernwear,zink london,2399.0,959.0,60.0
5877,1,Westernwear,jealous 21,2638.2167045910855,2299.0,44.84758845312988
5878,2,Westernwear,insense,399.0,199.0,50.0
5879,3,Westernwear,and,2399.0,1199.0,50.0
5880,4,Westernwear,crimsoune club,2299.0,2069.0,10.0
5881,5,Westernwear,faballey,2100.0,1050.0,50.0
5882,6,Westernwear,rare,4599.0,1839.0,60.0
5883,7,Westernwear,jealous 21,2638.2167045910855,999.0,44.84758845312988
5884,8,Westernwear,life,1299.0,649.0,50.0
5885,9,Westernwear,van heusen,2638.2167045910855,999.0,44.84758845312988
5886,10,Westernwear,vero moda,2638.2167045910855,3299.0,44.84758845312988
5887,11,Westernwear,faballey,2200.0,1100.0,50.0
5888,12,Westernwear,is.u,2190.0,1095.0,50.0
5889,13,Westernwear,lovegen,1599.0,639.0,60.0
5890,14,Westernwear,109f,1499.0,599.0,60.0
5891,15,Westernwear,vero moda,1799.0,1439.0,20.0
5892,16,Westernwear,jealous 21,2638.2167045910855,1699.0,44.84758845312988
5893,17,Westernwear,and,2999.0,1499.0,50.0
5894,18,Westernwear,gipsy,3495.0,2446.0,30.0
5895,19,Westernwear,crimsoune club,1999.0,799.0,60.0
5896,20,Westernwear,faballey,2200.0,1760.0,20.0
5897,21,Westernwear,global desi,4499.0,2249.0,50.0
5899,23,Westernwear,dolce crudo,2399.0,959.0,60.0
5900,24,Westernwear,allen solly,3799.0,3039.0,20.0
5901,25,Westernwear,levis,2638.2167045910855,3699.0,44.84758845312988
5902,0,Westernwear,and,1799.0,899.0,50.0
5903,1,Westernwear,faballey,2600.0,1300.0,50.0
5904,2,Westernwear,faballey,2200.0,1760.0,20.0
5905,3,Westernwear,spykar,1099.0,769.0,30.0
5906,4,Westernwear,fratini,1199.0,599.0,50.0
5907,5,Westernwear,jealous 21,2638.2167045910855,2199.0,44.84758845312988
5908,6,Westernwear,stop,2638.2167045910855,1299.0,44.84758845312988
5909,7,Westernwear,emblaze,2638.2167045910855,2400.0,44.84758845312988
5910,8,Westernwear,jealous 21,2638.2167045910855,2499.0,44.84758845312988
5911,9,Westernwear,iti,2638.2167045910855,2499.0,44.84758845312988
5912,10,Westernwear,fratini,2638.2167045910855,699.0,44.84758845312988
5913,11,Westernwear,infuse,899.0,359.0,60.0
5914,12,Westernwear,reebok,2799.0,1399.0,50.0
5915,13,Westernwear,zink london,2699.0,1619.0,40.0
5916,14,Westernwear,and,1899.0,949.0,50.0
5917,15,Westernwear,crimsoune club,1599.0,1119.0,30.0
5918,16,Westernwear,faballey,2200.0,1100.0,50.0
5919,17,Westernwear,emblaze,2638.2167045910855,2500.0,44.84758845312988
5920,18,Westernwear,vero moda,3999.0,3199.0,20.0
5921,19,Westernwear,spykar,1099.0,769.0,30.0
5922,20,Westernwear,only,2499.0,1749.0,30.0
5923,21,Westernwear,faballey,2200.0,1760.0,20.0
5925,23,Westernwear,vero moda,2499.0,1749.0,30.0
5926,24,Westernwear,jealous 21,2638.2167045910855,2299.0,44.84758845312988
5927,25,Westernwear,infuse,699.0,419.0,40.0
5928,0,Westernwear,stop,2638.2167045910855,1299.0,44.84758845312988
5929,1,Westernwear,campus sutra,2638.2167045910855,1999.0,44.84758845312988
5930,2,Westernwear,janasya,2298.0,1263.0,45.0
5931,3,Westernwear,faballey,1500.0,1200.0,20.0
5932,4,Westernwear,zink london,2799.0,1119.0,60.0
5933,5,Westernwear,zink london,1499.0,499.0,67.0
5934,6,Westernwear,sera,1594.0,797.0,50.0
5935,7,Westernwear,magre,3490.0,1570.0,55.0
5936,8,Westernwear,and,2399.0,1199.0,50.0
5937,9,Westernwear,crimsoune club,2199.0,1099.0,50.0
5938,10,Westernwear,and,2299.0,1379.0,40.0
5939,11,Westernwear,latin quarters,2638.2167045910855,2899.0,44.84758845312988
5940,12,Westernwear,vero moda,2638.2167045910855,1899.0,44.84758845312988
5941,13,Westernwear,pepe,1199.0,719.0,40.0
5942,14,Westernwear,latin quarters,2499.0,1249.0,50.0
5943,15,Westernwear,altlife,499.0,249.0,50.0
5944,16,Westernwear,stop,2638.2167045910855,1299.0,44.84758845312988
5945,17,Westernwear,reebok,2999.0,1499.0,50.0
5946,18,Westernwear,kraus,1995.0,1396.0,30.0
5947,19,Westernwear,life,399.0,199.0,50.0
5948,20,Westernwear,and,3099.0,2169.0,30.0
5949,21,Westernwear,and,1899.0,1329.0,30.0
5951,23,Westernwear,varanga,1299.0,519.0,60.0
5952,24,Westernwear,madame,2638.2167045910855,1899.0,44.84758845312988
5953,25,Westernwear,rare,1499.0,599.0,60.0
5954,0,Westernwear,and,3299.0,1649.0,50.0
5955,1,Westernwear,marie claire,1799.0,899.0,50.0
5956,2,Westernwear,marie claire,1499.0,674.0,55.0
5957,3,Westernwear,faballey,2400.0,1200.0,50.0
5958,4,Westernwear,kraus,1049.0,524.0,50.0
5959,5,Westernwear,faballey,1650.0,825.0,50.0
5960,6,Westernwear,faballey,2500.0,1250.0,50.0
5961,7,Westernwear,and,2638.2167045910855,2999.0,44.84758845312988
5962,8,Westernwear,sera,2998.0,1499.0,50.0
5963,9,Westernwear,global desi,2599.0,1689.0,35.0
5964,10,Westernwear,sera,1294.0,582.0,55.0
5965,11,Westernwear,zink london,2999.0,1199.0,60.0
5966,12,Westernwear,and,3499.0,1749.0,50.0
5967,13,Westernwear,zink london,2399.0,959.0,60.0
5968,14,Westernwear,109f,1199.0,479.0,60.0
5969,15,Westernwear,sera,1294.0,517.0,60.0
5970,16,Westernwear,iti,2638.2167045910855,2899.0,44.84758845312988
5971,17,Westernwear,and,1099.0,879.0,20.0
5972,18,Westernwear,zink london,1199.0,399.0,67.0
5973,19,Westernwear,marie claire,1799.0,899.0,50.0
5974,20,Westernwear,varanga,1299.0,519.0,60.0
5975,21,Westernwear,zink london,1399.0,839.0,40.0
5977,23,Westernwear,faballey,1400.0,1120.0,20.0
5978,24,Westernwear,magre,1790.0,1163.0,35.0
5979,25,Westernwear,stop,999.0,499.0,50.0
5980,0,Westernwear,cover story,1790.0,1074.0,40.0
5981,1,Westernwear,kraus,1199.0,599.0,50.0
5982,2,Westernwear,vero moda,2599.0,1819.0,30.0
5983,3,Westernwear,crimsoune club,1599.0,1119.0,30.0
5984,4,Westernwear,and,2599.0,1299.0,50.0
5985,5,Westernwear,stop,399.0,199.0,50.0
5986,6,Westernwear,kraus,1299.0,1169.0,10.0
5987,7,Westernwear,vero moda,2499.0,1749.0,30.0
5988,8,Westernwear,only,2499.0,1249.0,50.0
5989,9,Westernwear,vero moda,2999.0,2099.0,30.0
5990,10,Westernwear,levis,2638.2167045910855,1899.0,44.84758845312988
5991,11,Westernwear,zink london,1899.0,999.0,47.0
5992,12,Westernwear,samshek,2290.0,1145.0,50.0
5993,13,Westernwear,faballey,1950.0,1560.0,20.0
5994,14,Westernwear,life,699.0,349.0,50.0
5995,15,Westernwear,enamor,499.0,349.0,30.0
5996,16,Westernwear,adidas,3299.0,2309.0,30.0
5997,17,Westernwear,jealous 21,2638.2167045910855,1999.0,44.84758845312988
5998,18,Westernwear,vero moda,2299.0,1149.0,50.0
5999,19,Westernwear,faballey,1500.0,750.0,50.0
6000,20,Westernwear,dolce crudo,2349.0,1174.0,50.0
6001,21,Westernwear,vero moda,2638.2167045910855,2599.0,44.84758845312988
6003,23,Westernwear,madame,2899.0,2029.0,30.0
6004,24,Westernwear,is.u,2490.0,1245.0,50.0
6005,25,Westernwear,magre,2390.0,1434.0,40.0
6006,0,Westernwear,crimsoune club,1999.0,1199.0,40.0
6007,1,Westernwear,pepe,2499.0,1499.0,40.0
6008,2,Westernwear,jealous 21,2638.2167045910855,2099.0,44.84758845312988
6009,3,Westernwear,zink london,1799.0,719.0,60.0
6010,4,Westernwear,infuse,1499.0,749.0,50.0
6011,5,Westernwear,gipsy,1495.0,1196.0,20.0
6012,6,Westernwear,zink london,2899.0,1159.0,60.0
6013,7,Westernwear,pepe,3499.0,2099.0,40.0
6014,8,Westernwear,life,999.0,499.0,50.0
6015,9,Westernwear,pepe,1499.0,899.0,40.0
6016,10,Westernwear,cover story,2638.2167045910855,2290.0,44.84758845312988
6017,11,Westernwear,gipsy,1895.0,1326.0,30.0
6018,12,Westernwear,life,999.0,499.0,50.0
6019,13,Westernwear,and,2699.0,2159.0,20.0
6020,14,Westernwear,jealous 21,2638.2167045910855,2299.0,44.84758845312988
6021,15,Westernwear,samshek,1399.0,1259.0,10.0
6022,16,Westernwear,global desi,2399.0,1199.0,50.0
6023,17,Westernwear,faballey,1500.0,750.0,50.0
6024,18,Westernwear,life,1499.0,749.0,50.0
6025,19,Westernwear,faballey,1500.0,750.0,50.0
6026,20,Westernwear,madame,1899.0,949.0,50.0
6027,21,Westernwear,puma,3999.0,2799.0,30.0
6029,23,Westernwear,vero moda,3799.0,2659.0,30.0
6030,24,Westernwear,zink london,2699.0,1619.0,40.0
6031,25,Westernwear,levis,2638.2167045910855,4599.0,44.84758845312988
6032,0,Westernwear,faballey,2200.0,1100.0,50.0
6033,1,Westernwear,vero moda,2799.0,2239.0,20.0
6034,2,Westernwear,latin quarters,1450.0,725.0,50.0
6035,3,Westernwear,latin quarters,2638.2167045910855,1599.0,44.84758845312988
6036,4,Westernwear,zink london,2499.0,999.0,60.0
6037,5,Westernwear,zink london,1299.0,499.0,62.0
6038,6,Westernwear,madame,1599.0,799.0,50.0
6039,7,Westernwear,rare,2099.0,944.0,55.0
6040,8,Westernwear,zink london,2499.0,999.0,60.0
6041,9,Westernwear,rare,1599.0,639.0,60.0
6042,10,Westernwear,and,1999.0,999.0,50.0
6043,11,Westernwear,and,1499.0,749.0,50.0
6044,12,Westernwear,faballey,2100.0,1050.0,50.0
6045,13,Westernwear,and,2499.0,1249.0,50.0
6046,14,Westernwear,zink london,2299.0,919.0,60.0
6047,15,Westernwear,is.u,2490.0,1245.0,50.0
6048,16,Westernwear,zink london,2299.0,919.0,60.0
6049,17,Westernwear,and,1999.0,999.0,50.0
6050,18,Westernwear,faballey,2200.0,1100.0,50.0
6051,19,Westernwear,zink london,1499.0,499.0,67.0
6052,20,Westernwear,faballey,2200.0,1100.0,50.0
6053,21,Westernwear,and,3099.0,2169.0,30.0
6055,23,Westernwear,faballey,2100.0,1050.0,50.0
6056,24,Westernwear,sera,1694.0,847.0,50.0
6057,25,Westernwear,and,1199.0,839.0,30.0
6058,0,Westernwear,faballey,2600.0,1300.0,50.0
6059,1,Westernwear,reebok,1099.0,549.0,50.0
6060,2,Westernwear,faballey,2200.0,1100.0,50.0
6061,3,Westernwear,and,2199.0,1099.0,50.0
6062,4,Westernwear,zink london,1499.0,599.0,60.0
6063,5,Westernwear,kraus,1699.0,849.0,50.0
6064,6,Westernwear,faballey,2200.0,1100.0,50.0
6065,7,Westernwear,is.u,990.0,495.0,50.0
6066,8,Westernwear,and,2499.0,1249.0,50.0
6067,9,Westernwear,lovegen,899.0,359.0,60.0
6068,10,Westernwear,vero moda,2999.0,2099.0,30.0
6069,11,Westernwear,vero moda,2299.0,1149.0,50.0
6070,12,Westernwear,zink london,1999.0,1199.0,40.0
6071,13,Westernwear,enamor,1049.0,734.0,30.0
6072,14,Westernwear,stop,1699.0,849.0,50.0
6073,15,Westernwear,gipsy,3195.0,1597.0,50.0
6074,16,Westernwear,lovegen,1599.0,639.0,60.0
6075,17,Westernwear,faballey,1850.0,925.0,50.0
6076,18,Westernwear,allen solly,1099.0,659.0,40.0
6077,19,Westernwear,and,1399.0,1119.0,20.0
6078,20,Westernwear,spykar,1999.0,1399.0,30.0
6079,21,Westernwear,enamor,1599.0,1119.0,30.0
6081,23,Westernwear,samshek,1890.0,1701.0,10.0
6082,24,Westernwear,van heusen,2638.2167045910855,2099.0,44.84758845312988
6083,25,Westernwear,zingg,2638.2167045910855,99.0,44.84758845312988
6084,0,Westernwear,and,2638.2167045910855,2699.0,44.84758845312988
6085,1,Westernwear,latin quarters,2699.0,1889.0,30.0
6086,2,Westernwear,latin quarters,1599.0,799.0,50.0
6087,3,Westernwear,levis,2638.2167045910855,1199.0,44.84758845312988
6088,4,Westernwear,faballey,1500.0,750.0,50.0
6089,5,Westernwear,only,2999.0,1499.0,50.0
6090,6,Westernwear,only,1299.0,909.0,30.0
6091,7,Westernwear,allen solly,1099.0,659.0,40.0
6092,8,Westernwear,crimsoune club,1299.0,1039.0,20.0
6093,9,Westernwear,ayesha,998.0,299.0,70.0
6094,10,Westernwear,lovegen,2399.0,1199.0,50.0
6095,11,Westernwear,stop,2638.2167045910855,1299.0,44.84758845312988
6096,12,Westernwear,fratini,1199.0,599.0,50.0
6097,13,Westernwear,zink london,1299.0,399.0,69.0
6098,14,Westernwear,puma,2999.0,2099.0,30.0
6099,15,Westernwear,zink london,1399.0,839.0,40.0
6100,16,Westernwear,vero moda,4299.0,3009.0,30.0
6101,17,Westernwear,magre,2690.0,1345.0,50.0
6102,18,Westernwear,zink london,1799.0,1079.0,40.0
6103,19,Westernwear,sera,1998.0,999.0,50.0
6104,20,Westernwear,latin quarters,2999.0,1499.0,50.0
6105,21,Westernwear,only,1999.0,999.0,50.0
6107,23,Westernwear,stop,1999.0,999.0,50.0
6108,24,Westernwear,magre,3690.0,1660.0,55.0
6109,25,Westernwear,vero moda,1299.0,1039.0,20.0
6110,0,Westernwear,is.u,2490.0,1245.0,50.0
6111,1,Westernwear,faballey,1600.0,1280.0,20.0
6112,2,Westernwear,faballey,1500.0,1200.0,20.0
6113,3,Westernwear,van heusen,2638.2167045910855,2199.0,44.84758845312988
6114,4,Westernwear,magre,1690.0,1098.0,35.0
6115,5,Westernwear,magre,3590.0,1795.0,50.0
6116,6,Westernwear,and,2699.0,2429.0,10.0
6117,7,Westernwear,magre,1690.0,1098.0,35.0
6118,8,Westernwear,is.u,2199.0,1099.0,50.0
6119,9,Westernwear,juniper,1899.0,759.0,60.0
6120,10,Westernwear,crimsoune club,1999.0,999.0,50.0
6121,11,Westernwear,faballey,2600.0,1300.0,50.0
6122,12,Westernwear,vero moda,1299.0,1039.0,20.0
6123,13,Westernwear,faballey,1500.0,750.0,50.0
6124,14,Westernwear,magre,1690.0,676.0,60.0
6125,15,Westernwear,sera,1099.0,494.0,55.0
6126,16,Westernwear,adidas,2499.0,1249.0,50.0
6127,17,Westernwear,only,3999.0,2799.0,30.0
6128,18,Westernwear,and,2799.0,2239.0,20.0
6129,19,Westernwear,latin quarters,2499.0,1249.0,50.0
6130,20,Westernwear,life,499.0,249.0,50.0
6131,21,Westernwear,emblaze,2638.2167045910855,3800.0,44.84758845312988
6133,23,Westernwear,vero moda,1299.0,779.0,40.0
6134,24,Westernwear,life,599.0,299.0,50.0
6135,25,Westernwear,allen solly,1799.0,1439.0,20.0
6136,0,Westernwear,and,1899.0,949.0,50.0
6137,1,Westernwear,vero moda,1299.0,1039.0,20.0
6138,2,Westernwear,dolce crudo,2999.0,1199.0,60.0
6139,3,Westernwear,gipsy,1595.0,797.0,50.0
6140,4,Westernwear,and,1799.0,899.0,50.0
6141,5,Westernwear,global desi,2699.0,1349.0,50.0
6142,6,Westernwear,samshek,2490.0,1992.0,20.0
6143,7,Westernwear,crimsoune club,1799.0,1079.0,40.0
6144,8,Westernwear,and,2399.0,1199.0,50.0
6145,9,Westernwear,zink london,1399.0,559.0,60.0
6146,10,Westernwear,latin quarters,3299.0,2309.0,30.0
6147,11,Westernwear,zink london,3199.0,1279.0,60.0
6148,12,Westernwear,dolce crudo,2399.0,959.0,60.0
6149,13,Westernwear,zink london,1999.0,799.0,60.0
6150,14,Westernwear,rare,1599.0,719.0,55.0
6151,15,Westernwear,global desi,2099.0,839.0,60.0
6152,16,Westernwear,samshek,2638.2167045910855,2999.0,44.84758845312988
6153,17,Westernwear,zink london,1399.0,559.0,60.0
6154,18,Westernwear,crimsoune club,899.0,449.0,50.0
6155,19,Westernwear,only,4999.0,3499.0,30.0
6156,20,Westernwear,only,2999.0,1499.0,50.0
6157,21,Westernwear,insense,399.0,199.0,50.0
6159,23,Westernwear,crimsoune club,999.0,499.0,50.0
6160,24,Westernwear,and,1699.0,1189.0,30.0
6161,25,Westernwear,sera,1494.0,747.0,50.0
6162,0,Westernwear,109f,1999.0,799.0,60.0
6163,1,Westernwear,van heusen,2299.0,1499.0,35.0
6164,2,Westernwear,allen solly,1499.0,899.0,40.0
6165,3,Westernwear,zink london,1599.0,639.0,60.0
6166,4,Westernwear,crimsoune club,1599.0,959.0,40.0
6167,5,Westernwear,magre,3590.0,1974.0,45.0
6168,6,Westernwear,faballey,3200.0,1600.0,50.0
6169,7,Westernwear,life,399.0,199.0,50.0
6170,8,Westernwear,faballey,1450.0,725.0,50.0
6171,9,Westernwear,allen solly,1499.0,899.0,40.0
6172,10,Westernwear,and,2699.0,1349.0,50.0
6173,11,Westernwear,latin quarters,1799.0,899.0,50.0
6174,12,Westernwear,puma,2499.0,1749.0,30.0
6175,13,Westernwear,altlife,599.0,299.0,50.0
6176,14,Westernwear,vero moda,4999.0,2999.0,40.0
6177,15,Westernwear,magre,1790.0,1163.0,35.0
6178,16,Westernwear,and,2638.2167045910855,2299.0,44.84758845312988
6179,17,Westernwear,enamor,2638.2167045910855,1799.0,44.84758845312988
6180,18,Westernwear,sera,1698.0,764.0,55.0
6181,19,Westernwear,zink london,2499.0,1499.0,40.0
6183,21,Westernwear,faballey,2638.2167045910855,1800.0,44.84758845312988
6185,23,Westernwear,faballey,2500.0,2000.0,20.0
6186,24,Westernwear,zink london,1899.0,1519.0,20.0
6187,25,Westernwear,spykar,3499.0,2449.0,30.0
6188,0,Westernwear,magre,1890.0,850.0,55.0
6189,1,Westernwear,faballey,2100.0,1050.0,50.0
6190,2,Westernwear,and,2638.2167045910855,1399.0,44.84758845312988
6191,3,Westernwear,only,2699.0,1619.0,40.0
6192,4,Westernwear,enamor,999.0,699.0,30.0
6193,5,Westernwear,is.u,2490.0,1245.0,50.0
6194,6,Westernwear,109f,1799.0,719.0,60.0
6195,7,Westernwear,magre,1690.0,1098.0,35.0
6196,8,Westernwear,stop,1999.0,999.0,50.0
6197,9,Westernwear,sera,1094.0,547.0,50.0
6198,10,Westernwear,cover story,2490.0,1743.0,30.0
6199,11,Westernwear,elliza donatein,2638.2167045910855,399.0,44.84758845312988
6200,12,Westernwear,crimsoune club,1899.0,1709.0,10.0
6201,13,Westernwear,adidas,2699.0,1889.0,30.0
6202,14,Westernwear,only,3499.0,2799.0,20.0
6203,15,Westernwear,vero moda,3999.0,2399.0,40.0
6204,16,Westernwear,samshek,2638.2167045910855,3200.0,44.84758845312988
6205,17,Westernwear,enamor,2638.2167045910855,799.0,44.84758845312988
6206,18,Westernwear,magre,1990.0,895.0,55.0
6207,19,Westernwear,life,499.0,249.0,50.0
6208,20,Westernwear,fratini,1499.0,749.0,50.0
6209,21,Westernwear,dolce crudo,2995.0,1198.0,60.0
6211,23,Westernwear,stop,399.0,199.0,50.0
6212,24,Westernwear,lovegen,999.0,399.0,60.0
6213,25,Westernwear,faballey,3200.0,1600.0,50.0
6214,0,Westernwear,gipsy,2638.2167045910855,1595.0,44.84758845312988
6215,1,Westernwear,and,2638.2167045910855,2699.0,44.84758845312988
6216,2,Westernwear,spykar,1199.0,839.0,30.0
6217,3,Westernwear,stop,1699.0,849.0,50.0
6218,4,Westernwear,gipsy,1695.0,847.0,50.0
6219,5,Westernwear,magre,2190.0,1204.0,45.0
6220,6,Westernwear,zink london,2299.0,919.0,60.0
6221,7,Westernwear,vero moda,1599.0,1279.0,20.0
6222,8,Westernwear,iti,2638.2167045910855,1799.0,44.84758845312988
6223,9,Westernwear,109f,2638.2167045910855,2199.0,44.84758845312988
6224,10,Westernwear,faballey,2200.0,1100.0,50.0
6225,11,Westernwear,madame,1399.0,699.0,50.0
6226,12,Westernwear,pepe,899.0,539.0,40.0
6227,13,Westernwear,zink london,1399.0,839.0,40.0
6228,14,Westernwear,faballey,2200.0,1760.0,20.0
6229,15,Westernwear,sera,1099.0,549.0,50.0
6230,16,Westernwear,gipsy,1495.0,1046.0,30.0
6231,17,Westernwear,enamor,2638.2167045910855,849.0,44.84758845312988
6232,18,Westernwear,zink london,2299.0,919.0,60.0
6233,19,Westernwear,zink london,1599.0,1279.0,20.0
6234,20,Westernwear,zink london,1799.0,1439.0,20.0
6235,21,Westernwear,gipsy,2795.0,1397.0,50.0
6237,23,Westernwear,stop,2638.2167045910855,999.0,44.84758845312988
6238,24,Westernwear,marie claire,2399.0,1199.0,50.0
6239,25,Westernwear,juniper,2799.0,979.0,65.0
6240,0,Westernwear,global desi,2799.0,1399.0,50.0
6241,1,Westernwear,kraus,1299.0,909.0,30.0
6242,2,Westernwear,and,3099.0,1549.0,50.0
6243,3,Westernwear,and,3099.0,1549.0,50.0
6244,4,Westernwear,reebok,1599.0,799.0,50.0
6245,5,Westernwear,sera,1498.0,599.0,60.0
6246,6,Westernwear,allen solly,2499.0,1499.0,40.0
6247,7,Westernwear,only,1999.0,1199.0,40.0
6248,8,Westernwear,and,2299.0,1379.0,40.0
6249,9,Westernwear,zink london,1499.0,499.0,67.0
6250,10,Westernwear,indya,3200.0,2560.0,20.0
6251,11,Westernwear,and,2699.0,1349.0,50.0
6252,12,Westernwear,kraus,1295.0,647.0,50.0
6253,13,Westernwear,faballey,2200.0,1100.0,50.0
6254,14,Westernwear,and,1999.0,999.0,50.0
6255,15,Westernwear,and,1799.0,899.0,50.0
6256,16,Westernwear,kraus,1795.0,897.0,50.0
6257,17,Westernwear,latin quarters,2499.0,1249.0,50.0
6258,18,Westernwear,zink london,2299.0,919.0,60.0
6259,19,Westernwear,zink london,1299.0,399.0,69.0
6260,20,Westernwear,rare,2199.0,879.0,60.0
6261,21,Westernwear,rare,1399.0,559.0,60.0
6263,23,Westernwear,crimsoune club,1999.0,799.0,60.0
6264,24,Westernwear,ira soleil,2638.2167045910855,1999.0,44.84758845312988
6265,25,Westernwear,levis,2638.2167045910855,3599.0,44.84758845312988
6266,0,Westernwear,vero moda,1899.0,1329.0,30.0
6267,1,Westernwear,zink london,1499.0,899.0,40.0
6268,2,Westernwear,zink london,1799.0,719.0,60.0
6269,3,Westernwear,get wrapped,2638.2167045910855,599.0,44.84758845312988
6270,4,Westernwear,global desi,3599.0,2519.0,30.0
6271,5,Westernwear,life,2638.2167045910855,99.0,44.84758845312988
6272,6,Westernwear,samshek,2890.0,2312.0,20.0
6273,7,Westernwear,forever new,2638.2167045910855,2600.0,44.84758845312988
6274,8,Westernwear,zink london,2299.0,919.0,60.0
6275,9,Westernwear,skechers,2638.2167045910855,699.0,44.84758845312988
6276,10,Westernwear,magre,3490.0,1919.0,45.0
6277,11,Westernwear,campus sutra,2638.2167045910855,1999.0,44.84758845312988
6278,12,Westernwear,vero moda,1799.0,1259.0,30.0
6279,13,Westernwear,crimsoune club,2499.0,1749.0,30.0
6280,14,Westernwear,spykar,1399.0,979.0,30.0
6281,15,Westernwear,samshek,2638.2167045910855,2990.0,44.84758845312988
6282,16,Westernwear,gipsy,2638.2167045910855,1995.0,44.84758845312988
6283,17,Westernwear,levis,2638.2167045910855,2799.0,44.84758845312988
6284,18,Westernwear,adidas,1799.0,1259.0,30.0
6285,19,Westernwear,faballey,1400.0,700.0,50.0
6286,20,Westernwear,reebok,2999.0,1499.0,50.0
6287,21,Westernwear,vero moda,4499.0,3149.0,30.0
6289,23,Westernwear,vero moda,2299.0,1609.0,30.0
6290,24,Westernwear,zink london,1499.0,499.0,67.0
6291,25,Westernwear,vero moda,2299.0,1839.0,20.0
6292,0,Westernwear,jealous 21,2638.2167045910855,1999.0,44.84758845312988
6293,1,Westernwear,global desi,2499.0,1999.0,20.0
6294,2,Westernwear,fratini,699.0,349.0,50.0
6295,3,Westernwear,adidas,1199.0,599.0,50.0
6296,4,Westernwear,zink london,2399.0,999.0,58.0
6297,5,Westernwear,kraus,2095.0,1466.0,30.0
6298,6,Westernwear,faballey,2500.0,1250.0,50.0
6299,7,Westernwear,vero moda,5499.0,3849.0,30.0
6300,8,Westernwear,magre,3690.0,1660.0,55.0
6301,9,Westernwear,faballey,2100.0,1680.0,20.0
6302,10,Westernwear,faballey,2200.0,1760.0,20.0
6303,11,Westernwear,spykar,2499.0,1749.0,30.0
6304,12,Westernwear,campus sutra,2638.2167045910855,1099.0,44.84758845312988
6305,13,Westernwear,only,2499.0,1249.0,50.0
6306,14,Westernwear,spykar,1199.0,839.0,30.0
6307,15,Westernwear,allen solly,1999.0,1599.0,20.0
6308,16,Westernwear,emblaze,2638.2167045910855,2800.0,44.84758845312988
6309,17,Westernwear,samshek,2638.2167045910855,2090.0,44.84758845312988
6310,18,Westernwear,kami kubi,1599.0,879.0,45.0
6311,19,Westernwear,zink london,1999.0,799.0,60.0
6312,20,Westernwear,lovegen,999.0,399.0,60.0
6313,21,Westernwear,zink london,1399.0,499.0,64.0
6315,23,Westernwear,is.u,2490.0,1245.0,50.0
6316,24,Westernwear,spykar,2499.0,1749.0,30.0
6317,25,Westernwear,get wrapped,2638.2167045910855,599.0,44.84758845312988
6318,0,Westernwear,and,2699.0,1349.0,50.0
6319,1,Westernwear,gipsy,1695.0,1186.0,30.0
6320,2,Westernwear,109f,2638.2167045910855,1699.0,44.84758845312988
6321,3,Westernwear,only,1499.0,1049.0,30.0
6322,4,Westernwear,global desi,3699.0,2959.0,20.0
6323,5,Westernwear,vero moda,2638.2167045910855,2299.0,44.84758845312988
6324,6,Westernwear,juniper,1899.0,759.0,60.0
6325,7,Westernwear,sera,999.0,399.0,60.0
6326,8,Westernwear,indya,2638.2167045910855,2400.0,44.84758845312988
6327,9,Westernwear,indya,1600.0,800.0,50.0
6328,10,Westernwear,van heusen,2638.2167045910855,2099.0,44.84758845312988
6329,11,Westernwear,vero moda,2299.0,1609.0,30.0
6330,12,Westernwear,fratini,1999.0,999.0,50.0
6331,13,Westernwear,109f,2899.0,1159.0,60.0
6332,14,Westernwear,zink london,2499.0,1499.0,40.0
6333,15,Westernwear,zink z,2638.2167045910855,999.0,44.84758845312988
6334,16,Westernwear,faballey,2200.0,1100.0,50.0
6335,17,Westernwear,madame,3499.0,1749.0,50.0
6336,18,Westernwear,global desi,3699.0,2959.0,20.0
6337,19,Westernwear,jealous 21,2638.2167045910855,2299.0,44.84758845312988
6338,20,Westernwear,kraus,1199.0,839.0,30.0
6339,21,Westernwear,dolce crudo,2199.0,769.0,65.0
6341,23,Westernwear,adidas,1999.0,999.0,50.0
6342,24,Westernwear,iti,2638.2167045910855,1899.0,44.84758845312988
6343,25,Westernwear,vero moda,1299.0,909.0,30.0
6344,0,Westernwear,vero moda,1999.0,1599.0,20.0
6345,1,Westernwear,latin quarters,4899.0,3429.0,30.0
6346,2,Westernwear,kraus,1995.0,1795.0,10.0
6347,3,Westernwear,reebok,2799.0,1399.0,50.0
6348,4,Westernwear,rare,2399.0,1079.0,55.0
6349,5,Westernwear,and,4699.0,3759.0,20.0
6350,6,Westernwear,erotissch,1790.0,805.0,55.0
6351,7,Westernwear,cover story,3490.0,1745.0,50.0
6352,8,Westernwear,global desi,1899.0,759.0,60.0
6353,9,Westernwear,iti,2638.2167045910855,2999.0,44.84758845312988
6354,10,Westernwear,global desi,2299.0,689.0,70.0
6355,11,Westernwear,marie claire,1799.0,899.0,50.0
6356,12,Westernwear,and,2299.0,1149.0,50.0
6357,13,Westernwear,and,2899.0,2319.0,20.0
6358,14,Westernwear,allen solly,1899.0,1139.0,40.0
6359,15,Westernwear,kraus,1399.0,699.0,50.0
6360,16,Westernwear,global desi,3299.0,1649.0,50.0
6361,17,Westernwear,faballey,1500.0,750.0,50.0
6362,18,Westernwear,zink london,2499.0,999.0,60.0
6363,19,Westernwear,latin quarters,1499.0,749.0,50.0
6364,20,Westernwear,kraus,1895.0,947.0,50.0
6365,21,Westernwear,crimsoune club,1399.0,1259.0,10.0
6367,23,Westernwear,magre,2390.0,1434.0,40.0
6368,24,Westernwear,life,899.0,449.0,50.0
6369,25,Westernwear,and,1499.0,749.0,50.0
6370,0,Westernwear,faballey,2650.0,1325.0,50.0
6371,1,Westernwear,latin quarters,2638.2167045910855,2499.0,44.84758845312988
6372,2,Westernwear,zink london,2499.0,999.0,60.0
6373,3,Westernwear,zink london,1599.0,599.0,63.0
6374,4,Westernwear,and,1999.0,999.0,50.0
6375,5,Westernwear,zink london,2499.0,999.0,60.0
6376,6,Westernwear,faballey,1400.0,700.0,50.0
6377,7,Westernwear,and,1899.0,1519.0,20.0
6378,8,Westernwear,latin quarters,3699.0,1849.0,50.0
6379,9,Westernwear,latin quarters,1499.0,749.0,50.0
6380,10,Westernwear,and,2299.0,1149.0,50.0
6381,11,Westernwear,rare,1999.0,799.0,60.0
6382,12,Westernwear,life,999.0,499.0,50.0
6383,13,Westernwear,vero moda,2638.2167045910855,2599.0,44.84758845312988
6384,14,Westernwear,jealous 21,2638.2167045910855,899.0,44.84758845312988
6385,15,Westernwear,zink london,1499.0,899.0,40.0
6386,16,Westernwear,spykar,1199.0,839.0,30.0
6387,17,Westernwear,fratini,1499.0,749.0,50.0
6388,18,Westernwear,gipsy,2638.2167045910855,1595.0,44.84758845312988
6389,19,Westernwear,jealous 21,2638.2167045910855,999.0,44.84758845312988
6390,20,Westernwear,magre,1690.0,929.0,45.0
6391,21,Westernwear,puma,1799.0,1259.0,30.0
6393,23,Westernwear,insense,499.0,249.0,50.0
6394,24,Westernwear,enamor,2638.2167045910855,799.0,44.84758845312988
6395,25,Westernwear,faballey,1400.0,700.0,50.0
6396,0,Westernwear,and,2699.0,2429.0,10.0
6397,1,Westernwear,faballey,1950.0,1560.0,20.0
6398,2,Westernwear,spykar,1899.0,1329.0,30.0
6399,3,Westernwear,only,4499.0,3149.0,30.0
6400,4,Westernwear,vero moda,2299.0,1839.0,20.0
6401,5,Westernwear,faballey,1300.0,650.0,50.0
6402,6,Westernwear,life,349.0,174.0,50.0
6403,7,Westernwear,campus sutra,2638.2167045910855,1599.0,44.84758845312988
6404,8,Westernwear,zink london,1699.0,1019.0,40.0
6405,9,Westernwear,zink london,1499.0,1199.0,20.0
6406,10,Westernwear,kraus,2995.0,1497.0,50.0
6407,11,Westernwear,sera,1094.0,437.0,60.0
6408,12,Westernwear,reebok,1099.0,549.0,50.0
6409,13,Westernwear,crimsoune club,1299.0,909.0,30.0
6410,14,Westernwear,puma,3499.0,2449.0,30.0
6411,15,Westernwear,jealous 21,2638.2167045910855,2099.0,44.84758845312988
6412,16,Westernwear,enamor,2638.2167045910855,999.0,44.84758845312988
6413,17,Westernwear,adidas,1599.0,1119.0,30.0
6414,18,Westernwear,life,349.0,174.0,50.0
6415,19,Westernwear,crimsoune club,1999.0,799.0,60.0
6416,20,Westernwear,iti,2638.2167045910855,2999.0,44.84758845312988
6417,21,Westernwear,sera,1294.0,582.0,55.0
6419,23,Westernwear,spykar,2699.0,1889.0,30.0
6420,24,Westernwear,enamor,2638.2167045910855,899.0,44.84758845312988
6421,25,Westernwear,emblaze,2638.2167045910855,3000.0,44.84758845312988
6422,0,Westernwear,only,4499.0,2699.0,40.0
6423,1,Westernwear,reebok,2999.0,1499.0,50.0
6424,2,Westernwear,is.u,2490.0,1245.0,50.0
6425,3,Westernwear,zink london,1999.0,1199.0,40.0
6426,4,Westernwear,life,999.0,499.0,50.0
6427,5,Westernwear,vero moda,3299.0,2309.0,30.0
6428,6,Westernwear,zink london,2599.0,1039.0,60.0
6429,7,Westernwear,faballey,2100.0,1680.0,20.0
6430,8,Westernwear,latin quarters,2638.2167045910855,2499.0,44.84758845312988
6431,9,Westernwear,zink london,2699.0,1619.0,40.0
6432,10,Westernwear,puma,1799.0,1259.0,30.0
6433,11,Westernwear,marie claire,1399.0,699.0,50.0
6434,12,Westernwear,zink london,2799.0,1119.0,60.0
6435,13,Westernwear,magre,3190.0,1754.0,45.0
6436,14,Westernwear,and,1399.0,699.0,50.0
6437,15,Westernwear,faballey,2600.0,1300.0,50.0
6438,16,Westernwear,biba,2599.0,2079.0,20.0
6439,17,Westernwear,faballey,1950.0,975.0,50.0
6440,18,Westernwear,faballey,1500.0,750.0,50.0
6441,19,Westernwear,zink london,2499.0,999.0,60.0
6442,20,Westernwear,is.u,2190.0,1095.0,50.0
6443,21,Westernwear,faballey,1900.0,950.0,50.0
6445,23,Westernwear,zink london,2499.0,999.0,60.0
6446,24,Westernwear,and,2899.0,1449.0,50.0
6447,25,Westernwear,sera,2498.0,1249.0,50.0
6448,0,Westernwear,madame,2499.0,1499.0,40.0
6449,1,Westernwear,and,2499.0,2249.0,10.0
6450,2,Westernwear,life,599.0,299.0,50.0
6451,3,Westernwear,zink london,1599.0,499.0,69.0
6452,4,Westernwear,faballey,2400.0,1200.0,50.0
6453,5,Westernwear,kraus,1595.0,797.0,50.0
6454,6,Westernwear,crimsoune club,1399.0,979.0,30.0
6455,7,Westernwear,latin quarters,1499.0,499.0,67.0
6456,8,Westernwear,and,1899.0,949.0,50.0
6457,9,Westernwear,rare,1499.0,599.0,60.0
6458,10,Westernwear,rare,1699.0,764.0,55.0
6459,11,Westernwear,marie claire,1699.0,849.0,50.0
6460,12,Westernwear,only,2799.0,1399.0,50.0
6461,13,Westernwear,miss chase,2638.2167045910855,1099.0,44.84758845312988
6462,14,Westernwear,sera,1098.0,439.0,60.0
6463,15,Westernwear,emblaze,2638.2167045910855,3000.0,44.84758845312988
6464,16,Westernwear,vero moda,1999.0,1599.0,20.0
6465,17,Westernwear,proline,1199.0,839.0,30.0
6466,18,Westernwear,vero moda,2599.0,2079.0,20.0
6467,19,Westernwear,faballey,2600.0,1300.0,50.0
6468,20,Westernwear,faballey,1700.0,850.0,50.0
6469,21,Westernwear,faballey,1800.0,1440.0,20.0
6471,23,Westernwear,dolce crudo,2799.0,1119.0,60.0
6472,24,Westernwear,vero moda,3999.0,3199.0,20.0
6473,25,Westernwear,levis,2638.2167045910855,1399.0,44.84758845312988
6474,0,Westernwear,sera,1494.0,597.0,60.0
6475,1,Westernwear,emblaze,2638.2167045910855,2200.0,44.84758845312988
6476,2,Westernwear,kraus,1695.0,847.0,50.0
6477,3,Westernwear,cover story,1290.0,690.0,47.0
6478,4,Westernwear,magre,1990.0,796.0,60.0
6479,5,Westernwear,and,2499.0,1249.0,50.0
6480,6,Westernwear,sera,1494.0,597.0,60.0
6481,7,Westernwear,sera,1494.0,597.0,60.0
6482,8,Westernwear,dolce crudo,2399.0,1199.0,50.0
6483,9,Westernwear,life,799.0,399.0,50.0
6484,10,Westernwear,vero moda,4299.0,3009.0,30.0
6485,11,Westernwear,dolce crudo,1149.0,574.0,50.0
6487,13,Westernwear,only,3699.0,2589.0,30.0
6488,14,Westernwear,and,2699.0,2429.0,10.0
6489,15,Westernwear,van heusen,2638.2167045910855,999.0,44.84758845312988
6490,16,Westernwear,faballey,1700.0,850.0,50.0
6491,17,Westernwear,ira soleil,2638.2167045910855,2499.0,44.84758845312988
6492,18,Westernwear,spykar,1399.0,979.0,30.0
6493,19,Westernwear,samshek,2638.2167045910855,1490.0,44.84758845312988
6494,20,Westernwear,dolce crudo,2995.0,1198.0,60.0
6495,21,Westernwear,magre,1690.0,1098.0,35.0
6497,23,Westernwear,global desi,2099.0,1259.0,40.0
6498,24,Westernwear,adidas,1799.0,1259.0,30.0
6499,25,Westernwear,puma,2799.0,1959.0,30.0
6500,0,Westernwear,emblaze,2638.2167045910855,1400.0,44.84758845312988
6501,1,Westernwear,stop,2638.2167045910855,1299.0,44.84758845312988
6502,2,Westernwear,fratini,1499.0,749.0,50.0
6503,3,Westernwear,faballey,1500.0,750.0,50.0
6504,4,Westernwear,w,2638.2167045910855,3999.0,44.84758845312988
6505,5,Westernwear,zink london,2799.0,2239.0,20.0
6506,6,Westernwear,jealous 21,2638.2167045910855,2499.0,44.84758845312988
6507,7,Westernwear,puma,2299.0,1609.0,30.0
6508,8,Westernwear,de moza,2638.2167045910855,799.0,44.84758845312988
6509,9,Westernwear,crimsoune club,1599.0,1119.0,30.0
6510,10,Westernwear,only,2299.0,1609.0,30.0
6511,11,Westernwear,latin quarters,2399.0,1679.0,30.0
6512,12,Westernwear,vero moda,4299.0,3439.0,20.0
6513,13,Westernwear,puma,2499.0,1749.0,30.0
6514,14,Westernwear,zink london,2699.0,1349.0,50.0
6515,15,Westernwear,enamor,2638.2167045910855,849.0,44.84758845312988
6516,16,Westernwear,crimsoune club,1199.0,479.0,60.0
6517,17,Westernwear,life,2638.2167045910855,99.0,44.84758845312988
6518,18,Westernwear,faballey,1700.0,1360.0,20.0
6519,19,Westernwear,allen solly,1699.0,1019.0,40.0
6520,20,Westernwear,and,1799.0,899.0,50.0
6521,21,Westernwear,109f,2638.2167045910855,1499.0,44.84758845312988
6523,23,Westernwear,vero moda,1599.0,1279.0,20.0
6524,24,Westernwear,sera,1298.0,519.0,60.0
6525,25,Westernwear,emblaze,2638.2167045910855,2800.0,44.84758845312988
6526,0,Westernwear,samshek,2638.2167045910855,2490.0,44.84758845312988
6527,1,Westernwear,crimsoune club,1699.0,1019.0,40.0
6528,2,Westernwear,stop,2999.0,1499.0,50.0
6529,3,Westernwear,cover story,3790.0,1895.0,50.0
6530,4,Westernwear,zink london,3499.0,1399.0,60.0
6531,5,Westernwear,forever new,2638.2167045910855,2400.0,44.84758845312988
6532,6,Westernwear,iti,2638.2167045910855,3499.0,44.84758845312988
6533,7,Westernwear,madame,1599.0,799.0,50.0
6534,8,Westernwear,latin quarters,2638.2167045910855,1499.0,44.84758845312988
6535,9,Westernwear,dolce crudo,2349.0,939.0,60.0
6536,10,Westernwear,faballey,2200.0,1100.0,50.0
6537,11,Westernwear,faballey,1400.0,700.0,50.0
6538,12,Westernwear,crimsoune club,1499.0,1049.0,30.0
6539,13,Westernwear,allen solly,1499.0,899.0,40.0
6540,14,Westernwear,only,2999.0,1799.0,40.0
6541,15,Westernwear,magre,2490.0,1245.0,50.0
6542,16,Westernwear,van heusen,2999.0,1499.0,50.0
6543,17,Westernwear,crimsoune club,1399.0,1259.0,10.0
6544,18,Westernwear,cover story,1890.0,1134.0,40.0
6545,19,Westernwear,and,3299.0,1319.0,60.0
6546,20,Westernwear,latin quarters,1999.0,999.0,50.0
6547,21,Westernwear,latin quarters,2499.0,1749.0,30.0
6549,23,Westernwear,adidas,1399.0,979.0,30.0
6550,24,Westernwear,adidas,2638.2167045910855,1499.0,44.84758845312988
6551,25,Westernwear,adidas,1999.0,1399.0,30.0
6552,0,Westernwear,life,2638.2167045910855,1999.0,44.84758845312988
6553,1,Westernwear,only,3499.0,2799.0,20.0
6554,2,Westernwear,rare,1799.0,629.0,65.0
6555,3,Westernwear,and,1799.0,1259.0,30.0
6556,4,Westernwear,global desi,2199.0,879.0,60.0
6557,5,Westernwear,and,2499.0,1624.0,35.0
6558,6,Westernwear,zink london,4999.0,1999.0,60.0
6559,7,Westernwear,sera,1294.0,582.0,55.0
6560,8,Westernwear,cover story,1190.0,690.0,42.0
6561,9,Westernwear,global desi,2799.0,1819.0,35.0
6562,10,Westernwear,faballey,950.0,475.0,50.0
6563,11,Westernwear,only,4299.0,3009.0,30.0
6564,12,Westernwear,zink london,2499.0,699.0,72.0
6565,13,Westernwear,allen solly,2499.0,1499.0,40.0
6566,14,Westernwear,faballey,1500.0,750.0,50.0
6567,15,Westernwear,magre,2190.0,876.0,60.0
6568,16,Westernwear,lovegen,990.0,396.0,60.0
6569,17,Westernwear,van heusen,3299.0,1999.0,39.0
6570,18,Westernwear,magre,3190.0,1595.0,50.0
6571,19,Westernwear,latin quarters,2499.0,1249.0,50.0
6572,20,Westernwear,zink london,2199.0,879.0,60.0
6573,21,Westernwear,marie claire,1399.0,699.0,50.0
6575,23,Westernwear,global desi,2099.0,839.0,60.0
6576,24,Westernwear,rare,1399.0,559.0,60.0
6577,25,Westernwear,marie claire,999.0,499.0,50.0
6578,0,Westernwear,vero moda,2599.0,1819.0,30.0
6579,1,Westernwear,pepe,2599.0,1559.0,40.0
6580,2,Westernwear,magre,3790.0,1895.0,50.0
6581,3,Westernwear,latin quarters,1999.0,999.0,50.0
6582,4,Westernwear,pepe,2199.0,1319.0,40.0
6583,5,Westernwear,myshka,1899.0,949.0,50.0
6584,6,Westernwear,faballey,2400.0,1920.0,20.0
6585,7,Westernwear,puma,2499.0,1749.0,30.0
6586,8,Westernwear,vero moda,2999.0,2399.0,20.0
6587,9,Westernwear,magre,3190.0,1914.0,40.0
6588,10,Westernwear,pepe,1999.0,1199.0,40.0
6589,11,Westernwear,is.u,1490.0,745.0,50.0
6590,12,Westernwear,kraus,1299.0,1169.0,10.0
6591,13,Westernwear,is.u,2190.0,1095.0,50.0
6592,14,Westernwear,crimsoune club,2499.0,1249.0,50.0
6593,15,Westernwear,vero moda,1999.0,1599.0,20.0
6594,16,Westernwear,gipsy,1795.0,1256.0,30.0
6595,17,Westernwear,magre,1590.0,715.0,55.0
6596,18,Westernwear,jealous 21,2638.2167045910855,1199.0,44.84758845312988
6597,19,Westernwear,only,3699.0,2959.0,20.0
6598,20,Westernwear,ed hardy,2999.0,2099.0,30.0
6599,21,Westernwear,sera,1098.0,494.0,55.0
6601,23,Westernwear,enamor,2638.2167045910855,1699.0,44.84758845312988
6602,24,Westernwear,faballey,2200.0,1760.0,20.0
6603,25,Westernwear,gipsy,2638.2167045910855,1495.0,44.84758845312988
6604,0,Westernwear,crimsoune club,1699.0,1189.0,30.0
6605,1,Westernwear,only,1799.0,1079.0,40.0
6606,2,Westernwear,life,799.0,399.0,50.0
6607,3,Westernwear,lovegen,1999.0,999.0,50.0
6608,4,Westernwear,lovegen,999.0,399.0,60.0
6609,5,Westernwear,zink london,1899.0,1139.0,40.0
6610,6,Westernwear,vero moda,2638.2167045910855,2299.0,44.84758845312988
6611,7,Westernwear,samshek,2090.0,1881.0,10.0
6612,8,Westernwear,black panther,2638.2167045910855,299.0,44.84758845312988
6613,9,Westernwear,zink london,2499.0,999.0,60.0
6614,10,Westernwear,vero moda,1299.0,1039.0,20.0
6615,11,Westernwear,pepe,1999.0,1199.0,40.0
6616,12,Westernwear,lovegen,1599.0,639.0,60.0
6617,13,Westernwear,emblaze,2638.2167045910855,4000.0,44.84758845312988
6618,14,Westernwear,kraus,1499.0,1049.0,30.0
6619,15,Westernwear,only,1499.0,899.0,40.0
6620,16,Westernwear,only,1999.0,1199.0,40.0
6621,17,Westernwear,faballey,1200.0,600.0,50.0
6622,18,Westernwear,vero moda,1999.0,999.0,50.0
6623,19,Westernwear,life,999.0,499.0,50.0
6624,20,Westernwear,gipsy,1795.0,1256.0,30.0
6625,21,Westernwear,faballey,1500.0,1200.0,20.0
6627,23,Westernwear,vero moda,3499.0,2449.0,30.0
6628,24,Westernwear,sera,1494.0,747.0,50.0
6629,25,Westernwear,gipsy,1495.0,1196.0,20.0
6630,0,Westernwear,zink london,2499.0,999.0,60.0
6631,1,Westernwear,levis,2638.2167045910855,3599.0,44.84758845312988
6632,2,Westernwear,sera,1099.0,549.0,50.0
6633,3,Westernwear,madame,2638.2167045910855,1099.0,44.84758845312988
6634,4,Westernwear,infuse,699.0,419.0,40.0
6635,5,Westernwear,faballey,2200.0,1760.0,20.0
6636,6,Westernwear,vero moda,2799.0,2239.0,20.0
6637,7,Westernwear,vero moda,2999.0,2399.0,20.0
6638,8,Westernwear,fratini,899.0,449.0,50.0
6639,9,Westernwear,global desi,2399.0,1199.0,50.0
6640,10,Westernwear,gipsy,2638.2167045910855,1495.0,44.84758845312988
6641,11,Westernwear,cover story,1990.0,1393.0,30.0
6642,12,Westernwear,global desi,1999.0,1199.0,40.0
6643,13,Westernwear,stop,999.0,499.0,50.0
6644,14,Westernwear,stop,2638.2167045910855,1299.0,44.84758845312988
6645,15,Westernwear,latin quarters,2399.0,1679.0,30.0
6646,16,Westernwear,puma,1799.0,1259.0,30.0
6647,17,Westernwear,zink london,3499.0,1399.0,60.0
6648,18,Westernwear,only,2799.0,2239.0,20.0
6649,19,Westernwear,rare,1599.0,639.0,60.0
6650,20,Westernwear,and,2299.0,1609.0,30.0
6651,21,Westernwear,miss chase,2638.2167045910855,2099.0,44.84758845312988
6653,23,Westernwear,faballey,1200.0,600.0,50.0
6654,24,Westernwear,kraus,1895.0,947.0,50.0
6655,25,Westernwear,allen solly,1899.0,1139.0,40.0
6656,0,Westernwear,crimsoune club,2638.2167045910855,1499.0,44.84758845312988
6657,1,Westernwear,and,1699.0,849.0,50.0
6658,2,Westernwear,global desi,2399.0,1439.0,40.0
6659,3,Westernwear,sera,2498.0,1249.0,50.0
6660,4,Westernwear,and,4999.0,3249.0,35.0
6661,5,Westernwear,madame,2399.0,1439.0,40.0
6662,6,Westernwear,and,1499.0,1049.0,30.0
6663,7,Westernwear,and,1699.0,849.0,50.0
6664,8,Westernwear,crimsoune club,2299.0,2069.0,10.0
6665,9,Westernwear,latin quarters,2799.0,1399.0,50.0
6666,10,Westernwear,samshek,2638.2167045910855,4000.0,44.84758845312988
6667,11,Westernwear,and,2499.0,1249.0,50.0
6668,12,Westernwear,indya,2638.2167045910855,2700.0,44.84758845312988
6669,13,Westernwear,and,1899.0,1329.0,30.0
6670,14,Westernwear,marie claire,1599.0,719.0,55.0
6671,15,Westernwear,faballey,3800.0,1900.0,50.0
6672,16,Westernwear,kraus,1795.0,1615.0,10.0
6673,17,Westernwear,adidas,1799.0,899.0,50.0
6674,18,Westernwear,faballey,1400.0,700.0,50.0
6675,19,Westernwear,vero moda,999.0,699.0,30.0
6676,20,Westernwear,and,1799.0,899.0,50.0
6677,21,Westernwear,faballey,2500.0,1250.0,50.0
6679,23,Westernwear,adidas,2699.0,1889.0,30.0
6680,24,Westernwear,indya,2000.0,1000.0,50.0
6681,25,Westernwear,global desi,1699.0,849.0,50.0
6682,0,Westernwear,life,2638.2167045910855,199.0,44.84758845312988
6683,1,Westernwear,and,2638.2167045910855,1999.0,44.84758845312988
6684,2,Westernwear,faballey,2600.0,1300.0,50.0
6685,3,Westernwear,magre,3690.0,1660.0,55.0
6686,4,Westernwear,kraus,1595.0,1116.0,30.0
6687,5,Westernwear,crimsoune club,1999.0,999.0,50.0
6688,6,Westernwear,faballey,2400.0,1200.0,50.0
6689,7,Westernwear,cover story,1490.0,1043.0,30.0
6690,8,Westernwear,faballey,2100.0,1050.0,50.0
6691,9,Westernwear,faballey,1400.0,700.0,50.0
6692,10,Westernwear,vero moda,1999.0,1599.0,20.0
6693,11,Westernwear,dolce crudo,2299.0,919.0,60.0
6694,12,Westernwear,only,2499.0,1499.0,40.0
6695,13,Westernwear,adidas,3299.0,2309.0,30.0
6696,14,Westernwear,is.u,1800.0,900.0,50.0
6697,15,Westernwear,gipsy,1495.0,747.0,50.0
6698,16,Westernwear,gipsy,3495.0,2446.0,30.0
6699,17,Westernwear,sera,1094.0,547.0,50.0
6700,18,Westernwear,faballey,2600.0,2080.0,20.0
6701,19,Westernwear,sera,1094.0,437.0,60.0
6702,20,Westernwear,magre,2490.0,1494.0,40.0
6703,21,Westernwear,adidas,2999.0,1499.0,50.0
6705,23,Westernwear,only,2299.0,1609.0,30.0
6706,24,Westernwear,vero moda,1299.0,1039.0,20.0
6707,25,Westernwear,mystere paris,599.0,359.0,40.0
6708,0,Westernwear,samshek,2638.2167045910855,1490.0,44.84758845312988
6709,1,Westernwear,van heusen,2638.2167045910855,999.0,44.84758845312988
6710,2,Westernwear,adidas,2499.0,1249.0,50.0
6711,3,Westernwear,puma,1499.0,1049.0,30.0
6712,4,Westernwear,puma,2799.0,1959.0,30.0
6713,5,Westernwear,only,2299.0,1379.0,40.0
6714,6,Westernwear,puma,4999.0,3499.0,30.0
6715,7,Westernwear,zink london,2599.0,2079.0,20.0
6716,8,Westernwear,iti,2638.2167045910855,1899.0,44.84758845312988
6717,9,Westernwear,reebok,1499.0,749.0,50.0
6718,10,Westernwear,van heusen,1049.0,799.0,24.0
6719,11,Westernwear,latin quarters,2499.0,1249.0,50.0
6720,12,Westernwear,indya,2638.2167045910855,2100.0,44.84758845312988
6721,13,Westernwear,zink london,2299.0,699.0,70.0
6722,14,Westernwear,zink london,1699.0,1359.0,20.0
6723,15,Westernwear,fratini,1699.0,849.0,50.0
6724,16,Westernwear,van heusen,2638.2167045910855,979.0,44.84758845312988
6725,17,Westernwear,dolce crudo,2499.0,1124.0,55.0
6726,18,Westernwear,sera,2998.0,1499.0,50.0
6727,19,Westernwear,allen solly,3999.0,2799.0,30.0
6728,20,Westernwear,crimsoune club,2299.0,1149.0,50.0
6729,21,Westernwear,madame,1699.0,849.0,50.0
6731,23,Westernwear,latin quarters,1899.0,799.0,58.0
6732,24,Westernwear,madame,1299.0,779.0,40.0
6733,25,Westernwear,and,1299.0,909.0,30.0
6734,0,Westernwear,puma,2499.0,1749.0,30.0
6735,1,Westernwear,vero moda,2499.0,1999.0,20.0
6736,2,Westernwear,latin quarters,2499.0,1249.0,50.0
6737,3,Westernwear,109f,2638.2167045910855,1799.0,44.84758845312988
6738,4,Westernwear,samshek,2890.0,2023.0,30.0
6739,5,Westernwear,kraus,1295.0,1165.0,10.0
6740,6,Westernwear,van heusen,2638.2167045910855,5499.0,44.84758845312988
6741,7,Westernwear,crimsoune club,1199.0,479.0,60.0
6742,8,Westernwear,faballey,1400.0,1120.0,20.0
6743,9,Westernwear,madame,1699.0,849.0,50.0
6744,10,Westernwear,van heusen,2638.2167045910855,1999.0,44.84758845312988
6745,11,Westernwear,crimsoune club,1599.0,1119.0,30.0
6746,12,Westernwear,dolce crudo,2995.0,1198.0,60.0
6747,13,Westernwear,vero moda,3999.0,2799.0,30.0
6748,14,Westernwear,kraus,1795.0,897.0,50.0
6749,15,Westernwear,kraus,1695.0,1186.0,30.0
6750,16,Westernwear,latin quarters,1699.0,849.0,50.0
6751,17,Westernwear,samshek,3600.0,2520.0,30.0
6752,18,Westernwear,and,2638.2167045910855,4999.0,44.84758845312988
6753,19,Westernwear,reebok,1799.0,899.0,50.0
6754,20,Westernwear,crimsoune club,1299.0,1039.0,20.0
6755,21,Westernwear,van heusen,2638.2167045910855,999.0,44.84758845312988
6757,23,Westernwear,is.u,2190.0,1095.0,50.0
6758,24,Westernwear,vero moda,3499.0,2449.0,30.0
6759,25,Westernwear,zink london,1599.0,639.0,60.0
6760,0,Westernwear,zink london,2299.0,919.0,60.0
6761,1,Westernwear,latin quarters,1299.0,499.0,62.0
6762,2,Westernwear,madame,1899.0,949.0,50.0
6763,3,Westernwear,life,2638.2167045910855,999.0,44.84758845312988
6764,4,Westernwear,iti,2638.2167045910855,1799.0,44.84758845312988
6765,5,Westernwear,miss chase,2638.2167045910855,1949.0,44.84758845312988
6766,6,Westernwear,marie claire,2499.0,1249.0,50.0
6767,7,Westernwear,puma,4999.0,3499.0,30.0
6768,8,Westernwear,marie claire,2490.0,1245.0,50.0
6769,9,Westernwear,lovegen,1699.0,679.0,60.0
6770,10,Westernwear,cover story,2290.0,1145.0,50.0
6771,11,Westernwear,vero moda,2299.0,1149.0,50.0
6772,12,Westernwear,faballey,1400.0,700.0,50.0
6773,13,Westernwear,and,1699.0,849.0,50.0
6774,14,Westernwear,kraus,1299.0,649.0,50.0
6775,15,Westernwear,faballey,2200.0,1100.0,50.0
6776,16,Westernwear,latin quarters,2999.0,1499.0,50.0
6777,17,Westernwear,zink london,1799.0,719.0,60.0
6778,18,Westernwear,and,1499.0,749.0,50.0
6779,19,Westernwear,zink london,2999.0,1199.0,60.0
6780,20,Westernwear,faballey,1400.0,700.0,50.0
6781,21,Westernwear,is.u,2190.0,1095.0,50.0
6783,23,Westernwear,gipsy,1995.0,1396.0,30.0
6784,24,Westernwear,and,1699.0,1189.0,30.0
6785,25,Westernwear,faballey,2500.0,1250.0,50.0
6786,0,Westernwear,iti,2638.2167045910855,1899.0,44.84758845312988
6787,1,Westernwear,rare,1499.0,599.0,60.0
6788,2,Westernwear,rare,1899.0,664.0,65.0
6789,3,Westernwear,is.u,2790.0,1395.0,50.0
6790,4,Westernwear,spykar,2699.0,1889.0,30.0
6791,5,Westernwear,iti,2638.2167045910855,1599.0,44.84758845312988
6792,6,Westernwear,faballey,1300.0,1040.0,20.0
6793,7,Westernwear,is.u,1599.0,799.0,50.0
6794,8,Westernwear,and,1899.0,1519.0,20.0
6795,9,Westernwear,proline,1499.0,1049.0,30.0
6796,10,Westernwear,crimsoune club,1599.0,799.0,50.0
6797,11,Westernwear,van heusen,2638.2167045910855,979.0,44.84758845312988
6798,12,Westernwear,gipsy,2638.2167045910855,2795.0,44.84758845312988
6799,13,Westernwear,fratini,2638.2167045910855,1199.0,44.84758845312988
6800,14,Westernwear,gipsy,1995.0,1396.0,30.0
6801,15,Westernwear,only,1699.0,849.0,50.0
6802,16,Westernwear,lovegen,1999.0,999.0,50.0
6803,17,Westernwear,faballey,1900.0,950.0,50.0
6804,18,Westernwear,is.u,2190.0,1095.0,50.0
6805,19,Westernwear,life,899.0,449.0,50.0
6806,20,Westernwear,emblaze,2638.2167045910855,3000.0,44.84758845312988
6807,21,Westernwear,jockey,2638.2167045910855,399.0,44.84758845312988
6809,23,Westernwear,only,2638.2167045910855,2799.0,44.84758845312988
6810,24,Westernwear,samshek,1690.0,1521.0,10.0
6811,25,Westernwear,van heusen,2638.2167045910855,479.0,44.84758845312988
6812,0,Westernwear,gipsy,4995.0,3496.0,30.0
6813,1,Westernwear,spykar,1399.0,979.0,30.0
6814,2,Westernwear,campus sutra,2638.2167045910855,2599.0,44.84758845312988
6815,3,Westernwear,latin quarters,1399.0,499.0,64.0
6816,4,Westernwear,kraus,1895.0,1326.0,30.0
6817,5,Westernwear,zink london,1599.0,1279.0,20.0
6818,6,Westernwear,lovegen,999.0,399.0,60.0
6819,7,Westernwear,adidas,1799.0,1259.0,30.0
6820,8,Westernwear,puma,1499.0,1049.0,30.0
6821,9,Westernwear,and,2638.2167045910855,1799.0,44.84758845312988
6822,10,Westernwear,stop,1999.0,999.0,50.0
6823,11,Westernwear,campus sutra,2638.2167045910855,1999.0,44.84758845312988
6824,12,Westernwear,levis,2638.2167045910855,4599.0,44.84758845312988
6825,13,Westernwear,only,3499.0,2449.0,30.0
6826,14,Westernwear,only,3999.0,1999.0,50.0
6827,15,Westernwear,enamor,1099.0,769.0,30.0
6828,16,Westernwear,lovegen,1299.0,389.0,70.0
6829,17,Westernwear,109f,1499.0,599.0,60.0
6830,18,Westernwear,sera,1998.0,899.0,55.0
6831,19,Westernwear,samshek,1590.0,1272.0,20.0
6832,20,Westernwear,madame,1699.0,1189.0,30.0
6833,21,Westernwear,emblaze,2638.2167045910855,2200.0,44.84758845312988
6835,23,Westernwear,rare,4599.0,1839.0,60.0
6836,24,Westernwear,spykar,1199.0,839.0,30.0
6837,25,Westernwear,life,1299.0,649.0,50.0
6838,0,Westernwear,vero moda,2599.0,1299.0,50.0
6839,1,Westernwear,samshek,2638.2167045910855,1590.0,44.84758845312988
6840,2,Westernwear,faballey,2300.0,1150.0,50.0
6841,3,Westernwear,sera,1998.0,999.0,50.0
6842,4,Westernwear,zink london,1599.0,1279.0,20.0
6843,5,Westernwear,haute curry,1999.0,999.0,50.0
6844,6,Westernwear,only,1499.0,1049.0,30.0
6845,7,Westernwear,magre,2190.0,1314.0,40.0
6846,8,Westernwear,vero moda,3799.0,3039.0,20.0
6847,9,Westernwear,fratini,1499.0,749.0,50.0
6848,10,Westernwear,vero moda,1299.0,1039.0,20.0
6849,11,Westernwear,and,2299.0,1609.0,30.0
6850,12,Westernwear,crimsoune club,2638.2167045910855,399.0,44.84758845312988
6851,13,Westernwear,vero moda,4499.0,3149.0,30.0
6852,14,Westernwear,zink london,2999.0,1199.0,60.0
6853,15,Westernwear,crimsoune club,1399.0,699.0,50.0
6854,16,Westernwear,miss chase,2638.2167045910855,2249.0,44.84758845312988
6855,17,Westernwear,zink london,1299.0,499.0,62.0
6856,18,Westernwear,and,2199.0,1099.0,50.0
6857,19,Westernwear,crimsoune club,1299.0,909.0,30.0
6858,20,Westernwear,kraus,1795.0,897.0,50.0
6859,21,Westernwear,crimsoune club,1999.0,999.0,50.0
6861,23,Westernwear,life,2638.2167045910855,2699.0,44.84758845312988
6862,24,Westernwear,and,2699.0,2159.0,20.0
6863,25,Westernwear,faballey,2600.0,1300.0,50.0
6864,0,Westernwear,faballey,2100.0,1050.0,50.0
6865,1,Westernwear,fratini,2999.0,1499.0,50.0
6866,2,Westernwear,faballey,2700.0,2160.0,20.0
6867,3,Westernwear,pepe,2499.0,1499.0,40.0
6868,4,Westernwear,magre,2490.0,1369.0,45.0
6869,5,Westernwear,enamor,999.0,699.0,30.0
6870,6,Westernwear,pepe,3199.0,1919.0,40.0
6871,7,Westernwear,is.u,2299.0,1149.0,50.0
6872,8,Westernwear,crimsoune club,3499.0,1399.0,60.0
6873,9,Westernwear,sera,1198.0,539.0,55.0
6874,10,Westernwear,global desi,2999.0,1799.0,40.0
6875,11,Westernwear,and,1899.0,949.0,50.0
6876,12,Westernwear,pepe,1199.0,719.0,40.0
6877,13,Westernwear,zink london,2799.0,1119.0,60.0
6878,14,Westernwear,vero moda,999.0,499.0,50.0
6879,15,Westernwear,monte carlo,2638.2167045910855,5795.0,44.84758845312988
6880,16,Westernwear,and,2299.0,1609.0,30.0
6881,17,Westernwear,allen solly,1999.0,1199.0,40.0
6882,18,Westernwear,and,2999.0,1499.0,50.0
6883,19,Westernwear,crimsoune club,2199.0,879.0,60.0
6884,20,Westernwear,zink london,1799.0,719.0,60.0
6885,21,Westernwear,zink london,2299.0,919.0,60.0
6887,23,Westernwear,miss chase,2638.2167045910855,4995.0,44.84758845312988
6888,24,Westernwear,juniper,1999.0,999.0,50.0
6889,25,Westernwear,w,1999.0,999.0,50.0
6890,0,Westernwear,sera,2494.0,872.0,65.0
6891,1,Westernwear,puma,1799.0,1259.0,30.0
6892,2,Westernwear,vero moda,3999.0,3199.0,20.0
6893,3,Westernwear,allen solly,1999.0,1499.0,25.0
6894,4,Westernwear,and,2699.0,1889.0,30.0
6895,5,Westernwear,sera,1998.0,899.0,55.0
6896,6,Westernwear,campus sutra,2638.2167045910855,1299.0,44.84758845312988
6897,7,Westernwear,faballey,2100.0,1680.0,20.0
6898,8,Westernwear,enamor,2638.2167045910855,799.0,44.84758845312988
6899,9,Westernwear,latin quarters,1499.0,499.0,67.0
6900,10,Westernwear,faballey,2100.0,1050.0,50.0
6901,11,Westernwear,latin quarters,2899.0,1449.0,50.0
6902,12,Westernwear,gipsy,1795.0,897.0,50.0
6903,13,Westernwear,and,1299.0,909.0,30.0
6904,14,Westernwear,sera,1998.0,899.0,55.0
6905,15,Westernwear,de moza,2638.2167045910855,999.0,44.84758845312988
6906,16,Westernwear,puma,2499.0,1749.0,30.0
6907,17,Westernwear,dolce crudo,2199.0,659.0,70.0
6908,18,Westernwear,zink london,1499.0,1199.0,20.0
6909,19,Westernwear,crimsoune club,1199.0,599.0,50.0
6910,20,Westernwear,faballey,2100.0,1050.0,50.0
6911,21,Westernwear,vero moda,3299.0,2309.0,30.0
6913,23,Westernwear,vero moda,4299.0,3439.0,20.0
6914,24,Westernwear,dolce crudo,1999.0,999.0,50.0
6915,25,Westernwear,lovegen,999.0,499.0,50.0
6916,0,Westernwear,crimsoune club,1699.0,849.0,50.0
6917,1,Westernwear,vero moda,2638.2167045910855,2799.0,44.84758845312988
6918,2,Westernwear,spykar,2599.0,1819.0,30.0
6919,3,Westernwear,vero moda,1999.0,1199.0,40.0
6920,4,Westernwear,madame,1299.0,779.0,40.0
6921,5,Westernwear,life,499.0,249.0,50.0
6922,6,Westernwear,vero moda,1799.0,899.0,50.0
6923,7,Westernwear,adidas,2799.0,1959.0,30.0
6924,8,Westernwear,only,1999.0,1399.0,30.0
6925,9,Westernwear,zink z,2638.2167045910855,999.0,44.84758845312988
6926,10,Westernwear,and,2499.0,1749.0,30.0
6927,11,Westernwear,and,3099.0,2169.0,30.0
6928,12,Westernwear,vero moda,3799.0,3039.0,20.0
6929,13,Westernwear,iti,2638.2167045910855,2299.0,44.84758845312988
6930,14,Westernwear,crimsoune club,1499.0,899.0,40.0
6931,15,Westernwear,and,2638.2167045910855,1899.0,44.84758845312988
6932,16,Westernwear,fratini,1199.0,599.0,50.0
6933,17,Westernwear,kraus,1199.0,599.0,50.0
6934,18,Westernwear,crimsoune club,1199.0,599.0,50.0
6935,19,Westernwear,faballey,2200.0,1100.0,50.0
6936,20,Westernwear,only,2999.0,2099.0,30.0
6937,21,Westernwear,crimsoune club,1399.0,979.0,30.0
6939,23,Westernwear,faballey,2200.0,1760.0,20.0
6940,24,Westernwear,zink london,1499.0,1199.0,20.0
6941,25,Westernwear,louis philippe,2490.0,1245.0,50.0
6942,0,Westernwear,magre,1990.0,895.0,55.0
6943,1,Westernwear,faballey,1900.0,1520.0,20.0
6944,2,Westernwear,fratini,2638.2167045910855,1699.0,44.84758845312988
6945,3,Westernwear,samshek,2638.2167045910855,2590.0,44.84758845312988
6946,4,Westernwear,samshek,2638.2167045910855,2999.0,44.84758845312988
6947,5,Westernwear,adidas,1199.0,839.0,30.0
6948,6,Westernwear,samshek,2560.0,2048.0,20.0
6949,7,Westernwear,vero moda,1599.0,1279.0,20.0
6950,8,Westernwear,vero moda,999.0,699.0,30.0
6951,9,Westernwear,faballey,2200.0,1760.0,20.0
6952,10,Westernwear,allen solly,1599.0,959.0,40.0
6953,11,Westernwear,and,2199.0,1099.0,50.0
6954,12,Westernwear,faballey,2500.0,1250.0,50.0
6955,13,Westernwear,kraus,1299.0,909.0,30.0
6956,14,Westernwear,kraus,999.0,899.0,10.0
6957,15,Westernwear,vero moda,3999.0,3199.0,20.0
6958,16,Westernwear,faballey,1200.0,600.0,50.0
6959,17,Westernwear,iti,2638.2167045910855,1499.0,44.84758845312988
6960,18,Westernwear,pepe,1599.0,959.0,40.0
6961,19,Westernwear,insense,499.0,249.0,50.0
6962,20,Westernwear,faballey,2400.0,1200.0,50.0
6963,21,Westernwear,allen solly,2638.2167045910855,399.0,44.84758845312988
6965,23,Westernwear,zink london,1699.0,1019.0,40.0
6966,24,Westernwear,global desi,1399.0,839.0,40.0
6967,25,Westernwear,crimsoune club,2299.0,919.0,60.0
6968,0,Westernwear,crimsoune club,1499.0,1349.0,10.0
6969,1,Westernwear,vero moda,3499.0,2799.0,20.0
6970,2,Westernwear,and,2638.2167045910855,2699.0,44.84758845312988
6971,3,Westernwear,enamor,1699.0,1189.0,30.0
6972,4,Westernwear,kraus,2095.0,1885.0,10.0
6973,5,Westernwear,adidas,2799.0,1959.0,30.0
6974,6,Westernwear,and,1899.0,949.0,50.0
6975,7,Westernwear,infuse,1199.0,719.0,40.0
6976,8,Westernwear,fratini,2638.2167045910855,2499.0,44.84758845312988
6977,9,Westernwear,only,2299.0,1149.0,50.0
6978,10,Westernwear,allen solly,1199.0,799.0,33.0
6979,11,Westernwear,magre,1990.0,796.0,60.0
6980,12,Westernwear,faballey,2300.0,1840.0,20.0
6981,13,Westernwear,kraus,1995.0,1795.0,10.0
6982,14,Westernwear,w,2638.2167045910855,3799.0,44.84758845312988
6983,15,Westernwear,gipsy,3995.0,2796.0,30.0
6984,16,Westernwear,vero moda,2599.0,1819.0,30.0
6985,17,Westernwear,faballey,1400.0,700.0,50.0
6986,18,Westernwear,latin quarters,2499.0,799.0,68.0
6987,19,Westernwear,cover story,2638.2167045910855,2590.0,44.84758845312988
6988,20,Westernwear,vero moda,2638.2167045910855,2299.0,44.84758845312988
6989,21,Westernwear,faballey,2100.0,1680.0,20.0
6991,23,Westernwear,vero moda,2999.0,1499.0,50.0
6992,24,Westernwear,crimsoune club,1299.0,1039.0,20.0
6993,25,Westernwear,cover story,1290.0,690.0,47.0
6994,0,Westernwear,latin quarters,2499.0,1249.0,50.0
6995,1,Westernwear,latin quarters,2499.0,1249.0,50.0
6996,2,Westernwear,latin quarters,2399.0,1199.0,50.0
6997,3,Westernwear,zink london,2199.0,879.0,60.0
6998,4,Westernwear,vero moda,2499.0,1749.0,30.0
6999,5,Westernwear,zink london,1899.0,759.0,60.0
7000,6,Westernwear,zink london,1799.0,1439.0,20.0
7001,7,Westernwear,stop,1499.0,749.0,50.0
7002,8,Westernwear,iti,2638.2167045910855,1399.0,44.84758845312988
7003,9,Westernwear,cover story,2490.0,1494.0,40.0
7004,10,Westernwear,zink london,3999.0,1599.0,60.0
7005,11,Westernwear,madame,1999.0,1399.0,30.0
7006,12,Westernwear,and,4499.0,3599.0,20.0
7007,13,Westernwear,madame,2299.0,1149.0,50.0
7008,14,Westernwear,cover story,4990.0,3493.0,30.0
7009,15,Westernwear,kraus,1599.0,799.0,50.0
7010,16,Westernwear,faballey,2800.0,1400.0,50.0
7011,17,Westernwear,iti,2638.2167045910855,1899.0,44.84758845312988
7012,18,Westernwear,and,2099.0,1469.0,30.0
7013,19,Westernwear,crimsoune club,1399.0,839.0,40.0
7014,20,Westernwear,and,3099.0,2169.0,30.0
7015,21,Westernwear,iti,2638.2167045910855,2699.0,44.84758845312988
7017,23,Westernwear,faballey,2600.0,1300.0,50.0
7018,24,Westernwear,kraus,1299.0,649.0,50.0
7019,25,Westernwear,zink london,1599.0,639.0,60.0
7020,0,Westernwear,sera,1494.0,747.0,50.0
7021,1,Westernwear,zink london,2899.0,1159.0,60.0
7022,2,Westernwear,kraus,1795.0,1256.0,30.0
7023,3,Westernwear,global desi,1799.0,899.0,50.0
7024,4,Westernwear,faballey,2400.0,1200.0,50.0
7025,5,Westernwear,faballey,1950.0,975.0,50.0
7026,6,Westernwear,faballey,2500.0,1250.0,50.0
7027,7,Westernwear,and,2699.0,1889.0,30.0
7028,8,Westernwear,allen solly,1299.0,779.0,40.0
7029,9,Westernwear,latin quarters,2638.2167045910855,1399.0,44.84758845312988
7030,10,Westernwear,is.u,990.0,495.0,50.0
7031,11,Westernwear,global desi,2699.0,1079.0,60.0
7032,12,Westernwear,crimsoune club,999.0,499.0,50.0
7033,13,Westernwear,adidas,1999.0,1399.0,30.0
7034,14,Westernwear,zink london,1599.0,1279.0,20.0
7035,15,Westernwear,indya,2600.0,2080.0,20.0
7036,16,Westernwear,latin quarters,1499.0,499.0,67.0
7037,17,Westernwear,janasya,2399.0,959.0,60.0
7038,18,Westernwear,dolce crudo,3995.0,1598.0,60.0
7039,19,Westernwear,gipsy,1995.0,1396.0,30.0
7040,20,Westernwear,and,2699.0,1349.0,50.0
7041,21,Westernwear,puma,2299.0,1609.0,30.0
7043,23,Westernwear,dolce crudo,2699.0,1214.0,55.0
7044,24,Westernwear,zink london,2299.0,1379.0,40.0
7045,25,Westernwear,life,999.0,499.0,50.0
7046,0,Westernwear,spykar,1099.0,769.0,30.0
7047,1,Westernwear,stop,1499.0,749.0,50.0
7048,2,Westernwear,campus sutra,2638.2167045910855,1399.0,44.84758845312988
7049,3,Westernwear,pepe,1199.0,719.0,40.0
7050,4,Westernwear,infuse,1199.0,719.0,40.0
7051,5,Westernwear,faballey,4200.0,2100.0,50.0
7052,6,Westernwear,vero moda,1999.0,1599.0,20.0
7053,7,Westernwear,emblaze,2638.2167045910855,2500.0,44.84758845312988
7054,8,Westernwear,109f,1499.0,599.0,60.0
7055,9,Westernwear,proline,1499.0,1049.0,30.0
7056,10,Westernwear,jealous 21,2638.2167045910855,999.0,44.84758845312988
7057,11,Westernwear,iti,2638.2167045910855,3499.0,44.84758845312988
7058,12,Westernwear,emblaze,2638.2167045910855,2800.0,44.84758845312988
7059,13,Westernwear,van heusen,2638.2167045910855,1499.0,44.84758845312988
7060,14,Westernwear,spykar,2299.0,1609.0,30.0
7061,15,Westernwear,kraus,1895.0,1705.0,10.0
7062,16,Westernwear,life,2638.2167045910855,99.0,44.84758845312988
7063,17,Westernwear,only,2699.0,1889.0,30.0
7064,18,Westernwear,van heusen,2638.2167045910855,2199.0,44.84758845312988
7065,19,Westernwear,vero moda,4299.0,3009.0,30.0
7066,20,Westernwear,only,4299.0,3009.0,30.0
7067,21,Westernwear,dolce crudo,2299.0,1149.0,50.0
7069,23,Westernwear,sera,1694.0,847.0,50.0
7070,24,Westernwear,sera,1298.0,584.0,55.0
7071,25,Westernwear,enamor,2638.2167045910855,1599.0,44.84758845312988
7072,0,Westernwear,crimsoune club,1499.0,899.0,40.0
7073,1,Westernwear,faballey,1500.0,1200.0,20.0
7074,2,Westernwear,samshek,2299.0,1609.0,30.0
7075,3,Westernwear,global desi,2699.0,1349.0,50.0
7076,4,Westernwear,vero moda,2799.0,1679.0,40.0
7077,5,Westernwear,zink z,2638.2167045910855,899.0,44.84758845312988
7078,6,Westernwear,allen solly,2638.2167045910855,599.0,44.84758845312988
7079,7,Westernwear,jealous 21,2638.2167045910855,999.0,44.84758845312988
7080,8,Westernwear,vero moda,3999.0,3199.0,20.0
7081,9,Westernwear,enamor,499.0,349.0,30.0
7082,10,Westernwear,dolce crudo,2499.0,1249.0,50.0
7083,11,Westernwear,crimsoune club,1399.0,979.0,30.0
7084,12,Westernwear,spykar,2899.0,2029.0,30.0
7085,13,Westernwear,only,2799.0,1399.0,50.0
7086,14,Westernwear,faballey,1950.0,975.0,50.0
7087,15,Westernwear,faballey,2500.0,1250.0,50.0
7088,16,Westernwear,global desi,2799.0,1819.0,35.0
7089,17,Westernwear,emblaze,2638.2167045910855,3000.0,44.84758845312988
7090,18,Westernwear,is.u,1699.0,849.0,50.0
7091,19,Westernwear,global desi,3999.0,3199.0,20.0
7092,20,Westernwear,only,3299.0,2309.0,30.0
7093,21,Westernwear,vero moda,2999.0,1799.0,40.0
7095,23,Westernwear,van heusen,2638.2167045910855,999.0,44.84758845312988
7096,24,Westernwear,zink london,1999.0,799.0,60.0
7097,25,Westernwear,life,499.0,249.0,50.0
7098,0,Westernwear,dolce crudo,2299.0,919.0,60.0
7099,1,Westernwear,kraus,1895.0,1326.0,30.0
7100,2,Westernwear,enamor,649.0,454.0,30.0
7101,3,Westernwear,enamor,2638.2167045910855,749.0,44.84758845312988
7102,4,Westernwear,crimsoune club,1599.0,799.0,50.0
7103,5,Westernwear,vero moda,3299.0,2639.0,20.0
7104,6,Westernwear,vero moda,2599.0,2079.0,20.0
7105,7,Westernwear,zink london,2299.0,919.0,60.0
7106,8,Westernwear,zink london,1599.0,1279.0,20.0
7107,9,Westernwear,pepe,3499.0,2099.0,40.0
7108,10,Westernwear,allen solly,1499.0,1199.0,20.0
7109,11,Westernwear,varanga,1299.0,519.0,60.0
7110,12,Westernwear,global desi,3999.0,1199.0,70.0
7111,13,Westernwear,mimosa,2490.0,1120.0,55.0
7112,14,Westernwear,is.u,2190.0,1095.0,50.0
7113,15,Westernwear,global desi,3499.0,1399.0,60.0
7114,16,Westernwear,and,1699.0,849.0,50.0
7115,17,Westernwear,and,1899.0,949.0,50.0
7116,18,Westernwear,and,2699.0,1349.0,50.0
7117,19,Westernwear,forever new,4000.0,2800.0,30.0
7118,20,Westernwear,spykar,1999.0,1399.0,30.0
7119,21,Westernwear,magre,1890.0,850.0,55.0
7121,23,Westernwear,faballey,1600.0,800.0,50.0
7122,24,Westernwear,faballey,2400.0,1200.0,50.0
7123,25,Westernwear,109f,2399.0,959.0,60.0
7124,0,Westernwear,crimsoune club,1899.0,949.0,50.0
7125,1,Westernwear,sera,1498.0,749.0,50.0
7126,2,Westernwear,and,2399.0,1199.0,50.0
7127,3,Westernwear,and,2499.0,1249.0,50.0
7128,4,Westernwear,faballey,1900.0,1520.0,20.0
7129,5,Westernwear,latin quarters,4499.0,3149.0,30.0
7130,6,Westernwear,zink london,1599.0,639.0,60.0
7131,7,Westernwear,marie claire,3799.0,1899.0,50.0
7132,8,Westernwear,enamor,1049.0,734.0,30.0
7133,9,Westernwear,pepe,2499.0,1499.0,40.0
7134,10,Westernwear,faballey,2800.0,1400.0,50.0
7135,11,Westernwear,zink london,1899.0,759.0,60.0
7136,12,Westernwear,zink london,1399.0,1119.0,20.0
7137,13,Westernwear,jockey,2638.2167045910855,218.0,44.84758845312988
7138,14,Westernwear,and,1799.0,1259.0,30.0
7139,15,Westernwear,faballey,1400.0,1120.0,20.0
7140,16,Westernwear,magre,2190.0,985.0,55.0
7141,17,Westernwear,janasya,1999.0,899.0,55.0
7142,18,Westernwear,dolce crudo,3199.0,1599.0,50.0
7143,19,Westernwear,adidas,2699.0,1889.0,30.0
7144,20,Westernwear,crimsoune club,1299.0,1039.0,20.0
7145,21,Westernwear,and,3299.0,1649.0,50.0
7147,23,Westernwear,w,2638.2167045910855,999.0,44.84758845312988
7148,24,Westernwear,crimsoune club,2699.0,1079.0,60.0
7149,25,Westernwear,kraus,1499.0,749.0,50.0
7150,0,Westernwear,adidas,1599.0,1119.0,30.0
7151,1,Westernwear,faballey,2200.0,1760.0,20.0
7152,2,Westernwear,is.u,2490.0,1245.0,50.0
7153,3,Westernwear,life,499.0,249.0,50.0
7154,4,Westernwear,madame,2199.0,1099.0,50.0
7155,5,Westernwear,pepe,2999.0,1799.0,40.0
7156,6,Westernwear,crimsoune club,1399.0,979.0,30.0
7157,7,Westernwear,vero moda,1899.0,1329.0,30.0
7158,8,Westernwear,only,1499.0,749.0,50.0
7159,9,Westernwear,faballey,2250.0,1125.0,50.0
7160,10,Westernwear,zink london,2699.0,1079.0,60.0
7161,11,Westernwear,vero moda,2638.2167045910855,4799.0,44.84758845312988
7162,12,Westernwear,van heusen,2638.2167045910855,1399.0,44.84758845312988
7163,13,Westernwear,altlife,499.0,249.0,50.0
7164,14,Westernwear,sera,1398.0,699.0,50.0
7165,15,Westernwear,campus sutra,2638.2167045910855,899.0,44.84758845312988
7166,16,Westernwear,faballey,1800.0,900.0,50.0
7167,17,Westernwear,kraus,2095.0,1466.0,30.0
7168,18,Westernwear,faballey,1400.0,1120.0,20.0
7169,19,Westernwear,allen solly,2299.0,1379.0,40.0
7170,20,Westernwear,samshek,2490.0,1992.0,20.0
7171,21,Westernwear,crimsoune club,1899.0,949.0,50.0
7173,23,Westernwear,faballey,2200.0,1100.0,50.0
7174,24,Westernwear,campus sutra,2638.2167045910855,1299.0,44.84758845312988
7175,25,Westernwear,zink z,2638.2167045910855,1499.0,44.84758845312988
7176,0,Westernwear,dolce crudo,2349.0,1291.0,45.0
7177,1,Westernwear,vero moda,2599.0,2079.0,20.0
7178,2,Westernwear,faballey,1400.0,700.0,50.0
7179,3,Westernwear,fratini,2638.2167045910855,799.0,44.84758845312988
7180,4,Westernwear,zink london,2299.0,1379.0,40.0
7181,5,Westernwear,gipsy,2638.2167045910855,2595.0,44.84758845312988
7182,6,Westernwear,gipsy,2195.0,1536.0,30.0
7183,7,Westernwear,jealous 21,2638.2167045910855,1899.0,44.84758845312988
7184,8,Westernwear,crimsoune club,1899.0,1519.0,20.0
7185,9,Westernwear,life,1699.0,849.0,50.0
7186,10,Westernwear,only,1699.0,1189.0,30.0
7187,11,Westernwear,109f,2499.0,999.0,60.0
7188,12,Westernwear,zink london,1699.0,1019.0,40.0
7189,13,Westernwear,reebok,3799.0,1899.0,50.0
7190,14,Westernwear,global desi,3499.0,2799.0,20.0
7191,15,Westernwear,juniper,3399.0,1529.0,55.0
7192,16,Westernwear,puma,2499.0,1749.0,30.0
7193,17,Westernwear,iti,2638.2167045910855,1699.0,44.84758845312988
7194,18,Westernwear,fila,2638.2167045910855,999.0,44.84758845312988
7195,19,Westernwear,crimsoune club,1499.0,1049.0,30.0
7196,20,Westernwear,sera,1398.0,699.0,50.0
7197,21,Westernwear,allen solly,3999.0,3199.0,20.0
7199,23,Westernwear,sera,1294.0,647.0,50.0
7200,24,Westernwear,kraus,999.0,699.0,30.0
7201,25,Westernwear,latin quarters,2699.0,1349.0,50.0
7202,0,Westernwear,vero moda,2599.0,1819.0,30.0
7203,1,Westernwear,pepe,2499.0,1499.0,40.0
7204,2,Westernwear,campus sutra,2638.2167045910855,1399.0,44.84758845312988
7205,3,Westernwear,faballey,2300.0,1150.0,50.0
7206,4,Westernwear,samshek,2638.2167045910855,2790.0,44.84758845312988
7207,5,Westernwear,louis philippe,3290.0,1645.0,50.0
7208,6,Westernwear,forever new,6200.0,4340.0,30.0
7209,7,Westernwear,indya,2100.0,1050.0,50.0
7210,8,Westernwear,vero moda,3299.0,1649.0,50.0
7211,9,Westernwear,sera,3998.0,1799.0,55.0
7212,10,Westernwear,hidesign,2638.2167045910855,495.0,44.84758845312988
7213,11,Westernwear,fratini,899.0,449.0,50.0
7214,12,Westernwear,latin quarters,2499.0,1249.0,50.0
7215,13,Westernwear,enamor,2638.2167045910855,799.0,44.84758845312988
7216,14,Westernwear,faballey,1400.0,700.0,50.0
7217,15,Westernwear,crimsoune club,1999.0,1599.0,20.0
7218,16,Westernwear,samshek,2900.0,2320.0,20.0
7219,17,Westernwear,spykar,1699.0,1189.0,30.0
7220,18,Westernwear,levis,2638.2167045910855,4599.0,44.84758845312988
7221,19,Westernwear,global desi,2299.0,919.0,60.0
7222,20,Westernwear,sera,1694.0,677.0,60.0
7223,21,Westernwear,iti,2638.2167045910855,1499.0,44.84758845312988
7225,23,Westernwear,de moza,2638.2167045910855,1499.0,44.84758845312988
7226,24,Westernwear,crimsoune club,1899.0,759.0,60.0
7227,25,Westernwear,sera,1298.0,584.0,55.0
7228,0,Westernwear,adidas,2999.0,2099.0,30.0
7229,1,Westernwear,dolce crudo,2349.0,1057.0,55.0
7230,2,Westernwear,sera,1494.0,597.0,60.0
7231,3,Westernwear,spykar,1099.0,769.0,30.0
7232,4,Westernwear,allen solly,2638.2167045910855,3799.0,44.84758845312988
7233,5,Westernwear,enamor,2638.2167045910855,899.0,44.84758845312988
7234,6,Westernwear,only,4499.0,2249.0,50.0
7235,7,Westernwear,jealous 21,2638.2167045910855,2199.0,44.84758845312988
7236,8,Westernwear,and,2499.0,1249.0,50.0
7237,9,Westernwear,crimsoune club,1899.0,1139.0,40.0
7238,10,Westernwear,and,1699.0,849.0,50.0
7239,11,Westernwear,and,2699.0,1349.0,50.0
7240,12,Westernwear,only,2638.2167045910855,1999.0,44.84758845312988
7241,13,Westernwear,and,2899.0,1449.0,50.0
7242,14,Westernwear,life,899.0,449.0,50.0
7243,15,Westernwear,latin quarters,799.0,499.0,38.0
7244,16,Westernwear,vero moda,3499.0,2449.0,30.0
7245,17,Westernwear,zink london,1999.0,799.0,60.0
7246,18,Westernwear,latin quarters,1399.0,499.0,64.0
7247,19,Westernwear,zink london,3299.0,1319.0,60.0
7248,20,Westernwear,miss chase,2638.2167045910855,2299.0,44.84758845312988
7249,21,Westernwear,and,2899.0,1449.0,50.0
7251,23,Westernwear,rare,1499.0,599.0,60.0
7252,24,Westernwear,cover story,1290.0,690.0,47.0
7253,25,Westernwear,miss chase,2638.2167045910855,2299.0,44.84758845312988
7254,0,Westernwear,rare,1499.0,599.0,60.0
7255,1,Westernwear,global desi,1699.0,509.0,70.0
7256,2,Westernwear,rare,1399.0,629.0,55.0
7257,3,Westernwear,allen solly,1799.0,1439.0,20.0
7258,4,Westernwear,kraus,1395.0,697.0,50.0
7259,5,Westernwear,and,2638.2167045910855,2999.0,44.84758845312988
7260,6,Westernwear,faballey,2600.0,1300.0,50.0
7261,7,Westernwear,faballey,2100.0,1050.0,50.0
7262,8,Westernwear,magre,3690.0,2029.0,45.0
7263,9,Westernwear,is.u,990.0,495.0,50.0
7264,10,Westernwear,and,2638.2167045910855,2699.0,44.84758845312988
7265,11,Westernwear,iti,2638.2167045910855,1699.0,44.84758845312988
7266,12,Westernwear,faballey,2200.0,1100.0,50.0
7267,13,Westernwear,global desi,1599.0,959.0,40.0
7268,14,Westernwear,is.u,2490.0,1245.0,50.0
7269,15,Westernwear,109f,1799.0,719.0,60.0
7270,16,Westernwear,faballey,2200.0,1100.0,50.0
7271,17,Westernwear,faballey,1600.0,800.0,50.0
7272,18,Westernwear,iti,2638.2167045910855,3499.0,44.84758845312988
7273,19,Westernwear,global desi,1599.0,639.0,60.0
7274,20,Westernwear,puma,1499.0,1049.0,30.0
7275,21,Westernwear,lovegen,1899.0,569.0,70.0
7277,23,Westernwear,zink london,1499.0,599.0,60.0
7278,24,Westernwear,latin quarters,2799.0,799.0,71.0
7279,25,Westernwear,is.u,1890.0,945.0,50.0
7280,0,Westernwear,sera,1094.0,547.0,50.0
7281,1,Westernwear,latin quarters,2999.0,2099.0,30.0
7282,2,Westernwear,is.u,2190.0,985.0,55.0
7283,3,Westernwear,zink london,1399.0,499.0,64.0
7284,4,Westernwear,madame,1899.0,949.0,50.0
7285,5,Westernwear,latin quarters,2399.0,1679.0,30.0
7286,6,Westernwear,zink london,1399.0,559.0,60.0
7287,7,Westernwear,sera,1998.0,799.0,60.0
7288,8,Westernwear,indya,1600.0,800.0,50.0
7289,9,Westernwear,and,2638.2167045910855,2499.0,44.84758845312988
7290,10,Westernwear,latin quarters,1399.0,499.0,64.0
7291,11,Westernwear,latin quarters,2638.2167045910855,2999.0,44.84758845312988
7292,12,Westernwear,latin quarters,4499.0,3149.0,30.0
7293,13,Westernwear,and,2999.0,2099.0,30.0
7294,14,Westernwear,and,2899.0,2029.0,30.0
7295,15,Westernwear,marie claire,1899.0,949.0,50.0
7296,16,Westernwear,van heusen,2638.2167045910855,3999.0,44.84758845312988
7297,17,Westernwear,jealous 21,2638.2167045910855,1099.0,44.84758845312988
7298,18,Westernwear,global desi,2699.0,1349.0,50.0
7299,19,Westernwear,faballey,1950.0,1560.0,20.0
7300,20,Westernwear,global desi,1699.0,849.0,50.0
7301,21,Westernwear,vero moda,2299.0,1609.0,30.0
7303,23,Westernwear,109f,1599.0,639.0,60.0
7304,24,Westernwear,dolce crudo,2399.0,1079.0,55.0
7305,25,Westernwear,vero moda,2499.0,1999.0,20.0
7306,0,Westernwear,samshek,2490.0,2241.0,10.0
7307,1,Westernwear,fratini,599.0,299.0,50.0
7308,2,Westernwear,life,2638.2167045910855,299.0,44.84758845312988
7309,3,Westernwear,zink z,2638.2167045910855,1399.0,44.84758845312988
7310,4,Westernwear,madame,2299.0,1149.0,50.0
7311,5,Westernwear,stop,2999.0,1499.0,50.0
7312,6,Westernwear,van heusen,2638.2167045910855,3299.0,44.84758845312988
7313,7,Westernwear,reebok,2999.0,1499.0,50.0
7314,8,Westernwear,levis,2638.2167045910855,1599.0,44.84758845312988
7315,9,Westernwear,enamor,2638.2167045910855,1599.0,44.84758845312988
7316,10,Westernwear,zink london,2299.0,919.0,60.0
7317,11,Westernwear,magre,1590.0,874.0,45.0
7318,12,Westernwear,fratini,1699.0,849.0,50.0
7319,13,Westernwear,samshek,2990.0,2093.0,30.0
7320,14,Westernwear,reebok,2499.0,1249.0,50.0
7322,16,Westernwear,madame,1799.0,899.0,50.0
7323,17,Westernwear,faballey,1500.0,1200.0,20.0
7324,18,Westernwear,life,399.0,199.0,50.0
7325,19,Westernwear,u.s. polo assn.,2638.2167045910855,499.0,44.84758845312988
7326,20,Westernwear,global desi,1599.0,639.0,60.0
7327,21,Westernwear,puma,2299.0,1609.0,30.0
7329,23,Westernwear,van heusen,2638.2167045910855,1199.0,44.84758845312988
7330,24,Westernwear,cover story,2638.2167045910855,2890.0,44.84758845312988
7331,25,Westernwear,van heusen,2638.2167045910855,1499.0,44.84758845312988
7332,0,Westernwear,emblaze,2638.2167045910855,3000.0,44.84758845312988
7333,1,Westernwear,sera,2998.0,1349.0,55.0
7334,2,Westernwear,jealous 21,2638.2167045910855,899.0,44.84758845312988
7335,3,Westernwear,allen solly,1699.0,1499.0,12.0
7336,4,Westernwear,crimsoune club,1799.0,1079.0,40.0
7337,5,Westernwear,kraus,2095.0,1047.0,50.0
7338,6,Westernwear,black panther,2638.2167045910855,299.0,44.84758845312988
7339,7,Westernwear,sera,1998.0,899.0,55.0
7340,8,Westernwear,dolce crudo,1799.0,719.0,60.0
7341,9,Westernwear,van heusen,2638.2167045910855,1999.0,44.84758845312988
7342,10,Westernwear,ayesha,999.0,499.0,50.0
7343,11,Westernwear,life,2638.2167045910855,299.0,44.84758845312988
7344,12,Westernwear,pepe,2199.0,1319.0,40.0
7345,13,Westernwear,samshek,2638.2167045910855,1649.0,44.84758845312988
7346,14,Westernwear,emblaze,2638.2167045910855,2500.0,44.84758845312988
7347,15,Westernwear,lovegen,2699.0,1349.0,50.0
7348,16,Westernwear,dolce crudo,4995.0,1998.0,60.0
7349,17,Westernwear,de moza,2638.2167045910855,1499.0,44.84758845312988
7350,18,Westernwear,emblaze,2638.2167045910855,2600.0,44.84758845312988
7351,19,Westernwear,levis,2638.2167045910855,2399.0,44.84758845312988
7352,20,Westernwear,sera,1094.0,437.0,60.0
7353,21,Westernwear,puma,1999.0,1399.0,30.0
7355,23,Westernwear,only,1999.0,1399.0,30.0
7356,24,Westernwear,vero moda,1299.0,1039.0,20.0
7357,25,Westernwear,crimsoune club,899.0,629.0,30.0
7358,0,Westernwear,109f,2638.2167045910855,1599.0,44.84758845312988
7359,1,Westernwear,stop,2638.2167045910855,899.0,44.84758845312988
7360,2,Westernwear,sera,1498.0,749.0,50.0
7361,3,Westernwear,levis,2638.2167045910855,2799.0,44.84758845312988
7362,4,Westernwear,samshek,1390.0,1112.0,20.0
7363,5,Westernwear,campus sutra,2638.2167045910855,1299.0,44.84758845312988
7364,6,Westernwear,only,1999.0,999.0,50.0
7365,7,Westernwear,vero moda,1999.0,1399.0,30.0
7366,8,Westernwear,zink london,1399.0,839.0,40.0
7367,9,Westernwear,only,1999.0,1399.0,30.0
7368,10,Westernwear,life,2638.2167045910855,99.0,44.84758845312988
7369,11,Westernwear,crimsoune club,1999.0,999.0,50.0
7370,12,Westernwear,madame,2638.2167045910855,999.0,44.84758845312988
7371,13,Westernwear,cover story,1290.0,903.0,30.0
7372,14,Westernwear,crimsoune club,1999.0,1199.0,40.0
7373,15,Westernwear,stop,2638.2167045910855,899.0,44.84758845312988
7374,16,Westernwear,samshek,2490.0,1992.0,20.0
7375,17,Westernwear,crimsoune club,1899.0,949.0,50.0
7376,18,Westernwear,sera,1998.0,799.0,60.0
7377,19,Westernwear,vero moda,2999.0,1799.0,40.0
7378,20,Westernwear,faballey,1800.0,900.0,50.0
7379,21,Westernwear,lovegen,1099.0,439.0,60.0
7381,23,Westernwear,and,1899.0,1519.0,20.0
7382,24,Westernwear,stop,2638.2167045910855,1299.0,44.84758845312988
7383,25,Westernwear,madame,1899.0,949.0,50.0
7384,0,Westernwear,miss chase,2638.2167045910855,2249.0,44.84758845312988
7385,1,Westernwear,cover story,1490.0,690.0,54.0
7386,2,Westernwear,and,1799.0,1259.0,30.0
7387,3,Westernwear,latin quarters,1299.0,649.0,50.0
7388,4,Westernwear,sera,1498.0,599.0,60.0
7389,5,Westernwear,latin quarters,1999.0,999.0,50.0
7390,6,Westernwear,and,2899.0,1449.0,50.0
7391,7,Westernwear,van heusen,1299.0,999.0,23.0
7392,8,Westernwear,dolce crudo,1149.0,574.0,50.0
7393,9,Westernwear,allen solly,2499.0,1499.0,40.0
7394,10,Westernwear,allen solly,2638.2167045910855,1499.0,44.84758845312988
7395,11,Westernwear,iti,2638.2167045910855,1599.0,44.84758845312988
7396,12,Westernwear,kraus,2095.0,1047.0,50.0
7397,13,Westernwear,faballey,2200.0,1760.0,20.0
7398,14,Westernwear,magre,2290.0,1374.0,40.0
7399,15,Westernwear,is.u,2790.0,1395.0,50.0
7400,16,Westernwear,and,1299.0,909.0,30.0
7401,17,Westernwear,and,1699.0,1189.0,30.0
7402,18,Westernwear,and,2638.2167045910855,1899.0,44.84758845312988
7403,19,Westernwear,and,2199.0,1759.0,20.0
7404,20,Westernwear,zink london,1499.0,599.0,60.0
7405,21,Westernwear,and,2599.0,1299.0,50.0
7407,23,Westernwear,faballey,1950.0,975.0,50.0
7408,24,Westernwear,magre,2490.0,1494.0,40.0
7409,25,Westernwear,latin quarters,1999.0,799.0,60.0
7410,0,Westernwear,kraus,1295.0,647.0,50.0
7411,1,Westernwear,and,2699.0,1349.0,50.0
7412,2,Westernwear,iti,2638.2167045910855,2499.0,44.84758845312988
7413,3,Westernwear,crimsoune club,1299.0,779.0,40.0
7414,4,Westernwear,crimsoune club,1999.0,1399.0,30.0
7415,5,Westernwear,sera,1094.0,547.0,50.0
7416,6,Westernwear,and,3799.0,1899.0,50.0
7417,7,Westernwear,and,2499.0,1624.0,35.0
7418,8,Westernwear,faballey,1300.0,650.0,50.0
7419,9,Westernwear,and,1999.0,999.0,50.0
7420,10,Westernwear,and,1499.0,749.0,50.0
7421,11,Westernwear,and,2899.0,1449.0,50.0
7422,12,Westernwear,latin quarters,1499.0,749.0,50.0
7423,13,Westernwear,zink london,1599.0,639.0,60.0
7424,14,Westernwear,latin quarters,1999.0,999.0,50.0
7425,15,Westernwear,latin quarters,1350.0,499.0,63.0
7426,16,Westernwear,and,4499.0,2924.0,35.0
7427,17,Westernwear,and,1899.0,1329.0,30.0
7428,18,Westernwear,marie claire,1999.0,999.0,50.0
7429,19,Westernwear,rare,1999.0,899.0,55.0
7430,20,Westernwear,marie claire,1899.0,949.0,50.0
7431,21,Westernwear,and,1799.0,1259.0,30.0
7433,23,Westernwear,magre,1790.0,1163.0,35.0
7434,24,Westernwear,samshek,1890.0,1701.0,10.0
7435,25,Westernwear,vero moda,2999.0,2099.0,30.0
7436,0,Westernwear,dolce crudo,1249.0,624.0,50.0
7437,1,Westernwear,and,2699.0,1889.0,30.0
7438,2,Westernwear,adidas,3299.0,2309.0,30.0
7439,3,Westernwear,crimsoune club,1999.0,799.0,60.0
7440,4,Westernwear,adidas,1999.0,999.0,50.0
7441,5,Westernwear,kraus,1695.0,847.0,50.0
7442,6,Westernwear,crimsoune club,1699.0,1019.0,40.0
7443,7,Westernwear,sera,1898.0,854.0,55.0
7444,8,Westernwear,adidas,1799.0,1259.0,30.0
7445,9,Westernwear,infuse,1699.0,509.0,70.0
7446,10,Westernwear,zink london,2499.0,1999.0,20.0
7447,11,Westernwear,proline,1199.0,839.0,30.0
7448,12,Westernwear,campus sutra,2638.2167045910855,1399.0,44.84758845312988
7449,13,Westernwear,emblaze,2638.2167045910855,2800.0,44.84758845312988
7450,14,Westernwear,spykar,1999.0,1399.0,30.0
7451,15,Westernwear,faballey,1800.0,900.0,50.0
7452,16,Westernwear,enamor,2638.2167045910855,799.0,44.84758845312988
7453,17,Westernwear,vero moda,1999.0,1199.0,40.0
7454,18,Westernwear,emblaze,2638.2167045910855,3000.0,44.84758845312988
7455,19,Westernwear,crimsoune club,1299.0,909.0,30.0
7456,20,Westernwear,fila,2638.2167045910855,1299.0,44.84758845312988
7457,21,Westernwear,kraus,1295.0,647.0,50.0
7459,23,Westernwear,only,2299.0,1609.0,30.0
7460,24,Westernwear,infuse,699.0,419.0,40.0
7461,25,Westernwear,faballey,2200.0,1760.0,20.0
7462,0,Westernwear,and,1999.0,1399.0,30.0
7463,1,Westernwear,vero moda,3999.0,1999.0,50.0
7464,2,Westernwear,global desi,2499.0,1249.0,50.0
7465,3,Westernwear,life,2638.2167045910855,99.0,44.84758845312988
7466,4,Westernwear,reebok,3299.0,1649.0,50.0
7467,5,Westernwear,cover story,2638.2167045910855,890.0,44.84758845312988
7468,6,Westernwear,zink london,2499.0,999.0,60.0
7469,7,Westernwear,vero moda,1599.0,959.0,40.0
7470,8,Westernwear,puma,1999.0,1399.0,30.0
7471,9,Westernwear,and,1799.0,899.0,50.0
7472,10,Westernwear,crimsoune club,2299.0,2069.0,10.0
7473,11,Westernwear,vero moda,3499.0,2799.0,20.0
7474,12,Westernwear,only,4299.0,3439.0,20.0
7475,13,Westernwear,109f,2299.0,919.0,60.0
7476,14,Westernwear,is.u,2190.0,766.0,65.0
7477,15,Westernwear,latin quarters,2399.0,1199.0,50.0
7478,16,Westernwear,soie,590.0,442.0,25.0
7479,17,Westernwear,vero moda,2599.0,1559.0,40.0
7480,18,Westernwear,van heusen,2638.2167045910855,1299.0,44.84758845312988
7481,19,Westernwear,faballey,1950.0,975.0,50.0
7482,20,Westernwear,allen solly,1799.0,1079.0,40.0
7483,21,Westernwear,sera,1094.0,437.0,60.0
7485,23,Westernwear,zink london,1999.0,1199.0,40.0
7486,24,Westernwear,emblaze,2638.2167045910855,3000.0,44.84758845312988
7487,25,Westernwear,samshek,1990.0,1592.0,20.0
7488,0,Westernwear,vero moda,2799.0,2239.0,20.0
7489,1,Westernwear,gipsy,2638.2167045910855,1695.0,44.84758845312988
7490,2,Westernwear,crimsoune club,1299.0,1039.0,20.0
7491,3,Westernwear,proline,899.0,449.0,50.0
7492,4,Westernwear,puma,1799.0,1259.0,30.0
7493,5,Westernwear,kraus,1199.0,839.0,30.0
7494,6,Westernwear,global desi,5299.0,4239.0,20.0
7495,7,Westernwear,campus sutra,2638.2167045910855,999.0,44.84758845312988
7496,8,Westernwear,sweet dreams,1449.0,1014.0,30.0
7497,9,Westernwear,stop,2638.2167045910855,1299.0,44.84758845312988
7498,10,Westernwear,latin quarters,2799.0,1399.0,50.0
7499,11,Westernwear,spykar,2799.0,1959.0,30.0
7500,12,Westernwear,only,4299.0,3439.0,20.0
7501,13,Westernwear,crimsoune club,2499.0,999.0,60.0
7502,14,Westernwear,jealous 21,2638.2167045910855,899.0,44.84758845312988
7503,15,Westernwear,proline,1199.0,839.0,30.0
7504,16,Westernwear,vero moda,3499.0,2799.0,20.0
7505,17,Westernwear,and,4299.0,3439.0,20.0
7506,18,Westernwear,enamor,2638.2167045910855,899.0,44.84758845312988
7507,19,Westernwear,global desi,1299.0,519.0,60.0
7508,20,Westernwear,spykar,1099.0,769.0,30.0
7509,21,Westernwear,dolce crudo,1999.0,799.0,60.0
7511,23,Westernwear,dolce crudo,3199.0,1279.0,60.0
7512,24,Westernwear,de moza,2638.2167045910855,1999.0,44.84758845312988
7513,25,Westernwear,109f,2499.0,999.0,60.0
7514,0,Westernwear,109f,2638.2167045910855,2499.0,44.84758845312988
7515,1,Westernwear,faballey,2100.0,1050.0,50.0
7516,2,Westernwear,fila,2638.2167045910855,999.0,44.84758845312988
7517,3,Westernwear,emblaze,2638.2167045910855,3500.0,44.84758845312988
7518,4,Westernwear,and,4499.0,2249.0,50.0
7519,5,Westernwear,zink london,1499.0,599.0,60.0
7520,6,Westernwear,faballey,1500.0,750.0,50.0
7521,7,Westernwear,spykar,999.0,699.0,30.0
7522,8,Westernwear,sera,1094.0,437.0,60.0
7523,9,Westernwear,campus sutra,2638.2167045910855,1399.0,44.84758845312988
7524,10,Westernwear,life,299.0,149.0,50.0
7525,11,Westernwear,kraus,999.0,699.0,30.0
7526,12,Westernwear,only,1499.0,899.0,40.0
7527,13,Westernwear,crimsoune club,1799.0,899.0,50.0
7528,14,Westernwear,sera,1094.0,437.0,60.0
7529,15,Westernwear,global desi,3499.0,2799.0,20.0
7530,16,Westernwear,vero moda,1299.0,909.0,30.0
7531,17,Westernwear,109f,2499.0,999.0,60.0
7532,18,Westernwear,only,2299.0,1379.0,40.0
7533,19,Westernwear,w,2638.2167045910855,799.0,44.84758845312988
7534,20,Westernwear,gipsy,1495.0,1046.0,30.0
7535,21,Westernwear,kraus,1299.0,649.0,50.0
7537,23,Westernwear,and,1899.0,1234.0,35.0
7538,24,Westernwear,spykar,2699.0,1889.0,30.0
7539,25,Westernwear,dolce crudo,2199.0,879.0,60.0
7540,0,Westernwear,samshek,2638.2167045910855,4000.0,44.84758845312988
7541,1,Westernwear,zink london,3699.0,1479.0,60.0
7542,2,Westernwear,only,4299.0,3009.0,30.0
7543,3,Westernwear,madame,2638.2167045910855,1599.0,44.84758845312988
7544,4,Westernwear,dolce crudo,2995.0,1198.0,60.0
7545,5,Westernwear,campus sutra,2638.2167045910855,1499.0,44.84758845312988
7546,6,Westernwear,global desi,999.0,399.0,60.0
7547,7,Westernwear,faballey,2600.0,2080.0,20.0
7548,8,Westernwear,cover story,990.0,690.0,30.0
7549,9,Westernwear,latin quarters,2399.0,1199.0,50.0
7550,10,Westernwear,zink london,1499.0,499.0,67.0
7551,11,Westernwear,zink london,2799.0,1119.0,60.0
7552,12,Westernwear,zink london,1699.0,679.0,60.0
7553,13,Westernwear,adidas,4299.0,3009.0,30.0
7554,14,Westernwear,zink london,3699.0,1479.0,60.0
7555,15,Westernwear,stop,2638.2167045910855,1499.0,44.84758845312988
7556,16,Westernwear,zink london,3999.0,1599.0,60.0
7557,17,Westernwear,kraus,1499.0,749.0,50.0
7558,18,Westernwear,miss chase,2638.2167045910855,2199.0,44.84758845312988
7559,19,Westernwear,juniper,4048.0,1821.0,55.0
7560,20,Westernwear,crimsoune club,1999.0,999.0,50.0
7561,21,Westernwear,faballey,1600.0,800.0,50.0
7563,23,Westernwear,faballey,2300.0,1150.0,50.0
7564,24,Westernwear,faballey,1650.0,825.0,50.0
7565,25,Westernwear,van heusen,1699.0,999.0,41.0
7566,0,Westernwear,campus sutra,2638.2167045910855,1599.0,44.84758845312988
7567,1,Westernwear,109f,1799.0,719.0,60.0
7568,2,Westernwear,dolce crudo,1599.0,639.0,60.0
7569,3,Westernwear,kraus,1795.0,897.0,50.0
7570,4,Westernwear,zink london,1999.0,499.0,75.0
7571,5,Westernwear,and,1899.0,1329.0,30.0
7572,6,Westernwear,is.u,3290.0,1645.0,50.0
7573,7,Westernwear,sera,1698.0,849.0,50.0
7574,8,Westernwear,fratini,1499.0,749.0,50.0
7575,9,Westernwear,cover story,1290.0,690.0,47.0
7576,10,Westernwear,enamor,899.0,629.0,30.0
7577,11,Westernwear,emblaze,2638.2167045910855,2600.0,44.84758845312988
7578,12,Westernwear,fratini,2999.0,1499.0,50.0
7579,13,Westernwear,global desi,1799.0,899.0,50.0
7580,14,Westernwear,magre,2790.0,1116.0,60.0
7581,15,Westernwear,magre,1690.0,676.0,60.0
7582,16,Westernwear,faballey,2400.0,1200.0,50.0
7583,17,Westernwear,kraus,1895.0,947.0,50.0
7584,18,Westernwear,insense,499.0,249.0,50.0
7585,19,Westernwear,latin quarters,2299.0,799.0,65.0
7586,20,Westernwear,reebok,1499.0,749.0,50.0
7587,21,Westernwear,insense,2638.2167045910855,1299.0,44.84758845312988
7589,23,Westernwear,sera,1494.0,747.0,50.0
7590,24,Westernwear,109f,999.0,399.0,60.0
7591,25,Westernwear,crimsoune club,2499.0,999.0,60.0
7592,0,Westernwear,pepe,2199.0,1319.0,40.0
7593,1,Westernwear,gipsy,4395.0,3076.0,30.0
7594,2,Westernwear,global desi,1599.0,959.0,40.0
7595,3,Westernwear,zink london,2999.0,1199.0,60.0
7596,4,Westernwear,latin quarters,2499.0,1249.0,50.0
7597,5,Westernwear,and,1699.0,849.0,50.0
7598,6,Westernwear,marie claire,1699.0,849.0,50.0
7599,7,Westernwear,zink london,1799.0,719.0,60.0
7600,8,Westernwear,stop,399.0,199.0,50.0
7601,9,Westernwear,samshek,1990.0,1592.0,20.0
7602,10,Westernwear,dolce crudo,2449.0,1224.0,50.0
7603,11,Westernwear,iti,2638.2167045910855,1599.0,44.84758845312988
7604,12,Westernwear,dolce crudo,3099.0,1239.0,60.0
7605,13,Westernwear,giordano,2638.2167045910855,599.0,44.84758845312988
7606,14,Westernwear,is.u,890.0,445.0,50.0
7607,15,Westernwear,vero moda,2499.0,1999.0,20.0
7608,16,Westernwear,spykar,1099.0,769.0,30.0
7609,17,Westernwear,and,2499.0,1999.0,20.0
7610,18,Westernwear,crimsoune club,3199.0,1599.0,50.0
7611,19,Westernwear,sera,1198.0,479.0,60.0
7613,21,Westernwear,adidas,1199.0,599.0,50.0
7615,23,Westernwear,emblaze,2638.2167045910855,2600.0,44.84758845312988
7616,24,Westernwear,sweet dreams,469.0,422.0,10.0
7617,25,Westernwear,madame,1899.0,949.0,50.0
7618,0,Westernwear,jealous 21,2638.2167045910855,999.0,44.84758845312988
7619,1,Westernwear,indya,3400.0,1700.0,50.0
7620,2,Westernwear,faballey,1700.0,1360.0,20.0
7621,3,Westernwear,zink london,1599.0,1279.0,20.0
7622,4,Westernwear,kraus,1299.0,909.0,30.0
7623,5,Westernwear,faballey,2400.0,1200.0,50.0
7624,6,Westernwear,109f,2899.0,1159.0,60.0
7625,7,Westernwear,reebok,3999.0,1999.0,50.0
7626,8,Westernwear,campus sutra,2638.2167045910855,1999.0,44.84758845312988
7627,9,Westernwear,faballey,1900.0,950.0,50.0
7628,10,Westernwear,sera,1594.0,717.0,55.0
7629,11,Westernwear,sera,1899.0,759.0,60.0
7630,12,Westernwear,vero moda,1299.0,779.0,40.0
7631,13,Westernwear,gipsy,1595.0,1116.0,30.0
7632,14,Westernwear,magre,1790.0,1163.0,35.0
7633,15,Westernwear,iti,2638.2167045910855,1899.0,44.84758845312988
7634,16,Westernwear,stop,1999.0,999.0,50.0
7635,17,Westernwear,van heusen,2638.2167045910855,1499.0,44.84758845312988
7636,18,Westernwear,enamor,2638.2167045910855,1699.0,44.84758845312988
7637,19,Westernwear,campus sutra,2638.2167045910855,1399.0,44.84758845312988
7638,20,Westernwear,karrot,2638.2167045910855,1999.0,44.84758845312988
7639,21,Westernwear,global desi,3499.0,2274.0,35.0
7641,23,Westernwear,vero moda,3299.0,2639.0,20.0
7642,24,Westernwear,vero moda,1299.0,1039.0,20.0
7643,25,Westernwear,is.u,2190.0,1095.0,50.0
7644,0,Westernwear,is.u,2190.0,1095.0,50.0
7645,1,Westernwear,adidas,2299.0,1609.0,30.0
7646,2,Westernwear,vero moda,2299.0,1839.0,20.0
7647,3,Westernwear,faballey,2150.0,1720.0,20.0
7648,4,Westernwear,travel blue,2638.2167045910855,499.0,44.84758845312988
7649,5,Westernwear,and,1899.0,949.0,50.0
7650,6,Westernwear,van heusen,2638.2167045910855,1029.0,44.84758845312988
7651,7,Westernwear,crimsoune club,999.0,499.0,50.0
7652,8,Westernwear,and,2999.0,1499.0,50.0
7653,9,Westernwear,sera,3998.0,1799.0,55.0
7654,10,Westernwear,w,2638.2167045910855,3999.0,44.84758845312988
7655,11,Westernwear,iti,2638.2167045910855,3499.0,44.84758845312988
7656,12,Westernwear,vero moda,4799.0,2879.0,40.0
7657,13,Westernwear,samshek,990.0,792.0,20.0
7658,14,Westernwear,gipsy,2638.2167045910855,1995.0,44.84758845312988
7659,15,Westernwear,spykar,2899.0,2029.0,30.0
7660,16,Westernwear,latin quarters,1399.0,979.0,30.0
7661,17,Westernwear,vero moda,2599.0,1819.0,30.0
7662,18,Westernwear,reebok,1899.0,949.0,50.0
7663,19,Westernwear,faballey,1500.0,1200.0,20.0
7664,20,Westernwear,enamor,2638.2167045910855,849.0,44.84758845312988
7665,21,Westernwear,de moza,2638.2167045910855,1499.0,44.84758845312988
7667,23,Westernwear,enamor,2638.2167045910855,899.0,44.84758845312988
7668,24,Westernwear,kraus,999.0,899.0,10.0
7669,25,Westernwear,campus sutra,2638.2167045910855,1399.0,44.84758845312988
7670,0,Westernwear,vero moda,2999.0,2099.0,30.0
7671,1,Westernwear,spykar,2299.0,1609.0,30.0
7672,2,Westernwear,sera,1694.0,847.0,50.0
7673,3,Westernwear,samshek,1870.0,1683.0,10.0
7674,4,Westernwear,only,1999.0,1199.0,40.0
7675,5,Westernwear,enamor,2638.2167045910855,1699.0,44.84758845312988
7676,6,Westernwear,sera,1494.0,747.0,50.0
7677,7,Westernwear,vero moda,3499.0,2449.0,30.0
7678,8,Westernwear,faballey,2100.0,1050.0,50.0
7679,9,Westernwear,levis,2638.2167045910855,2999.0,44.84758845312988
7680,10,Westernwear,cover story,890.0,623.0,30.0
7681,11,Westernwear,only,1999.0,1399.0,30.0
7682,12,Westernwear,only,3999.0,2799.0,30.0
7683,13,Westernwear,global desi,2638.2167045910855,1699.0,44.84758845312988
7684,14,Westernwear,and,2899.0,2319.0,20.0
7685,15,Westernwear,cover story,1290.0,903.0,30.0
7686,16,Westernwear,mystere paris,1899.0,1139.0,40.0
7687,17,Westernwear,zink london,1399.0,559.0,60.0
7688,18,Westernwear,crimsoune club,1499.0,899.0,40.0
7689,19,Westernwear,rare,1699.0,679.0,60.0
7690,20,Westernwear,zink london,1999.0,799.0,60.0
7691,21,Westernwear,erotissch,2399.0,1199.0,50.0
7693,23,Westernwear,and,1899.0,949.0,50.0
7694,24,Westernwear,monte carlo,2638.2167045910855,930.0,44.84758845312988
7695,25,Westernwear,lovegen,2599.0,1039.0,60.0
7696,0,Westernwear,latin quarters,2499.0,1249.0,50.0
7697,1,Westernwear,zink london,3199.0,899.0,72.0
7698,2,Westernwear,and,2999.0,1499.0,50.0
7699,3,Westernwear,faballey,1500.0,750.0,50.0
7700,4,Westernwear,and,4499.0,2249.0,50.0
7701,5,Westernwear,adidas,2299.0,1609.0,30.0
7702,6,Westernwear,latin quarters,2999.0,2099.0,30.0
7703,7,Westernwear,fratini,1199.0,599.0,50.0
7704,8,Westernwear,faballey,2800.0,1400.0,50.0
7705,9,Westernwear,iti,2638.2167045910855,2799.0,44.84758845312988
7706,10,Westernwear,stop,2638.2167045910855,1499.0,44.84758845312988
7707,11,Westernwear,vero moda,2299.0,1839.0,20.0
7708,12,Westernwear,kraus,1795.0,897.0,50.0
7709,13,Westernwear,faballey,2200.0,1760.0,20.0
7710,14,Westernwear,iti,2638.2167045910855,1799.0,44.84758845312988
7711,15,Westernwear,109f,1999.0,799.0,60.0
7712,16,Westernwear,and,1699.0,849.0,50.0
7713,17,Westernwear,samshek,2638.2167045910855,1990.0,44.84758845312988
7714,18,Westernwear,global desi,2399.0,1439.0,40.0
7715,19,Westernwear,faballey,1400.0,700.0,50.0
7716,20,Westernwear,magre,3690.0,2029.0,45.0
7717,21,Westernwear,indya,2900.0,1450.0,50.0
7719,23,Westernwear,crimsoune club,1899.0,949.0,50.0
7720,24,Westernwear,marie claire,1499.0,674.0,55.0
7721,25,Westernwear,and,2299.0,1609.0,30.0
7722,0,Westernwear,marie claire,1499.0,674.0,55.0
7723,1,Westernwear,dolce crudo,4149.0,1244.0,70.0
7724,2,Westernwear,dolce crudo,2299.0,1034.0,55.0
7725,3,Westernwear,jealous 21,2638.2167045910855,999.0,44.84758845312988
7726,4,Westernwear,latin quarters,2499.0,1749.0,30.0
7727,5,Westernwear,is.u,2190.0,1095.0,50.0
7728,6,Westernwear,and,2699.0,1349.0,50.0
7729,7,Westernwear,enamor,1699.0,1189.0,30.0
7730,8,Westernwear,faballey,1600.0,800.0,50.0
7731,9,Westernwear,dolce crudo,2549.0,1019.0,60.0
7732,10,Westernwear,dolce crudo,2499.0,1249.0,50.0
7733,11,Westernwear,fratini,2638.2167045910855,999.0,44.84758845312988
7734,12,Westernwear,vero moda,3999.0,3199.0,20.0
7735,13,Westernwear,and,2699.0,1349.0,50.0
7736,14,Westernwear,magre,3690.0,1660.0,55.0
7737,15,Westernwear,pepe,1499.0,899.0,40.0
7738,16,Westernwear,lovegen,1399.0,559.0,60.0
7739,17,Westernwear,and,1799.0,899.0,50.0
7740,18,Westernwear,indya,1400.0,700.0,50.0
7741,19,Westernwear,vero moda,2299.0,1839.0,20.0
7742,20,Westernwear,faballey,1950.0,1560.0,20.0
7743,21,Westernwear,lovegen,1399.0,419.0,70.0
7745,23,Westernwear,vero moda,2299.0,1609.0,30.0
7746,24,Westernwear,and,2499.0,2249.0,10.0
7747,25,Westernwear,sera,299.0,209.0,30.0
7748,0,Westernwear,is.u,2490.0,1245.0,50.0
7749,1,Westernwear,samshek,2980.0,2086.0,30.0
7750,2,Westernwear,samshek,1990.0,1592.0,20.0
7751,3,Westernwear,vero moda,3499.0,2099.0,40.0
7752,4,Westernwear,campus sutra,2638.2167045910855,1099.0,44.84758845312988
7753,5,Westernwear,and,1899.0,1329.0,30.0
7754,6,Westernwear,vero moda,2999.0,2399.0,20.0
7755,7,Westernwear,get wrapped,2638.2167045910855,599.0,44.84758845312988
7756,8,Westernwear,van heusen,2638.2167045910855,859.0,44.84758845312988
7757,9,Westernwear,kraus,1795.0,1615.0,10.0
7758,10,Westernwear,madame,1599.0,799.0,50.0
7759,11,Westernwear,dolce crudo,2299.0,919.0,60.0
7760,12,Westernwear,and,1799.0,899.0,50.0
7761,13,Westernwear,iti,2638.2167045910855,1999.0,44.84758845312988
7762,14,Westernwear,zink london,1499.0,899.0,40.0
7763,15,Westernwear,iti,2638.2167045910855,1599.0,44.84758845312988
7764,16,Westernwear,sera,299.0,209.0,30.0
7765,17,Westernwear,crimsoune club,1299.0,909.0,30.0
7766,18,Westernwear,gipsy,1595.0,797.0,50.0
7767,19,Westernwear,levis,2638.2167045910855,1999.0,44.84758845312988
7768,20,Westernwear,global desi,1699.0,1019.0,40.0
7769,21,Westernwear,sera,1294.0,582.0,55.0
7771,23,Westernwear,spykar,2499.0,1749.0,30.0
7772,24,Westernwear,only,1799.0,1079.0,40.0
7773,25,Westernwear,pepe,1599.0,959.0,40.0
7774,0,Westernwear,campus sutra,2638.2167045910855,1999.0,44.84758845312988
7775,1,Westernwear,latin quarters,1299.0,649.0,50.0
7776,2,Westernwear,stop,2638.2167045910855,1299.0,44.84758845312988
7777,3,Westernwear,gipsy,2638.2167045910855,1495.0,44.84758845312988
7778,4,Westernwear,spykar,1999.0,1399.0,30.0
7779,5,Westernwear,pepe,2799.0,1679.0,40.0
7780,6,Westernwear,crimsoune club,1299.0,909.0,30.0
7781,7,Westernwear,samshek,2855.0,2284.0,20.0
7782,8,Westernwear,zink london,1399.0,499.0,64.0
7783,9,Westernwear,van heusen,2638.2167045910855,1029.0,44.84758845312988
7784,10,Westernwear,jockey,2638.2167045910855,499.0,44.84758845312988
7785,11,Westernwear,sera,2998.0,1349.0,55.0
7786,12,Westernwear,campus sutra,2638.2167045910855,1999.0,44.84758845312988
7787,13,Westernwear,and,2499.0,1249.0,50.0
7788,14,Westernwear,global desi,4099.0,3279.0,20.0
7789,15,Westernwear,life,1299.0,649.0,50.0
7790,16,Westernwear,is.u,890.0,445.0,50.0
7791,17,Westernwear,vero moda,2499.0,1749.0,30.0
7792,18,Westernwear,only,2299.0,1379.0,40.0
7793,19,Westernwear,spykar,2499.0,1749.0,30.0
7794,20,Westernwear,crimsoune club,1999.0,799.0,60.0
7795,21,Westernwear,crimsoune club,2199.0,1539.0,30.0
7797,23,Westernwear,enamor,2638.2167045910855,899.0,44.84758845312988
7798,24,Westernwear,campus sutra,2638.2167045910855,1299.0,44.84758845312988
7799,25,Westernwear,cover story,2490.0,1743.0,30.0
7800,0,Westernwear,alcis,2638.2167045910855,999.0,44.84758845312988
7801,1,Westernwear,enamor,1599.0,1119.0,30.0
7802,2,Westernwear,faballey,1700.0,850.0,50.0
7803,3,Westernwear,campus sutra,2638.2167045910855,4999.0,44.84758845312988
7804,4,Westernwear,global desi,2638.2167045910855,3299.0,44.84758845312988
7805,5,Westernwear,gipsy,2638.2167045910855,920.0,44.84758845312988
7806,6,Westernwear,janasya,1799.0,899.0,50.0
7807,7,Westernwear,de moza,2638.2167045910855,1499.0,44.84758845312988
7808,8,Westernwear,faballey,2400.0,1920.0,20.0
7809,9,Westernwear,kraus,2295.0,1147.0,50.0
7810,10,Westernwear,adidas,2799.0,1959.0,30.0
7811,11,Westernwear,emblaze,2638.2167045910855,3000.0,44.84758845312988
7812,12,Westernwear,dolce crudo,2399.0,1199.0,50.0
7813,13,Westernwear,samshek,2490.0,1992.0,20.0
7814,14,Westernwear,gipsy,2495.0,998.0,60.0
7815,15,Westernwear,proline,1499.0,1049.0,30.0
7816,16,Westernwear,life,499.0,249.0,50.0
7817,17,Westernwear,samshek,1649.0,1319.0,20.0
7818,18,Westernwear,and,2099.0,1049.0,50.0
7819,19,Westernwear,iti,2638.2167045910855,2999.0,44.84758845312988
7820,20,Westernwear,kraus,1595.0,1116.0,30.0
7821,21,Westernwear,latin quarters,2699.0,1349.0,50.0
7823,23,Westernwear,emblaze,2638.2167045910855,2400.0,44.84758845312988
7824,24,Westernwear,indya,3450.0,1725.0,50.0
7825,25,Westernwear,and,2099.0,1364.0,35.0
7826,0,Westernwear,pepe,2199.0,1319.0,40.0
7827,1,Westernwear,zink london,1999.0,1199.0,40.0
7828,2,Westernwear,adidas,1799.0,1259.0,30.0
7829,3,Westernwear,life,999.0,499.0,50.0
7830,4,Westernwear,faballey,2100.0,1050.0,50.0
7831,5,Westernwear,sera,1494.0,747.0,50.0
7832,6,Westernwear,fratini,2638.2167045910855,1499.0,44.84758845312988
7833,7,Westernwear,sera,1394.0,697.0,50.0
7834,8,Westernwear,global desi,1799.0,899.0,50.0
7835,9,Westernwear,puma,2638.2167045910855,3999.0,44.84758845312988
7836,10,Westernwear,faballey,1300.0,1040.0,20.0
7837,11,Westernwear,and,2299.0,1149.0,50.0
7838,12,Westernwear,is.u,2490.0,871.0,65.0
7839,13,Westernwear,vero moda,1499.0,1049.0,30.0
7840,14,Westernwear,forever new,2638.2167045910855,4400.0,44.84758845312988
7841,15,Westernwear,campus sutra,2638.2167045910855,1499.0,44.84758845312988
7842,16,Westernwear,crimsoune club,1599.0,1119.0,30.0
7843,17,Westernwear,faballey,1700.0,850.0,50.0
7844,18,Westernwear,only,4499.0,2249.0,50.0
7845,19,Westernwear,life,1499.0,749.0,50.0
7846,20,Westernwear,global desi,1499.0,899.0,40.0
7847,21,Westernwear,and,2899.0,2029.0,30.0
7849,23,Westernwear,and,1799.0,899.0,50.0
7850,24,Westernwear,allen solly,2638.2167045910855,599.0,44.84758845312988
7851,25,Westernwear,vero moda,999.0,699.0,30.0
7852,0,Westernwear,latin quarters,3999.0,2799.0,30.0
7853,1,Westernwear,latin quarters,3299.0,2309.0,30.0
7854,2,Westernwear,latin quarters,2399.0,1199.0,50.0
7855,3,Westernwear,latin quarters,2499.0,1249.0,50.0
7856,4,Westernwear,adidas,2299.0,1609.0,30.0
7857,5,Westernwear,zink london,2399.0,959.0,60.0
7858,6,Westernwear,latin quarters,2399.0,1679.0,30.0
7859,7,Westernwear,zink london,2199.0,1319.0,40.0
7860,8,Westernwear,latin quarters,1499.0,749.0,50.0
7861,9,Westernwear,zink london,1499.0,599.0,60.0
7862,10,Westernwear,van heusen,2638.2167045910855,1399.0,44.84758845312988
7863,11,Westernwear,marie claire,2299.0,1149.0,50.0
7864,12,Westernwear,marie claire,1990.0,1194.0,40.0
7865,13,Westernwear,miss chase,2638.2167045910855,2899.0,44.84758845312988
7866,14,Westernwear,iti,2638.2167045910855,2799.0,44.84758845312988
7867,15,Westernwear,zink london,2999.0,1199.0,60.0
7868,16,Westernwear,madame,1299.0,909.0,30.0
7869,17,Westernwear,rare,1499.0,674.0,55.0
7870,18,Westernwear,109f,2638.2167045910855,1299.0,44.84758845312988
7871,19,Westernwear,kraus,1299.0,909.0,30.0
7872,20,Westernwear,campus sutra,2638.2167045910855,1999.0,44.84758845312988
7873,21,Westernwear,iti,2638.2167045910855,1999.0,44.84758845312988
7875,23,Westernwear,allen solly,2499.0,1499.0,40.0
7876,24,Westernwear,pepe,1299.0,779.0,40.0
7877,25,Westernwear,faballey,2200.0,1100.0,50.0
7878,0,Westernwear,jockey,2638.2167045910855,649.0,44.84758845312988
7879,1,Westernwear,kraus,1795.0,897.0,50.0
7880,2,Westernwear,is.u,1690.0,507.0,70.0
7881,3,Westernwear,janasya,1898.0,1043.0,45.0
7882,4,Westernwear,and,2199.0,1099.0,50.0
7883,5,Westernwear,global desi,1299.0,519.0,60.0
7884,6,Westernwear,zink london,1599.0,499.0,69.0
7885,7,Westernwear,crimsoune club,1499.0,899.0,40.0
7886,8,Westernwear,faballey,2600.0,1300.0,50.0
7887,9,Westernwear,and,3699.0,2589.0,30.0
7888,10,Westernwear,kraus,1299.0,649.0,50.0
7889,11,Westernwear,crimsoune club,2638.2167045910855,1499.0,44.84758845312988
7890,12,Westernwear,fila,2638.2167045910855,999.0,44.84758845312988
7891,13,Westernwear,zink london,3499.0,1399.0,60.0
7892,14,Westernwear,campus sutra,2638.2167045910855,1399.0,44.84758845312988
7893,15,Westernwear,and,2799.0,1399.0,50.0
7894,16,Westernwear,allen solly,1999.0,1499.0,25.0
7895,17,Westernwear,lovegen,999.0,399.0,60.0
7896,18,Westernwear,zink london,2199.0,999.0,55.0
7897,19,Westernwear,109f,999.0,399.0,60.0
7898,20,Westernwear,and,1999.0,999.0,50.0
7899,21,Westernwear,magre,1590.0,715.0,55.0
7901,23,Westernwear,and,2499.0,1749.0,30.0
7902,24,Westernwear,sera,1298.0,584.0,55.0
7903,25,Westernwear,zink london,1599.0,639.0,60.0
7904,0,Westernwear,lovegen,1040.0,728.0,30.0
7905,1,Westernwear,global desi,1499.0,899.0,40.0
7906,2,Westernwear,global desi,3999.0,1599.0,60.0
7907,3,Westernwear,and,3299.0,2309.0,30.0
7908,4,Westernwear,rare,1390.0,625.0,55.0
7909,5,Westernwear,enamor,2638.2167045910855,799.0,44.84758845312988
7910,6,Westernwear,magre,1390.0,764.0,45.0
7911,7,Westernwear,stop,1999.0,999.0,50.0
7912,8,Westernwear,samshek,2638.2167045910855,2890.0,44.84758845312988
7913,9,Westernwear,iti,2638.2167045910855,1799.0,44.84758845312988
7914,10,Westernwear,enamor,2638.2167045910855,799.0,44.84758845312988
7915,11,Westernwear,samshek,2090.0,1881.0,10.0
7916,12,Westernwear,pepe,2199.0,1319.0,40.0
7917,13,Westernwear,iti,2638.2167045910855,2799.0,44.84758845312988
7918,14,Westernwear,109f,1199.0,479.0,60.0
7919,15,Westernwear,life,999.0,499.0,50.0
7920,16,Westernwear,iti,2638.2167045910855,1799.0,44.84758845312988
7921,17,Westernwear,campus sutra,2638.2167045910855,2099.0,44.84758845312988
7922,18,Westernwear,iti,2638.2167045910855,1499.0,44.84758845312988
7923,19,Westernwear,faballey,2400.0,1200.0,50.0
7924,20,Westernwear,vero moda,2638.2167045910855,3999.0,44.84758845312988
7925,21,Westernwear,zink london,1899.0,1139.0,40.0
7927,23,Westernwear,imara,1599.0,1119.0,30.0
7928,24,Westernwear,vero moda,1999.0,1199.0,40.0
7929,25,Westernwear,emblaze,2638.2167045910855,3000.0,44.84758845312988
7930,0,Westernwear,gipsy,2638.2167045910855,1595.0,44.84758845312988
7931,1,Westernwear,faballey,1400.0,1120.0,20.0
7932,2,Westernwear,is.u,1890.0,945.0,50.0
7933,3,Westernwear,janasya,2499.0,874.0,65.0
7934,4,Westernwear,latin quarters,1499.0,1049.0,30.0
7935,5,Westernwear,reebok,3299.0,1649.0,50.0
7936,6,Westernwear,is.u,2490.0,871.0,65.0
7937,7,Westernwear,campus sutra,2638.2167045910855,1499.0,44.84758845312988
7938,8,Westernwear,zink z,2638.2167045910855,1999.0,44.84758845312988
7939,9,Westernwear,spykar,1699.0,1189.0,30.0
7940,10,Westernwear,stop,1999.0,999.0,50.0
7941,11,Westernwear,life,899.0,449.0,50.0
7942,12,Westernwear,global desi,2499.0,1249.0,50.0
7943,13,Westernwear,and,2699.0,2159.0,20.0
7944,14,Westernwear,faballey,1300.0,650.0,50.0
7945,15,Westernwear,vero moda,2638.2167045910855,2999.0,44.84758845312988
7946,16,Westernwear,dolce crudo,2249.0,1012.0,55.0
7947,17,Westernwear,dolce crudo,2299.0,1149.0,50.0
7948,18,Westernwear,global desi,2299.0,1494.0,35.0
7949,19,Westernwear,vero moda,2638.2167045910855,2999.0,44.84758845312988
7950,20,Westernwear,zink london,2499.0,999.0,60.0
7951,21,Westernwear,and,3299.0,2309.0,30.0
7953,23,Westernwear,vero moda,1799.0,1259.0,30.0
7954,24,Westernwear,faballey,1950.0,975.0,50.0
7955,25,Westernwear,vero moda,2638.2167045910855,1299.0,44.84758845312988
7956,0,Westernwear,samshek,2790.0,1953.0,30.0
7957,1,Westernwear,sera,1998.0,999.0,50.0
7958,2,Westernwear,zink london,1599.0,959.0,40.0
7959,3,Westernwear,campus sutra,2638.2167045910855,1999.0,44.84758845312988
7960,4,Westernwear,latin quarters,2638.2167045910855,2999.0,44.84758845312988
7961,5,Westernwear,vero moda,2299.0,1609.0,30.0
7962,6,Westernwear,stop,1499.0,749.0,50.0
7963,7,Westernwear,gipsy,2795.0,1956.0,30.0
7964,8,Westernwear,samshek,2799.0,2239.0,20.0
7965,9,Westernwear,emblaze,2638.2167045910855,2800.0,44.84758845312988
7966,10,Westernwear,pepe,1999.0,1199.0,40.0
7967,11,Westernwear,faballey,2200.0,1760.0,20.0
7968,12,Westernwear,faballey,2250.0,1800.0,20.0
7969,13,Westernwear,sera,1494.0,747.0,50.0
7970,14,Westernwear,only,1499.0,899.0,40.0
7971,15,Westernwear,global desi,1999.0,1199.0,40.0
7972,16,Westernwear,faballey,2200.0,1760.0,20.0
7973,17,Westernwear,latin quarters,2999.0,2099.0,30.0
7974,18,Westernwear,faballey,1500.0,750.0,50.0
7975,19,Westernwear,spykar,2799.0,1959.0,30.0
7976,20,Westernwear,faballey,1400.0,700.0,50.0
7977,21,Westernwear,campus sutra,2638.2167045910855,1499.0,44.84758845312988
7979,23,Westernwear,spykar,1299.0,909.0,30.0
7980,24,Westernwear,gipsy,2638.2167045910855,2695.0,44.84758845312988
7981,25,Westernwear,madame,1899.0,949.0,50.0
7982,0,Westernwear,gipsy,2795.0,1397.0,50.0
7983,1,Westernwear,levis,2638.2167045910855,2899.0,44.84758845312988
7984,2,Westernwear,lovegen,1899.0,759.0,60.0
7985,3,Westernwear,vero moda,3499.0,2799.0,20.0
7986,4,Westernwear,stop,2638.2167045910855,1299.0,44.84758845312988
7987,5,Westernwear,pepe,1999.0,1199.0,40.0
7988,6,Westernwear,vero moda,999.0,699.0,30.0
7989,7,Westernwear,mystere paris,899.0,539.0,40.0
7990,8,Westernwear,life,2638.2167045910855,1199.0,44.84758845312988
7991,9,Westernwear,madame,1199.0,599.0,50.0
7992,10,Westernwear,adidas,2499.0,1749.0,30.0
7993,11,Westernwear,miss chase,2638.2167045910855,2995.0,44.84758845312988
7994,12,Westernwear,rare,1399.0,629.0,55.0
7995,13,Westernwear,madame,1999.0,999.0,50.0
7996,14,Westernwear,faballey,3400.0,1700.0,50.0
7997,15,Westernwear,kraus,1895.0,947.0,50.0
7998,16,Westernwear,sera,1294.0,647.0,50.0
7999,17,Westernwear,global desi,1899.0,1139.0,40.0
8000,18,Westernwear,global desi,1999.0,799.0,60.0
8001,19,Westernwear,is.u,2490.0,1245.0,50.0
8002,20,Westernwear,faballey,2600.0,1300.0,50.0
8003,21,Westernwear,sera,2498.0,1249.0,50.0
8005,23,Westernwear,zink london,2399.0,959.0,60.0
8006,24,Westernwear,allen solly,999.0,599.0,40.0
8007,25,Westernwear,is.u,3290.0,1645.0,50.0
8008,0,Westernwear,and,2899.0,2029.0,30.0
8009,1,Westernwear,faballey,2100.0,1680.0,20.0
8010,2,Westernwear,kraus,2295.0,1147.0,50.0
8011,3,Westernwear,latin quarters,1699.0,849.0,50.0
8012,4,Westernwear,indya,2638.2167045910855,2100.0,44.84758845312988
8013,5,Westernwear,indya,2638.2167045910855,2100.0,44.84758845312988
8014,6,Westernwear,is.u,2490.0,1245.0,50.0
8015,7,Westernwear,only,3499.0,2449.0,30.0
8016,8,Westernwear,crimsoune club,1999.0,999.0,50.0
8017,9,Westernwear,faballey,1400.0,700.0,50.0
8018,10,Westernwear,and,2638.2167045910855,2399.0,44.84758845312988
8019,11,Westernwear,faballey,2200.0,1100.0,50.0
8020,12,Westernwear,magre,1690.0,676.0,60.0
8021,13,Westernwear,kraus,1299.0,909.0,30.0
8022,14,Westernwear,sera,1149.0,517.0,55.0
8023,15,Westernwear,charchit,990.0,841.0,15.0
8024,16,Westernwear,athome,3499.0,2799.0,20.0
8025,17,Westernwear,and,1499.0,1049.0,30.0
8026,18,Westernwear,latin quarters,1399.0,699.0,50.0
8027,19,Westernwear,miss chase,2638.2167045910855,2649.0,44.84758845312988
8028,20,Westernwear,and,2099.0,1469.0,30.0
8029,21,Westernwear,sera,1899.0,759.0,60.0
8031,23,Westernwear,is.u,1990.0,995.0,50.0
8032,24,Westernwear,crimsoune club,1399.0,699.0,50.0
8033,25,Westernwear,samshek,2520.0,2016.0,20.0
8034,0,Westernwear,109f,1699.0,679.0,60.0
8035,1,Westernwear,disha patani for glam lifestyle,2638.2167045910855,1999.0,44.84758845312988
8036,2,Westernwear,vero moda,1999.0,1199.0,40.0
8037,3,Westernwear,dolce crudo,2399.0,1199.0,50.0
8038,4,Westernwear,allen solly,1699.0,1019.0,40.0
8039,5,Westernwear,samshek,1890.0,1512.0,20.0
8040,6,Westernwear,faballey,2150.0,1075.0,50.0
8041,7,Westernwear,vip,2638.2167045910855,155.0,44.84758845312988
8042,8,Westernwear,stop,2638.2167045910855,1299.0,44.84758845312988
8043,9,Westernwear,magre,2190.0,1095.0,50.0
8044,10,Westernwear,samshek,2638.2167045910855,2690.0,44.84758845312988
8045,11,Westernwear,and,2799.0,2239.0,20.0
8046,12,Westernwear,sera,1998.0,999.0,50.0
8047,13,Westernwear,zink london,999.0,399.0,60.0
8048,14,Westernwear,sera,299.0,209.0,30.0
8049,15,Westernwear,cover story,1890.0,1134.0,40.0
8050,16,Westernwear,magre,3890.0,2139.0,45.0
8051,17,Westernwear,stop,1899.0,949.0,50.0
8052,18,Westernwear,and,2499.0,1249.0,50.0
8053,19,Westernwear,adidas,2699.0,1889.0,30.0
8054,20,Westernwear,and,3499.0,2799.0,20.0
8055,21,Westernwear,and,2399.0,1679.0,30.0
8057,23,Westernwear,kami kubi,1499.0,974.0,35.0
8058,24,Westernwear,only,1499.0,1049.0,30.0
8059,25,Westernwear,adidas,1599.0,1119.0,30.0
8060,0,Westernwear,samshek,1990.0,1592.0,20.0
8061,1,Westernwear,faballey,1500.0,750.0,50.0
8062,2,Westernwear,kraus,1399.0,1259.0,10.0
8063,3,Westernwear,puma,2299.0,1609.0,30.0
8064,4,Westernwear,lovegen,2399.0,1199.0,50.0
8065,5,Westernwear,gipsy,1995.0,1396.0,30.0
8066,6,Westernwear,allen solly tribe,2638.2167045910855,899.0,44.84758845312988
8067,7,Westernwear,adidas,3299.0,2309.0,30.0
8068,8,Westernwear,and,2499.0,1249.0,50.0
8069,9,Westernwear,gipsy,1795.0,1256.0,30.0
8070,10,Westernwear,dolce crudo,3499.0,1399.0,60.0
8071,11,Westernwear,stop,399.0,199.0,50.0
8072,12,Westernwear,faballey,1200.0,600.0,50.0
8073,13,Westernwear,dolce crudo,2499.0,1249.0,50.0
8074,14,Westernwear,adidas,1799.0,1259.0,30.0
8075,15,Westernwear,faballey,2700.0,2160.0,20.0
8076,16,Westernwear,gipsy,2638.2167045910855,1695.0,44.84758845312988
8077,17,Westernwear,only,1299.0,909.0,30.0
8078,18,Westernwear,fratini,1299.0,649.0,50.0
8079,19,Westernwear,global desi,2999.0,1949.0,35.0
8080,20,Westernwear,samshek,2990.0,2093.0,30.0
8081,21,Westernwear,proline,1499.0,1049.0,30.0
8083,23,Westernwear,faballey,2400.0,1920.0,20.0
8084,24,Westernwear,sera,1094.0,547.0,50.0
8085,25,Westernwear,fratini,1499.0,749.0,50.0
8086,0,Westernwear,faballey,2200.0,1100.0,50.0
8087,1,Westernwear,cover story,2638.2167045910855,1490.0,44.84758845312988
8088,2,Westernwear,only,2638.2167045910855,4499.0,44.84758845312988
8089,3,Westernwear,zink london,2999.0,1199.0,60.0
8090,4,Westernwear,is.u,1890.0,945.0,50.0
8091,5,Westernwear,sera,1294.0,517.0,60.0
8092,6,Westernwear,dolce crudo,2199.0,989.0,55.0
8093,7,Westernwear,faballey,2200.0,1100.0,50.0
8094,8,Westernwear,sera,1594.0,797.0,50.0
8095,9,Westernwear,van heusen,2638.2167045910855,1799.0,44.84758845312988
8096,10,Westernwear,van heusen,2638.2167045910855,1029.0,44.84758845312988
8097,11,Westernwear,emblaze,2638.2167045910855,4000.0,44.84758845312988
8098,12,Westernwear,vero moda,4299.0,2579.0,40.0
8099,13,Westernwear,magre,1890.0,850.0,55.0
8100,14,Westernwear,iti,2638.2167045910855,1499.0,44.84758845312988
8101,15,Westernwear,emblaze,2638.2167045910855,2400.0,44.84758845312988
8102,16,Westernwear,sera,1899.0,759.0,60.0
8103,17,Westernwear,and,2638.2167045910855,2599.0,44.84758845312988
8104,18,Westernwear,enamor,649.0,454.0,30.0
8105,19,Westernwear,global desi,1299.0,519.0,60.0
8106,20,Westernwear,juniper,4099.0,1639.0,60.0
8107,21,Westernwear,zink london,1599.0,959.0,40.0
8109,23,Westernwear,allen solly,2638.2167045910855,2499.0,44.84758845312988
8110,24,Westernwear,vero moda,2299.0,1149.0,50.0
8111,25,Westernwear,iti,2638.2167045910855,1699.0,44.84758845312988
8112,0,Westernwear,jockey,2638.2167045910855,439.0,44.84758845312988
8113,1,Westernwear,is.u,1890.0,945.0,50.0
8114,2,Westernwear,and,1899.0,1519.0,20.0
8115,3,Westernwear,dolce crudo,1949.0,877.0,55.0
8116,4,Westernwear,faballey,2600.0,2080.0,20.0
8117,5,Westernwear,vero moda,1999.0,1399.0,30.0
8118,6,Westernwear,insense,1299.0,649.0,50.0
8119,7,Westernwear,iti,2638.2167045910855,1799.0,44.84758845312988
8120,8,Westernwear,enamor,2638.2167045910855,999.0,44.84758845312988
8121,9,Westernwear,faballey,3200.0,1600.0,50.0
8122,10,Westernwear,gipsy,2638.2167045910855,1995.0,44.84758845312988
8123,11,Westernwear,crimsoune club,1999.0,1199.0,40.0
8124,12,Westernwear,crimsoune club,1599.0,959.0,40.0
8125,13,Westernwear,crimsoune club,1499.0,1049.0,30.0
8126,14,Westernwear,fratini,2638.2167045910855,799.0,44.84758845312988
8127,15,Westernwear,faballey,1600.0,800.0,50.0
8128,16,Westernwear,vero moda,2299.0,1839.0,20.0
8129,17,Westernwear,zink london,1699.0,679.0,60.0
8130,18,Westernwear,vero moda,1999.0,1599.0,20.0
8131,19,Westernwear,global desi,2999.0,1799.0,40.0
8132,20,Westernwear,emblaze,2638.2167045910855,2400.0,44.84758845312988
8133,21,Westernwear,faballey,2400.0,1200.0,50.0
8135,23,Westernwear,crimsoune club,1799.0,1079.0,40.0
8136,24,Westernwear,vero moda,2638.2167045910855,2599.0,44.84758845312988
8137,25,Westernwear,life,1099.0,399.0,64.0
8138,0,Westernwear,samshek,2790.0,1953.0,30.0
8139,1,Westernwear,stop,1499.0,749.0,50.0
8140,2,Westernwear,gipsy,2795.0,1956.0,30.0
8141,3,Westernwear,samshek,2980.0,2086.0,30.0
8142,4,Westernwear,samshek,2638.2167045910855,1490.0,44.84758845312988
8143,5,Westernwear,lovegen,999.0,399.0,60.0
8144,6,Westernwear,crimsoune club,1499.0,899.0,40.0
8145,7,Westernwear,latin quarters,2399.0,1199.0,50.0
8146,8,Westernwear,gipsy,2638.2167045910855,1495.0,44.84758845312988
8147,9,Westernwear,alcis,2638.2167045910855,1299.0,44.84758845312988
8148,10,Westernwear,faballey,1400.0,1120.0,20.0
8149,11,Westernwear,stop,2638.2167045910855,399.0,44.84758845312988
8150,12,Westernwear,ariana,2638.2167045910855,200.0,44.84758845312988
8151,13,Westernwear,samshek,2638.2167045910855,2399.0,44.84758845312988
8152,14,Westernwear,van heusen,2638.2167045910855,599.0,44.84758845312988
8153,15,Westernwear,dolce crudo,1049.0,419.0,60.0
8154,16,Westernwear,gipsy,2638.2167045910855,3295.0,44.84758845312988
8155,17,Westernwear,global desi,2199.0,1099.0,50.0
8156,18,Westernwear,and,2199.0,1099.0,50.0
8157,19,Westernwear,van heusen,2638.2167045910855,1399.0,44.84758845312988
8158,20,Westernwear,kraus,1299.0,909.0,30.0
8159,21,Westernwear,stop,2638.2167045910855,1299.0,44.84758845312988
8161,23,Westernwear,zink london,2299.0,919.0,60.0
8162,24,Westernwear,stop,999.0,499.0,50.0
8163,25,Westernwear,life,2638.2167045910855,1299.0,44.84758845312988
8164,0,Westernwear,adidas,2999.0,2099.0,30.0
8165,1,Westernwear,global desi,1599.0,639.0,60.0
8166,2,Westernwear,rare,1499.0,524.0,65.0
8167,3,Westernwear,cover story,2490.0,1245.0,50.0
8168,4,Westernwear,rare,2999.0,1349.0,55.0
8169,5,Westernwear,and,1999.0,1399.0,30.0
8170,6,Westernwear,kraus,1599.0,799.0,50.0
8171,7,Westernwear,and,2638.2167045910855,2199.0,44.84758845312988
8172,8,Westernwear,iti,2638.2167045910855,2499.0,44.84758845312988
8173,9,Westernwear,faballey,2200.0,1100.0,50.0
8174,10,Westernwear,zink london,2299.0,919.0,60.0
8175,11,Westernwear,sera,1098.0,439.0,60.0
8176,12,Westernwear,indya,3500.0,1750.0,50.0
8177,13,Westernwear,fratini,899.0,449.0,50.0
8178,14,Westernwear,crimsoune club,1599.0,959.0,40.0
8179,15,Westernwear,crimsoune club,599.0,419.0,30.0
8180,16,Westernwear,latin quarters,2599.0,1299.0,50.0
8181,17,Westernwear,zink london,1199.0,399.0,67.0
8182,18,Westernwear,faballey,1800.0,900.0,50.0
8183,19,Westernwear,109f,2199.0,879.0,60.0
8184,20,Westernwear,kraus,999.0,499.0,50.0
8185,21,Westernwear,zink london,1699.0,679.0,60.0
8187,23,Westernwear,crimsoune club,1199.0,839.0,30.0
8188,24,Westernwear,iti,2638.2167045910855,2999.0,44.84758845312988
8189,25,Westernwear,dolce crudo,1999.0,699.0,65.0
8190,0,Westernwear,fila,2638.2167045910855,999.0,44.84758845312988
8191,1,Westernwear,dolce crudo,2399.0,959.0,60.0
8192,2,Westernwear,faballey,1950.0,975.0,50.0
8193,3,Westernwear,global desi,1499.0,899.0,40.0
8194,4,Westernwear,global desi,1899.0,949.0,50.0
8195,5,Westernwear,forever new,2638.2167045910855,3200.0,44.84758845312988
8196,6,Westernwear,only,1999.0,999.0,50.0
8197,7,Westernwear,faballey,1800.0,900.0,50.0
8198,8,Westernwear,faballey,1950.0,975.0,50.0
8199,9,Westernwear,latin quarters,2499.0,1749.0,30.0
8200,10,Westernwear,sera,1694.0,677.0,60.0
8201,11,Westernwear,dolce crudo,2999.0,1199.0,60.0
8202,12,Westernwear,sera,1899.0,759.0,60.0
8203,13,Westernwear,latin quarters,2699.0,1349.0,50.0
8204,14,Westernwear,and,2499.0,1999.0,20.0
8205,15,Westernwear,janasya,2499.0,999.0,60.0
8206,16,Westernwear,is.u,1890.0,945.0,50.0
8207,17,Westernwear,and,1399.0,979.0,30.0
8208,18,Westernwear,life,2638.2167045910855,1049.0,44.84758845312988
8209,19,Westernwear,faballey,2800.0,1400.0,50.0
8210,20,Westernwear,latin quarters,2399.0,1199.0,50.0
8211,21,Westernwear,iti,2638.2167045910855,1799.0,44.84758845312988
8213,23,Westernwear,only,1999.0,1199.0,40.0
8214,24,Westernwear,crimsoune club,1299.0,779.0,40.0
8215,25,Westernwear,global desi,2599.0,1039.0,60.0
8216,0,Westernwear,marie claire,2190.0,1095.0,50.0
8217,1,Westernwear,and,2099.0,1364.0,35.0
8218,2,Westernwear,global desi,1999.0,799.0,60.0
8219,3,Westernwear,zink z,2638.2167045910855,1499.0,44.84758845312988
8220,4,Westernwear,stop,2638.2167045910855,999.0,44.84758845312988
8221,5,Westernwear,faballey,1500.0,750.0,50.0
8222,6,Westernwear,samshek,2890.0,2312.0,20.0
8223,7,Westernwear,dolce crudo,3199.0,1279.0,60.0
8224,8,Westernwear,kraus,999.0,899.0,10.0
8225,9,Westernwear,w,2638.2167045910855,2999.0,44.84758845312988
8226,10,Westernwear,is.u,1490.0,745.0,50.0
8227,11,Westernwear,campus sutra,2638.2167045910855,2099.0,44.84758845312988
8228,12,Westernwear,puma,2799.0,1959.0,30.0
8229,13,Westernwear,puma,3999.0,2799.0,30.0
8230,14,Westernwear,zink london,1699.0,1019.0,40.0
8231,15,Westernwear,de moza,2638.2167045910855,1499.0,44.84758845312988
8232,16,Westernwear,adidas,2638.2167045910855,1599.0,44.84758845312988
8233,17,Westernwear,is.u,1999.0,999.0,50.0
8234,18,Westernwear,samshek,2520.0,2016.0,20.0
8235,19,Westernwear,zink london,2499.0,1499.0,40.0
8236,20,Westernwear,adidas,2299.0,1609.0,30.0
8237,21,Westernwear,samshek,2638.2167045910855,2500.0,44.84758845312988
8239,23,Westernwear,faballey,1500.0,750.0,50.0
8240,24,Westernwear,faballey,2500.0,1250.0,50.0
8241,25,Westernwear,stop,2638.2167045910855,899.0,44.84758845312988
8242,0,Westernwear,dolce crudo,2399.0,1199.0,50.0
8243,1,Westernwear,van heusen,2638.2167045910855,899.0,44.84758845312988
8244,2,Westernwear,samshek,2638.2167045910855,1890.0,44.84758845312988
8245,3,Westernwear,sera,2998.0,1349.0,55.0
8246,4,Westernwear,puma,2999.0,2099.0,30.0
8247,5,Westernwear,infuse,1199.0,599.0,50.0
8248,6,Westernwear,enamor,2638.2167045910855,899.0,44.84758845312988
8249,7,Westernwear,indya,1850.0,925.0,50.0
8250,8,Westernwear,crimsoune club,1199.0,839.0,30.0
8251,9,Westernwear,spykar,1299.0,909.0,30.0
8252,10,Westernwear,faballey,1800.0,1440.0,20.0
8253,11,Westernwear,emblaze,2638.2167045910855,2200.0,44.84758845312988
8254,12,Westernwear,lovegen,1599.0,1119.0,30.0
8255,13,Westernwear,enamor,2638.2167045910855,749.0,44.84758845312988
8256,14,Westernwear,life,2638.2167045910855,99.0,44.84758845312988
8257,15,Westernwear,pepe,1299.0,779.0,40.0
8258,16,Westernwear,samshek,1890.0,1701.0,10.0
8259,17,Westernwear,faballey,1500.0,750.0,50.0
8260,18,Westernwear,sera,299.0,209.0,30.0
8261,19,Westernwear,campus sutra,2638.2167045910855,1399.0,44.84758845312988
8262,20,Westernwear,is.u,2199.0,1099.0,50.0
8263,21,Westernwear,adidas,2638.2167045910855,2499.0,44.84758845312988
8265,23,Westernwear,global desi,6499.0,4224.0,35.0
8266,24,Westernwear,allen solly,1599.0,959.0,40.0
8267,25,Westernwear,allen solly,3999.0,3199.0,20.0
8268,0,Westernwear,crimsoune club,1299.0,909.0,30.0
8269,1,Westernwear,lavie,649.0,324.0,50.0
8270,2,Westernwear,magre,1990.0,796.0,60.0
8271,3,Westernwear,emblaze,2638.2167045910855,2400.0,44.84758845312988
8272,4,Westernwear,magre,2490.0,1245.0,50.0
8273,5,Westernwear,magre,1990.0,895.0,55.0
8274,6,Westernwear,enamor,2638.2167045910855,799.0,44.84758845312988
8275,7,Westernwear,samshek,2299.0,1839.0,20.0
8276,8,Westernwear,pepe,1799.0,1079.0,40.0
8277,9,Westernwear,faballey,2500.0,2000.0,20.0
8278,10,Westernwear,samshek,2880.0,2016.0,30.0
8279,11,Westernwear,109f,1499.0,599.0,60.0
8280,12,Westernwear,stop,1499.0,749.0,50.0
8281,13,Westernwear,lovegen,2638.2167045910855,2499.0,44.84758845312988
8282,14,Westernwear,enamor,2638.2167045910855,1599.0,44.84758845312988
8283,15,Westernwear,faballey,2100.0,1050.0,50.0
8284,16,Westernwear,is.u,1490.0,447.0,70.0
8285,17,Westernwear,spykar,2699.0,1889.0,30.0
8286,18,Westernwear,is.u,990.0,495.0,50.0
8287,19,Westernwear,campus sutra,2638.2167045910855,1399.0,44.84758845312988
8288,20,Westernwear,levis,2638.2167045910855,5999.0,44.84758845312988
8289,21,Westernwear,faballey,1400.0,1120.0,20.0
8291,23,Westernwear,dolce crudo,2699.0,1079.0,60.0
8292,24,Westernwear,enamor,1599.0,1119.0,30.0
8293,25,Westernwear,campus sutra,2638.2167045910855,1999.0,44.84758845312988
8294,0,Westernwear,life,399.0,199.0,50.0
8295,1,Westernwear,vero moda,3299.0,2639.0,20.0
8296,2,Westernwear,iti,2638.2167045910855,3499.0,44.84758845312988
8297,3,Westernwear,109f,1799.0,719.0,60.0
8298,4,Westernwear,campus sutra,2638.2167045910855,1999.0,44.84758845312988
8299,5,Westernwear,crimsoune club,3799.0,1899.0,50.0
8300,6,Westernwear,samshek,3190.0,2233.0,30.0
8301,7,Westernwear,vero moda,1799.0,899.0,50.0
8302,8,Westernwear,jockey,2638.2167045910855,949.0,44.84758845312988
8303,9,Westernwear,campus sutra,2638.2167045910855,1049.0,44.84758845312988
8304,10,Westernwear,faballey,1400.0,1120.0,20.0
8305,11,Westernwear,samshek,2190.0,1752.0,20.0
8306,12,Westernwear,faballey,2200.0,1760.0,20.0
8307,13,Westernwear,emblaze,2638.2167045910855,2600.0,44.84758845312988
8308,14,Westernwear,and,2638.2167045910855,1699.0,44.84758845312988
8309,15,Westernwear,zink london,1399.0,839.0,40.0
8310,16,Westernwear,fratini,2638.2167045910855,1599.0,44.84758845312988
8311,17,Westernwear,puma,1999.0,1399.0,30.0
8312,18,Westernwear,crimsoune club,1199.0,479.0,60.0
8313,19,Westernwear,emblaze,2638.2167045910855,2200.0,44.84758845312988
8314,20,Westernwear,global desi,1899.0,949.0,50.0
8315,21,Westernwear,dolce crudo,2899.0,1304.0,55.0
8317,23,Westernwear,adidas,1499.0,1049.0,30.0
8318,24,Westernwear,miss chase,2638.2167045910855,2099.0,44.84758845312988
8319,25,Westernwear,kraus,1199.0,599.0,50.0
8320,0,Westernwear,miss chase,2638.2167045910855,1999.0,44.84758845312988
8321,1,Westernwear,kraus,1399.0,699.0,50.0
8322,2,Westernwear,crimsoune club,1699.0,849.0,50.0
8323,3,Westernwear,biba,2638.2167045910855,2599.0,44.84758845312988
8324,4,Westernwear,global desi,2199.0,1539.0,30.0
8325,5,Westernwear,crimsoune club,1999.0,799.0,60.0
8326,6,Westernwear,iti,2638.2167045910855,1899.0,44.84758845312988
8327,7,Westernwear,is.u,1890.0,945.0,50.0
8328,8,Westernwear,is.u,2190.0,1095.0,50.0
8329,9,Westernwear,lovegen,1999.0,1199.0,40.0
8330,10,Westernwear,sera,1294.0,517.0,60.0
8331,11,Westernwear,zink london,2299.0,919.0,60.0
8332,12,Westernwear,faballey,1700.0,850.0,50.0
8333,13,Westernwear,kraus,1895.0,947.0,50.0
8334,14,Westernwear,and,3199.0,2079.0,35.0
8335,15,Westernwear,enamor,2638.2167045910855,999.0,44.84758845312988
8336,16,Westernwear,magre,2490.0,1494.0,40.0
8337,17,Westernwear,enamor,1049.0,734.0,30.0
8338,18,Westernwear,zink london,2399.0,999.0,58.0
8339,19,Westernwear,madame,2899.0,1739.0,40.0
8340,20,Westernwear,faballey,1800.0,900.0,50.0
8341,21,Westernwear,latin quarters,1399.0,699.0,50.0
8343,23,Westernwear,enamor,1699.0,1189.0,30.0
8344,24,Westernwear,dolce crudo,2949.0,1179.0,60.0
8345,25,Westernwear,forever new,2638.2167045910855,3800.0,44.84758845312988
8346,0,Westernwear,crimsoune club,1399.0,699.0,50.0
8347,1,Westernwear,vero moda,3799.0,3039.0,20.0
8348,2,Westernwear,kraus,1199.0,599.0,50.0
8349,3,Westernwear,enamor,1099.0,769.0,30.0
8350,4,Westernwear,sera,1899.0,759.0,60.0
8351,5,Westernwear,faballey,1950.0,975.0,50.0
8352,6,Westernwear,latin quarters,1399.0,699.0,50.0
8353,7,Westernwear,iti,2638.2167045910855,2299.0,44.84758845312988
8354,8,Westernwear,and,2499.0,1999.0,20.0
8355,9,Westernwear,faballey,1950.0,975.0,50.0
8356,10,Westernwear,crimsoune club,3199.0,1599.0,50.0
8357,11,Westernwear,and,2499.0,1249.0,50.0
8358,12,Westernwear,and,2699.0,1889.0,30.0
8359,13,Westernwear,latin quarters,2799.0,1959.0,30.0
8360,14,Westernwear,latin quarters,1299.0,499.0,62.0
8361,15,Westernwear,latin quarters,3299.0,2309.0,30.0
8362,16,Westernwear,latin quarters,2299.0,1149.0,50.0
8363,17,Westernwear,reebok,1299.0,649.0,50.0
8364,18,Westernwear,cover story,2490.0,1494.0,40.0
8365,19,Westernwear,is.u,1890.0,945.0,50.0
8366,20,Westernwear,rare,1399.0,629.0,55.0
8367,21,Westernwear,miss chase,2638.2167045910855,2995.0,44.84758845312988
8369,23,Westernwear,madame,2599.0,1299.0,50.0
8370,24,Westernwear,alcis,2638.2167045910855,999.0,44.84758845312988
8371,25,Westernwear,samshek,2638.2167045910855,1590.0,44.84758845312988
8372,0,Westernwear,sera,1899.0,759.0,60.0
8373,1,Westernwear,allen solly,1799.0,1079.0,40.0
8374,2,Westernwear,reebok,2499.0,1249.0,50.0
8375,3,Westernwear,kraus,1499.0,1049.0,30.0
8376,4,Westernwear,and,2638.2167045910855,2699.0,44.84758845312988
8377,5,Westernwear,proline,1499.0,1049.0,30.0
8378,6,Westernwear,dolce crudo,2399.0,1079.0,55.0
8379,7,Westernwear,jealous 21,2638.2167045910855,1099.0,44.84758845312988
8380,8,Westernwear,enamor,2638.2167045910855,1799.0,44.84758845312988
8381,9,Westernwear,van heusen,2638.2167045910855,1249.0,44.84758845312988
8382,10,Westernwear,and,4699.0,3289.0,30.0
8383,11,Westernwear,dolce crudo,2199.0,989.0,55.0
8384,12,Westernwear,kraus,999.0,899.0,10.0
8385,13,Westernwear,vero moda,3999.0,3199.0,20.0
8386,14,Westernwear,faballey,2200.0,1100.0,50.0
8387,15,Westernwear,and,2099.0,1469.0,30.0
8388,16,Westernwear,vip,2638.2167045910855,175.0,44.84758845312988
8389,17,Westernwear,enamor,1049.0,734.0,30.0
8390,18,Westernwear,109f,1199.0,479.0,60.0
8391,19,Westernwear,kraus,1895.0,947.0,50.0
8392,20,Westernwear,emblaze,2638.2167045910855,3000.0,44.84758845312988
8393,21,Westernwear,global desi,2499.0,999.0,60.0
8395,23,Westernwear,sera,1998.0,999.0,50.0
8396,24,Westernwear,vero moda,1299.0,779.0,40.0
8397,25,Westernwear,crimsoune club,1699.0,1529.0,10.0
8398,0,Westernwear,faballey,1500.0,750.0,50.0
8399,1,Westernwear,faballey,1600.0,1280.0,20.0
8400,2,Westernwear,sera,1894.0,852.0,55.0
8401,3,Westernwear,gipsy,1695.0,678.0,60.0
8402,4,Westernwear,sera,1149.0,459.0,60.0
8403,5,Westernwear,levis,2638.2167045910855,3699.0,44.84758845312988
8404,6,Westernwear,iti,2638.2167045910855,1899.0,44.84758845312988
8405,7,Westernwear,faballey,1800.0,900.0,50.0
8406,8,Westernwear,kraus,1499.0,1049.0,30.0
8407,9,Westernwear,faballey,2100.0,1680.0,20.0
8408,10,Westernwear,crimsoune club,1999.0,999.0,50.0
8409,11,Westernwear,stop,2999.0,1499.0,50.0
8410,12,Westernwear,vero moda,2638.2167045910855,2599.0,44.84758845312988
8411,13,Westernwear,de moza,2638.2167045910855,999.0,44.84758845312988
8412,14,Westernwear,iti,2638.2167045910855,1499.0,44.84758845312988
8413,15,Westernwear,faballey,2400.0,1200.0,50.0
8414,16,Westernwear,janasya,2499.0,999.0,60.0
8415,17,Westernwear,van heusen,2638.2167045910855,1499.0,44.84758845312988
8416,18,Westernwear,global desi,1599.0,959.0,40.0
8417,19,Westernwear,samshek,2638.2167045910855,1400.0,44.84758845312988
8418,20,Westernwear,vero moda,2299.0,1609.0,30.0
8419,21,Westernwear,allen solly,2199.0,1319.0,40.0
8421,23,Westernwear,dolce crudo,2799.0,1119.0,60.0
8422,24,Westernwear,kraus,1995.0,1795.0,10.0
8423,25,Westernwear,faballey,2800.0,1400.0,50.0
8424,0,Westernwear,iti,2638.2167045910855,1899.0,44.84758845312988
8425,1,Westernwear,vero moda,2299.0,1149.0,50.0
8426,2,Westernwear,stop,2199.0,1099.0,50.0
8427,3,Westernwear,samshek,2880.0,2016.0,30.0
8428,4,Westernwear,is.u,2190.0,657.0,70.0
8429,5,Westernwear,mystere paris,799.0,479.0,40.0
8430,6,Westernwear,campus sutra,2638.2167045910855,799.0,44.84758845312988
8431,7,Westernwear,kraus,1795.0,897.0,50.0
8432,8,Westernwear,crimsoune club,1399.0,839.0,40.0
8433,9,Westernwear,global desi,1799.0,899.0,50.0
8434,10,Westernwear,faballey,1600.0,800.0,50.0
8435,11,Westernwear,faballey,2800.0,1400.0,50.0
8436,12,Westernwear,de moza,2638.2167045910855,1299.0,44.84758845312988
8437,13,Westernwear,only,1299.0,909.0,30.0
8438,14,Westernwear,faballey,1950.0,1560.0,20.0
8439,15,Westernwear,rukootina,2638.2167045910855,2995.0,44.84758845312988
8440,16,Westernwear,spykar,2299.0,1609.0,30.0
8441,17,Westernwear,life,1299.0,649.0,50.0
8442,18,Westernwear,and,2499.0,1999.0,20.0
8443,19,Westernwear,dolce crudo,2899.0,1159.0,60.0
8444,20,Westernwear,kraus,1049.0,524.0,50.0
8445,21,Westernwear,kraus,1295.0,1165.0,10.0
8447,23,Westernwear,and,1699.0,1189.0,30.0
8448,24,Westernwear,life,1199.0,599.0,50.0
8449,25,Westernwear,emblaze,2638.2167045910855,2200.0,44.84758845312988
8450,0,Westernwear,rare,3899.0,1559.0,60.0
8451,1,Westernwear,sera,1294.0,517.0,60.0
8452,2,Westernwear,faballey,1500.0,750.0,50.0
8453,3,Westernwear,samshek,2638.2167045910855,1790.0,44.84758845312988
8454,4,Westernwear,emblaze,2638.2167045910855,2200.0,44.84758845312988
8455,5,Westernwear,dolce crudo,2649.0,1192.0,55.0
8456,6,Westernwear,and,2699.0,2159.0,20.0
8457,7,Westernwear,enamor,1049.0,734.0,30.0
8458,8,Westernwear,faballey,2200.0,1100.0,50.0
8459,9,Westernwear,gipsy,2638.2167045910855,1795.0,44.84758845312988
8460,10,Westernwear,crimsoune club,1699.0,1019.0,40.0
8461,11,Westernwear,and,2638.2167045910855,2199.0,44.84758845312988
8462,12,Westernwear,reebok,1499.0,749.0,50.0
8463,13,Westernwear,levis,2638.2167045910855,4599.0,44.84758845312988
8464,14,Westernwear,kraus,1199.0,1079.0,10.0
8465,15,Westernwear,global desi,5499.0,2749.0,50.0
8466,16,Westernwear,iti,2638.2167045910855,3299.0,44.84758845312988
8467,17,Westernwear,forever new,6800.0,4420.0,35.0
8468,18,Westernwear,indya,2200.0,1100.0,50.0
8469,19,Westernwear,global desi,1799.0,1079.0,40.0
8470,20,Westernwear,emblaze,2638.2167045910855,2200.0,44.84758845312988
8471,21,Westernwear,gipsy,2638.2167045910855,1795.0,44.84758845312988
8473,23,Westernwear,only,2299.0,1609.0,30.0
8474,24,Westernwear,crimsoune club,1299.0,909.0,30.0
8475,25,Westernwear,crimsoune club,1399.0,839.0,40.0
8476,0,Westernwear,juniper,1899.0,759.0,60.0
8477,1,Westernwear,enamor,2638.2167045910855,1399.0,44.84758845312988
8478,2,Westernwear,magre,3590.0,1615.0,55.0
8479,3,Westernwear,faballey,1400.0,700.0,50.0
8480,4,Westernwear,109f,1499.0,599.0,60.0
8481,5,Westernwear,campus sutra,2638.2167045910855,799.0,44.84758845312988
8482,6,Westernwear,lovegen,1899.0,1139.0,40.0
8483,7,Westernwear,crimsoune club,2199.0,1099.0,50.0
8484,8,Westernwear,proline,999.0,499.0,50.0
8485,9,Westernwear,puma,2638.2167045910855,3999.0,44.84758845312988
8486,10,Westernwear,dolce crudo,3499.0,1749.0,50.0
8487,11,Westernwear,samshek,2990.0,2392.0,20.0
8488,12,Westernwear,levis,2638.2167045910855,2599.0,44.84758845312988
8489,13,Westernwear,adidas,4299.0,3009.0,30.0
8490,14,Westernwear,faballey,2800.0,1400.0,50.0
8491,15,Westernwear,iti,2638.2167045910855,3499.0,44.84758845312988
8492,16,Westernwear,faballey,1500.0,1200.0,20.0
8493,17,Westernwear,faballey,2400.0,1200.0,50.0
8494,18,Westernwear,magre,3490.0,1919.0,45.0
8495,19,Westernwear,and,2699.0,2159.0,20.0
8496,20,Westernwear,is.u,2190.0,1095.0,50.0
8497,21,Westernwear,vero moda,1899.0,949.0,50.0
8499,23,Westernwear,faballey,1500.0,1200.0,20.0
8500,24,Westernwear,samshek,2090.0,1881.0,10.0
8501,25,Westernwear,faballey,2950.0,1475.0,50.0
8502,0,Westernwear,emblaze,2638.2167045910855,3000.0,44.84758845312988
8503,1,Westernwear,iti,2638.2167045910855,1799.0,44.84758845312988
8504,2,Westernwear,faballey,1400.0,700.0,50.0
8505,3,Westernwear,crimsoune club,1699.0,1019.0,40.0
8506,4,Westernwear,enamor,2638.2167045910855,1599.0,44.84758845312988
8507,5,Westernwear,109f,2638.2167045910855,1699.0,44.84758845312988
8508,6,Westernwear,emblaze,2638.2167045910855,6000.0,44.84758845312988
8509,7,Westernwear,jockey,2638.2167045910855,1799.0,44.84758845312988
8510,8,Westernwear,jealous 21,2638.2167045910855,999.0,44.84758845312988
8511,9,Westernwear,109f,1699.0,679.0,60.0
8512,10,Westernwear,faballey,1950.0,975.0,50.0
8513,11,Westernwear,emblaze,2638.2167045910855,3000.0,44.84758845312988
8514,12,Westernwear,marie claire,1799.0,719.0,60.0
8515,13,Westernwear,sera,1899.0,759.0,60.0
8516,14,Westernwear,vero moda,3799.0,2279.0,40.0
8517,15,Westernwear,samshek,2638.2167045910855,5580.0,44.84758845312988
8518,16,Westernwear,109f,1499.0,599.0,60.0
8519,17,Westernwear,iti,2638.2167045910855,2799.0,44.84758845312988
8520,18,Westernwear,and,2099.0,1679.0,20.0
8521,19,Westernwear,life,499.0,249.0,50.0
8522,20,Westernwear,enamor,529.0,370.0,30.0
8523,21,Westernwear,and,1899.0,949.0,50.0
8525,23,Westernwear,global desi,2399.0,1199.0,50.0
8526,24,Westernwear,global desi,3499.0,1399.0,60.0
8527,25,Westernwear,and,1699.0,1189.0,30.0
8528,0,Westernwear,and,1699.0,1104.0,35.0
8529,1,Westernwear,puma,2799.0,1959.0,30.0
8530,2,Westernwear,crimsoune club,1299.0,1039.0,20.0
8531,3,Westernwear,zink london,1799.0,719.0,60.0
8532,4,Westernwear,latin quarters,1599.0,799.0,50.0
8533,5,Westernwear,latin quarters,3999.0,2799.0,30.0
8534,6,Westernwear,adidas,2799.0,1959.0,30.0
8535,7,Westernwear,life,2638.2167045910855,1199.0,44.84758845312988
8536,8,Westernwear,madame,1899.0,949.0,50.0
8537,9,Westernwear,adidas,2699.0,1889.0,30.0
8538,10,Westernwear,adidas,2299.0,1609.0,30.0
8539,11,Westernwear,fratini,1999.0,999.0,50.0
8540,12,Westernwear,lovegen,1499.0,599.0,60.0
8541,13,Westernwear,global desi,4499.0,1799.0,60.0
8542,14,Westernwear,miss chase,2638.2167045910855,2399.0,44.84758845312988
8543,15,Westernwear,marie claire,2899.0,1449.0,50.0
8544,16,Westernwear,miss chase,2638.2167045910855,2249.0,44.84758845312988
8545,17,Westernwear,and,1699.0,1189.0,30.0
8546,18,Westernwear,erotissch,2190.0,876.0,60.0
8547,19,Westernwear,rare,1499.0,599.0,60.0
8548,20,Westernwear,madame,1899.0,949.0,50.0
8549,21,Westernwear,global desi,1699.0,679.0,60.0
8551,23,Westernwear,campus sutra,2638.2167045910855,1399.0,44.84758845312988
8552,24,Westernwear,allen solly,2638.2167045910855,1899.0,44.84758845312988
8553,25,Westernwear,fila,2638.2167045910855,999.0,44.84758845312988
8554,0,Westernwear,madame,1999.0,999.0,50.0
8555,1,Westernwear,allen solly,2299.0,1379.0,40.0
8556,2,Westernwear,and,3299.0,2639.0,20.0
8557,3,Westernwear,latin quarters,2899.0,1449.0,50.0
8558,4,Westernwear,allen solly,1699.0,1019.0,40.0
8559,5,Westernwear,gipsy,2638.2167045910855,1695.0,44.84758845312988
8560,6,Westernwear,gipsy,2495.0,1746.0,30.0
8561,7,Westernwear,faballey,1400.0,700.0,50.0
8562,8,Westernwear,latin quarters,2499.0,1249.0,50.0
8563,9,Westernwear,and,3299.0,1649.0,50.0
8564,10,Westernwear,global desi,1199.0,719.0,40.0
8565,11,Westernwear,zink london,2999.0,1199.0,60.0
8566,12,Westernwear,global desi,1799.0,1079.0,40.0
8567,13,Westernwear,vero moda,1999.0,1599.0,20.0
8568,14,Westernwear,vero moda,1999.0,1599.0,20.0
8569,15,Westernwear,sera,1899.0,759.0,60.0
8570,16,Westernwear,gipsy,2638.2167045910855,2995.0,44.84758845312988
8571,17,Westernwear,kraus,1895.0,947.0,50.0
8572,18,Westernwear,crimsoune club,1399.0,839.0,40.0
8573,19,Westernwear,campus sutra,2638.2167045910855,2699.0,44.84758845312988
8574,20,Westernwear,faballey,2200.0,1100.0,50.0
8575,21,Westernwear,kraus,1895.0,947.0,50.0
8577,23,Westernwear,is.u,1800.0,900.0,50.0
8578,24,Westernwear,campus sutra,2638.2167045910855,999.0,44.84758845312988
8579,25,Westernwear,sera,1899.0,759.0,60.0
8580,0,Westernwear,faballey,1400.0,700.0,50.0
8581,1,Westernwear,crimsoune club,1599.0,1119.0,30.0
8582,2,Westernwear,enamor,2638.2167045910855,549.0,44.84758845312988
8583,3,Westernwear,dolce crudo,2449.0,734.0,70.0
8584,4,Westernwear,and,1699.0,1359.0,20.0
8585,5,Westernwear,is.u,2790.0,1395.0,50.0
8586,6,Westernwear,global desi,3499.0,1399.0,60.0
8587,7,Westernwear,faballey,1700.0,850.0,50.0
8588,8,Westernwear,sera,1498.0,749.0,50.0
8589,9,Westernwear,enamor,649.0,454.0,30.0
8590,10,Westernwear,faballey,1600.0,800.0,50.0
8591,11,Westernwear,indian terrain,1299.0,1039.0,20.0
8592,12,Westernwear,and,1499.0,749.0,50.0
8593,13,Westernwear,zink london,1399.0,499.0,64.0
8594,14,Westernwear,zink london,2499.0,999.0,60.0
8595,15,Westernwear,zink london,2499.0,999.0,60.0
8596,16,Westernwear,latin quarters,1299.0,499.0,62.0
8597,17,Westernwear,zink london,1299.0,499.0,62.0
8598,18,Westernwear,and,2499.0,1749.0,30.0
8599,19,Westernwear,marie claire,2799.0,1399.0,50.0
8600,20,Westernwear,and,1799.0,1259.0,30.0
8601,21,Westernwear,miss chase,2638.2167045910855,3099.0,44.84758845312988
8603,23,Westernwear,and,2638.2167045910855,2299.0,44.84758845312988
8604,24,Westernwear,and,2499.0,1749.0,30.0
8605,25,Westernwear,and,1499.0,974.0,35.0
8606,0,Westernwear,faballey,1800.0,900.0,50.0
8607,1,Westernwear,allen solly,1899.0,1139.0,40.0
8608,2,Westernwear,reebok,1599.0,799.0,50.0
8609,3,Westernwear,is.u,2390.0,1195.0,50.0
8610,4,Westernwear,hidesign,2638.2167045910855,495.0,44.84758845312988
8611,5,Westernwear,adidas,2999.0,1499.0,50.0
8612,6,Westernwear,spykar,1599.0,1119.0,30.0
8613,7,Westernwear,faballey,1400.0,700.0,50.0
8614,8,Westernwear,adidas,3999.0,2799.0,30.0
8615,9,Westernwear,vero moda,2799.0,2239.0,20.0
8616,10,Westernwear,emblaze,2638.2167045910855,3000.0,44.84758845312988
8617,11,Westernwear,emblaze,2638.2167045910855,4000.0,44.84758845312988
8618,12,Westernwear,dolce crudo,2499.0,1249.0,50.0
8619,13,Westernwear,enamor,799.0,559.0,30.0
8620,14,Westernwear,vero moda,2999.0,2399.0,20.0
8621,15,Westernwear,w,2638.2167045910855,3799.0,44.84758845312988
8622,16,Westernwear,emblaze,2638.2167045910855,2400.0,44.84758845312988
8623,17,Westernwear,vero moda,3999.0,3199.0,20.0
8624,18,Westernwear,109f,1599.0,639.0,60.0
8625,19,Westernwear,faballey,2200.0,1100.0,50.0
8626,20,Westernwear,crimsoune club,1499.0,749.0,50.0
8627,21,Westernwear,gipsy,2638.2167045910855,1695.0,44.84758845312988
8629,23,Westernwear,life,2638.2167045910855,99.0,44.84758845312988
8630,24,Westernwear,samshek,2890.0,2023.0,30.0
8631,25,Westernwear,109f,1399.0,559.0,60.0
8632,0,Westernwear,samshek,2890.0,2312.0,20.0
8633,1,Westernwear,dolce crudo,2995.0,1198.0,60.0
8634,2,Westernwear,vero moda,2638.2167045910855,2499.0,44.84758845312988
8635,3,Westernwear,alcis,2638.2167045910855,999.0,44.84758845312988
8636,4,Westernwear,mystere paris,1899.0,1139.0,40.0
8637,5,Westernwear,van heusen,2638.2167045910855,899.0,44.84758845312988
8638,6,Westernwear,vero moda,2299.0,1609.0,30.0
8639,7,Westernwear,is.u,2190.0,1095.0,50.0
8640,8,Westernwear,life,1999.0,999.0,50.0
8641,9,Westernwear,allen solly tribe,2638.2167045910855,999.0,44.84758845312988
8642,10,Westernwear,zink london,1399.0,1119.0,20.0
8643,11,Westernwear,vero moda,1599.0,1279.0,20.0
8644,12,Westernwear,vero moda,2999.0,2099.0,30.0
8645,13,Westernwear,fratini,2638.2167045910855,999.0,44.84758845312988
8646,14,Westernwear,vero moda,1499.0,1049.0,30.0
8647,15,Westernwear,global desi,2638.2167045910855,6999.0,44.84758845312988
8648,16,Westernwear,puma,2299.0,1609.0,30.0
8649,17,Westernwear,zink london,3499.0,1399.0,60.0
8650,18,Westernwear,only,1799.0,1439.0,20.0
8651,19,Westernwear,enamor,2638.2167045910855,799.0,44.84758845312988
8652,20,Westernwear,stop,1999.0,999.0,50.0
8653,21,Westernwear,life,699.0,349.0,50.0
8655,23,Westernwear,and,2099.0,1679.0,20.0
8656,24,Westernwear,faballey,2100.0,1050.0,50.0
8657,25,Westernwear,sera,1899.0,759.0,60.0
8658,0,Westernwear,life,1499.0,749.0,50.0
8659,1,Westernwear,van heusen,2638.2167045910855,1049.0,44.84758845312988
8660,2,Westernwear,dolce crudo,2949.0,1474.0,50.0
8661,3,Westernwear,samshek,2590.0,2072.0,20.0
8662,4,Westernwear,gipsy,1795.0,1256.0,30.0
8663,5,Westernwear,dolce crudo,4399.0,2199.0,50.0
8664,6,Westernwear,faballey,1400.0,700.0,50.0
8665,7,Westernwear,pepe,1999.0,1199.0,40.0
8666,8,Westernwear,life,2638.2167045910855,1899.0,44.84758845312988
8667,9,Westernwear,dolce crudo,2449.0,979.0,60.0
8668,10,Westernwear,kraus,1299.0,649.0,50.0
8669,11,Westernwear,zink london,3499.0,1399.0,60.0
8670,12,Westernwear,dolce crudo,1049.0,524.0,50.0
8671,13,Westernwear,magre,1490.0,596.0,60.0
8672,14,Westernwear,kraus,1695.0,847.0,50.0
8673,15,Westernwear,vero moda,3999.0,2799.0,30.0
8674,16,Westernwear,109f,2638.2167045910855,2199.0,44.84758845312988
8675,17,Westernwear,faballey,1500.0,750.0,50.0
8676,18,Westernwear,campus sutra,2638.2167045910855,799.0,44.84758845312988
8677,19,Westernwear,dolce crudo,2399.0,959.0,60.0
8678,20,Westernwear,109f,1699.0,639.0,62.0
8679,21,Westernwear,vero moda,2638.2167045910855,1999.0,44.84758845312988
8681,23,Westernwear,zink london,1599.0,959.0,40.0
8682,24,Westernwear,emblaze,2638.2167045910855,3800.0,44.84758845312988
8683,25,Westernwear,campus sutra,2638.2167045910855,2699.0,44.84758845312988
8684,0,Westernwear,enamor,2638.2167045910855,999.0,44.84758845312988
8685,1,Westernwear,pepe,2599.0,1559.0,40.0
8686,2,Westernwear,puma,2499.0,1749.0,30.0
8687,3,Westernwear,enamor,2638.2167045910855,899.0,44.84758845312988
8688,4,Westernwear,levis,2638.2167045910855,2799.0,44.84758845312988
8689,5,Westernwear,vero moda,2299.0,1839.0,20.0
8690,6,Westernwear,emblaze,2638.2167045910855,2400.0,44.84758845312988
8691,7,Westernwear,samshek,2638.2167045910855,1649.0,44.84758845312988
8692,8,Westernwear,vero moda,2499.0,1249.0,50.0
8693,9,Westernwear,enamor,1099.0,769.0,30.0
8694,10,Westernwear,levis,2638.2167045910855,3999.0,44.84758845312988
8695,11,Westernwear,kraus,1299.0,1169.0,10.0
8696,12,Westernwear,kraus,1299.0,1169.0,10.0
8697,13,Westernwear,altlife,499.0,249.0,50.0
8698,14,Westernwear,kraus,1199.0,1079.0,10.0
8699,15,Westernwear,and,2499.0,2249.0,10.0
8700,16,Westernwear,kraus,1299.0,649.0,50.0
8701,17,Westernwear,emblaze,2638.2167045910855,4000.0,44.84758845312988
8702,18,Westernwear,campus sutra,2638.2167045910855,1399.0,44.84758845312988
8703,19,Westernwear,enamor,1049.0,734.0,30.0
8704,20,Westernwear,latin quarters,1599.0,799.0,50.0
8705,21,Westernwear,vero moda,2299.0,1609.0,30.0
8707,23,Westernwear,jockey,2638.2167045910855,539.0,44.84758845312988
8708,24,Westernwear,vip,2638.2167045910855,499.0,44.84758845312988
8709,25,Westernwear,allen solly,3799.0,3039.0,20.0
8710,0,Westernwear,rare,1399.0,629.0,55.0
8711,1,Westernwear,miss chase,2638.2167045910855,2199.0,44.84758845312988
8712,2,Westernwear,faballey,1500.0,750.0,50.0
8713,3,Westernwear,indya,2638.2167045910855,2800.0,44.84758845312988
8714,4,Westernwear,kraus,1895.0,947.0,50.0
8715,5,Westernwear,latin quarters,2499.0,1749.0,30.0
8716,6,Westernwear,latin quarters,1399.0,979.0,30.0
8717,7,Westernwear,zink london,999.0,399.0,60.0
8718,8,Westernwear,samshek,2845.0,1707.0,40.0
8719,9,Westernwear,dolce crudo,2199.0,989.0,55.0
8720,10,Westernwear,global desi,1799.0,1079.0,40.0
8721,11,Westernwear,madame,2299.0,1379.0,40.0
8722,12,Westernwear,fratini,2638.2167045910855,1599.0,44.84758845312988
8723,13,Westernwear,emblaze,2638.2167045910855,4000.0,44.84758845312988
8724,14,Westernwear,monte carlo,2638.2167045910855,4495.0,44.84758845312988
8725,15,Westernwear,faballey,1400.0,700.0,50.0
8726,16,Westernwear,cover story,2590.0,1813.0,30.0
8727,17,Westernwear,faballey,1800.0,900.0,50.0
8728,18,Westernwear,is.u,890.0,445.0,50.0
8729,19,Westernwear,janasya,2499.0,999.0,60.0
8730,20,Westernwear,is.u,1990.0,696.0,65.0
8731,21,Westernwear,kraus,1795.0,897.0,50.0
8733,23,Westernwear,jealous 21,2638.2167045910855,1199.0,44.84758845312988
8734,24,Westernwear,sera,2998.0,1499.0,50.0
8735,25,Westernwear,magre,2290.0,1374.0,40.0
8736,0,Westernwear,pepe,1599.0,959.0,40.0
8737,1,Westernwear,and,3299.0,2144.0,35.0
8738,2,Westernwear,109f,1799.0,719.0,60.0
8739,3,Westernwear,crimsoune club,1399.0,979.0,30.0
8740,4,Westernwear,latin quarters,2899.0,2029.0,30.0
8741,5,Westernwear,crimsoune club,799.0,559.0,30.0
8742,6,Westernwear,zink london,1599.0,639.0,60.0
8743,7,Westernwear,and,1699.0,1189.0,30.0
8744,8,Westernwear,jockey,2638.2167045910855,649.0,44.84758845312988
8745,9,Westernwear,cover story,3790.0,1895.0,50.0
8746,10,Westernwear,iti,2638.2167045910855,3699.0,44.84758845312988
8747,11,Westernwear,pepe,1999.0,1199.0,40.0
8748,12,Westernwear,and,2499.0,1249.0,50.0
8749,13,Westernwear,is.u,1490.0,745.0,50.0
8750,14,Westernwear,faballey,2400.0,1200.0,50.0
8751,15,Westernwear,kraus,1299.0,649.0,50.0
8752,16,Westernwear,campus sutra,2638.2167045910855,1399.0,44.84758845312988
8753,17,Westernwear,and,1499.0,974.0,35.0
8754,18,Westernwear,only,2299.0,1149.0,50.0
8755,19,Westernwear,faballey,950.0,475.0,50.0
8756,20,Westernwear,dolce crudo,1999.0,699.0,65.0
8757,21,Westernwear,and,1999.0,999.0,50.0
8759,23,Westernwear,faballey,1400.0,1120.0,20.0
8760,24,Westernwear,forever new,3600.0,2160.0,40.0
8761,25,Westernwear,kraus,1699.0,849.0,50.0
8762,0,Westernwear,and,2638.2167045910855,2199.0,44.84758845312988
8763,1,Westernwear,zink london,1399.0,599.0,57.0
8764,2,Westernwear,zink london,2499.0,999.0,60.0
8765,3,Westernwear,latin quarters,1450.0,725.0,50.0
8766,4,Westernwear,zink london,2999.0,1199.0,60.0
8767,5,Westernwear,zink london,1599.0,639.0,60.0
8768,6,Westernwear,marie claire,1599.0,719.0,55.0
8769,7,Westernwear,varanga,1299.0,519.0,60.0
8770,8,Westernwear,rare,1699.0,679.0,60.0
8771,9,Westernwear,rare,1599.0,719.0,55.0
8772,10,Westernwear,marie claire,1599.0,799.0,50.0
8773,11,Westernwear,and,2899.0,2029.0,30.0
8774,12,Westernwear,allen solly,2499.0,1499.0,40.0
8775,13,Westernwear,and,3099.0,2479.0,20.0
8776,14,Westernwear,spykar,2499.0,1749.0,30.0
8777,15,Westernwear,faballey,1600.0,800.0,50.0
8778,16,Westernwear,madame,2399.0,1199.0,50.0
8779,17,Westernwear,dolce crudo,2349.0,939.0,60.0
8780,18,Westernwear,cover story,890.0,445.0,50.0
8781,19,Westernwear,magre,1590.0,795.0,50.0
8782,20,Westernwear,crimsoune club,1299.0,779.0,40.0
8783,21,Westernwear,van heusen,1299.0,999.0,23.0
8785,23,Westernwear,faballey,2600.0,1300.0,50.0
8786,24,Westernwear,adidas,1799.0,1259.0,30.0
8787,25,Westernwear,pepe,2638.2167045910855,4999.0,44.84758845312988
8788,0,Westernwear,and,1699.0,1189.0,30.0
8789,1,Westernwear,global desi,2638.2167045910855,1699.0,44.84758845312988
8790,2,Westernwear,juniper,1899.0,759.0,60.0
8791,3,Westernwear,enamor,2638.2167045910855,849.0,44.84758845312988
8792,4,Westernwear,109f,2638.2167045910855,1599.0,44.84758845312988
8793,5,Westernwear,emblaze,2638.2167045910855,2200.0,44.84758845312988
8794,6,Westernwear,vero moda,1999.0,1599.0,20.0
8795,7,Westernwear,samshek,2190.0,1971.0,10.0
8796,8,Westernwear,is.u,2190.0,1095.0,50.0
8797,9,Westernwear,crimsoune club,899.0,629.0,30.0
8798,10,Westernwear,stop,1999.0,999.0,50.0
8799,11,Westernwear,vero moda,2638.2167045910855,2499.0,44.84758845312988
8800,12,Westernwear,vero moda,2499.0,1999.0,20.0
8801,13,Westernwear,enamor,2638.2167045910855,999.0,44.84758845312988
8802,14,Westernwear,enamor,2638.2167045910855,799.0,44.84758845312988
8803,15,Westernwear,jockey,2638.2167045910855,1129.0,44.84758845312988
8804,16,Westernwear,dolce crudo,2549.0,1147.0,55.0
8805,17,Westernwear,pepe,1999.0,1199.0,40.0
8806,18,Westernwear,only,2799.0,1679.0,40.0
8807,19,Westernwear,emblaze,2638.2167045910855,4500.0,44.84758845312988
8808,20,Westernwear,emblaze,2638.2167045910855,4000.0,44.84758845312988
8809,21,Westernwear,gipsy,2638.2167045910855,1495.0,44.84758845312988
8811,23,Westernwear,kraus,2095.0,1885.0,10.0
8812,24,Westernwear,kraus,1299.0,1169.0,10.0
8813,25,Westernwear,109f,2499.0,499.0,80.0
8814,0,Westernwear,enamor,599.0,419.0,30.0
8815,1,Westernwear,jealous 21,2638.2167045910855,1999.0,44.84758845312988
8816,2,Westernwear,puma,2499.0,1749.0,30.0
8817,3,Westernwear,campus sutra,2638.2167045910855,1299.0,44.84758845312988
8818,4,Westernwear,109f,1599.0,639.0,60.0
8819,5,Westernwear,dolce crudo,3599.0,1439.0,60.0
8820,6,Westernwear,emblaze,2638.2167045910855,3800.0,44.84758845312988
8821,7,Westernwear,puma,3999.0,2799.0,30.0
8822,8,Westernwear,fratini,599.0,299.0,50.0
8823,9,Westernwear,faballey,1950.0,1560.0,20.0
8824,10,Westernwear,stop,2638.2167045910855,1299.0,44.84758845312988
8825,11,Westernwear,allen solly,999.0,599.0,40.0
8826,12,Westernwear,samshek,2390.0,1912.0,20.0
8827,13,Westernwear,crimsoune club,1299.0,779.0,40.0
8828,14,Westernwear,enamor,2638.2167045910855,1399.0,44.84758845312988
8829,15,Westernwear,stop,2999.0,1499.0,50.0
8830,16,Westernwear,dolce crudo,2899.0,1159.0,60.0
8831,17,Westernwear,crimsoune club,1499.0,1049.0,30.0
8832,18,Westernwear,madame,1399.0,839.0,40.0
8833,19,Westernwear,enamor,2638.2167045910855,549.0,44.84758845312988
8834,20,Westernwear,adidas,1999.0,1399.0,30.0
8835,21,Westernwear,global desi,3899.0,3119.0,20.0
8837,23,Westernwear,iti,2638.2167045910855,1899.0,44.84758845312988
8838,24,Westernwear,magre,1990.0,895.0,55.0
8839,25,Westernwear,faballey,1400.0,700.0,50.0
8840,0,Westernwear,emblaze,2638.2167045910855,2600.0,44.84758845312988
8841,1,Westernwear,sera,1298.0,649.0,50.0
8842,2,Westernwear,global desi,3299.0,2639.0,20.0
8843,3,Westernwear,magre,1790.0,1163.0,35.0
8844,4,Westernwear,pepe,1499.0,899.0,40.0
8845,5,Westernwear,crimsoune club,1399.0,699.0,50.0
8846,6,Westernwear,enamor,1699.0,1189.0,30.0
8847,7,Westernwear,dolce crudo,4149.0,1867.0,55.0
8848,8,Westernwear,gipsy,2638.2167045910855,2795.0,44.84758845312988
8849,9,Westernwear,is.u,2490.0,1245.0,50.0
8850,10,Westernwear,fratini,2638.2167045910855,1299.0,44.84758845312988
8851,11,Westernwear,dolce crudo,2299.0,1034.0,55.0
8852,12,Westernwear,lovegen,1799.0,1259.0,30.0
8853,13,Westernwear,crimsoune club,2999.0,2399.0,20.0
8854,14,Westernwear,and,3099.0,2169.0,30.0
8855,15,Westernwear,dolce crudo,2399.0,959.0,60.0
8856,16,Westernwear,campus sutra,2638.2167045910855,1999.0,44.84758845312988
8857,17,Westernwear,lovegen,2099.0,1049.0,50.0
8858,18,Westernwear,adidas,2299.0,1149.0,50.0
8859,19,Westernwear,magre,1590.0,715.0,55.0
8860,20,Westernwear,is.u,990.0,495.0,50.0
8861,21,Westernwear,109f,2638.2167045910855,1499.0,44.84758845312988
8863,23,Westernwear,crimsoune club,1199.0,599.0,50.0
8864,24,Westernwear,samshek,2520.0,2016.0,20.0
8865,25,Westernwear,iti,2638.2167045910855,1799.0,44.84758845312988
8866,0,Westernwear,global desi,5499.0,4399.0,20.0
8867,1,Westernwear,stop,2638.2167045910855,1499.0,44.84758845312988
8868,2,Westernwear,kraus,1895.0,947.0,50.0
8869,3,Westernwear,and,2638.2167045910855,1599.0,44.84758845312988
8870,4,Westernwear,109f,2299.0,919.0,60.0
8871,5,Westernwear,latin quarters,2638.2167045910855,1499.0,44.84758845312988
8872,6,Westernwear,samshek,2990.0,2093.0,30.0
8873,7,Westernwear,hidesign,2638.2167045910855,495.0,44.84758845312988
8874,8,Westernwear,dolce crudo,2299.0,1034.0,55.0
8875,9,Westernwear,and,2299.0,1609.0,30.0
8876,10,Westernwear,faballey,1400.0,700.0,50.0
8877,11,Westernwear,vero moda,2999.0,2399.0,20.0
8878,12,Westernwear,gipsy,1495.0,747.0,50.0
8879,13,Westernwear,vero moda,2599.0,2079.0,20.0
8880,14,Westernwear,emblaze,2638.2167045910855,3000.0,44.84758845312988
8881,15,Westernwear,allen solly tribe,2638.2167045910855,899.0,44.84758845312988
8882,16,Westernwear,faballey,2800.0,1400.0,50.0
8883,17,Westernwear,adidas,3299.0,2309.0,30.0
8884,18,Westernwear,faballey,1600.0,800.0,50.0
8885,19,Westernwear,magre,2190.0,985.0,55.0
8886,20,Westernwear,puma,2999.0,2099.0,30.0
8887,21,Westernwear,soie,590.0,442.0,25.0
8889,23,Westernwear,kraus,1595.0,1116.0,30.0
8890,24,Westernwear,rare,4599.0,1839.0,60.0
8891,25,Westernwear,gipsy,1795.0,1256.0,30.0
8892,0,Westernwear,faballey,1500.0,750.0,50.0
8893,1,Westernwear,sera,1998.0,999.0,50.0
8894,2,Westernwear,faballey,1800.0,900.0,50.0
8895,3,Westernwear,samshek,1890.0,1701.0,10.0
8896,4,Westernwear,madame,999.0,699.0,30.0
8897,5,Westernwear,crimsoune club,599.0,419.0,30.0
8898,6,Westernwear,kraus,1895.0,947.0,50.0
8899,7,Westernwear,gipsy,2638.2167045910855,2795.0,44.84758845312988
8900,8,Westernwear,emblaze,2638.2167045910855,2800.0,44.84758845312988
8901,9,Westernwear,magre,2290.0,1374.0,40.0
8902,10,Westernwear,kraus,1695.0,1186.0,30.0
8903,11,Westernwear,global desi,1999.0,1199.0,40.0
8904,12,Westernwear,gipsy,1795.0,897.0,50.0
8905,13,Westernwear,faballey,2200.0,1100.0,50.0
8906,14,Westernwear,life,1299.0,649.0,50.0
8907,15,Westernwear,and,3299.0,1649.0,50.0
8908,16,Westernwear,samshek,2990.0,2093.0,30.0
8909,17,Westernwear,crimsoune club,2999.0,2399.0,20.0
8910,18,Westernwear,stop,999.0,499.0,50.0
8911,19,Westernwear,alcis,2638.2167045910855,1799.0,44.84758845312988
8912,20,Westernwear,zink london,2999.0,1799.0,40.0
8913,21,Westernwear,sera,1298.0,649.0,50.0
8915,23,Westernwear,van heusen,2638.2167045910855,1249.0,44.84758845312988
8916,24,Westernwear,allen solly,2638.2167045910855,499.0,44.84758845312988
8917,25,Westernwear,yuris,1899.0,949.0,50.0
8918,0,Westernwear,and,2638.2167045910855,2199.0,44.84758845312988
8919,1,Westernwear,and,3799.0,1899.0,50.0
8920,2,Westernwear,life,1499.0,749.0,50.0
8921,3,Westernwear,zink london,1599.0,799.0,50.0
8922,4,Westernwear,zink london,1799.0,1079.0,40.0
8923,5,Westernwear,latin quarters,1999.0,999.0,50.0
8924,6,Westernwear,insense,899.0,449.0,50.0
8925,7,Westernwear,and,1499.0,1049.0,30.0
8926,8,Westernwear,zink london,2999.0,1199.0,60.0
8927,9,Westernwear,miss chase,2638.2167045910855,4599.0,44.84758845312988
8928,10,Westernwear,miss chase,2638.2167045910855,2995.0,44.84758845312988
8929,11,Westernwear,zink london,3999.0,1599.0,60.0
8930,12,Westernwear,miss chase,2638.2167045910855,2999.0,44.84758845312988
8931,13,Westernwear,rare,1299.0,584.0,55.0
8932,14,Westernwear,miss chase,2638.2167045910855,1949.0,44.84758845312988
8933,15,Westernwear,marie claire,1990.0,995.0,50.0
8934,16,Westernwear,and,1699.0,1359.0,20.0
8935,17,Westernwear,erotissch,4890.0,1956.0,60.0
8936,18,Westernwear,marie claire,1799.0,899.0,50.0
8937,19,Westernwear,miss chase,2638.2167045910855,1199.0,44.84758845312988
8938,20,Westernwear,and,1799.0,1169.0,35.0
8939,21,Westernwear,109f,2638.2167045910855,2599.0,44.84758845312988
8941,23,Westernwear,alcis,2638.2167045910855,799.0,44.84758845312988
8942,24,Westernwear,lovegen,999.0,399.0,60.0
8943,25,Westernwear,109f,1799.0,719.0,60.0
8944,0,Westernwear,is.u,2190.0,1095.0,50.0
8945,1,Westernwear,allen solly,2799.0,1679.0,40.0
8946,2,Westernwear,zink london,1499.0,599.0,60.0
8947,3,Westernwear,zink london,2299.0,919.0,60.0
8948,4,Westernwear,campus sutra,2638.2167045910855,4999.0,44.84758845312988
8949,5,Westernwear,sera,1898.0,949.0,50.0
8950,6,Westernwear,faballey,1500.0,750.0,50.0
8951,7,Westernwear,enamor,1699.0,1189.0,30.0
8952,8,Westernwear,faballey,1800.0,900.0,50.0
8953,9,Westernwear,faballey,1800.0,900.0,50.0
8954,10,Westernwear,crimsoune club,1799.0,899.0,50.0
8955,11,Westernwear,duke,2638.2167045910855,2899.0,44.84758845312988
8956,12,Westernwear,lovegen,1499.0,1049.0,30.0
8957,13,Westernwear,109f,999.0,399.0,60.0
8958,14,Westernwear,adidas,2638.2167045910855,1599.0,44.84758845312988
8959,15,Westernwear,is.u,2190.0,1095.0,50.0
8960,16,Westernwear,zink london,2299.0,919.0,60.0
8961,17,Westernwear,faballey,1600.0,800.0,50.0
8962,18,Westernwear,latin quarters,1499.0,1049.0,30.0
8963,19,Westernwear,and,2638.2167045910855,3299.0,44.84758845312988
8964,20,Westernwear,faballey,2500.0,1250.0,50.0
8965,21,Westernwear,latin quarters,1399.0,979.0,30.0
8967,23,Westernwear,faballey,1400.0,700.0,50.0
8968,24,Westernwear,latin quarters,2638.2167045910855,2799.0,44.84758845312988
8969,25,Westernwear,kraus,1895.0,947.0,50.0
8970,0,Westernwear,and,2638.2167045910855,1799.0,44.84758845312988
8971,1,Westernwear,kraus,1595.0,797.0,50.0
8972,2,Westernwear,global desi,2399.0,1439.0,40.0
8973,3,Westernwear,iti,2638.2167045910855,1799.0,44.84758845312988
8974,4,Westernwear,gipsy,3995.0,2796.0,30.0
8975,5,Westernwear,109f,1799.0,719.0,60.0
8976,6,Westernwear,zink london,2999.0,1199.0,60.0
8977,7,Westernwear,campus sutra,2638.2167045910855,1599.0,44.84758845312988
8978,8,Westernwear,and,2899.0,1449.0,50.0
8979,9,Westernwear,zink london,3499.0,1399.0,60.0
8980,10,Westernwear,faballey,1950.0,975.0,50.0
8981,11,Westernwear,faballey,2950.0,1475.0,50.0
8982,12,Westernwear,kraus,1795.0,897.0,50.0
8983,13,Westernwear,iti,2638.2167045910855,1999.0,44.84758845312988
8984,14,Westernwear,gipsy,2638.2167045910855,1995.0,44.84758845312988
8985,15,Westernwear,faballey,2400.0,1200.0,50.0
8986,16,Westernwear,crimsoune club,1499.0,899.0,40.0
8987,17,Westernwear,faballey,1600.0,800.0,50.0
8988,18,Westernwear,kraus,1399.0,699.0,50.0
8989,19,Westernwear,gipsy,4395.0,3076.0,30.0
8990,20,Westernwear,latin quarters,1699.0,849.0,50.0
8991,21,Westernwear,sera,1998.0,999.0,50.0
8993,23,Westernwear,iti,2638.2167045910855,2699.0,44.84758845312988
8994,24,Westernwear,campus sutra,2638.2167045910855,1499.0,44.84758845312988
8995,25,Westernwear,crimsoune club,1999.0,799.0,60.0
8996,0,Westernwear,109f,1399.0,559.0,60.0
8997,1,Westernwear,dolce crudo,2199.0,879.0,60.0
8998,2,Westernwear,and,1899.0,1329.0,30.0
8999,3,Westernwear,and,1499.0,1049.0,30.0
9000,4,Westernwear,and,1499.0,749.0,50.0
9001,5,Westernwear,latin quarters,1499.0,749.0,50.0
9002,6,Westernwear,latin quarters,2299.0,1609.0,30.0
9003,7,Westernwear,zink london,2999.0,1199.0,60.0
9004,8,Westernwear,latin quarters,4699.0,2349.0,50.0
9005,9,Westernwear,rare,1299.0,584.0,55.0
9006,10,Westernwear,marie claire,2199.0,989.0,55.0
9007,11,Westernwear,miss chase,2638.2167045910855,1699.0,44.84758845312988
9008,12,Westernwear,and,2899.0,2029.0,30.0
9009,13,Westernwear,cover story,1590.0,990.0,38.0
9010,14,Westernwear,marie claire,1499.0,674.0,55.0
9011,15,Westernwear,rare,1499.0,599.0,60.0
9012,16,Westernwear,dolce crudo,4995.0,1998.0,60.0
9013,17,Westernwear,life,2638.2167045910855,1799.0,44.84758845312988
9014,18,Westernwear,dolce crudo,2499.0,1249.0,50.0
9015,19,Westernwear,109f,2638.2167045910855,1499.0,44.84758845312988
9016,20,Westernwear,zink london,1399.0,1119.0,20.0
9017,21,Westernwear,samshek,2990.0,2392.0,20.0
9019,23,Westernwear,life,1999.0,999.0,50.0
9020,24,Westernwear,enamor,2638.2167045910855,1399.0,44.84758845312988
9021,25,Westernwear,allen solly tribe,2638.2167045910855,1299.0,44.84758845312988
9023,1,Westernwear,is.u,2190.0,1095.0,50.0
9024,2,Westernwear,only,3499.0,1749.0,50.0
9025,3,Westernwear,adidas,2638.2167045910855,2699.0,44.84758845312988
9026,4,Westernwear,lovegen,2599.0,1299.0,50.0
9027,5,Westernwear,spykar,2699.0,1889.0,30.0
9028,6,Westernwear,only,2499.0,1749.0,30.0
9029,7,Westernwear,faballey,1400.0,1120.0,20.0
9030,8,Westernwear,high star,2638.2167045910855,2099.0,44.84758845312988
9031,9,Westernwear,gipsy,1495.0,1046.0,30.0
9032,10,Westernwear,adidas,2299.0,1609.0,30.0
9033,11,Westernwear,samshek,2990.0,2392.0,20.0
9034,12,Westernwear,109f,1699.0,679.0,60.0
9035,13,Westernwear,indian terrain,2638.2167045910855,1299.0,44.84758845312988
9036,14,Westernwear,vero moda,3299.0,2309.0,30.0
9037,15,Westernwear,zink london,2899.0,1739.0,40.0
9038,16,Westernwear,gipsy,4195.0,2936.0,30.0
9039,17,Westernwear,dolce crudo,1949.0,877.0,55.0
9040,18,Westernwear,vero moda,3499.0,2449.0,30.0
9041,19,Westernwear,crimsoune club,2499.0,1499.0,40.0
9042,20,Westernwear,stop,1299.0,649.0,50.0
9043,21,Westernwear,puma,3999.0,2799.0,30.0
9045,23,Westernwear,campus sutra,2638.2167045910855,1399.0,44.84758845312988
9046,24,Westernwear,adidas,4999.0,3499.0,30.0
9047,25,Westernwear,109f,2638.2167045910855,1699.0,44.84758845312988
9048,0,Westernwear,kraus,999.0,699.0,30.0
9049,1,Westernwear,madame,2638.2167045910855,1299.0,44.84758845312988
9050,2,Westernwear,stop,1299.0,649.0,50.0
9051,3,Westernwear,samshek,1990.0,1592.0,20.0
9052,4,Westernwear,iti,2638.2167045910855,1699.0,44.84758845312988
9053,5,Westernwear,samshek,2638.2167045910855,2999.0,44.84758845312988
9054,6,Westernwear,spykar,1699.0,1189.0,30.0
9055,7,Westernwear,samshek,2638.2167045910855,3200.0,44.84758845312988
9056,8,Westernwear,109f,1299.0,519.0,60.0
9057,9,Westernwear,faballey,1200.0,960.0,20.0
9058,10,Westernwear,spykar,2599.0,1819.0,30.0
9059,11,Westernwear,life,299.0,149.0,50.0
9060,12,Westernwear,jockey,2638.2167045910855,549.0,44.84758845312988
9061,13,Westernwear,vero moda,1599.0,1119.0,30.0
9062,14,Westernwear,stop,399.0,199.0,50.0
9063,15,Westernwear,kraus,1199.0,1079.0,10.0
9064,16,Westernwear,w,2638.2167045910855,3799.0,44.84758845312988
9065,17,Westernwear,puma,2799.0,1959.0,30.0
9066,18,Westernwear,stop,1499.0,749.0,50.0
9067,19,Westernwear,faballey,1400.0,1120.0,20.0
9068,20,Westernwear,kraus,1695.0,1186.0,30.0
9069,21,Westernwear,vero moda,2638.2167045910855,3799.0,44.84758845312988
9071,23,Westernwear,madame,2399.0,1199.0,50.0
9072,24,Westernwear,spykar,2899.0,2029.0,30.0
9073,25,Westernwear,jealous 21,2638.2167045910855,2199.0,44.84758845312988
9074,0,Westernwear,vero moda,2799.0,2239.0,20.0
9075,1,Westernwear,zink london,1599.0,959.0,40.0
9076,2,Westernwear,sera,1899.0,759.0,60.0
9077,3,Westernwear,global desi,3299.0,2639.0,20.0
9078,4,Westernwear,de moza,2638.2167045910855,1999.0,44.84758845312988
9079,5,Westernwear,latin quarters,1899.0,799.0,58.0
9080,6,Westernwear,vero moda,2299.0,1379.0,40.0
9081,7,Westernwear,enamor,1049.0,734.0,30.0
9082,8,Westernwear,gipsy,1595.0,1116.0,30.0
9083,9,Westernwear,emblaze,2638.2167045910855,3500.0,44.84758845312988
9084,10,Westernwear,puma,3499.0,2449.0,30.0
9085,11,Westernwear,spykar,1299.0,909.0,30.0
9086,12,Westernwear,jealous 21,2638.2167045910855,2199.0,44.84758845312988
9087,13,Westernwear,cover story,990.0,690.0,30.0
9088,14,Westernwear,faballey,2400.0,1920.0,20.0
9089,15,Westernwear,emblaze,2638.2167045910855,3000.0,44.84758845312988
9090,16,Westernwear,and,2638.2167045910855,2499.0,44.84758845312988
9091,17,Westernwear,zink london,1299.0,779.0,40.0
9092,18,Westernwear,dolce crudo,2449.0,979.0,60.0
9093,19,Westernwear,lovegen,699.0,419.0,40.0
9094,20,Westernwear,puma,2499.0,1749.0,30.0
9095,21,Westernwear,magre,1790.0,1163.0,35.0
9097,23,Westernwear,vero moda,2599.0,2079.0,20.0
9098,24,Westernwear,crimsoune club,2199.0,1319.0,40.0
9099,25,Westernwear,vero moda,1999.0,1199.0,40.0
9100,0,Westernwear,sera,1898.0,949.0,50.0
9101,1,Westernwear,van heusen,2638.2167045910855,859.0,44.84758845312988
9102,2,Westernwear,pepe,1999.0,1199.0,40.0
9103,3,Westernwear,emblaze,2638.2167045910855,2400.0,44.84758845312988
9104,4,Westernwear,crimsoune club,2499.0,1249.0,50.0
9105,5,Westernwear,jockey,2638.2167045910855,439.0,44.84758845312988
9106,6,Westernwear,faballey,1500.0,1200.0,20.0
9107,7,Westernwear,crimsoune club,1999.0,999.0,50.0
9108,8,Westernwear,global desi,1499.0,749.0,50.0
9109,9,Westernwear,sera,1298.0,649.0,50.0
9110,10,Westernwear,global desi,2699.0,2159.0,20.0
9111,11,Westernwear,latin quarters,2638.2167045910855,2999.0,44.84758845312988
9112,12,Westernwear,latin quarters,3999.0,2799.0,30.0
9114,14,Westernwear,latin quarters,4999.0,3499.0,30.0
9115,15,Westernwear,latin quarters,2700.0,1350.0,50.0
9116,16,Westernwear,zink london,1599.0,639.0,60.0
9117,17,Westernwear,marie claire,2699.0,1349.0,50.0
9118,18,Westernwear,miss chase,2638.2167045910855,2749.0,44.84758845312988
9119,19,Westernwear,ira soleil,2638.2167045910855,1998.0,44.84758845312988
9120,20,Westernwear,miss chase,2638.2167045910855,2449.0,44.84758845312988
9121,21,Westernwear,marie claire,1499.0,674.0,55.0
9123,23,Westernwear,rare,1599.0,639.0,60.0
9124,24,Westernwear,miss chase,2638.2167045910855,2299.0,44.84758845312988
9125,25,Westernwear,and,2638.2167045910855,2999.0,44.84758845312988
9126,0,Westernwear,global desi,2899.0,1884.0,35.0
9127,1,Westernwear,sera,1094.0,437.0,60.0
9128,2,Westernwear,madame,2199.0,1319.0,40.0
9129,3,Westernwear,and,1899.0,1329.0,30.0
9130,4,Westernwear,global desi,4299.0,2794.0,35.0
9131,5,Westernwear,crimsoune club,1399.0,839.0,40.0
9132,6,Westernwear,global desi,1599.0,959.0,40.0
9133,7,Westernwear,iti,2638.2167045910855,1799.0,44.84758845312988
9134,8,Westernwear,faballey,1950.0,975.0,50.0
9135,9,Westernwear,faballey,2250.0,1125.0,50.0
9136,10,Westernwear,crimsoune club,1999.0,999.0,50.0
9137,11,Westernwear,latin quarters,2299.0,1149.0,50.0
9138,12,Westernwear,campus sutra,2638.2167045910855,999.0,44.84758845312988
9139,13,Westernwear,iti,2638.2167045910855,2299.0,44.84758845312988
9140,14,Westernwear,and,3499.0,2449.0,30.0
9141,15,Westernwear,crimsoune club,999.0,499.0,50.0
9142,16,Westernwear,cover story,2890.0,2023.0,30.0
9143,17,Westernwear,fila,2638.2167045910855,2099.0,44.84758845312988
9144,18,Westernwear,madame,3299.0,1649.0,50.0
9145,19,Westernwear,faballey,2100.0,1050.0,50.0
9146,20,Westernwear,faballey,2500.0,1250.0,50.0
9147,21,Westernwear,indya,2638.2167045910855,1950.0,44.84758845312988
9149,23,Westernwear,iti,2638.2167045910855,1699.0,44.84758845312988
9150,24,Westernwear,dolce crudo,1249.0,624.0,50.0
9151,25,Westernwear,iti,2638.2167045910855,2999.0,44.84758845312988
9152,0,Westernwear,crimsoune club,999.0,499.0,50.0
9153,1,Westernwear,allen solly,1699.0,1019.0,40.0
9154,2,Westernwear,faballey,2100.0,1050.0,50.0
9155,3,Westernwear,dolce crudo,2049.0,922.0,55.0
9156,4,Westernwear,sera,1398.0,629.0,55.0
9157,5,Westernwear,enamor,899.0,629.0,30.0
9158,6,Westernwear,and,3099.0,2479.0,20.0
9159,7,Westernwear,gipsy,1895.0,1326.0,30.0
9160,8,Westernwear,indya,2638.2167045910855,2400.0,44.84758845312988
9161,9,Westernwear,van heusen,1299.0,999.0,23.0
9162,10,Westernwear,crimsoune club,1399.0,699.0,50.0
9163,11,Westernwear,and,1899.0,1519.0,20.0
9164,12,Westernwear,van heusen,1999.0,1499.0,25.0
9165,13,Westernwear,crimsoune club,1599.0,1119.0,30.0
9166,14,Westernwear,kraus,1895.0,947.0,50.0
9167,15,Westernwear,crimsoune club,1999.0,999.0,50.0
9168,16,Westernwear,global desi,3099.0,2014.0,35.0
9169,17,Westernwear,campus sutra,2638.2167045910855,1899.0,44.84758845312988
9170,18,Westernwear,vero moda,2599.0,1299.0,50.0
9171,19,Westernwear,zink london,2799.0,1119.0,60.0
9172,20,Westernwear,faballey,2100.0,1050.0,50.0
9173,21,Westernwear,crimsoune club,1399.0,1119.0,20.0
9175,23,Westernwear,and,2638.2167045910855,2299.0,44.84758845312988
9176,24,Westernwear,monte carlo,2638.2167045910855,1545.0,44.84758845312988
9177,25,Westernwear,life,1699.0,849.0,50.0
9178,0,Westernwear,global desi,2999.0,2099.0,30.0
9179,1,Westernwear,and,2638.2167045910855,2299.0,44.84758845312988
9180,2,Westernwear,zink london,2399.0,959.0,60.0
9181,3,Westernwear,latin quarters,1699.0,849.0,50.0
9182,4,Westernwear,latin quarters,4799.0,3359.0,30.0
9183,5,Westernwear,latin quarters,4799.0,3359.0,30.0
9184,6,Westernwear,zink london,2499.0,999.0,60.0
9185,7,Westernwear,and,2899.0,2029.0,30.0
9186,8,Westernwear,and,2638.2167045910855,2199.0,44.84758845312988
9187,9,Westernwear,cover story,2790.0,1674.0,40.0
9188,10,Westernwear,kraus,1599.0,799.0,50.0
9189,11,Westernwear,zink london,2499.0,999.0,60.0
9190,12,Westernwear,miss chase,2638.2167045910855,4995.0,44.84758845312988
9191,13,Westernwear,zink london,4999.0,1999.0,60.0
9192,14,Westernwear,monte carlo,2638.2167045910855,2445.0,44.84758845312988
9193,15,Westernwear,iti,2638.2167045910855,1899.0,44.84758845312988
9194,16,Westernwear,adidas,2999.0,2099.0,30.0
9195,17,Westernwear,samshek,2690.0,2152.0,20.0
9196,18,Westernwear,van heusen,2638.2167045910855,899.0,44.84758845312988
9197,19,Westernwear,109f,2638.2167045910855,1499.0,44.84758845312988
9198,20,Westernwear,dolce crudo,3099.0,1239.0,60.0
9199,21,Westernwear,is.u,2490.0,1245.0,50.0
9201,23,Westernwear,gipsy,2638.2167045910855,1395.0,44.84758845312988
9202,24,Westernwear,sera,1899.0,759.0,60.0
9203,25,Westernwear,is.u,1490.0,745.0,50.0
9204,0,Westernwear,crimsoune club,1499.0,1049.0,30.0
9205,1,Westernwear,sera,1998.0,999.0,50.0
9206,2,Westernwear,samshek,2490.0,1743.0,30.0
9207,3,Westernwear,proline,1299.0,909.0,30.0
9208,4,Westernwear,vero moda,2799.0,1679.0,40.0
9209,5,Westernwear,zink london,3299.0,1319.0,60.0
9210,6,Westernwear,allen solly,1999.0,1199.0,40.0
9211,7,Westernwear,allen solly,1999.0,1199.0,40.0
9212,8,Westernwear,109f,1499.0,599.0,60.0
9213,9,Westernwear,jealous 21,2638.2167045910855,2199.0,44.84758845312988
9214,10,Westernwear,dolce crudo,2199.0,989.0,55.0
9215,11,Westernwear,madame,2699.0,1349.0,50.0
9216,12,Westernwear,vero moda,2638.2167045910855,2299.0,44.84758845312988
9217,13,Westernwear,samshek,2638.2167045910855,1390.0,44.84758845312988
9218,14,Westernwear,and,2638.2167045910855,2399.0,44.84758845312988
9219,15,Westernwear,enamor,2638.2167045910855,849.0,44.84758845312988
9220,16,Westernwear,adidas,2499.0,1249.0,50.0
9221,17,Westernwear,is.u,2190.0,1095.0,50.0
9222,18,Westernwear,life,1499.0,749.0,50.0
9223,19,Westernwear,109f,2638.2167045910855,1499.0,44.84758845312988
9224,20,Westernwear,forever new,3600.0,2520.0,30.0
9225,21,Westernwear,van heusen,2638.2167045910855,1199.0,44.84758845312988
9227,23,Westernwear,faballey,1600.0,800.0,50.0
9228,24,Westernwear,samshek,2638.2167045910855,4590.0,44.84758845312988
9229,25,Westernwear,dolce crudo,2499.0,999.0,60.0
9230,0,Westernwear,emblaze,2638.2167045910855,2200.0,44.84758845312988
9231,1,Westernwear,iti,2638.2167045910855,2499.0,44.84758845312988
9232,2,Westernwear,iti,2638.2167045910855,1899.0,44.84758845312988
9233,3,Westernwear,campus sutra,2638.2167045910855,1999.0,44.84758845312988
9234,4,Westernwear,faballey,1400.0,700.0,50.0
9235,5,Westernwear,enamor,2638.2167045910855,899.0,44.84758845312988
9236,6,Westernwear,crimsoune club,2299.0,2069.0,10.0
9237,7,Westernwear,is.u,890.0,445.0,50.0
9238,8,Westernwear,109f,1599.0,639.0,60.0
9239,9,Westernwear,infuse,1199.0,599.0,50.0
9240,10,Westernwear,crimsoune club,1999.0,999.0,50.0
9241,11,Westernwear,and,1899.0,1329.0,30.0
9242,12,Westernwear,vero moda,2599.0,1819.0,30.0
9243,13,Westernwear,samshek,2990.0,2093.0,30.0
9244,14,Westernwear,jockey,2638.2167045910855,419.0,44.84758845312988
9245,15,Westernwear,zink london,2899.0,1159.0,60.0
9246,16,Westernwear,109f,2638.2167045910855,1299.0,44.84758845312988
9247,17,Westernwear,adidas,1799.0,1259.0,30.0
9248,18,Westernwear,sera,1998.0,999.0,50.0
9249,19,Westernwear,dolce crudo,3199.0,1279.0,60.0
9250,20,Westernwear,emblaze,2638.2167045910855,2400.0,44.84758845312988
9251,21,Westernwear,puma,2999.0,2099.0,30.0
9253,23,Westernwear,dolce crudo,2899.0,1304.0,55.0
9254,24,Westernwear,faballey,2600.0,2080.0,20.0
9255,25,Westernwear,is.u,2490.0,1245.0,50.0
9256,0,Westernwear,crimsoune club,4499.0,2699.0,40.0
9257,1,Westernwear,campus sutra,2638.2167045910855,1999.0,44.84758845312988
9258,2,Westernwear,monte carlo,2638.2167045910855,4395.0,44.84758845312988
9259,3,Westernwear,campus sutra,2638.2167045910855,699.0,44.84758845312988
9260,4,Westernwear,kraus,1895.0,1705.0,10.0
9261,5,Westernwear,enamor,2638.2167045910855,749.0,44.84758845312988
9262,6,Westernwear,only,2499.0,1999.0,20.0
9263,7,Westernwear,iti,2638.2167045910855,3499.0,44.84758845312988
9264,8,Westernwear,faballey,1600.0,800.0,50.0
9265,9,Westernwear,magre,1890.0,850.0,55.0
9266,10,Westernwear,iti,2638.2167045910855,3499.0,44.84758845312988
9267,11,Westernwear,faballey,1950.0,1560.0,20.0
9268,12,Westernwear,cover story,1490.0,990.0,34.0
9269,13,Westernwear,dolce crudo,4149.0,2074.0,50.0
9270,14,Westernwear,allen solly,1999.0,1199.0,40.0
9271,15,Westernwear,zink london,1349.0,539.0,60.0
9272,16,Westernwear,crimsoune club,1999.0,999.0,50.0
9273,17,Westernwear,gipsy,2638.2167045910855,1895.0,44.84758845312988
9274,18,Westernwear,109f,1199.0,479.0,60.0
9275,19,Westernwear,madame,1299.0,649.0,50.0
9276,20,Westernwear,infuse,2638.2167045910855,1599.0,44.84758845312988
9277,21,Westernwear,samshek,2890.0,2023.0,30.0
9279,23,Westernwear,samshek,2638.2167045910855,1490.0,44.84758845312988
9280,24,Westernwear,pepe,2999.0,1799.0,40.0
9281,25,Westernwear,crimsoune club,899.0,629.0,30.0
9282,0,Westernwear,109f,2638.2167045910855,1599.0,44.84758845312988
9283,1,Westernwear,jealous 21,2638.2167045910855,2199.0,44.84758845312988
9284,2,Westernwear,adidas,4799.0,3359.0,30.0
9285,3,Westernwear,vero moda,2499.0,1749.0,30.0
9286,4,Westernwear,lovegen,1899.0,1139.0,40.0
9287,5,Westernwear,latin quarters,1499.0,749.0,50.0
9288,6,Westernwear,adidas,2999.0,2099.0,30.0
9289,7,Westernwear,samshek,1890.0,1701.0,10.0
9290,8,Westernwear,is.u,2190.0,1095.0,50.0
9291,9,Westernwear,and,3499.0,1749.0,50.0
9292,10,Westernwear,sera,1294.0,517.0,60.0
9293,11,Westernwear,sera,1099.0,549.0,50.0
9294,12,Westernwear,enamor,2638.2167045910855,999.0,44.84758845312988
9295,13,Westernwear,and,2638.2167045910855,2399.0,44.84758845312988
9296,14,Westernwear,zink london,2299.0,999.0,57.0
9297,15,Westernwear,magre,1990.0,895.0,55.0
9298,16,Westernwear,global desi,2399.0,959.0,60.0
9299,17,Westernwear,duke,2638.2167045910855,3595.0,44.84758845312988
9300,18,Westernwear,faballey,2200.0,1100.0,50.0
9301,19,Westernwear,zink london,1499.0,499.0,67.0
9302,20,Westernwear,iti,2638.2167045910855,1599.0,44.84758845312988
9303,21,Westernwear,janasya,2399.0,959.0,60.0
9305,23,Westernwear,samshek,1890.0,1701.0,10.0
9306,24,Westernwear,faballey,2400.0,1200.0,50.0
9307,25,Westernwear,life,1999.0,999.0,50.0
9308,0,Westernwear,sera,1394.0,697.0,50.0
9309,1,Westernwear,allen solly,1799.0,1079.0,40.0
9310,2,Westernwear,iti,2638.2167045910855,1699.0,44.84758845312988
9311,3,Westernwear,faballey,2200.0,1760.0,20.0
9312,4,Westernwear,dolce crudo,2995.0,1198.0,60.0
9313,5,Westernwear,iti,2638.2167045910855,2999.0,44.84758845312988
9314,6,Westernwear,magre,1990.0,796.0,60.0
9315,7,Westernwear,vero moda,1499.0,1049.0,30.0
9316,8,Westernwear,campus sutra,2638.2167045910855,699.0,44.84758845312988
9317,9,Westernwear,vero moda,2799.0,1399.0,50.0
9318,10,Westernwear,enamor,2638.2167045910855,1599.0,44.84758845312988
9319,11,Westernwear,allen solly,2699.0,1619.0,40.0
9320,12,Westernwear,kraus,1299.0,1169.0,10.0
9321,13,Westernwear,109f,2638.2167045910855,1199.0,44.84758845312988
9322,14,Westernwear,spykar,1099.0,769.0,30.0
9323,15,Westernwear,dolce crudo,2349.0,1174.0,50.0
9324,16,Westernwear,samshek,2490.0,1992.0,20.0
9325,17,Westernwear,monte carlo,2638.2167045910855,4495.0,44.84758845312988
9326,18,Westernwear,crimsoune club,2399.0,1199.0,50.0
9327,19,Westernwear,faballey,1500.0,1200.0,20.0
9328,20,Westernwear,madame,2199.0,1099.0,50.0
9329,21,Westernwear,spykar,1299.0,909.0,30.0
9331,23,Westernwear,allen solly tribe,2638.2167045910855,1299.0,44.84758845312988
9332,24,Westernwear,kraus,1995.0,997.0,50.0
9333,25,Westernwear,109f,2299.0,919.0,60.0
9334,0,Westernwear,enamor,1049.0,734.0,30.0
9335,1,Westernwear,dolce crudo,1099.0,549.0,50.0
9336,2,Westernwear,109f,2638.2167045910855,1999.0,44.84758845312988
9337,3,Westernwear,campus sutra,2638.2167045910855,899.0,44.84758845312988
9338,4,Westernwear,latin quarters,2638.2167045910855,2999.0,44.84758845312988
9339,5,Westernwear,vero moda,2299.0,1839.0,20.0
9340,6,Westernwear,dolce crudo,4995.0,1998.0,60.0
9341,7,Westernwear,iti,2638.2167045910855,1899.0,44.84758845312988
9342,8,Westernwear,kraus,1399.0,699.0,50.0
9343,9,Westernwear,life,2638.2167045910855,1499.0,44.84758845312988
9344,10,Westernwear,zink london,1699.0,499.0,71.0
9345,11,Westernwear,dolce crudo,2199.0,989.0,55.0
9346,12,Westernwear,dolce crudo,3899.0,1559.0,60.0
9347,13,Westernwear,indya,1600.0,800.0,50.0
9348,14,Westernwear,latin quarters,2499.0,1749.0,30.0
9349,15,Westernwear,jockey,2638.2167045910855,399.0,44.84758845312988
9350,16,Westernwear,vero moda,2638.2167045910855,2499.0,44.84758845312988
9351,17,Westernwear,latin quarters,3999.0,2799.0,30.0
9352,18,Westernwear,faballey,1600.0,1280.0,20.0
9353,19,Westernwear,allen solly,1699.0,1019.0,40.0
9354,20,Westernwear,faballey,2200.0,1100.0,50.0
9355,21,Westernwear,van heusen,2638.2167045910855,3499.0,44.84758845312988
9357,23,Westernwear,gipsy,3795.0,1897.0,50.0
9358,24,Westernwear,indya,2638.2167045910855,3400.0,44.84758845312988
9359,25,Westernwear,van heusen,2638.2167045910855,979.0,44.84758845312988
9360,0,Westernwear,crimsoune club,2199.0,1319.0,40.0
9361,1,Westernwear,adidas,2299.0,1149.0,50.0
9362,2,Westernwear,stop,1499.0,749.0,50.0
9363,3,Westernwear,vero moda,3799.0,3039.0,20.0
9364,4,Westernwear,zink london,2299.0,919.0,60.0
9365,5,Westernwear,latin quarters,2399.0,1199.0,50.0
9366,6,Westernwear,latin quarters,2999.0,1499.0,50.0
9367,7,Westernwear,latin quarters,4799.0,3359.0,30.0
9368,8,Westernwear,vero moda,2299.0,1609.0,30.0
9369,9,Westernwear,marie claire,2499.0,1249.0,50.0
9370,10,Westernwear,miss chase,2638.2167045910855,2449.0,44.84758845312988
9371,11,Westernwear,marie claire,1399.0,629.0,55.0
9372,12,Westernwear,and,2699.0,2159.0,20.0
9373,13,Westernwear,rare,1599.0,639.0,60.0
9374,14,Westernwear,and,2638.2167045910855,2499.0,44.84758845312988
9375,15,Westernwear,miss chase,2638.2167045910855,2999.0,44.84758845312988
9376,16,Westernwear,miss chase,2638.2167045910855,1999.0,44.84758845312988
9377,17,Westernwear,marie claire,1599.0,799.0,50.0
9378,18,Westernwear,sera,1294.0,517.0,60.0
9379,19,Westernwear,monte carlo,2638.2167045910855,4395.0,44.84758845312988
9380,20,Westernwear,faballey,2400.0,1200.0,50.0
9381,21,Westernwear,zink london,1699.0,679.0,60.0
9383,23,Westernwear,dolce crudo,2299.0,1034.0,55.0
9384,24,Westernwear,latin quarters,4499.0,3149.0,30.0
9385,25,Westernwear,iti,2638.2167045910855,1399.0,44.84758845312988
9386,0,Westernwear,faballey,1800.0,900.0,50.0
9387,1,Westernwear,and,2638.2167045910855,1799.0,44.84758845312988
9388,2,Westernwear,van heusen,2638.2167045910855,2199.0,44.84758845312988
9389,3,Westernwear,iti,2638.2167045910855,1699.0,44.84758845312988
9390,4,Westernwear,allen solly,2499.0,1499.0,40.0
9391,5,Westernwear,latin quarters,1999.0,999.0,50.0
9392,6,Westernwear,enamor,1599.0,1119.0,30.0
9393,7,Westernwear,life,1199.0,839.0,30.0
9394,8,Westernwear,iti,2638.2167045910855,1899.0,44.84758845312988
9395,9,Westernwear,vero moda,999.0,499.0,50.0
9396,10,Westernwear,pepe,1999.0,1199.0,40.0
9397,11,Westernwear,zink london,2299.0,919.0,60.0
9398,12,Westernwear,dolce crudo,2999.0,1199.0,60.0
9399,13,Westernwear,dolce crudo,2299.0,919.0,60.0
9400,14,Westernwear,allen solly,1499.0,999.0,33.0
9401,15,Westernwear,iti,2638.2167045910855,1499.0,44.84758845312988
9402,16,Westernwear,duke,2638.2167045910855,2095.0,44.84758845312988
9403,17,Westernwear,campus sutra,2638.2167045910855,2499.0,44.84758845312988
9404,18,Westernwear,faballey,2200.0,1100.0,50.0
9405,19,Westernwear,crimsoune club,2299.0,919.0,60.0
9406,20,Westernwear,fratini,1499.0,749.0,50.0
9407,21,Westernwear,iti,2638.2167045910855,1999.0,44.84758845312988
9409,23,Westernwear,faballey,1500.0,750.0,50.0
9410,24,Westernwear,faballey,1400.0,700.0,50.0
9411,25,Westernwear,iti,2638.2167045910855,1899.0,44.84758845312988
9412,0,Westernwear,crimsoune club,1399.0,839.0,40.0
9413,1,Westernwear,global desi,1599.0,959.0,40.0
9414,2,Westernwear,iti,2638.2167045910855,1799.0,44.84758845312988
9415,3,Westernwear,lovegen,1999.0,999.0,50.0
9416,4,Westernwear,global desi,1499.0,749.0,50.0
9417,5,Westernwear,life,399.0,199.0,50.0
9418,6,Westernwear,dolce crudo,2299.0,919.0,60.0
9419,7,Westernwear,sera,1899.0,759.0,60.0
9420,8,Westernwear,kraus,1199.0,599.0,50.0
9421,9,Westernwear,and,2299.0,1149.0,50.0
9422,10,Westernwear,kraus,1595.0,797.0,50.0
9423,11,Westernwear,zink london,3499.0,1399.0,60.0
9424,12,Westernwear,iti,2638.2167045910855,1999.0,44.84758845312988
9425,13,Westernwear,faballey,1400.0,700.0,50.0
9426,14,Westernwear,global desi,1599.0,959.0,40.0
9427,15,Westernwear,zink london,2799.0,1119.0,60.0
9428,16,Westernwear,crimsoune club,1399.0,839.0,40.0
9429,17,Westernwear,lovegen,599.0,419.0,30.0
9430,18,Westernwear,kraus,1395.0,976.0,30.0
9431,19,Westernwear,monte carlo,2638.2167045910855,1680.0,44.84758845312988
9432,20,Westernwear,vero moda,2499.0,1999.0,20.0
9433,21,Westernwear,kraus,1895.0,947.0,50.0
9435,23,Westernwear,and,1999.0,1399.0,30.0
9436,24,Westernwear,dolce crudo,2649.0,1324.0,50.0
9437,25,Westernwear,faballey,4400.0,2200.0,50.0
9438,0,Westernwear,sera,2998.0,1499.0,50.0
9439,1,Westernwear,dolce crudo,2249.0,1012.0,55.0
9440,2,Westernwear,crimsoune club,1399.0,979.0,30.0
9441,3,Westernwear,and,3099.0,2169.0,30.0
9442,4,Westernwear,latin quarters,1699.0,1189.0,30.0
9443,5,Westernwear,latin quarters,1599.0,799.0,50.0
9444,6,Westernwear,latin quarters,1499.0,1049.0,30.0
9445,7,Westernwear,latin quarters,2499.0,1249.0,50.0
9446,8,Westernwear,adidas,3799.0,2659.0,30.0
9447,9,Westernwear,and,2699.0,1349.0,50.0
9448,10,Westernwear,rare,1399.0,629.0,55.0
9449,11,Westernwear,and,2638.2167045910855,2299.0,44.84758845312988
9450,12,Westernwear,crimsoune club,599.0,419.0,30.0
9451,13,Westernwear,only,2499.0,1499.0,40.0
9452,14,Westernwear,vero moda,999.0,699.0,30.0
9453,15,Westernwear,campus sutra,2638.2167045910855,1499.0,44.84758845312988
9454,16,Westernwear,vip,2638.2167045910855,349.0,44.84758845312988
9455,17,Westernwear,campus sutra,2638.2167045910855,1299.0,44.84758845312988
9456,18,Westernwear,life,2638.2167045910855,1499.0,44.84758845312988
9457,19,Westernwear,is.u,2490.0,1245.0,50.0
9458,20,Westernwear,emblaze,2638.2167045910855,2800.0,44.84758845312988
9459,21,Westernwear,global desi,3099.0,1549.0,50.0
9461,23,Westernwear,109f,1899.0,759.0,60.0
9462,24,Westernwear,spykar,2499.0,1749.0,30.0
9463,25,Westernwear,dolce crudo,2199.0,769.0,65.0
9464,0,Westernwear,dolce crudo,1899.0,759.0,60.0
9465,1,Westernwear,and,2638.2167045910855,2499.0,44.84758845312988
9466,2,Westernwear,vero moda,3299.0,2309.0,30.0
9467,3,Westernwear,zink london,2399.0,1439.0,40.0
9468,4,Westernwear,life,2638.2167045910855,299.0,44.84758845312988
9469,5,Westernwear,crimsoune club,1799.0,899.0,50.0
9470,6,Westernwear,campus sutra,2638.2167045910855,1399.0,44.84758845312988
9471,7,Westernwear,puma,2799.0,1959.0,30.0
9472,8,Westernwear,dolce crudo,2449.0,979.0,60.0
9473,9,Westernwear,sera,1198.0,479.0,60.0
9474,10,Westernwear,jockey,2638.2167045910855,679.0,44.84758845312988
9475,11,Westernwear,samshek,2638.2167045910855,1390.0,44.84758845312988
9476,12,Westernwear,crimsoune club,1999.0,1599.0,20.0
9477,13,Westernwear,global desi,1499.0,599.0,60.0
9478,14,Westernwear,vero moda,2638.2167045910855,2599.0,44.84758845312988
9479,15,Westernwear,allen solly,1999.0,1599.0,20.0
9480,16,Westernwear,and,2799.0,2239.0,20.0
9481,17,Westernwear,109f,2638.2167045910855,2199.0,44.84758845312988
9482,18,Westernwear,faballey,2400.0,1920.0,20.0
9483,19,Westernwear,latin quarters,2499.0,1249.0,50.0
9484,20,Westernwear,magre,1990.0,895.0,55.0
9485,21,Westernwear,gipsy,2195.0,1536.0,30.0
9487,23,Westernwear,zink london,1799.0,1079.0,40.0
9488,24,Westernwear,allen solly tribe,2638.2167045910855,1799.0,44.84758845312988
9489,25,Westernwear,sera,299.0,209.0,30.0
9490,0,Westernwear,109f,2638.2167045910855,1699.0,44.84758845312988
9491,1,Westernwear,samshek,2520.0,2016.0,20.0
9492,2,Westernwear,kraus,2095.0,1047.0,50.0
9493,3,Westernwear,crimsoune club,1299.0,1039.0,20.0
9494,4,Westernwear,sera,1098.0,549.0,50.0
9495,5,Westernwear,sera,1494.0,747.0,50.0
9496,6,Westernwear,adidas,2999.0,2099.0,30.0
9497,7,Westernwear,campus sutra,2638.2167045910855,999.0,44.84758845312988
9498,8,Westernwear,dolce crudo,2899.0,1159.0,60.0
9499,9,Westernwear,proline,999.0,499.0,50.0
9500,10,Westernwear,samshek,2638.2167045910855,2849.0,44.84758845312988
9501,11,Westernwear,vero moda,3299.0,1979.0,40.0
9502,12,Westernwear,crimsoune club,1199.0,719.0,40.0
9503,13,Westernwear,crimsoune club,1199.0,839.0,30.0
9504,14,Westernwear,spykar,1099.0,769.0,30.0
9505,15,Westernwear,proline,699.0,349.0,50.0
9506,16,Westernwear,magre,1890.0,850.0,55.0
9507,17,Westernwear,lovegen,2199.0,1099.0,50.0
9508,18,Westernwear,is.u,1990.0,995.0,50.0
9509,19,Westernwear,faballey,1350.0,1080.0,20.0
9510,20,Westernwear,magre,1590.0,874.0,45.0
9511,21,Westernwear,faballey,1400.0,1120.0,20.0
9513,23,Westernwear,stop,1499.0,749.0,50.0
9514,24,Westernwear,spykar,1099.0,769.0,30.0
9515,25,Westernwear,de moza,2638.2167045910855,1999.0,44.84758845312988
9516,0,Westernwear,adidas,2638.2167045910855,1399.0,44.84758845312988
9517,1,Westernwear,samshek,2638.2167045910855,2290.0,44.84758845312988
9518,2,Westernwear,vero moda,1299.0,649.0,50.0
9519,3,Westernwear,zink london,2499.0,1499.0,40.0
9520,4,Westernwear,jealous 21,2638.2167045910855,1999.0,44.84758845312988
9521,5,Westernwear,enamor,2638.2167045910855,1299.0,44.84758845312988
9522,6,Westernwear,vero moda,3499.0,2799.0,20.0
9523,7,Westernwear,dolce crudo,1249.0,562.0,55.0
9524,8,Westernwear,emblaze,2638.2167045910855,3000.0,44.84758845312988
9525,9,Westernwear,emblaze,2638.2167045910855,3200.0,44.84758845312988
9526,10,Westernwear,proline,899.0,449.0,50.0
9527,11,Westernwear,enamor,1049.0,734.0,30.0
9528,12,Westernwear,rare,4399.0,1759.0,60.0
9529,13,Westernwear,faballey,1900.0,1520.0,20.0
9530,14,Westernwear,puma,5999.0,4199.0,30.0
9531,15,Westernwear,magre,1990.0,995.0,50.0
9532,16,Westernwear,109f,2638.2167045910855,1499.0,44.84758845312988
9533,17,Westernwear,adidas,2638.2167045910855,2999.0,44.84758845312988
9534,18,Westernwear,dolce crudo,1249.0,624.0,50.0
9535,19,Westernwear,latin quarters,2638.2167045910855,1399.0,44.84758845312988
9536,20,Westernwear,samshek,2790.0,1953.0,30.0
9537,21,Westernwear,campus sutra,2638.2167045910855,1149.0,44.84758845312988
9539,23,Westernwear,lovegen,599.0,419.0,30.0
9540,24,Westernwear,vero moda,1299.0,779.0,40.0
9541,25,Westernwear,sera,2698.0,1349.0,50.0
9542,0,Westernwear,adidas,1799.0,1259.0,30.0
9543,1,Westernwear,adidas,3299.0,2309.0,30.0
9544,2,Westernwear,emblaze,2638.2167045910855,3000.0,44.84758845312988
9545,3,Westernwear,faballey,2400.0,1920.0,20.0
9546,4,Westernwear,enamor,1049.0,734.0,30.0
9547,5,Westernwear,samshek,2090.0,1881.0,10.0
9548,6,Westernwear,life,1999.0,999.0,50.0
9549,7,Westernwear,samshek,2999.0,2099.0,30.0
9550,8,Westernwear,and,1499.0,1199.0,20.0
9551,9,Westernwear,magre,1790.0,1074.0,40.0
9552,10,Westernwear,magre,1990.0,995.0,50.0
9553,11,Westernwear,puma,3999.0,2799.0,30.0
9554,12,Westernwear,global desi,1799.0,899.0,50.0
9555,13,Westernwear,van heusen,2638.2167045910855,1699.0,44.84758845312988
9556,14,Westernwear,stop,2638.2167045910855,1499.0,44.84758845312988
9557,15,Westernwear,emblaze,2638.2167045910855,2400.0,44.84758845312988
9558,16,Westernwear,samshek,2638.2167045910855,3999.0,44.84758845312988
9559,17,Westernwear,zink london,1499.0,1199.0,20.0
9560,18,Westernwear,samshek,2290.0,2061.0,10.0
9561,19,Westernwear,pepe,2499.0,1499.0,40.0
9562,20,Westernwear,van heusen,2638.2167045910855,1199.0,44.84758845312988
9563,21,Westernwear,magre,1790.0,1163.0,35.0
9565,23,Westernwear,cover story,2638.2167045910855,990.0,44.84758845312988
9566,24,Westernwear,enamor,2638.2167045910855,1499.0,44.84758845312988
9567,25,Westernwear,faballey,1800.0,900.0,50.0
9568,0,Westernwear,samshek,1890.0,1701.0,10.0
9569,1,Westernwear,adidas,2299.0,1609.0,30.0
9570,2,Westernwear,crimsoune club,1199.0,599.0,50.0
9571,3,Westernwear,magre,1990.0,597.0,70.0
9572,4,Westernwear,samshek,2090.0,1881.0,10.0
9573,5,Westernwear,allen solly,1699.0,1499.0,12.0
9574,6,Westernwear,rukootina,2638.2167045910855,1995.0,44.84758845312988
9575,7,Westernwear,zink london,2499.0,999.0,60.0
9576,8,Westernwear,zink london,2499.0,999.0,60.0
9577,9,Westernwear,zink london,2999.0,1199.0,60.0
9578,10,Westernwear,miss chase,2638.2167045910855,3099.0,44.84758845312988
9579,11,Westernwear,miss chase,2638.2167045910855,2449.0,44.84758845312988
9580,12,Westernwear,miss chase,2638.2167045910855,2999.0,44.84758845312988
9581,13,Westernwear,miss chase,2638.2167045910855,2999.0,44.84758845312988
9582,14,Westernwear,miss chase,2638.2167045910855,1999.0,44.84758845312988
9583,15,Westernwear,miss chase,2638.2167045910855,2299.0,44.84758845312988
9584,16,Westernwear,miss chase,2638.2167045910855,2399.0,44.84758845312988
9585,17,Westernwear,indya,1600.0,800.0,50.0
9586,18,Westernwear,zink london,2199.0,699.0,68.0
9587,19,Westernwear,rare,4199.0,1889.0,55.0
9588,20,Westernwear,global desi,1799.0,1079.0,40.0
9589,21,Westernwear,janasya,2399.0,959.0,60.0
9591,23,Westernwear,zink london,2499.0,999.0,60.0
9592,24,Westernwear,sera,1094.0,437.0,60.0
9593,25,Westernwear,latin quarters,2499.0,1249.0,50.0
9594,0,Westernwear,iti,2638.2167045910855,1899.0,44.84758845312988
9595,1,Westernwear,kraus,1995.0,997.0,50.0
9596,2,Westernwear,kraus,1695.0,1186.0,30.0
9597,3,Westernwear,faballey,2100.0,1050.0,50.0
9598,4,Westernwear,janasya,1999.0,899.0,55.0
9599,5,Westernwear,crimsoune club,1999.0,999.0,50.0
9600,6,Westernwear,iti,2638.2167045910855,1199.0,44.84758845312988
9601,7,Westernwear,crimsoune club,2199.0,1319.0,40.0
9602,8,Westernwear,109f,2638.2167045910855,1599.0,44.84758845312988
9603,9,Westernwear,sera,1899.0,759.0,60.0
9604,10,Westernwear,109f,1499.0,599.0,60.0
9605,11,Westernwear,sera,1299.0,649.0,50.0
9606,12,Westernwear,lovegen,2499.0,1249.0,50.0
9607,13,Westernwear,crimsoune club,1499.0,899.0,40.0
9608,14,Westernwear,zink london,2899.0,1159.0,60.0
9609,15,Westernwear,enamor,2638.2167045910855,1399.0,44.84758845312988
9610,16,Westernwear,is.u,1890.0,661.0,65.0
9611,17,Westernwear,lovegen,599.0,419.0,30.0
9612,18,Westernwear,global desi,1599.0,959.0,40.0
9613,19,Westernwear,iti,2638.2167045910855,1299.0,44.84758845312988
9614,20,Westernwear,monte carlo,2638.2167045910855,2695.0,44.84758845312988
9615,21,Westernwear,latin quarters,2799.0,1399.0,50.0
9617,23,Westernwear,109f,2638.2167045910855,1799.0,44.84758845312988
9618,24,Westernwear,109f,2799.0,1119.0,60.0
9619,25,Westernwear,vero moda,4999.0,3999.0,20.0
9620,0,Westernwear,is.u,2190.0,1095.0,50.0
9621,1,Westernwear,is.u,1399.0,699.0,50.0
9622,2,Westernwear,duke,2638.2167045910855,3595.0,44.84758845312988
9623,3,Westernwear,enamor,2638.2167045910855,1399.0,44.84758845312988
9624,4,Westernwear,latin quarters,1899.0,799.0,58.0
9625,5,Westernwear,faballey,2200.0,1100.0,50.0
9626,6,Westernwear,campus sutra,2638.2167045910855,1899.0,44.84758845312988
9627,7,Westernwear,is.u,2890.0,1445.0,50.0
9628,8,Westernwear,stop,1499.0,749.0,50.0
9629,9,Westernwear,and,2499.0,1249.0,50.0
9630,10,Westernwear,faballey,1400.0,700.0,50.0
9631,11,Westernwear,faballey,2100.0,1050.0,50.0
9632,12,Westernwear,campus sutra,2638.2167045910855,1999.0,44.84758845312988
9633,13,Westernwear,zink london,1599.0,639.0,60.0
9634,14,Westernwear,faballey,2100.0,1050.0,50.0
9635,15,Westernwear,crimsoune club,1299.0,909.0,30.0
9636,16,Westernwear,gipsy,1895.0,1326.0,30.0
9637,17,Westernwear,fratini,1499.0,749.0,50.0
9638,18,Westernwear,faballey,1300.0,650.0,50.0
9639,19,Westernwear,109f,1399.0,559.0,60.0
9640,20,Westernwear,duke,2638.2167045910855,2295.0,44.84758845312988
9641,21,Westernwear,faballey,1900.0,950.0,50.0
9643,23,Westernwear,lovegen,999.0,699.0,30.0
9644,24,Westernwear,is.u,3290.0,1645.0,50.0
9645,25,Westernwear,and,1699.0,1189.0,30.0
9646,0,Westernwear,latin quarters,2499.0,1249.0,50.0
9647,1,Westernwear,latin quarters,2399.0,1199.0,50.0
9648,2,Westernwear,zink london,1499.0,599.0,60.0
9649,3,Westernwear,latin quarters,2799.0,1399.0,50.0
9650,4,Westernwear,miss chase,2638.2167045910855,2299.0,44.84758845312988
9651,5,Westernwear,and,2638.2167045910855,2499.0,44.84758845312988
9652,6,Westernwear,rare,1599.0,719.0,55.0
9653,7,Westernwear,rare,1599.0,639.0,60.0
9654,8,Westernwear,marie claire,1499.0,749.0,50.0
9655,9,Westernwear,marie claire,2799.0,1259.0,55.0
9656,10,Westernwear,and,1999.0,1399.0,30.0
9657,11,Westernwear,and,3099.0,2169.0,30.0
9658,12,Westernwear,marie claire,1499.0,674.0,55.0
9659,13,Westernwear,kraus,1499.0,749.0,50.0
9660,14,Westernwear,alcis,2638.2167045910855,1199.0,44.84758845312988
9661,15,Westernwear,alcis,2638.2167045910855,1299.0,44.84758845312988
9662,16,Westernwear,alcis,2638.2167045910855,999.0,44.84758845312988
9663,17,Westernwear,madame,1999.0,999.0,50.0
9664,18,Westernwear,alcis,2638.2167045910855,1299.0,44.84758845312988
9665,19,Westernwear,enamor,1049.0,734.0,30.0
9666,20,Westernwear,magre,1490.0,596.0,60.0
9667,21,Westernwear,crimsoune club,999.0,499.0,50.0
9669,23,Westernwear,crimsoune club,999.0,399.0,60.0
9670,24,Westernwear,zink london,2999.0,1199.0,60.0
9671,25,Westernwear,crimsoune club,1199.0,599.0,50.0
9672,0,Westernwear,vero moda,3999.0,1999.0,50.0
9673,1,Westernwear,vero moda,2999.0,2399.0,20.0
9674,2,Westernwear,vero moda,3999.0,2799.0,30.0
9675,3,Westernwear,allen solly,1599.0,959.0,40.0
9676,4,Westernwear,spykar,2499.0,1749.0,30.0
9677,5,Westernwear,crimsoune club,1999.0,1599.0,20.0
9678,6,Westernwear,magre,1990.0,895.0,55.0
9679,7,Westernwear,faballey,1600.0,800.0,50.0
9680,8,Westernwear,109f,1999.0,799.0,60.0
9681,9,Westernwear,allen solly tribe,2638.2167045910855,1299.0,44.84758845312988
9682,10,Westernwear,allen solly,1699.0,1019.0,40.0
9683,11,Westernwear,kraus,1795.0,1256.0,30.0
9684,12,Westernwear,puma,2299.0,1609.0,30.0
9685,13,Westernwear,van heusen,2638.2167045910855,1499.0,44.84758845312988
9686,14,Westernwear,suti,1799.0,1439.0,20.0
9687,15,Westernwear,dolce crudo,4149.0,2074.0,50.0
9688,16,Westernwear,stop,1950.0,975.0,50.0
9689,17,Westernwear,zink london,1699.0,1019.0,40.0
9690,18,Westernwear,sera,1298.0,584.0,55.0
9691,19,Westernwear,dolce crudo,2995.0,1198.0,60.0
9692,20,Westernwear,samshek,2290.0,2061.0,10.0
9693,21,Westernwear,faballey,2100.0,1050.0,50.0
9695,23,Westernwear,gipsy,2638.2167045910855,1795.0,44.84758845312988
9696,24,Westernwear,zink london,2499.0,999.0,60.0
9697,25,Westernwear,campus sutra,2638.2167045910855,1499.0,44.84758845312988
9698,0,Westernwear,campus sutra,2638.2167045910855,1699.0,44.84758845312988
9699,1,Westernwear,109f,1999.0,799.0,60.0
9700,2,Westernwear,life,2638.2167045910855,199.0,44.84758845312988
9701,3,Westernwear,gipsy,2638.2167045910855,1795.0,44.84758845312988
9702,4,Westernwear,crimsoune club,1399.0,699.0,50.0
9703,5,Westernwear,jockey,2638.2167045910855,1499.0,44.84758845312988
9704,6,Westernwear,kraus,1299.0,1169.0,10.0
9705,7,Westernwear,vero moda,3499.0,1749.0,50.0
9706,8,Westernwear,iti,2638.2167045910855,1799.0,44.84758845312988
9707,9,Westernwear,dolce crudo,2349.0,1174.0,50.0
9708,10,Westernwear,spykar,1099.0,769.0,30.0
9709,11,Westernwear,emblaze,2638.2167045910855,3800.0,44.84758845312988
9710,12,Westernwear,gipsy,2795.0,1956.0,30.0
9711,13,Westernwear,vero moda,2638.2167045910855,3299.0,44.84758845312988
9712,14,Westernwear,allen solly tribe,2638.2167045910855,1799.0,44.84758845312988
9713,15,Westernwear,109f,2638.2167045910855,1699.0,44.84758845312988
9714,16,Westernwear,vero moda,1999.0,1399.0,30.0
9715,17,Westernwear,faballey,2800.0,1400.0,50.0
9716,18,Westernwear,dolce crudo,2495.0,1122.0,55.0
9717,19,Westernwear,sera,1998.0,999.0,50.0
9718,20,Westernwear,life,2638.2167045910855,1899.0,44.84758845312988
9719,21,Westernwear,fratini,2638.2167045910855,999.0,44.84758845312988
9721,23,Westernwear,is.u,2490.0,1245.0,50.0
9722,24,Westernwear,vero moda,2299.0,1839.0,20.0
9723,25,Westernwear,only,1999.0,1199.0,40.0
9724,0,Westernwear,dolce crudo,2899.0,1159.0,60.0
9725,1,Westernwear,magre,1990.0,895.0,55.0
9726,2,Westernwear,only,4699.0,2349.0,50.0
9727,3,Westernwear,vero moda,2299.0,1609.0,30.0
9728,4,Westernwear,crimsoune club,1399.0,839.0,40.0
9729,5,Westernwear,crimsoune club,1299.0,909.0,30.0
9730,6,Westernwear,iti,2638.2167045910855,2699.0,44.84758845312988
9731,7,Westernwear,sera,1394.0,557.0,60.0
9732,8,Westernwear,dolce crudo,2399.0,1199.0,50.0
9733,9,Westernwear,spykar,1099.0,769.0,30.0
9734,10,Westernwear,faballey,2200.0,1100.0,50.0
9735,11,Westernwear,proline,1499.0,1049.0,30.0
9736,12,Westernwear,magre,1990.0,895.0,55.0
9737,13,Westernwear,faballey,2450.0,1225.0,50.0
9738,14,Westernwear,kraus,1399.0,1259.0,10.0
9739,15,Westernwear,samshek,2290.0,1832.0,20.0
9740,16,Westernwear,gipsy,2638.2167045910855,1595.0,44.84758845312988
9741,17,Westernwear,madame,2199.0,1319.0,40.0
9742,18,Westernwear,gipsy,1795.0,1436.0,20.0
9743,19,Westernwear,dolce crudo,2449.0,979.0,60.0
9744,20,Westernwear,emblaze,2638.2167045910855,5000.0,44.84758845312988
9745,21,Westernwear,allen solly,1599.0,1279.0,20.0
9747,23,Westernwear,iti,2638.2167045910855,1899.0,44.84758845312988
9748,24,Westernwear,emblaze,2638.2167045910855,2600.0,44.84758845312988
9749,25,Westernwear,and,3299.0,2639.0,20.0
9750,0,Westernwear,campus sutra,2638.2167045910855,1999.0,44.84758845312988
9751,1,Westernwear,life,1199.0,599.0,50.0
9752,2,Westernwear,faballey,1900.0,950.0,50.0
9753,3,Westernwear,lavie,649.0,324.0,50.0
9754,4,Westernwear,crimsoune club,1099.0,769.0,30.0
9755,5,Westernwear,only,1299.0,909.0,30.0
9756,6,Westernwear,stop,1999.0,999.0,50.0
9757,7,Westernwear,indya,2500.0,2000.0,20.0
9758,8,Westernwear,lovegen,999.0,399.0,60.0
9759,9,Westernwear,stop,399.0,199.0,50.0
9760,10,Westernwear,sera,1098.0,494.0,55.0
9761,11,Westernwear,jealous 21,2638.2167045910855,999.0,44.84758845312988
9762,12,Westernwear,dolce crudo,2499.0,999.0,60.0
9763,13,Westernwear,109f,1499.0,599.0,60.0
9764,14,Westernwear,jealous 21,2638.2167045910855,1999.0,44.84758845312988
9765,15,Westernwear,vero moda,2638.2167045910855,2499.0,44.84758845312988
9766,16,Westernwear,life,1299.0,649.0,50.0
9767,17,Westernwear,w,2638.2167045910855,799.0,44.84758845312988
9768,18,Westernwear,puma,1799.0,1259.0,30.0
9769,19,Westernwear,dolce crudo,2299.0,1264.0,45.0
9770,20,Westernwear,emblaze,2638.2167045910855,3000.0,44.84758845312988
9771,21,Westernwear,dolce crudo,4399.0,1319.0,70.0
9773,23,Westernwear,samshek,2638.2167045910855,1390.0,44.84758845312988
9774,24,Westernwear,is.u,1890.0,945.0,50.0
9775,25,Westernwear,crimsoune club,1699.0,1189.0,30.0
9776,0,Westernwear,samshek,2490.0,1992.0,20.0
9777,1,Westernwear,campus sutra,2638.2167045910855,1999.0,44.84758845312988
9778,2,Westernwear,faballey,2950.0,1475.0,50.0
9779,3,Westernwear,adidas,3299.0,1649.0,50.0
9780,4,Westernwear,global desi,2499.0,1499.0,40.0
9781,5,Westernwear,allen solly tribe,2638.2167045910855,1299.0,44.84758845312988
9782,6,Westernwear,magre,1890.0,850.0,55.0
9783,7,Westernwear,janasya,2499.0,999.0,60.0
9784,8,Westernwear,lovegen,999.0,499.0,50.0
9785,9,Westernwear,duke,2638.2167045910855,3599.0,44.84758845312988
9786,10,Westernwear,enamor,2638.2167045910855,999.0,44.84758845312988
9787,11,Westernwear,crimsoune club,1899.0,1519.0,20.0
9788,12,Westernwear,109f,2638.2167045910855,2499.0,44.84758845312988
9789,13,Westernwear,crimsoune club,1699.0,849.0,50.0
9790,14,Westernwear,zink london,1699.0,1019.0,40.0
9791,15,Westernwear,iti,2638.2167045910855,1899.0,44.84758845312988
9792,16,Westernwear,enamor,1599.0,1119.0,30.0
9793,17,Westernwear,vero moda,2999.0,2099.0,30.0
9794,18,Westernwear,kraus,1199.0,839.0,30.0
9795,19,Westernwear,jealous 21,2638.2167045910855,1099.0,44.84758845312988
9796,20,Westernwear,dolce crudo,2299.0,1034.0,55.0
9797,21,Westernwear,allen solly tribe,2638.2167045910855,899.0,44.84758845312988
9799,23,Westernwear,samshek,2638.2167045910855,3600.0,44.84758845312988
9800,24,Westernwear,forever new,2600.0,1430.0,45.0
9801,25,Westernwear,stop,2199.0,1099.0,50.0
9802,0,Westernwear,madame,3699.0,1849.0,50.0
9803,1,Westernwear,vero moda,2599.0,1559.0,40.0
9804,2,Westernwear,indya,2638.2167045910855,2800.0,44.84758845312988
9805,3,Westernwear,campus sutra,2638.2167045910855,1499.0,44.84758845312988
9806,4,Westernwear,madame,1899.0,1139.0,40.0
9807,5,Westernwear,only,4499.0,2249.0,50.0
9808,6,Westernwear,crimsoune club,3699.0,1849.0,50.0
9809,7,Westernwear,dolce crudo,2199.0,989.0,55.0
9810,8,Westernwear,zink london,2499.0,999.0,60.0
9811,9,Westernwear,samshek,2290.0,1832.0,20.0
9812,10,Westernwear,life,349.0,174.0,50.0
9813,11,Westernwear,samshek,2490.0,2241.0,10.0
9814,12,Westernwear,pepe,2599.0,1559.0,40.0
9815,13,Westernwear,lovegen,799.0,479.0,40.0
9816,14,Westernwear,puma,2999.0,2099.0,30.0
9817,15,Westernwear,faballey,1500.0,750.0,50.0
9818,16,Westernwear,crimsoune club,1699.0,849.0,50.0
9819,17,Westernwear,faballey,2200.0,1100.0,50.0
9820,18,Westernwear,janasya,2399.0,959.0,60.0
9821,19,Westernwear,lovegen,2699.0,1349.0,50.0
9822,20,Westernwear,allen solly tribe,2638.2167045910855,1799.0,44.84758845312988
9823,21,Westernwear,spykar,1099.0,769.0,30.0
9825,23,Westernwear,vero moda,2499.0,1999.0,20.0
9826,24,Westernwear,crimsoune club,1899.0,949.0,50.0
9827,25,Westernwear,faballey,1300.0,650.0,50.0
9828,0,Westernwear,vero moda,2999.0,2399.0,20.0
9829,1,Westernwear,global desi,1499.0,749.0,50.0
9830,2,Westernwear,samshek,2790.0,2232.0,20.0
9831,3,Westernwear,sera,1899.0,759.0,60.0
9833,5,Westernwear,cover story,2590.0,1813.0,30.0
9834,6,Westernwear,crimsoune club,1299.0,779.0,40.0
9835,7,Westernwear,crimsoune club,1999.0,1599.0,20.0
9836,8,Westernwear,samshek,2190.0,1971.0,10.0
9837,9,Westernwear,dolce crudo,2999.0,1199.0,60.0
9838,10,Westernwear,109f,2638.2167045910855,1699.0,44.84758845312988
9839,11,Westernwear,sera,1298.0,649.0,50.0
9840,12,Westernwear,and,2799.0,1399.0,50.0
9841,13,Westernwear,109f,2299.0,919.0,60.0
9842,14,Westernwear,latin quarters,1599.0,799.0,50.0
9843,15,Westernwear,dolce crudo,4249.0,2124.0,50.0
9844,16,Westernwear,latin quarters,2999.0,1499.0,50.0
9845,17,Westernwear,109f,1499.0,599.0,60.0
9846,18,Westernwear,ariana,2638.2167045910855,200.0,44.84758845312988
9847,19,Westernwear,is.u,890.0,445.0,50.0
9848,20,Westernwear,109f,1999.0,599.0,70.0
9849,21,Westernwear,global desi,5299.0,4239.0,20.0
9851,23,Westernwear,gipsy,3995.0,2397.0,40.0
9852,24,Westernwear,levis,2638.2167045910855,5499.0,44.84758845312988
9853,25,Westernwear,and,2199.0,1099.0,50.0
9854,0,Westernwear,global desi,1899.0,759.0,60.0
9855,1,Westernwear,and,1799.0,1439.0,20.0
9856,2,Westernwear,and,1899.0,1519.0,20.0
9857,3,Westernwear,samshek,1999.0,1799.0,10.0
9858,4,Westernwear,latin quarters,4799.0,3359.0,30.0
9859,5,Westernwear,latin quarters,4499.0,3149.0,30.0
9860,6,Westernwear,latin quarters,1999.0,999.0,50.0
9861,7,Westernwear,zink london,2199.0,1319.0,40.0
9862,8,Westernwear,latin quarters,2499.0,1249.0,50.0
9863,9,Westernwear,kraus,1995.0,1396.0,30.0
9864,10,Westernwear,adidas,1999.0,1399.0,30.0
9865,11,Westernwear,van heusen,2638.2167045910855,849.0,44.84758845312988
9866,12,Westernwear,rare,1499.0,674.0,55.0
9867,13,Westernwear,miss chase,2638.2167045910855,999.0,44.84758845312988
9868,14,Westernwear,miss chase,2638.2167045910855,2099.0,44.84758845312988
9869,15,Westernwear,and,2638.2167045910855,2199.0,44.84758845312988
9870,16,Westernwear,miss chase,2638.2167045910855,899.0,44.84758845312988
9871,17,Westernwear,miss chase,2638.2167045910855,1949.0,44.84758845312988
9872,18,Westernwear,miss chase,2638.2167045910855,2899.0,44.84758845312988
9873,19,Westernwear,and,3699.0,2589.0,30.0
9874,20,Westernwear,and,2299.0,1609.0,30.0
9875,21,Westernwear,is.u,890.0,445.0,50.0
9877,23,Westernwear,crimsoune club,1499.0,1049.0,30.0
9878,24,Westernwear,enamor,2638.2167045910855,1499.0,44.84758845312988
9879,25,Westernwear,faballey,1950.0,975.0,50.0
9880,0,Westernwear,gipsy,2638.2167045910855,1795.0,44.84758845312988
9881,1,Westernwear,dolce crudo,4995.0,1998.0,60.0
9882,2,Westernwear,faballey,2300.0,1150.0,50.0
9883,3,Westernwear,crimsoune club,1299.0,1039.0,20.0
9884,4,Westernwear,faballey,1600.0,800.0,50.0
9885,5,Westernwear,gipsy,2638.2167045910855,2795.0,44.84758845312988
9886,6,Westernwear,crimsoune club,1499.0,1049.0,30.0
9887,7,Westernwear,faballey,1700.0,850.0,50.0
9888,8,Westernwear,is.u,890.0,445.0,50.0
9889,9,Westernwear,is.u,2190.0,1095.0,50.0
9890,10,Westernwear,iti,2638.2167045910855,1799.0,44.84758845312988
9891,11,Westernwear,campus sutra,2638.2167045910855,1699.0,44.84758845312988
9892,12,Westernwear,global desi,2999.0,1499.0,50.0
9893,13,Westernwear,indya,3200.0,1600.0,50.0
9894,14,Westernwear,crimsoune club,1399.0,979.0,30.0
9895,15,Westernwear,latin quarters,2399.0,1199.0,50.0
9896,16,Westernwear,crimsoune club,1999.0,799.0,60.0
9897,17,Westernwear,109f,1299.0,519.0,60.0
9898,18,Westernwear,faballey,2400.0,1200.0,50.0
9899,19,Westernwear,crimsoune club,2099.0,1049.0,50.0
9900,20,Westernwear,campus sutra,2638.2167045910855,1399.0,44.84758845312988
9901,21,Westernwear,is.u,2190.0,1095.0,50.0
9903,23,Westernwear,dolce crudo,2549.0,1274.0,50.0
9904,24,Westernwear,dolce crudo,2399.0,959.0,60.0
9905,25,Westernwear,iti,2638.2167045910855,1799.0,44.84758845312988
9906,0,Westernwear,latin quarters,2299.0,1149.0,50.0
9907,1,Westernwear,kraus,1895.0,1326.0,30.0
9908,2,Westernwear,crimsoune club,1599.0,1119.0,30.0
9909,3,Westernwear,faballey,2250.0,1125.0,50.0
9910,4,Westernwear,latin quarters,2638.2167045910855,2499.0,44.84758845312988
9911,5,Westernwear,is.u,2400.0,1200.0,50.0
9912,6,Westernwear,crimsoune club,1399.0,979.0,30.0
9913,7,Westernwear,iti,2638.2167045910855,1399.0,44.84758845312988
9914,8,Westernwear,faballey,1400.0,700.0,50.0
9915,9,Westernwear,kraus,1595.0,797.0,50.0
9916,10,Westernwear,faballey,1100.0,550.0,50.0
9917,11,Westernwear,latin quarters,2499.0,1249.0,50.0
9918,12,Westernwear,rare,1399.0,629.0,55.0
9919,13,Westernwear,rare,1499.0,599.0,60.0
9920,14,Westernwear,ira soleil,2638.2167045910855,2699.0,44.84758845312988
9921,15,Westernwear,faballey,1800.0,900.0,50.0
9922,16,Westernwear,madame,1699.0,849.0,50.0
9923,17,Westernwear,miss chase,2638.2167045910855,2899.0,44.84758845312988
9924,18,Westernwear,cover story,2490.0,1494.0,40.0
9925,19,Westernwear,global desi,1999.0,799.0,60.0
9926,20,Westernwear,marie claire,1399.0,699.0,50.0
9927,21,Westernwear,marie claire,2499.0,1124.0,55.0
9929,23,Westernwear,is.u,3890.0,1945.0,50.0
9930,24,Westernwear,109f,2638.2167045910855,1199.0,44.84758845312988
9931,25,Westernwear,lovegen,999.0,399.0,60.0
9932,0,Westernwear,samshek,2200.0,1540.0,30.0
9933,1,Westernwear,sweet dreams,3199.0,1599.0,50.0
9934,2,Westernwear,alcis,2638.2167045910855,999.0,44.84758845312988
9935,3,Westernwear,crimsoune club,1999.0,999.0,50.0
9936,4,Westernwear,reebok,2699.0,1349.0,50.0
9937,5,Westernwear,samshek,2990.0,2093.0,30.0
9938,6,Westernwear,dolce crudo,2399.0,959.0,60.0
9939,7,Westernwear,zink london,2799.0,1119.0,60.0
9940,8,Westernwear,campus sutra,2638.2167045910855,699.0,44.84758845312988
9941,9,Westernwear,campus sutra,2638.2167045910855,1399.0,44.84758845312988
9942,10,Westernwear,109f,2638.2167045910855,1999.0,44.84758845312988
9943,11,Westernwear,magre,1990.0,895.0,55.0
9944,12,Westernwear,iti,2638.2167045910855,1799.0,44.84758845312988
9945,13,Westernwear,vero moda,1599.0,1119.0,30.0
9946,14,Westernwear,life,2638.2167045910855,149.0,44.84758845312988
9947,15,Westernwear,janasya,1799.0,809.0,55.0
9948,16,Westernwear,magre,1990.0,895.0,55.0
9949,17,Westernwear,hidesign,2638.2167045910855,495.0,44.84758845312988
9950,18,Westernwear,crimsoune club,1699.0,1019.0,40.0
9951,19,Westernwear,allen solly tribe,2638.2167045910855,1299.0,44.84758845312988
9952,20,Westernwear,vero moda,3299.0,2309.0,30.0
9953,21,Westernwear,soie,590.0,442.0,25.0
9955,23,Westernwear,magre,1790.0,1163.0,35.0
9956,24,Westernwear,campus sutra,2638.2167045910855,2699.0,44.84758845312988
9957,25,Westernwear,stop,2999.0,1499.0,50.0
9958,0,Westernwear,puma,2638.2167045910855,2499.0,44.84758845312988
9959,1,Westernwear,iti,2638.2167045910855,3599.0,44.84758845312988
9960,2,Westernwear,spykar,1099.0,769.0,30.0
9961,3,Westernwear,campus sutra,2638.2167045910855,1999.0,44.84758845312988
9962,4,Westernwear,crimsoune club,1299.0,1169.0,10.0
9963,5,Westernwear,dolce crudo,2299.0,919.0,60.0
9964,6,Westernwear,gipsy,2638.2167045910855,2495.0,44.84758845312988
9965,7,Westernwear,samshek,1990.0,1393.0,30.0
9966,8,Westernwear,marie claire,3499.0,1399.0,60.0
9967,9,Westernwear,life,1199.0,599.0,50.0
9968,10,Westernwear,samshek,2790.0,2371.0,15.0
9969,11,Westernwear,fratini,2638.2167045910855,799.0,44.84758845312988
9970,12,Westernwear,life,2638.2167045910855,3999.0,44.84758845312988
9971,13,Westernwear,crimsoune club,1999.0,1599.0,20.0
9972,14,Westernwear,hidesign,2638.2167045910855,495.0,44.84758845312988
9973,15,Westernwear,adidas,2638.2167045910855,2999.0,44.84758845312988
9974,16,Westernwear,vero moda,2599.0,1819.0,30.0
9975,17,Westernwear,indya,2400.0,1200.0,50.0
9977,19,Westernwear,sera,299.0,209.0,30.0
9978,20,Westernwear,fila,2638.2167045910855,1299.0,44.84758845312988
9979,21,Westernwear,dolce crudo,1899.0,759.0,60.0
9981,23,Westernwear,life,1299.0,649.0,50.0
9982,24,Westernwear,magre,3790.0,1705.0,55.0
9983,25,Westernwear,sera,1094.0,547.0,50.0
9984,0,Westernwear,puma,2999.0,2099.0,30.0
9985,1,Westernwear,crimsoune club,1499.0,1049.0,30.0
9986,2,Westernwear,vero moda,1299.0,779.0,40.0
9987,3,Westernwear,dolce crudo,2799.0,1399.0,50.0
9988,4,Westernwear,alcis,2638.2167045910855,999.0,44.84758845312988
9989,5,Westernwear,faballey,1800.0,900.0,50.0
9990,6,Westernwear,fastrack,2638.2167045910855,600.0,44.84758845312988
9991,7,Westernwear,magre,1590.0,795.0,50.0
9992,8,Westernwear,samshek,2890.0,2312.0,20.0
9993,9,Westernwear,dolce crudo,2349.0,1057.0,55.0
9994,10,Westernwear,reebok,3499.0,1749.0,50.0
9995,11,Westernwear,spykar,1899.0,1329.0,30.0
9996,12,Westernwear,crimsoune club,1899.0,949.0,50.0
9997,13,Westernwear,samshek,2090.0,1881.0,10.0
9998,14,Westernwear,crimsoune club,2299.0,1839.0,20.0
9999,15,Westernwear,alcis,2638.2167045910855,899.0,44.84758845312988
10000,16,Westernwear,109f,2638.2167045910855,1199.0,44.84758845312988
10001,17,Westernwear,samshek,2200.0,1540.0,30.0
10002,18,Westernwear,global desi,1699.0,849.0,50.0
10003,19,Westernwear,magre,1890.0,850.0,55.0
10004,20,Westernwear,life,2638.2167045910855,1049.0,44.84758845312988
10005,21,Westernwear,vero moda,1999.0,1199.0,40.0
10007,23,Westernwear,faballey,1500.0,750.0,50.0
10008,24,Westernwear,crimsoune club,1599.0,1119.0,30.0
10009,25,Westernwear,samshek,2990.0,2392.0,20.0
10010,0,Westernwear,109f,2638.2167045910855,1499.0,44.84758845312988
10011,1,Westernwear,enamor,2638.2167045910855,1599.0,44.84758845312988
10012,2,Westernwear,dolce crudo,2599.0,1039.0,60.0
10013,3,Westernwear,allen solly tribe,2638.2167045910855,1299.0,44.84758845312988
10014,4,Westernwear,crimsoune club,3499.0,2799.0,20.0
10015,5,Westernwear,puma,3999.0,2799.0,30.0
10016,6,Westernwear,stop,1999.0,999.0,50.0
10017,7,Westernwear,fastrack,2638.2167045910855,1000.0,44.84758845312988
10018,8,Westernwear,dolce crudo,2249.0,1012.0,55.0
10019,9,Westernwear,de moza,2638.2167045910855,1499.0,44.84758845312988
10020,10,Westernwear,zink london,1499.0,899.0,40.0
10021,11,Westernwear,dolce crudo,3199.0,1279.0,60.0
10022,12,Westernwear,allen solly tribe,2638.2167045910855,1299.0,44.84758845312988
10023,13,Westernwear,reebok,3299.0,1649.0,50.0
10024,14,Westernwear,jockey,2638.2167045910855,749.0,44.84758845312988
10025,15,Westernwear,only,1799.0,1079.0,40.0
10026,16,Westernwear,campus sutra,2638.2167045910855,1799.0,44.84758845312988
10027,17,Westernwear,dolce crudo,2449.0,979.0,60.0
10028,18,Westernwear,crimsoune club,2199.0,1099.0,50.0
10029,19,Westernwear,fastrack,2638.2167045910855,1000.0,44.84758845312988
10030,20,Westernwear,dolce crudo,2449.0,979.0,60.0
10031,21,Westernwear,puma,2299.0,1609.0,30.0
10033,23,Westernwear,is.u,1990.0,696.0,65.0
10034,24,Westernwear,indya,1400.0,1120.0,20.0
10035,25,Westernwear,vero moda,2599.0,1819.0,30.0
10036,0,Westernwear,spykar,1099.0,769.0,30.0
10037,1,Westernwear,lovegen,1099.0,439.0,60.0
10038,2,Westernwear,adidas,2638.2167045910855,3599.0,44.84758845312988
10039,3,Westernwear,109f,1399.0,559.0,60.0
10040,4,Westernwear,emblaze,2638.2167045910855,2400.0,44.84758845312988
10041,5,Westernwear,vero moda,2999.0,2099.0,30.0
10042,6,Westernwear,proline,899.0,449.0,50.0
10043,7,Westernwear,lovegen,1299.0,649.0,50.0
10044,8,Westernwear,stop,1499.0,749.0,50.0
10045,9,Westernwear,iti,2638.2167045910855,3599.0,44.84758845312988
10046,10,Westernwear,madame,2199.0,1099.0,50.0
10047,11,Westernwear,van heusen,2638.2167045910855,2199.0,44.84758845312988
10048,12,Westernwear,campus sutra,2638.2167045910855,1899.0,44.84758845312988
10049,13,Westernwear,allen solly tribe,2638.2167045910855,999.0,44.84758845312988
10050,14,Westernwear,crimsoune club,1399.0,839.0,40.0
10051,15,Westernwear,and,2638.2167045910855,2999.0,44.84758845312988
10052,16,Westernwear,crimsoune club,2399.0,2159.0,10.0
10053,17,Westernwear,crimsoune club,2299.0,1839.0,20.0
10054,18,Westernwear,giordano,2638.2167045910855,599.0,44.84758845312988
10055,19,Westernwear,dolce crudo,2449.0,979.0,60.0
10056,20,Westernwear,magre,1990.0,895.0,55.0
10057,21,Westernwear,gipsy,2795.0,1956.0,30.0
10059,23,Westernwear,magre,1790.0,1074.0,40.0
10060,24,Westernwear,puma,2999.0,2099.0,30.0
10061,25,Westernwear,fratini,1499.0,749.0,50.0
10062,0,Westernwear,puma,6999.0,4899.0,30.0
10063,1,Westernwear,puma,2799.0,1959.0,30.0
10064,2,Westernwear,de moza,2638.2167045910855,1499.0,44.84758845312988
10065,3,Westernwear,only,3999.0,3199.0,20.0
10066,4,Westernwear,van heusen,2638.2167045910855,1399.0,44.84758845312988
10067,5,Westernwear,enamor,1699.0,1189.0,30.0
10068,6,Westernwear,crimsoune club,1799.0,1259.0,30.0
10069,7,Westernwear,vero moda,2999.0,1799.0,40.0
10070,8,Westernwear,iti,2638.2167045910855,1799.0,44.84758845312988
10071,9,Westernwear,109f,2638.2167045910855,1299.0,44.84758845312988
10072,10,Westernwear,is.u,1890.0,945.0,50.0
10073,11,Westernwear,faballey,1300.0,1040.0,20.0
10074,12,Westernwear,crimsoune club,999.0,499.0,50.0
10075,13,Westernwear,crimsoune club,3499.0,2799.0,20.0
10076,14,Westernwear,global desi,2499.0,1624.0,35.0
10077,15,Westernwear,and,2638.2167045910855,2499.0,44.84758845312988
10078,16,Westernwear,vero moda,2599.0,1819.0,30.0
10079,17,Westernwear,mystere paris,599.0,359.0,40.0
10080,18,Westernwear,latin quarters,1399.0,699.0,50.0
10081,19,Westernwear,dolce crudo,3999.0,1599.0,60.0
10082,20,Westernwear,adidas,1799.0,1259.0,30.0
10083,21,Westernwear,rare,2099.0,944.0,55.0
10085,23,Westernwear,miss chase,2638.2167045910855,2899.0,44.84758845312988
10086,24,Westernwear,miss chase,2638.2167045910855,1299.0,44.84758845312988
10087,25,Westernwear,miss chase,2638.2167045910855,2399.0,44.84758845312988
10088,0,Westernwear,rare,1499.0,674.0,55.0
10089,1,Westernwear,miss chase,2638.2167045910855,1799.0,44.84758845312988
10090,2,Westernwear,miss chase,2638.2167045910855,1899.0,44.84758845312988
10091,3,Westernwear,miss chase,2638.2167045910855,2999.0,44.84758845312988
10092,4,Westernwear,miss chase,2638.2167045910855,1649.0,44.84758845312988
10093,5,Westernwear,miss chase,2638.2167045910855,1949.0,44.84758845312988
10094,6,Westernwear,zink london,2799.0,1119.0,60.0
10095,7,Westernwear,sera,1294.0,647.0,50.0
10096,8,Westernwear,sera,1998.0,999.0,50.0
10097,9,Westernwear,enamor,1699.0,1189.0,30.0
10098,10,Westernwear,allen solly,2999.0,1799.0,40.0
10099,11,Westernwear,faballey,1850.0,925.0,50.0
10100,12,Westernwear,dolce crudo,2199.0,879.0,60.0
10101,13,Westernwear,crimsoune club,2499.0,1249.0,50.0
10102,14,Westernwear,kraus,1199.0,599.0,50.0
10103,15,Westernwear,kraus,1895.0,947.0,50.0
10104,16,Westernwear,109f,1699.0,679.0,60.0
10105,17,Westernwear,crimsoune club,1499.0,899.0,40.0
10106,18,Westernwear,indya,1800.0,900.0,50.0
10107,19,Westernwear,monte carlo,2638.2167045910855,2195.0,44.84758845312988
10108,20,Westernwear,janasya,1999.0,799.0,60.0
10109,21,Westernwear,global desi,1599.0,959.0,40.0
10111,23,Westernwear,sera,1298.0,649.0,50.0
10112,24,Westernwear,and,3499.0,2449.0,30.0
10113,25,Westernwear,crimsoune club,2638.2167045910855,1499.0,44.84758845312988
10114,0,Westernwear,varanga,1599.0,639.0,60.0
10115,1,Westernwear,faballey,1950.0,975.0,50.0
10116,2,Westernwear,magre,3190.0,1754.0,45.0
10117,3,Westernwear,faballey,1950.0,975.0,50.0
10118,4,Westernwear,indya,1600.0,800.0,50.0
10119,5,Westernwear,109f,1599.0,639.0,60.0
10120,6,Westernwear,emblaze,2638.2167045910855,2600.0,44.84758845312988
10121,7,Westernwear,and,1899.0,1709.0,10.0
10122,8,Westernwear,duke,2638.2167045910855,3595.0,44.84758845312988
10123,9,Westernwear,faballey,1400.0,700.0,50.0
10124,10,Westernwear,zink london,2499.0,899.0,64.0
10125,11,Westernwear,is.u,1990.0,995.0,50.0
10126,12,Westernwear,crimsoune club,1999.0,999.0,50.0
10127,13,Westernwear,allen solly,2499.0,1499.0,40.0
10128,14,Westernwear,vero moda,2638.2167045910855,999.0,44.84758845312988
10129,15,Westernwear,kraus,1895.0,947.0,50.0
10130,16,Westernwear,kraus,1399.0,979.0,30.0
10131,17,Westernwear,sera,1899.0,759.0,60.0
10132,18,Westernwear,latin quarters,2899.0,1449.0,50.0
10133,19,Westernwear,dolce crudo,2299.0,1149.0,50.0
10134,20,Westernwear,faballey,1800.0,900.0,50.0
10135,21,Westernwear,faballey,2100.0,1050.0,50.0
10137,23,Westernwear,gipsy,2638.2167045910855,1495.0,44.84758845312988
10138,24,Westernwear,kraus,1995.0,997.0,50.0
10139,25,Westernwear,and,1699.0,1189.0,30.0
10140,0,Westernwear,kraus,1695.0,847.0,50.0
10141,1,Westernwear,dolce crudo,2049.0,922.0,55.0
10142,2,Westernwear,kraus,1499.0,749.0,50.0
10143,3,Westernwear,pepe,2799.0,1679.0,40.0
10144,4,Westernwear,faballey,3200.0,1600.0,50.0
10145,5,Westernwear,crimsoune club,1399.0,839.0,40.0
10146,6,Westernwear,enamor,1049.0,734.0,30.0
10147,7,Westernwear,faballey,1500.0,750.0,50.0
10148,8,Westernwear,enamor,2638.2167045910855,799.0,44.84758845312988
10149,9,Westernwear,crimsoune club,1499.0,1349.0,10.0
10150,10,Westernwear,faballey,1400.0,700.0,50.0
10151,11,Westernwear,adidas,2499.0,1249.0,50.0
10152,12,Westernwear,global desi,2699.0,1349.0,50.0
10153,13,Westernwear,iti,2638.2167045910855,1699.0,44.84758845312988
10154,14,Westernwear,enamor,1049.0,734.0,30.0
10155,15,Westernwear,global desi,1999.0,1199.0,40.0
10156,16,Westernwear,crimsoune club,1399.0,1119.0,20.0
10157,17,Westernwear,zink london,2299.0,919.0,60.0
10158,18,Westernwear,crimsoune club,1799.0,1079.0,40.0
10159,19,Westernwear,madame,2638.2167045910855,999.0,44.84758845312988
10160,20,Westernwear,latin quarters,5499.0,3849.0,30.0
10161,21,Westernwear,latin quarters,1999.0,999.0,50.0
10163,23,Westernwear,and,2099.0,1469.0,30.0
10164,24,Westernwear,rare,1499.0,599.0,60.0
10165,25,Westernwear,miss chase,2638.2167045910855,2399.0,44.84758845312988
10166,0,Westernwear,marie claire,2399.0,1199.0,50.0
10167,1,Westernwear,varanga,1599.0,719.0,55.0
10168,2,Westernwear,marie claire,3799.0,1899.0,50.0
10169,3,Westernwear,altlife,2638.2167045910855,799.0,44.84758845312988
10170,4,Westernwear,stop,1999.0,999.0,50.0
10171,5,Westernwear,crimsoune club,799.0,559.0,30.0
10172,6,Westernwear,dolce crudo,3999.0,1999.0,50.0
10173,7,Westernwear,life,1999.0,999.0,50.0
10174,8,Westernwear,crimsoune club,1399.0,979.0,30.0
10175,9,Westernwear,faballey,3800.0,1900.0,50.0
10176,10,Westernwear,gipsy,1795.0,897.0,50.0
10177,11,Westernwear,campus sutra,2638.2167045910855,999.0,44.84758845312988
10178,12,Westernwear,indya,1900.0,950.0,50.0
10179,13,Westernwear,life,2638.2167045910855,1299.0,44.84758845312988
10180,14,Westernwear,global desi,1499.0,899.0,40.0
10181,15,Westernwear,global desi,2638.2167045910855,1699.0,44.84758845312988
10182,16,Westernwear,spykar,999.0,699.0,30.0
10183,17,Westernwear,faballey,2100.0,1050.0,50.0
10184,18,Westernwear,crimsoune club,1299.0,779.0,40.0
10185,19,Westernwear,fastrack,2638.2167045910855,600.0,44.84758845312988
10186,20,Westernwear,vero moda,2999.0,2399.0,20.0
10187,21,Westernwear,crimsoune club,1999.0,1399.0,30.0
10189,23,Westernwear,gipsy,2638.2167045910855,1595.0,44.84758845312988
10190,24,Westernwear,iti,2638.2167045910855,1499.0,44.84758845312988
10191,25,Westernwear,campus sutra,2638.2167045910855,999.0,44.84758845312988
10192,0,Westernwear,and,2299.0,1149.0,50.0
10193,1,Westernwear,faballey,2200.0,1100.0,50.0
10194,2,Westernwear,fastrack,2638.2167045910855,1000.0,44.84758845312988
10195,3,Westernwear,zink london,2399.0,959.0,60.0
10196,4,Westernwear,crimsoune club,1499.0,749.0,50.0
10197,5,Westernwear,is.u,1590.0,795.0,50.0
10198,6,Westernwear,crimsoune club,1899.0,949.0,50.0
10199,7,Westernwear,109f,2638.2167045910855,1699.0,44.84758845312988
10200,8,Westernwear,campus sutra,2638.2167045910855,1599.0,44.84758845312988
10201,9,Westernwear,crimsoune club,1099.0,769.0,30.0
10202,10,Westernwear,spykar,1199.0,839.0,30.0
10203,11,Westernwear,fila,2638.2167045910855,1599.0,44.84758845312988
10204,12,Westernwear,and,2638.2167045910855,2699.0,44.84758845312988
10205,13,Westernwear,faballey,2200.0,1100.0,50.0
10206,14,Westernwear,faballey,2600.0,1300.0,50.0
10207,15,Westernwear,campus sutra,2638.2167045910855,999.0,44.84758845312988
10208,16,Westernwear,dolce crudo,2949.0,1474.0,50.0
10209,17,Westernwear,spykar,1099.0,769.0,30.0
10210,18,Westernwear,only,1999.0,1199.0,40.0
10211,19,Westernwear,stop,1499.0,749.0,50.0
10212,20,Westernwear,magre,1990.0,895.0,55.0
10213,21,Westernwear,stop,1999.0,999.0,50.0
10215,23,Westernwear,crimsoune club,999.0,499.0,50.0
10216,24,Westernwear,campus sutra,2638.2167045910855,1399.0,44.84758845312988
10217,25,Westernwear,dolce crudo,4149.0,1659.0,60.0
10218,0,Westernwear,dolce crudo,3995.0,1997.0,50.0
10219,1,Westernwear,crimsoune club,1899.0,1139.0,40.0
10220,2,Westernwear,magre,1790.0,1163.0,35.0
10221,3,Westernwear,109f,2638.2167045910855,1699.0,44.84758845312988
10222,4,Westernwear,109f,2638.2167045910855,1499.0,44.84758845312988
10223,5,Westernwear,allen solly,2299.0,1379.0,40.0
10224,6,Westernwear,crimsoune club,1499.0,1049.0,30.0
10225,7,Westernwear,samshek,1890.0,1701.0,10.0
10226,8,Westernwear,campus sutra,2638.2167045910855,1799.0,44.84758845312988
10227,9,Westernwear,sera,1298.0,519.0,60.0
10228,10,Westernwear,puma,2499.0,1749.0,30.0
10229,11,Westernwear,zink london,1899.0,759.0,60.0
10230,12,Westernwear,fastrack,2638.2167045910855,1000.0,44.84758845312988
10231,13,Westernwear,latin quarters,1499.0,1049.0,30.0
10233,15,Westernwear,puma,3999.0,2799.0,30.0
10234,16,Westernwear,jealous 21,2638.2167045910855,899.0,44.84758845312988
10235,17,Westernwear,crimsoune club,2499.0,1999.0,20.0
10236,18,Westernwear,campus sutra,2638.2167045910855,2099.0,44.84758845312988
10237,19,Westernwear,dolce crudo,3199.0,1279.0,60.0
10238,20,Westernwear,faballey,1700.0,850.0,50.0
10239,21,Westernwear,campus sutra,2638.2167045910855,899.0,44.84758845312988
10241,23,Westernwear,faballey,2400.0,1200.0,50.0
10242,24,Westernwear,109f,1299.0,519.0,60.0
10243,25,Westernwear,alcis,2638.2167045910855,1299.0,44.84758845312988
10244,0,Westernwear,crimsoune club,1499.0,1049.0,30.0
10245,1,Westernwear,109f,2638.2167045910855,1399.0,44.84758845312988
10246,2,Westernwear,faballey,1800.0,1440.0,20.0
10247,3,Westernwear,w,2638.2167045910855,999.0,44.84758845312988
10248,4,Westernwear,rukootina,2638.2167045910855,945.0,44.84758845312988
10249,5,Westernwear,crimsoune club,2299.0,1609.0,30.0
10250,6,Westernwear,vero moda,2799.0,1679.0,40.0
10251,7,Westernwear,109f,1399.0,559.0,60.0
10252,8,Westernwear,crimsoune club,1299.0,649.0,50.0
10253,9,Westernwear,fastrack,2638.2167045910855,1000.0,44.84758845312988
10254,10,Westernwear,faballey,2100.0,1050.0,50.0
10255,11,Westernwear,sera,299.0,209.0,30.0
10256,12,Westernwear,iti,2638.2167045910855,1999.0,44.84758845312988
10257,13,Westernwear,sera,1998.0,999.0,50.0
10258,14,Westernwear,iti,2638.2167045910855,1799.0,44.84758845312988
10259,15,Westernwear,campus sutra,2638.2167045910855,899.0,44.84758845312988
10260,16,Westernwear,lovegen,1299.0,909.0,30.0
10261,17,Westernwear,campus sutra,2638.2167045910855,899.0,44.84758845312988
10262,18,Westernwear,dolce crudo,4099.0,1639.0,60.0
10263,19,Westernwear,allen solly,5499.0,3299.0,40.0
10264,20,Westernwear,monte carlo,2638.2167045910855,3395.0,44.84758845312988
10265,21,Westernwear,stop,1499.0,749.0,50.0
10267,23,Westernwear,pepe,1799.0,1079.0,40.0
10268,24,Westernwear,ira soleil,2638.2167045910855,1699.0,44.84758845312988
10269,25,Westernwear,gipsy,4395.0,3076.0,30.0
10270,0,Westernwear,stop,2638.2167045910855,1999.0,44.84758845312988
10271,1,Westernwear,kraus,1299.0,1169.0,10.0
10272,2,Westernwear,crimsoune club,1199.0,839.0,30.0
10273,3,Westernwear,indya,2400.0,1200.0,50.0
10274,4,Westernwear,van heusen,2638.2167045910855,599.0,44.84758845312988
10275,5,Westernwear,crimsoune club,999.0,499.0,50.0
10276,6,Westernwear,dolce crudo,2599.0,1299.0,50.0
10277,7,Westernwear,life,2638.2167045910855,1299.0,44.84758845312988
10278,8,Westernwear,adidas,3999.0,2799.0,30.0
10279,9,Westernwear,sera,1899.0,759.0,60.0
10280,10,Westernwear,campus sutra,2638.2167045910855,1399.0,44.84758845312988
10281,11,Westernwear,adidas,2799.0,1959.0,30.0
10282,12,Westernwear,enamor,2638.2167045910855,1599.0,44.84758845312988
10283,13,Westernwear,crimsoune club,2199.0,879.0,60.0
10284,14,Westernwear,vero moda,1799.0,1439.0,20.0
10285,15,Westernwear,kraus,1199.0,599.0,50.0
10286,16,Westernwear,kraus,1995.0,1795.0,10.0
10287,17,Westernwear,gipsy,2638.2167045910855,1495.0,44.84758845312988
10288,18,Westernwear,sera,299.0,209.0,30.0
10289,19,Westernwear,adidas,2999.0,2099.0,30.0
10290,20,Westernwear,puma,1999.0,1399.0,30.0
10291,21,Westernwear,dolce crudo,2299.0,1149.0,50.0
10293,23,Westernwear,samshek,1899.0,1709.0,10.0
10294,24,Westernwear,de moza,2638.2167045910855,1899.0,44.84758845312988
10295,25,Westernwear,campus sutra,2638.2167045910855,2599.0,44.84758845312988
10296,0,Westernwear,lovegen,1599.0,959.0,40.0
10297,1,Westernwear,dolce crudo,4149.0,2074.0,50.0
10298,2,Westernwear,samshek,1990.0,1393.0,30.0
10299,3,Westernwear,crimsoune club,1299.0,909.0,30.0
10300,4,Westernwear,monte carlo,2638.2167045910855,3995.0,44.84758845312988
10301,5,Westernwear,magre,1590.0,715.0,55.0
10302,6,Westernwear,samshek,1399.0,1259.0,10.0
10303,7,Westernwear,vero moda,2299.0,1379.0,40.0
10304,8,Westernwear,van heusen,1699.0,1499.0,12.0
10305,9,Westernwear,dolce crudo,3199.0,1439.0,55.0
10306,10,Westernwear,campus sutra,2638.2167045910855,2599.0,44.84758845312988
10307,11,Westernwear,madame,2638.2167045910855,1699.0,44.84758845312988
10308,12,Westernwear,vero moda,1299.0,1039.0,20.0
10309,13,Westernwear,campus sutra,2638.2167045910855,2199.0,44.84758845312988
10310,14,Westernwear,dolce crudo,2199.0,879.0,60.0
10311,15,Westernwear,de moza,2638.2167045910855,1999.0,44.84758845312988
10312,16,Westernwear,jealous 21,2638.2167045910855,1199.0,44.84758845312988
10313,17,Westernwear,crimsoune club,1099.0,769.0,30.0
10314,18,Westernwear,samshek,1890.0,1701.0,10.0
10315,19,Westernwear,crimsoune club,1499.0,1049.0,30.0
10316,20,Westernwear,sera,299.0,209.0,30.0
10317,21,Westernwear,gipsy,3995.0,2796.0,30.0
10319,23,Westernwear,crimsoune club,1499.0,1049.0,30.0
10320,24,Westernwear,vero moda,2999.0,2099.0,30.0
10321,25,Westernwear,levis,2638.2167045910855,1399.0,44.84758845312988
10322,0,Westernwear,jealous 21,2638.2167045910855,999.0,44.84758845312988
10323,1,Westernwear,life,2638.2167045910855,299.0,44.84758845312988
10324,2,Westernwear,crimsoune club,1499.0,899.0,40.0
10325,3,Westernwear,stop,2199.0,1099.0,50.0
10326,4,Westernwear,magre,1790.0,1163.0,35.0
10327,5,Westernwear,vero moda,2499.0,1749.0,30.0
10328,6,Westernwear,crimsoune club,1999.0,1799.0,10.0
10329,7,Westernwear,soie,590.0,442.0,25.0
10330,8,Westernwear,campus sutra,2638.2167045910855,1499.0,44.84758845312988
10331,9,Westernwear,magre,1790.0,1074.0,40.0
10332,10,Westernwear,iti,2638.2167045910855,1599.0,44.84758845312988
10333,11,Westernwear,109f,2638.2167045910855,2199.0,44.84758845312988
10334,12,Westernwear,proline,1399.0,979.0,30.0
10335,13,Westernwear,stop,2299.0,1149.0,50.0
10336,14,Westernwear,faballey,2400.0,1200.0,50.0
10337,15,Westernwear,zink london,1499.0,1199.0,20.0
10338,16,Westernwear,crimsoune club,1899.0,949.0,50.0
10339,17,Westernwear,spykar,1199.0,839.0,30.0
10340,18,Westernwear,spykar,1199.0,839.0,30.0
10341,19,Westernwear,samshek,2638.2167045910855,2590.0,44.84758845312988
10342,20,Westernwear,faballey,2400.0,1200.0,50.0
10343,21,Westernwear,vero moda,2299.0,1379.0,40.0
10345,23,Westernwear,vero moda,1299.0,909.0,30.0
10346,24,Westernwear,zink london,2799.0,1119.0,60.0
10347,25,Westernwear,de moza,2638.2167045910855,1499.0,44.84758845312988
10348,0,Westernwear,lovegen,2499.0,1249.0,50.0
10349,1,Westernwear,zink london,1499.0,599.0,60.0
10350,2,Westernwear,adidas,2699.0,1889.0,30.0
10351,3,Westernwear,allen solly,1899.0,1139.0,40.0
10352,4,Westernwear,magre,1990.0,796.0,60.0
10353,5,Westernwear,zink london,1699.0,679.0,60.0
10354,6,Westernwear,faballey,2100.0,1680.0,20.0
10355,7,Westernwear,life,2638.2167045910855,99.0,44.84758845312988
10356,8,Westernwear,sera,299.0,209.0,30.0
10357,9,Westernwear,dolce crudo,2299.0,919.0,60.0
10358,10,Westernwear,crimsoune club,1499.0,899.0,40.0
10359,11,Westernwear,samshek,1890.0,1701.0,10.0
10360,12,Westernwear,gipsy,1995.0,1396.0,30.0
10361,13,Westernwear,crimsoune club,1049.0,839.0,20.0
10362,14,Westernwear,samshek,1990.0,1393.0,30.0
10363,15,Westernwear,crimsoune club,1999.0,1599.0,20.0
10364,16,Westernwear,spykar,1299.0,909.0,30.0
10365,17,Westernwear,crimsoune club,2199.0,1539.0,30.0
10366,18,Westernwear,dolce crudo,2799.0,1119.0,60.0
10367,19,Westernwear,and,2999.0,2099.0,30.0
10368,20,Westernwear,campus sutra,2638.2167045910855,2699.0,44.84758845312988
10369,21,Westernwear,indya,2200.0,1100.0,50.0
10371,23,Westernwear,enamor,2638.2167045910855,1299.0,44.84758845312988
10372,24,Westernwear,magre,1790.0,1074.0,40.0
10373,25,Westernwear,allen solly,1899.0,1139.0,40.0
